ticker,KXFEDDECISION-26SEP-H0,KXFEDDECISION-26SEP-H25,KXFEDDECISION-26SEP-H26,KXMLB-26-ATL,KXMLB-26-BOS,KXMLB-26-CHC,KXMLB-26-CWS,KXMLB-26-HOU,KXMLB-26-LAD,KXMLB-26-MIL,KXMLB-26-NYY,KXMLB-26-PHI,KXMLB-26-TB,CONTROLH-2026-D,CONTROLH-2026-R,KXNBA-27-BOS,KXNBA-27-CLE,KXNBA-27-DEN,KXNBA-27-DET,KXNBA-27-HOU,KXNBA-27-IND,KXNBA-27-LAL,KXNBA-27-MIA,KXNBA-27-MIN,KXNBA-27-NYK,KXNBA-27-OKC,KXNBA-27-ORL,KXNBA-27-PHI,KXNBA-27-SAS,KXNBA-27-TOR,KXGOVCA-26-SHIL,KXGOVCA-26-XBEC,KXATP-26USO-ALC,KXATP-26USO-MUS,KXATP-26USO-SHE,KXATP-26USO-TIA,KXATP-26USO-ZVE,SENATETX-26-D,SENATETX-26-R,KXBALANCEPOWERCOMBO-27FEB-DD,KXBALANCEPOWERCOMBO-27FEB-DR,KXBALANCEPOWERCOMBO-27FEB-RR,CONTROLS-2026-D,CONTROLS-2026-R,KXLLM1-26DEC31-GOOG,KXLLM1-26DEC31-OAI,KXLLM1-26DEC31-XAI,KXBALLONDOR-26-HKAN,KXBALLONDOR-26-KKVA,KXBALLONDOR-26-KMBA,KXBALLONDOR-26-LYAM,KXNFLNFCCHAMP-27-ATL,KXNFLNFCCHAMP-27-CHI,KXNFLNFCCHAMP-27-DAL,KXNFLNFCCHAMP-27-DET,KXNFLNFCCHAMP-27-LAR,KXNFLNFCCHAMP-27-MIN,KXNFLNFCCHAMP-27-NO,KXNFLNFCCHAMP-27-PHI,KXNFLNFCCHAMP-27-SEA,KXNFLNFCCHAMP-27-SF,KXNFLNFCCHAMP-27-WAS,KXF1-26-GR,KXF1-26-KA,KXF1-26-LN,SENATEME-26-D,SENATEME-26-R,KXMLBAL-26-CLE,KXMLBAL-26-CWS,KXMLBAL-26-HOU,KXMLBAL-26-SEA,KXMLBAL-26-TB,KXMLBAL-26-TEX,KXINXY-26DEC31H1600-B6300,KXINXY-26DEC31H1600-B6700,KXINXY-26DEC31H1600-B6900,KXINXY-26DEC31H1600-B7300,KXINXY-26DEC31H1600-B7500,KXINXY-26DEC31H1600-B7700,KXINXY-26DEC31H1600-B8100,KXINXY-26DEC31H1600-B8300,KXINXY-26DEC31H1600-B8500,KXINXY-26DEC31H1600-B8900,KXINXY-26DEC31H1600-T9000,KXTAKEOVERACQWB-27JUN30-NFLX,KXTAKEOVERACQWB-27JUN30-PSKY,KXNFLAFCCHAMP-27-BAL,KXNFLAFCCHAMP-27-BUF,KXNFLAFCCHAMP-27-DEN,KXNFLAFCCHAMP-27-HOU,KXNFLAFCCHAMP-27-IND,KXNFLAFCCHAMP-27-KC,KXNFLAFCCHAMP-27-LAC,KXNFLAFCCHAMP-27-NE,KXNFLAFCCHAMP-27-PIT,KXNFLAFCCHAMP-27-TEN,KXOSCARPIC-27-AVEN,KXOSCARPIC-27-BEH,KXOSCARPIC-27-BLA,KXOSCARPIC-27-DEB,KXOSCARPIC-27-DIG,KXOSCARPIC-27-DUN,KXOSCARPIC-27-ODY,KXOSCARPIC-27-PRO,KXOSCARPIC-27-SOC,KXOSCARPIC-27-WIL,KXWNBA-26-ATL,KXWNBA-26-GS,KXWNBA-26-IND,KXWNBA-26-LV,KXWNBA-26-MIN,KXWNBA-26-NY,KXWNBA-26-WSH,KXRATECUTCOUNT-26DEC31-T0,KXRATECUTCOUNT-26DEC31-T1,KXNASCARCUPSERIES-NCS26-BWAL,KXNASCARCUPSERIES-NCS26-CBEL,KXNASCARCUPSERIES-NCS26-CBRI,KXNASCARCUPSERIES-NCS26-CELL,KXNASCARCUPSERIES-NCS26-DHAM,KXNASCARCUPSERIES-NCS26-JLOG,KXNASCARCUPSERIES-NCS26-KLAR,KXNASCARCUPSERIES-NCS26-RBLA,KXNASCARCUPSERIES-NCS26-TGIB,KXNASCARCUPSERIES-NCS26-TRED,KXWTA-26USO-AND,KXWTA-26USO-GAU,KXWTA-26USO-NAV,KXWTA-26USO-PEG,KXWTA-26USO-RYB,KXWTA-26USO-SAB,KXWTA-26USO-SWI,KXWTA-26USO-ZHE,SENATEMI-26-D,SENATEMI-26-R,SENATEOHS-26-D,SENATEOHS-26-R,KXWTIMAX-26DEC31-T115,KXWTIMAX-26DEC31-T120,KXWTIMAX-26DEC31-T125,KXWTIMAX-26DEC31-T130,KXWTIMAX-26DEC31-T135,KXWTIMAX-26DEC31-T150,KXWTIMAX-26DEC31-T160,KXWTIMAX-26DEC31-T180,KXALIENS-26DEC,KXALIENS-26NOV,KXALIENS-27,KXALIENS-27-29,KXTRUMPOUT27-27-28,KXTRUMPOUT27-27-DJT,KXGREENLAND-29,KXGREENLAND-29-27,KXBTCMINY-27JAN01-45000.00,KXBTCMINY-27JAN01-50000.00,KXBTCMINY-27JAN01-55000.00,KXBTCMAXY-26DEC31-119999.99,KXBTCMAXY-26DEC31-129999.99,KXBTCMAXY-26DEC31-139999.99,KXBTCMAXY-26DEC31-199999.99,KXBTCMAXY-26DEC31-99999.99,KXVENEZUELALEADER-26DEC31-DFIG,KXVENEZUELALEADER-26DEC31-DROD,KXVENEZUELALEADER-26DEC31-DRON,KXVENEZUELALEADER-26DEC31-JROD,KXVENEZUELALEADER-26DEC31-NMAD,KXVENEZUELALEADER-26DEC31-VLOP
KXFEDDECISION-26SEP-H0,0.24840000000000007,-0.2426555795934372,-0.006732944399025739,-0.0025254065089390706,0.0013372586943045045,-0.00018534646118715582,0.002775414217802233,0.0014701173669523816,-0.0029345614048690355,0.0021345174792498723,0.00513426513229266,0.0015830339607702422,-0.0010958815276885612,0.0032376670825649398,-0.003237667082564945,0.0016456423280494382,-0.00023255279649233695,-0.0011204968993997475,-0.0004538450503523202,-0.0009807796888997881,-0.0003435468510830936,0.0005649622921242627,0.0016532508137820229,-0.0020141943021330226,0.002370160583249045,0.0008508066153207219,-0.001170290005213915,-0.0028173439816514536,-0.0006183794882850333,6.58730402553441e-05,0.0029364911178016056,-0.0029364911178016108,-0.0009429083598590417,-0.00015328148495685984,0.0011264444520173518,-0.0013718685565358162,-0.0029602259160642075,-0.0035165407723926627,0.0035114982533505246,-3.7082617418522e-05,-5.846743392349128e-05,8.490218919890698e-05,0.004236575701208835,-0.004236575701208833,-0.00172811567227814,0.00528626517571746,-0.0024457098682578024,0.004347194009518862,-0.00028086813794645134,-0.0053815939236223345,0.004465877818043463,-2.1201709680459654e-05,2.5421773819232774e-05,2.5497773888095513e-05,0.00011282557928896848,-3.9953760068656114e-05,5.8837371607613997e-05,4.1361304633920777e-05,0.00013255627391893526,5.846829789828297e-05,0.00014161299112979412,8.7061134585451e-05,-2.3122195919111026e-05,3.702251339438121e-05,-3.2696381506583696e-06,-0.007097476599961116,0.0070974765999611035,0.0006318305979932531,-0.0015921348599304782,0.0012833892460864713,0.0006461185658689624,0.00271662580088965,0.0011086955282652675,-5.7666947981557e-05,0.0005984610235199353,0.00032807763830067997,-0.001691152709583748,-0.0026857354371697456,-0.0023319257495476703,-0.00016128107823702443,0.0009926567012937585,0.0014624658444041204,-0.0009517893012347347,-0.00025684857005474186,-0.00015047410549584437,0.0002995614847648595,0.0030158653603582245,-0.0037734689004048885,0.0016271882964374812,0.001725657991267772,-0.0006963032385917904,-0.0005270867772543968,0.0026686015838054025,-0.00018707394980615831,0.0013689536479847171,-0.001352201740356641,-0.000261432914685265,0.003754312681213863,0.007617300887490708,0.0007259199869902465,0.004218079614267976,0.007714933591057228,-0.0014329848387803533,-0.0002106595264594752,0.0032656357066680568,0.004715857481894109,-0.001387038578901889,0.0005766133321634956,0.004860954586723792,0.004051358147940368,-0.001398606405439005,0.0029430342744996216,-0.0009360593651612378,-0.023625638303826055,0.023869319802180072,0.0007553202356886664,-0.0006807058895964147,0.0017584852655265746,0.000853713805936807,-0.0033052315284606325,-0.00023010744866477995,0.0011699892864153465,-0.001950959266610841,0.0009667619570379622,0.0008348280463223547,5.452590699005236e-05,-0.000499349983133029,0.0005045959203162616,0.00046732987405123227,-0.0010893132858154344,0.00020364019578960582,0.0004066482699536118,-5.145510833703705e-05,-0.002866250414375795,0.0028662504143757905,0.000771085992415842,-0.0007721944081362858,-0.006479315521695975,-0.006396844372460298,-0.005980639922084956,-0.005229442808778973,-0.005015454074394108,-0.0029700675814842616,-0.0035895779605268864,-0.0033416050416393266,0.0009571131263820705,0.0007625236197160172,0.0012690706651341294,0.0005413709249162948,0.002000145676534967,0.001145995298427543,0.0005050975335701902,0.0002507030828392125,-0.0049472242835407795,-0.005821619458948723,-0.005830558142144101,0.0023636114629067605,0.0015372714358171408,0.0008859989985862574,0.0005869301977520816,0.002164934158995986,0.0009637925984312654,0.001284244014473187,0.0004054165090668396,0.00012028149941163886,-0.00028697873886447635,0.0012483652518604275
KXFEDDECISION-26SEP-H25,-0.2426555795934372,0.24840000000000004,-0.008264089562970488,0.002568242188432427,-0.0013690155656948767,0.00018353989236187927,-0.0028365551038449562,-0.0015053547890585919,0.0029795448039597484,-0.0021795665694493804,-0.005235124517374427,-0.0016188971243970597,0.0011106431432806915,-0.0032967656019913185,0.003296765601991322,-0.0016738590116872698,0.00023895307820405486,0.0011431559377799506,0.0004643104831894732,0.0010021786733776872,0.00035217217553890545,-0.0005739365548122342,-0.0016821295586403725,0.0020528668858774695,-0.002410505013160924,-0.0008636500534076153,0.00119548761407152,0.0028690196535072162,0.0006310228402846992,-6.545531471202069e-05,-0.00299099773743086,0.002990997737430863,0.0009733464265309737,0.00016465450338183445,-0.001135175338683393,0.0014101926020469357,0.0030262538476894195,0.0035763645708603406,-0.0035712338246405564,3.865934574942926e-05,6.1001627216051673e-05,-8.98587275286891e-05,-0.0043093728352283,0.004309372835228307,0.0017596041213630309,-0.0053781707737670425,0.0024902101222034484,-0.004427200109678724,0.00028246305342381067,0.005473734503600959,-0.004550776269527072,2.0173646078632517e-05,-1.9712481138701668e-05,-1.9692979772382584e-05,-0.00010458618143417625,4.6145052546766674e-05,-5.1689750963920266e-05,-3.593402087034153e-05,-0.00012409762211182678,-5.187324081432545e-05,-0.00013257132551272274,-7.751494252564273e-05,2.1782123654569517e-05,-3.5863902354820705e-05,3.933739761532248e-06,0.0072209118134200926,-0.007220911813420097,-0.0006440340043264006,0.001619990026845949,-0.0013073777884969502,-0.0006594032000646526,-0.0027649158690034883,-0.0011302767676518097,5.972526378600718e-05,-0.0006100943698998344,-0.00033364713573618646,0.001724145864503306,0.0027353173562088265,0.0023747784634535274,0.00016527720897787154,-0.001009701605335416,-0.00148864610815902,0.0009725052623027645,0.0002628992242154122,0.00015256168365430526,-0.00030415643054215583,-0.003077671832556042,0.003837637585647698,-0.0016633995688997588,-0.0017640220326097587,0.0007078870229553157,0.0005317216508433774,-0.0027246099217437775,0.00018541670412950908,-0.0014052580561465995,0.0013824465277356424,0.00023808766377347455,-0.0038705621587792486,-0.007798316194173186,-0.00077597490454103,-0.004339032262107861,-0.007896604661161669,0.0014156147308131166,0.00018613952405047173,-0.0033705805881949526,-0.004844929454391215,0.0013881403241662654,-0.0006132708726417868,-0.004980235111428832,-0.004157090122894532,0.0013961408614390324,-0.003029119542549442,0.0009433117549725987,0.0240522889960041,-0.024300436221074452,-0.0007698244689884511,0.0006944491356775298,-0.0017898728549655245,-0.0008702407543680604,0.0033644634803528476,0.0002358954354867115,-0.0011901004321921852,0.0019873735217684815,-0.000983348273349554,-0.000848738965217767,-5.455087507376026e-05,0.0005096749672085757,-0.000516015228984327,-0.0004753111222447906,0.0011105766940490004,-0.00020602531748655986,-0.0004167657227853325,5.345582430864455e-05,0.0029159251730450616,-0.00291592517304506,-0.0007831876861396415,0.0007843153479329089,0.006590928769459359,0.006507010893095036,0.006083117156995747,0.00531823533706802,0.005105342515529486,0.003014921809817445,0.0036538547892144497,0.003400372267850732,-0.0009747440999661265,-0.0007767844574964924,-0.001291961967709475,-0.0005507877009051899,-0.0020340060859968152,-0.0011652728267684707,-0.0005161808195804027,-0.0002591928534802382,0.005033876944189665,0.005923241344272258,0.005931910750072733,-0.0024062759603252757,-0.0015658422954623124,-0.0009027209567819739,-0.0005993871907319687,-0.0022031544668304377,-0.0009866454278982272,-0.0013079652535177766,-0.00041425321541314376,-0.0001226810895040375,0.00029225543171131584,-0.0012765867085578909
KXFEDDECISION-26SEP-H26,-0.006732944399025739,-0.008264089562970488,0.019600000000000003,-0.0001676755609956132,8.062283369653427e-05,-1.690631204478997e-05,0.00017202500696048115,8.853112608568139e-05,-0.00019750276787925254,0.00013324378842210648,0.0003274119442998267,9.685376657942948e-05,-7.605938268829174e-05,0.00021023680284823428,-0.0002102368028482338,0.00010877083306637117,-1.556885822266648e-05,-7.437259075050232e-05,-3.023832164144843e-05,-6.537225875824745e-05,-2.2956837757717373e-05,3.7393905677909594e-05,0.00010942627407111921,-0.00013342926947319694,0.00015633450528402946,5.582654182802103e-05,-7.798641257253418e-05,-0.00018600203373079436,-4.087518566673535e-05,4.2949525688036634e-06,0.00019057073097444773,-0.00019057073097444657,-5.028886693241442e-05,-1.9276921375840503e-06,8.324590983662224e-05,-7.834742214798477e-05,-0.00018208833280702392,-0.00023175820652151458,0.0002314258484332515,1.700862748797931e-05,1.609020921747948e-05,2.016658056569669e-05,0.0002782082750178566,-0.0002782082750178655,-0.00011419023462221959,0.00034787431520956664,-0.0001615973116984535,0.0002839480854370084,-1.9099056492291572e-05,-0.0003530587400089888,0.00029090544136758294,2.469696559627048e-06,1.0965050316015866e-05,1.1000426592657564e-05,1.959886200980579e-05,5.985655632904117e-06,1.5094833878079363e-05,1.315869305740075e-05,2.1250088297247187e-05,1.4058579666979991e-05,2.2432826954801594e-05,1.959452032486944e-05,-1.4735343653488723e-06,2.3690702805611713e-06,-2.0790577480834383e-07,-0.0004649049798306698,0.0004649049798306919,4.002533669259169e-05,-0.00010395925711838229,8.216815434348244e-05,3.987695915276579e-05,0.0001764954057468386,7.00326920580273e-05,-3.4202065024953304e-06,3.888946794265715e-05,2.158925050128234e-05,-0.0001098236639926671,-0.00017528661420097516,-0.00015224974760067887,-1.0205166466186563e-05,6.520176595060531e-05,9.573242207322851e-05,-6.107679713847328e-05,-1.6330405709545767e-05,-1.1117142117504351e-05,2.0452031329339046e-05,0.00019491014107003702,-0.00024783354148980757,0.0001043000339417296,0.00011062119497866502,-4.576372403551734e-05,-3.591383050471634e-05,0.00017206575560416414,-1.3735065464393936e-05,8.597232525913565e-05,-8.654822967778027e-05,-3.0290154122302414e-05,0.0002233186579404399,0.0004777278878756157,3.0557229139662694e-05,0.00025527308990346714,0.00048456125282967256,-0.00011282645668393285,-2.7083683063625578e-05,0.00019245650454970416,0.0002881491777386036,-0.00010301990984439626,2.429402725538016e-05,0.00030199861516006177,0.0002486887884964516,-0.0001051801592420795,0.00017611305375577895,-6.800498109213839e-05,-0.0015444331943555998,0.0015603376473685426,4.858707621738771e-05,-4.300725180532552e-05,0.000114879230564392,5.47860808349884e-05,-0.0002149358106049454,-1.3557909521735449e-05,7.705966491575686e-05,-0.00012579327503387,6.374182643009135e-05,5.536477122633171e-05,5.126652386828186e-06,-3.0674446182870305e-05,3.2366102617343965e-05,3.175505798410876e-05,-6.894819038295362e-05,1.5121317253201035e-05,2.5562192118374517e-05,-1.8385207083255503e-06,-0.0001887751050775084,0.00018877510507750927,5.190258924159201e-05,-5.1978235562621265e-05,-0.00042532513023089264,-0.0004199164370101265,-0.0003926838197914391,-0.0003434934297271891,-0.00032865858513128165,-0.00019600413337291845,-0.00023524460221393596,-0.00021914194912488633,6.190329196166522e-05,4.9092327275105844e-05,8.249284219795395e-05,3.5433182599001306e-05,0.00013207254470464012,7.637331973523659e-05,3.229296824212036e-05,1.497886399087406e-05,-0.00032417295963734334,-0.0003815823888264431,-0.0003823071348611788,0.0001546580451660242,0.00010038790760676238,5.779558383900775e-05,3.795257568245994e-05,0.00014186615196856998,6.277265692173726e-05,8.437516174610574e-05,2.6561037992632368e-05,7.890223108815603e-06,-1.8832553163185195e-05,8.152857057866207e-05
KXMLB-26-ATL,-0.0025254065089390706,0.002568242188432427,-0.0001676755609956132,0.06251100000000001,-0.0033477541707872312,-0.0036297331094113264,-0.002726264179644132,-0.0022032647029059395,-0.020709047862568847,-0.00957923071278346,-0.007285800149264615,-0.005023315510799857,-0.005508832667240425,0.0010729476927920918,-0.0010729476927921109,0.0015380917374310658,-0.00021598145973730093,-0.0010452695442817544,-0.00042263091231506216,-0.0009138500253816738,-0.0003195051708431903,0.000528307876060348,0.0015447683342636577,-0.0018802506633101433,0.0022157809122350203,0.0007965057712180645,-0.0010906057488933153,-0.0026318739904105607,-0.0005769953357341675,6.235904005499622e-05,-0.000624480102317061,0.0006244801023170565,-0.001220664866147986,-0.00020469167314298602,0.0014433646052107946,-0.0017722234291279021,-0.003818437526368661,0.0012184653614217703,-0.0012167201690420884,-0.001212307194310894,-0.0016344401442339794,0.0012504595949534116,-0.0015711530179233703,0.001571153017923369,0.0006002031255581157,-0.0018152756594682416,0.0008491916339856095,0.0035889042607209582,-0.00023908009611630973,-0.004456023835479769,0.003683173670630237,0.0007984198937744119,-0.0005691382558133259,-0.0005701754117164645,-0.0033971740456928586,0.0016018470937617523,-0.0016256050091667936,-0.0010750213421852788,-0.004045854728433434,-0.0016432884067971785,-0.004329102418454918,-0.002483018191983214,0.002880288548203656,-0.004633618565465101,0.0004277169166037518,0.0010199913713714057,-0.0010199913713714098,-0.0014317387092414862,0.003591818749538784,-0.002903658085059476,-0.0014702655430872352,-0.006133520393151414,-0.0025134533038243517,2.3547319701426817e-05,-0.0002380847269872247,-0.0001300921504330686,0.0006731218550924572,0.001067906076781389,0.0009271845092530155,6.455948464988167e-05,-0.0003940944413786398,-0.0005810078576037785,0.00038007978039393563,0.00010280041249741777,-0.00042152683034886755,0.000855172632743939,0.0031472063495430504,-0.003945580328433061,0.0016963862398100954,0.0017991917428222142,-0.0007305298986683216,-0.0005540848098329531,0.0027843081814646438,-0.00019891938200772925,0.001424504313067154,-0.0014133571915383356,3.5359874798009474e-05,-7.862756044869227e-05,-0.0002025614846122033,8.46861090978126e-06,-9.621739999432766e-05,-0.00020613487921608716,7.714836661758754e-05,3.391877022814763e-05,-6.475551065462603e-05,-0.00011229678744020406,0.001181889638744423,-0.0005702299512069909,-0.00439304452991641,-0.00367283613998661,0.0011893926966019817,-0.0026861074195035314,0.0007924384091718667,0.001268857952108109,-0.001281961479081741,-0.001318981425335482,0.0011988695252103145,-0.0030785175806337123,-0.0014912691435548012,0.005801943273370649,0.00040786867093912677,-0.002046761168589392,0.0034264096584941156,-0.0016904073803715863,-0.001459092006614711,-0.00022158863550053885,0.0021283237223685214,-0.0021319462364673583,-0.0019721577494721063,0.0046302681171182134,-0.0008526552395977413,-0.0017163411695488664,0.00022637619712631872,-0.0008916144044747075,0.0008916144044747249,-8.549867656362014e-05,8.561829620788616e-05,0.0014165657547485057,0.001398535354527967,0.001306951530299588,0.0011417392806432575,0.001101001879285975,0.0006413445528474936,0.0007881227283607762,0.0007318398543501941,-0.0006712718658563157,-0.0005352093082819746,-0.0008893255462355594,-0.00037894509580931886,0.00046814535274956615,0.0002652924325280826,0.0003958700600538534,0.00019897642074669534,0.0010388339192423288,0.001222283154836715,0.0012239723038288486,0.0009678823483079049,0.0006303615382670842,0.00036353971330832296,0.00024247160968258165,0.0008856706306414092,-0.00020652367405876075,-0.0002787943807661135,-8.751435060542759e-05,-2.603818747396743e-05,6.224667889395868e-05,-0.0002684942859339925
KXMLB-26-BOS,0.0013372586943045045,-0.0013690155656948767,8.062283369653427e-05,-0.0033477541707872312,0.048399000000000005,-0.0027029271216749058,-0.0019740738553128447,-0.001592744941787576,-0.01569083941860698,-0.007211518723405044,-0.0054466248269258045,-0.003745291289488503,-0.004136813110718439,-0.0005631376223026363,0.000563137622302678,-0.0008214436483802066,0.00011884020209982263,0.0005632593031199695,0.00022961537589832068,0.0004948300378155932,0.00017461568477788694,-0.00028121303121325767,-0.0008258740266138588,0.0010101324173812467,-0.0011826612954438727,-0.0004225854536127438,0.0005900601784761072,0.001409996158525895,0.0003109387687661011,-3.112157348929104e-05,0.00033948961946188815,-0.0003394896194618716,0.0007445400133833944,0.0001689824983039055,-0.0006988963803477217,0.0010415311967367298,0.0021368235314914164,-0.0006355021161469048,0.0006346053466169756,0.0004016466581997487,0.0006237975127171135,-0.0008737965009124799,0.0008368995867564596,-0.000836899586756466,-0.0002957827416126645,0.0009457597712668716,-0.0004190527430540122,-0.0019329011773298519,0.00011381079336001283,0.0023728645537455335,-0.0019908070249333868,-0.00049793482983098,0.00016212104679466126,0.00016245529834725433,0.001633162763262632,-0.0009860454225426867,0.0006984801849575391,0.00041178165359136734,0.0019747565393497635,0.0007236491787217082,0.0021179935216700157,0.001119233456308167,-0.0015511030172599143,0.0024868730801339465,-0.00022284362902115626,-0.0005546602916711925,0.0005546602916711345,0.0007592691297266386,-0.0019154597977029987,0.0015429649577980615,0.0007741996991567136,0.0032670466059322584,0.0013319732248218087,-1.2570778801612498e-05,0.00012782855004276808,6.974006194928649e-05,-0.00036093424565789126,-0.0005715838111309457,-0.0004961318921697653,-3.4862391726587426e-05,0.0002106534530241489,0.00031098408372893545,-0.00020389644201182706,-5.522511552095279e-05,0.0002510370155726924,-0.0004722128835799055,-0.0016809616573266874,0.0020971243980016977,-0.0009082325169803588,-0.0009629462494374319,0.00038264278756910367,0.00029018584276899016,-0.0014875254823867668,0.00010088531585673133,-0.0007654054077615552,0.0007480806051801275,4.884564502954582e-05,0.00014383668005129828,0.00020380392545484005,7.533691074495914e-05,0.00014564915031778467,0.00020425772153924703,4.2265201181491906e-05,5.0046876981972436e-05,0.00013227895964908155,0.00015312332350391654,-0.0006975219880012599,0.0002355334403795327,0.00227158806016982,0.0018866455255933542,-0.0007019239849899116,0.0013592965182284123,-0.00048526264123330466,-0.0006704721431134704,0.0006773600963316864,0.0007190027955498975,-0.0006322711896625369,0.0016564978462561765,0.0008121582904544016,-0.0030887931525965416,-0.00021154637525757258,0.0011032345724126718,-0.0018227997344514822,0.0009128869437274058,0.0007886192167246974,0.0001289670224782519,-0.0011257337128352087,0.0011603658748624102,0.0010659295879487897,-0.002462994573958323,0.00046678985493711286,0.0009416229489596423,-0.0001131384411534059,0.0004876910278758776,-0.0004876910278759075,3.5914452343930585e-05,-3.596000494943649e-05,-0.0007533172250490726,-0.0007437417531508917,-0.0006963309544415048,-0.0006105792399607249,-0.000575846092361227,-0.00035834370754791355,-0.00041194389649896356,-0.00038640014710642824,0.00035471114338898315,0.0002820055550824662,0.0004713959687612428,0.00020172721145061102,-0.0002616455277736962,-0.00015999699241176155,-0.00020536516811952952,-9.666350144306123e-05,-0.000553764953272564,-0.0006516506664190512,-0.0006526529822397965,-0.0005126126828894693,-0.0003324079022702079,-0.00019132809673842635,-0.00012475191994503946,-0.0004704856684325543,9.176154227738549e-05,0.00014125266426977452,3.997490172704715e-05,1.264821605292055e-05,-3.190793587253765e-05,0.00012192039414141045
KXMLB-26-CHC,-0.00018534646118715582,0.00018353989236187927,-1.690631204478997e-05,-0.0036297331094113264,-0.0027029271216749058,0.05197499999999999,-0.002179594131111811,-0.0017598323458229215,-0.01695926223563944,-0.007817772243551898,-0.005923963668771278,-0.004078457674957211,-0.004489625705402859,8.141866158032394e-05,-8.141866158031723e-05,0.00010896959694660496,-1.3261027072284692e-05,-7.112378065262073e-05,-2.7661960336299996e-05,-6.0786927911855463e-05,-2.0311069903977876e-05,3.7979555119634366e-05,0.00010893950114097779,-0.00012973050306929162,0.00015739108343081125,5.805949273559241e-05,-7.282445485663885e-05,-0.00018387594623314523,-3.924590046791278e-05,5.69403650830272e-06,-4.122346631493623e-05,4.122346631490993e-05,-3.5086575552818725e-05,1.835745484949381e-05,0.00014195849930116552,-7.273565811029194e-05,-0.00021633759042616237,9.494578064302901e-05,-9.480267055124507e-05,-0.0002218540831943199,-0.0002536255507445172,-2.5032893420229874e-05,-0.00011257172031854016,0.00011257172031854318,5.687391359339677e-05,-0.00014232417488483222,8.013746560040438e-05,0.00024445281001733113,-2.518046814530659e-05,-0.00031963936046904137,0.0002465542516757727,1.5231167706503472e-05,-0.00012194873829049838,-0.00012214546199820477,-0.00034482153267104224,3.8325560265956434e-05,-0.00021279319746178056,-0.00016962249264784577,-0.0003935476239763191,-0.0002049909857246189,-0.00041822289634109894,-0.00029487211529730583,0.00019646783449280057,-0.0003210244225422739,3.3578080598920946e-05,6.674190328864613e-05,-6.67419032886304e-05,-0.00010464699058252555,0.00025609772778421007,-0.00021035422409836508,-0.00011074367032942368,-0.00043963415507092566,-0.0001842737112942784,1.7145436713708856e-06,-1.6519790618709836e-05,-9.057005955022027e-06,4.698674383927647e-05,7.504500598997334e-05,6.522662258915426e-05,4.395717351471435e-06,-2.7808558702065642e-05,-4.079179367118498e-05,2.6562893409815292e-05,7.157450198483359e-06,-1.507224681389405e-05,5.174857703652832e-05,0.00022210576618740852,-0.0002853566825892506,0.00011825008967556094,0.00012560958489462437,-5.613358544615972e-05,-4.289246770788917e-05,0.00019617264189808822,-1.754792216455934e-05,9.728918909750469e-05,-0.00010352550695825384,4.182797348905211e-05,5.3420901013184025e-05,4.100660875011979e-05,4.69017971774601e-05,4.777262637040511e-05,3.991478548831831e-05,5.382261718586064e-05,4.197470857570569e-05,5.2011516818636065e-05,4.5985538054310004e-05,4.405921574803617e-05,-8.172016971607295e-05,-0.0003559804423248537,-0.0003051542222416094,4.4278434921882876e-05,-0.00023546937696681408,1.9283775188370754e-05,9.399652463338587e-05,-9.498809359123625e-05,-8.482867330624514e-05,8.941625245920224e-05,-0.0002107904341640142,-9.634056771364605e-05,0.00041648690124544674,3.239861585447546e-05,-0.0001390950872190002,0.0002466261850919167,-0.00011387447875568577,-9.794409209281545e-05,-9.809175431237893e-06,0.0001567000129294022,-0.0001381130123918951,-0.00013250940743566222,0.00033320105368535584,-5.4088483367050434e-05,-0.00010671196671540695,2.0247508867528137e-05,-5.6724519294917764e-05,5.672451929491856e-05,-1.1564397939302475e-05,1.158285165528826e-05,0.00010221472785361507,0.00010090684299131281,9.354586448640623e-05,8.039584992651402e-05,8.507626975609746e-05,3.620081204121246e-05,6.105341455396631e-05,5.442818118206499e-05,-4.970527008262286e-05,-4.0090965682379856e-05,-6.502079783137646e-05,-2.7216480287525156e-05,2.6603556954150414e-05,8.456984701217349e-06,3.1441926406916965e-05,1.947761187733692e-05,7.424015716986766e-05,8.728671434827211e-05,8.733834709071279e-05,7.108874805704916e-05,4.714999836465281e-05,2.7414300452628938e-05,1.9966649175533667e-05,6.42173843051653e-05,-2.4425532269524708e-05,-2.3876129575468654e-05,-9.820249918740079e-06,-2.5187287815854317e-06,5.124157020942647e-06,-3.0425152361192565e-05
KXMLB-26-CWS,0.002775414217802233,-0.0028365551038449562,0.00017202500696048115,-0.002726264179644132,-0.0019740738553128447,-0.002179594131111811,0.040236,-0.001247333729893317,-0.012861868532738657,-0.005876013898232573,-0.004408727675794493,-0.003023835657953966,-0.0033626469931894417,-0.0011712331916760173,0.001171233191676063,-0.0017009030996790494,0.00024387709706081914,0.0011631458276107581,0.00047299358960569104,0.0010203502363645266,0.0003590614152664251,-0.0005828817286846364,-0.0017095380081674745,0.0020878598341794695,-0.002449279198889655,-0.0008767585597873531,0.0012170143954480122,0.0029167736266393343,0.0006420733088083156,-6.581519146809307e-05,0.0007005045583863109,-0.000700504558386322,0.0014910698040543284,0.0003179876149342288,-0.0014858431610711687,0.0021044762439971576,0.004371094883264643,-0.0013246849387756232,0.001322809061229582,0.0009649786407613277,0.00142687402907193,-0.0016984512033219588,0.0017342221526393262,-0.0017342221526393169,-0.0006276934203736356,0.00197283714712748,-0.0008889082678755704,-0.003991175650737581,0.00024475805809396635,0.004917373366877325,-0.004105881890387072,-0.0009873601349281091,0.000421362136600089,0.0004221780786477613,0.0034907825382913555,-0.00196280693207892,0.0015486857521072837,0.0009507842084916538,0.004200970229900912,0.001591288721552665,0.004502368325256569,0.002442208563183892,-0.0032034369773767416,0.005141390558394375,-0.00046497233481300725,-0.0011430207388943713,0.0011430207388943227,0.0015757428218906868,-0.0039679377520058816,0.003200054547205105,0.001610396672862151,0.006770378746987874,0.0027649307528155673,-2.615498714710113e-05,0.00026439420826508117,0.00014422332658060497,-0.0007468545190318766,-0.0011830883321214932,-0.0010269785629050498,-7.207595730034569e-05,0.000436055159044426,0.0006435892665819121,-0.00042209355960747105,-0.00011432604185590667,0.0005044918244595865,-0.0009686403117071711,-0.0034783841696487557,0.004348528041256606,-0.0018774718024525553,-0.001990784318619057,0.0007970055531260772,0.0006052750417212791,-0.00307760338947848,0.00021317727287508504,-0.0015793687147548777,0.001551709393482458,5.926763021567839e-05,0.00023524804382223815,0.0003633246528653672,0.0001067969425446643,0.00024368916200839292,0.00036514738329779316,3.619647138723642e-05,6.149291621177613e-05,0.0002138352098198181,0.0002598579986439416,-0.0014000106536721621,0.0005339041183191836,0.004753794733508353,0.003956970382060839,-0.001408647608594877,0.0028652728661403247,-0.0009640905383720116,-0.0013925526129691715,0.0014068810576311629,0.0014793512572361161,-0.0013136849042886616,0.003421977694738699,0.0016714498150619032,-0.006401078898230185,-0.00044151601954824186,0.002278042017248046,-0.003778020543463394,0.0018839435724681583,0.0016271761546994283,0.00026123271532106835,-0.0023365521478565417,0.002388401050578131,0.0021996925495414207,-0.005104480141750549,0.0009603308184970164,0.0019332306008614025,-0.00023825492616533567,0.0010033727955685043,-0.0010033727955685062,7.997165029164473e-05,-8.007546882263116e-05,-0.0015617909948004087,-0.0015419326805044549,-0.0014428313281195193,-0.0012637254068951628,-0.0011999195944065056,-0.0007320758254778343,-0.0008585603639220688,-0.0008028315822902261,0.0007366707801747372,0.0005861559572212228,0.0009781409543107567,0.0004180777181011519,-0.000535103285437254,-0.00032079309255040667,-0.00042864490888888494,-0.00020554947397957165,-0.0011473922629872792,-0.0013501277991630884,-0.0013521135523247147,-0.001064147331616354,-0.0006909898039535014,-0.0003979667393877321,-0.0002613432118642079,-0.0009757792803105931,0.00019878672052604378,0.00029634260806584724,8.610639325007003e-05,2.6811695298101414e-05,-6.67255079938311e-05,0.0002627843965907667
KXMLB-26-HOU,0.0014701173669523816,-0.0015053547890585919,8.853112608568139e-05,-0.0022032647029059395,-0.001592744941787576,-0.0017598323458229215,-0.001247333729893317,0.032844,-0.010410298489764533,-0.004752724028998453,-0.003563849531861955,-0.002442938121321711,-0.0027180446123797213,-0.0006188303281003732,0.0006188303281003716,-0.0009031683141141782,0.00013060962152302606,0.0006192206415984573,0.0002523996909362813,0.0005439566874125695,0.00019192678797566164,-0.0003092068129085307,-0.0009080283417486979,0.0011105367188510005,-0.0013003254828865337,-0.00046466206191487743,0.0006486486163682557,0.001550192346807291,0.0003418250252921732,-3.4251900349805366e-05,0.00037378780422253356,-0.00037378780422253437,0.0008208159934072621,0.0001875316064056598,-0.0007664308356383892,0.001147305239367335,0.002351642397185522,-0.0006985917063428239,0.0006976066766755122,0.00043536518644406657,0.0006795890808573707,-0.0009663651777001778,0.0009201644587310477,-0.0009201644587310483,-0.00032543128321888275,0.0010400318142441774,-0.00046105045140686877,-0.002124505444939688,0.00012552271534709242,0.002608901303888924,-0.0021878487002225918,-0.0005469950848497628,0.00017875632978148133,0.00017912044009163274,0.0017961485867897537,-0.0010836487658842538,0.0007685273694894835,0.00045336545504609754,0.002171720530024438,0.0007961374126108673,0.0023292151270838234,0.0012312049807285692,-0.0017051096901204096,0.002733956639848205,-0.00024511629009339584,-0.0006100512189967138,0.0006100512189967531,0.0008349854347378626,-0.0021060576931313697,0.001696714863754318,0.0008515766190225647,0.0035922651203931766,0.0014648317311831095,-1.387977769666251e-05,0.00014059970986456303,7.666630183884137e-05,-0.00039701306358173616,-0.0006285932348071987,-0.0005456086222917617,-3.8386918216228944e-05,0.00023160133452902222,0.0003419563666196507,-0.0002243928051706388,-6.079951572232016e-05,0.0002760808256881093,-0.0005192432123378614,-0.001847173376144028,0.0023058421528091753,-0.000997743185793413,-0.0010578563109358676,0.00042081466798621277,0.00031952464282741853,-0.0016344813957408643,0.00011143800009822759,-0.0008402594694546419,0.0008218881237682823,5.3006887423819596e-05,0.0001572757040111113,0.00022330164470578515,8.209092684461672e-05,0.00015934708844016015,0.00022380795677237202,4.574306718883525e-05,5.432544151566609e-05,0.00014458912069281109,0.00016757838842210808,-0.0007646667843041245,0.0002613610530912969,0.0025002938123795046,0.002077084872542179,-0.0007693915846928683,0.0014972811782794039,-0.000531785793844617,-0.0007371646211961873,0.00074473802318324,0.0007901873807640957,-0.0006950412292767283,0.0018210031057997345,0.0008925589079597159,-0.003395853247642808,-0.00023246876727071457,0.0012128519922783593,-0.002003882478291174,0.0010035769267862254,0.000866997302914689,0.0001420422611859238,-0.0012372929784637493,0.0012751914153891172,0.0011720241627182085,-0.002707404711258035,0.0005135056031169481,0.0010345365137361042,-0.00012409531964683438,0.0005364048092918439,-0.0005364048092918355,3.93905093862379e-05,-3.943991806969931e-05,-0.0008282794139335427,-0.0008177517842113877,-0.0007656070084152851,-0.0006712928546822673,-0.0006332809351495735,-0.0003937671757456132,-0.0004530375835611035,-0.00042488426135626263,0.00038997095696994535,0.0003100356808591185,0.0005182630473032647,0.00022179036613358369,-0.0002878026946941266,-0.00017611441838274685,-0.00022570196335447386,-0.00010612389655011452,-0.0006089214113913,-0.0007165449220250348,-0.0007176327662489669,-0.0005636850471579589,-0.00036555697793403476,-0.0002104164254253404,-0.0001372578064418689,-0.0005173301879122295,9.982203514997495e-05,0.00015497832718780013,4.362251636984282e-05,1.3846265853502203e-05,-3.5016305166085305e-05,0.0001328864398643745
KXMLB-26-LAD,-0.0029345614048690355,0.0029795448039597484,-0.00019750276787925254,-0.020709047862568847,-0.01569083941860698,-0.01695926223563944,-0.012861868532738657,-0.010410298489764533,0.2139,-0.044518910279327445,-0.03394629641423965,-0.02344108388567892,-0.025644744857841816,0.0012502464427882195,-0.001250246442788247,0.0017846586288132777,-0.00025028176505072306,-0.0012123590930084418,-0.0004900140036057859,-0.0010596780322324822,-0.0003703497855142174,0.0006130508778075536,0.0017922863063412914,-0.002181133094954514,0.00257118043426834,0.0009245761115809506,-0.0012646814530183205,-0.003053591532490644,-0.0006693123765920978,7.254080757548262e-05,-0.0007185720667213665,0.0007185720667213522,-0.0013778759831251353,-0.00020984822028184086,0.001707411201164446,-0.002017841138230397,-0.00439108806366564,0.0014184866718102542,-0.0014164453529877216,-0.001517185300516949,-0.0020080294620950672,0.0013549877572323664,-0.0018235927246272952,0.0018235927246273017,0.0007000523463059618,-0.0021101387739306168,0.0009903944584557663,0.004167018179536269,-0.0002771202716484003,-0.005172592026244037,0.004277563239341468,0.0009149113581409854,-0.000687123072967012,-0.0006884032909234961,-0.003977347862191484,0.0018344553733089055,-0.0019186980154113666,-0.0012776916891699425,-0.004731184014359512,-0.0019363155042322134,-0.005061556619739362,-0.002921207504391197,0.003342018505062448,-0.005376880802799803,0.000496692317523064,0.001179545524548201,-0.0011795455245482143,-0.0016609555199609428,0.004168211959851747,-0.0033688898267773115,-0.0017053675788231807,-0.007117483019761889,-0.002915788562866101,2.6859443330383405e-05,-0.00027571130765368366,-0.00015100475828283848,0.000779451718099253,0.0012378153396081686,0.001074787972755239,7.43907973651223e-05,-0.0004573537644619512,-0.0006738085348638162,0.000439180233773147,0.00011858545906304394,-0.00048287230783202774,0.0009885094930131848,0.0036606202196409034,-0.004579959483465417,0.0019751484733228513,0.002094856812506476,-0.0008484705276406205,-0.0006402462926947421,0.0032395285130479797,-0.00022763391169008267,0.0016629199480140372,-0.0016467513883774239,5.000635104290104e-05,-7.614895668483627e-05,-0.00022052952894899064,2.1141177079995564e-05,-9.756041011170703e-05,-0.00022493677099178297,0.00010177136092393588,4.841145277773725e-05,-6.07957527412962e-05,-0.00011634774097609896,0.0013754385034728785,-0.0006571229734869989,-0.00509175140491318,-0.004255838041253362,0.0013849963053352368,-0.0031108364175600083,0.0009203970707323259,0.001474080339036009,-0.001489308528439193,-0.001530299576506665,0.0013940981174857831,-0.0035720881477595513,-0.0017304162987537056,0.006736766585787122,0.0004757658208786579,-0.002374001785374757,0.003979848394154262,-0.001960414254385867,-0.0016917166715721983,-0.00025233319604470736,0.0024762164582971683,-0.002474000848887653,-0.0022848862011561008,0.005380825967805678,-0.000984141882866808,-0.00199233679197115,0.00026726086584441874,-0.0010303240697869143,0.0010303240697869514,-0.00010226746745204963,0.00010241636166095677,0.0016443484280877073,0.0016234094763385417,0.001516950238984151,0.0013249567329144678,0.001279044602118128,0.0007426565101951103,0.0009155718334775463,0.000849850111355969,-0.0007800449725926605,-0.0006221412422726586,-0.0010330289922923798,-0.0004399240629636012,0.0005395959769852337,0.00030211416537937483,0.0004615077909624647,0.00023434837156731365,0.0012051672232370348,0.0014180659224034863,0.0014201203158322037,0.001123439182947095,0.0007317303705089985,0.0004220130539114949,0.00028160372074489314,0.0010279637573730096,-0.0002532522185542407,-0.0003281219268100532,-0.00010598196606708246,-3.103007192861546e-05,7.311463026819703e-05,-0.00032666259657558366
KXMLB-26-MIL,0.0021345174792498723,-0.0021795665694493804,0.00013324378842210648,-0.00957923071278346,-0.007211518723405044,-0.007817772243551898,-0.005876013898232573,-0.004752724028998453,-0.044518910279327445,0.12326399999999998,-0.01567250177624041,-0.010811732913652092,-0.011855757155477242,-0.000902241365634332,0.0009022413656343011,-0.0013071747322500147,0.00018743967339420142,0.0008939169867185884,0.0003635191721617923,0.0007841738855605503,0.000275960989262292,-0.0004479374519320121,-0.0013137991154032222,0.0016045911955896528,-0.0018823656476786117,-0.0006738459920945271,0.0009353139887522252,0.0022417042982932935,0.000493491014459571,-5.056467900433362e-05,0.0005356536858017869,-0.0005356536858017969,0.0011309314656005364,0.00023330352661342932,-0.0011548757018026439,0.0016024401134550124,0.003343958673286022,-0.0010196169108237611,0.0010181688403467603,0.0007845595699067773,0.001139880550825627,-0.0012675871735247978,0.001332937004482579,-0.0013329370044825677,-0.0004829724058714866,0.0015168871818559118,-0.0006839549838882749,-0.003069434059051807,0.00018726226146981384,0.003779791058583067,-0.00315854373449421,-0.0007565458304703667,0.00033026672417754097,0.0003309217559986514,0.002691633575873335,-0.0015027099129749102,0.0011981359270443709,0.0007379198086233774,0.0032377638220020787,0.0012301943970343227,0.003469857511087084,0.001886824634362451,-0.002462508469678625,0.003952034118559207,-0.00035725508440838415,-0.0008769254760707921,0.0008769254760708025,0.0012105582911570195,-0.003049542842294505,0.002458762481745109,0.0012367678270079837,0.005203006988879669,0.00212407069420332,-1.9858900077497234e-05,0.0002029382715196902,0.00011087816744423692,-0.0005732054594488559,-0.0009085928163196728,-0.0007887400864077393,-5.513916435776973e-05,0.00033515920427531,0.0004944534683835066,-0.0003234701912019683,-8.75135332567082e-05,0.0003858477629861962,-0.000743277725182243,-0.002677676424994697,0.003342298926245049,-0.0014464226236818776,-0.0015337086873800916,0.0006125442883821496,0.00046351242940947176,-0.0023696850427882676,0.0001619435604668574,-0.0012190956913407673,0.0011956202799719286,4.441582639627395e-05,0.00017829934718668265,0.00027670871507197545,8.037652555350244e-05,0.00018491157237567141,0.0002781677332327925,2.5829385928779812e-05,4.610879139601079e-05,0.00016200873085251284,0.000197347432914231,-0.0010814418984523965,0.0004044092602914561,0.003646588433039037,0.003034083359130163,-0.0010885398601231289,0.0021950458082070075,-0.0007445882381762947,-0.001070732287271739,0.0010817503290204387,0.0011375555969350536,-0.001010700076820574,0.0026304549506959976,0.0012853468868516084,-0.004921138931961837,-0.0003402553093184332,0.0017507548444874656,-0.00290515829925768,0.001447833003780491,0.0012503183066534507,0.000198949854790103,-0.0017984139714297062,0.0018368107534809093,0.0016894563863336202,-0.003926434792665453,0.0007360419193331493,0.0014874528089140267,-0.0001849708423828037,0.0007695575636772185,-0.0007695575636772235,6.250163090037103e-05,-6.258554813269003e-05,-0.0012004303378713617,-0.0011851628168582586,-0.0011089810065316994,-0.0009713128468884556,-0.0009223088566028643,-0.000562641777571865,-0.0006599138970185788,-0.0006171027122614783,0.0005665286450027342,0.000450839817365162,0.000752099037334996,0.00032137786187123066,-0.0004099914064506581,-0.00024456081697857664,-0.0003302120615187201,-0.00015924030759917622,-0.0008816155665409182,-0.001037434692612331,-0.001039014614274456,-0.0008177862778064383,-0.0005309750635268898,-0.00030579564705749627,-0.0002007363667673717,-0.0007499216323622601,0.000158650178854677,0.00022967458012112545,6.805327362340572e-05,2.095071572756417e-05,-5.165652321365527e-05,0.00020843805505631565
KXMLB-26-NYY,0.00513426513229266,-0.005235124517374427,0.0003274119442998267,-0.007285800149264615,-0.0054466248269258045,-0.005923963668771278,-0.004408727675794493,-0.003563849531861955,-0.03394629641423965,-0.01567250177624041,0.0979,-0.00819637397291103,-0.009010926482222955,-0.0021742546044309606,0.002174254604430979,-0.003138341443346503,0.00044699715438636397,0.002141833023410428,0.000869385078041967,0.00187684117103141,0.0006591043251865683,-0.0010762511343622816,-0.00315350358735738,0.003847246987150134,-0.004519893372870461,-0.0016202151377566914,0.0022389905832267886,0.005378182058356554,0.0011823842697090592,-0.0001232882262439186,0.0012814152039285944,-0.0012814152039286068,0.002637953687242231,0.0005106611474592898,-0.002832409135842321,0.003767854968642468,0.007946909479294866,-0.0024608023938396083,0.0024572965817574325,0.002087378179039736,0.0029432270383468306,-0.002872871538719822,0.003202051607864218,-0.0032020516078642013,-0.0011808350283606267,0.0036621718061257916,-0.00167170701778681,-0.007354820732119294,0.0004617480133528167,0.009080566623409713,-0.0075620323638969904,-0.0017549522714801176,0.0009142963720421883,0.000916053533083914,0.006617092902767467,-0.003496020118314335,0.0030217172784346253,0.0019105931703080126,0.007932391318233225,0.0030852221707562346,0.008496470698965926,0.004706895127365424,-0.005900898617000579,0.009477528811223278,-0.0008625573423964134,-0.00209709320397541,0.0020970932039753743,0.0029111051495344107,-0.007323899238575973,0.005909959493826492,0.0029789976957392108,0.012499155086730437,0.005108720682064104,-4.772557907597462e-05,0.00048668332865739905,0.00026596689208353223,-0.0013750638595064666,-0.0021804182176065603,-0.0018929065821406744,-0.00013209351594084518,0.0008045004077757544,0.0011865379073956943,-0.0007759779594071542,-0.00020988881735743272,0.0009043200649870278,-0.001771322151936085,-0.006427708424461122,0.008032987296678906,-0.0034700138252191505,-0.0036797006342399914,0.001477109770274595,0.0011180943382393244,-0.005687940589767449,0.00039378893665956285,-0.0029218432437327097,0.00287573729480777,4.8313723224399506e-05,0.0003405334054072021,0.0005821822166312414,0.00012427933050487974,0.0003629372720227277,0.000586930753129655,-9.739978284578559e-06,5.200867670459572e-05,0.0003049752806681156,0.0003937543439993862,-0.0025380557169237842,0.0010316438340648411,0.008820602325818602,0.007350358308229115,-0.002554671407162604,0.00533628743191919,-0.001733347687264975,-0.0025767663414033503,0.0026033129639137734,0.002718368962626081,-0.002433236060271299,0.006304516015166607,0.0030721742358923183,-0.011823046115280634,-0.000822144663393049,0.00419453484382859,-0.006980673246835115,0.0034673023583921244,0.0029937669251884425,0.0004688605350335826,-0.004326591473612128,0.004390883681899134,0.004045428261327821,-0.009434574780962324,0.0017576910606550296,0.0035492564129818234,-0.00045039592534174797,0.0018379550056205995,-0.001837955005620607,0.00015827033327099995,-0.0001584868162593239,-0.002884802785418001,-0.0028481024052683145,-0.0026639083208869125,-0.002331246725251598,-0.0022248048941799475,-0.0013371356704959382,-0.0015920831372899843,-0.0014853939573757076,0.0013633508401763466,0.0010856359726905886,0.0018086797983333574,0.0007721298060305326,-0.000974519453607678,-0.0005717056598160765,-0.000797869624288048,-0.0003903650766275543,-0.0021175554627364773,-0.002491727102662953,-0.0024954237628977086,-0.0019671038015024542,-0.001278473678861611,-0.0007366214098905391,-0.0004860592383463636,-0.0018026234940231622,0.00039572835862814804,0.0005576286121043576,0.00016885171291923843,5.1316891745881816e-05,-0.00012509797561981422,0.0005176781320425297
KXMLB-26-PHI,0.0015830339607702422,-0.0016188971243970597,9.685376657942948e-05,-0.005023315510799857,-0.003745291289488503,-0.004078457674957211,-0.003023835657953966,-0.002442938121321711,-0.02344108388567892,-0.010811732913652092,-0.00819637397291103,0.070224,-0.006212357052945905,-0.0006676583711201641,0.0006676583711201496,-0.0009711809796090003,0.0001399757193184235,0.0006651751275014951,0.00027088115704818874,0.0005840049417610129,0.00020584435291011102,-0.00033261348464083907,-0.0009762856165477866,0.0011933670498459963,-0.0013983605798838362,-0.0005000492631278087,0.0006964680461027995,0.001666369662983429,0.00036720372777455197,-3.712315743893082e-05,0.0004000006536634692,-0.0004000006536634548,0.0008636150266494187,0.00018881810436394679,-0.000839457273529738,0.0012143923728440984,0.002508892932738185,-0.0007539303562739647,0.0007528636533906582,0.0005195958244518949,0.0007828018952595289,-0.0009952982406825658,0.0009898156599499892,-0.0009898156599500688,-0.000353559482363136,0.001121884714071636,-0.0005008138967289035,-0.002283154583889695,0.00013651845522032812,0.002806580622707718,-0.0023506331831471905,-0.0005774537705585362,0.0002143165640833346,0.000214749913936615,0.0019599020410045404,-0.0011449783800549602,0.0008529353753800508,0.0005127361004514006,0.0023645574263983457,0.000880187413744235,0.002535204461813866,0.0013563726706103882,-0.0018320034516378612,0.0029384761103399834,-0.0002642984053982107,-0.0006540015067823472,0.000654001506782347,0.0008984152176790645,-0.0022650671608946096,0.0018253144833675664,0.0009168515785020548,0.0038638723353227504,0.0015762057981560636,-1.4821470687632917e-05,0.00015098382877903318,8.241978602814004e-05,-0.00042637700014081935,-0.0006754771546822816,-0.0005863372138216569,-4.111572539528693e-05,0.00024903262309562647,0.0003675409873822888,-0.00024076849236799803,-6.518303514083508e-05,0.0002925422512574682,-0.0005557420231916487,-0.001988127135528577,0.002480995964690851,-0.0010740613655010355,-0.0011388127364329028,0.00045353859583703674,0.00034366814442424875,-0.001759375951627894,0.00011976240662142694,-0.0009051433628174009,0.0008860044754865262,4.727176436623153e-05,0.0001541644439427652,0.00022600397849073864,7.665279222646978e-05,0.00015747988329865265,0.0002267713796273674,3.6954875240253834e-05,4.8623472692825385e-05,0.0001411583842152976,0.00016648719846535309,-0.0008155496441989389,0.00028792939916081836,0.0026958242922355898,0.0022407355550500174,-0.0008207733023149528,0.0016173060303079872,-0.0005649293477770377,-0.000793871848062441,0.0008020332091806773,0.0008479654050679655,-0.00074893220962158,0.001956681255271611,0.0009579560479834007,-0.0036536392243442205,-0.0002512248004717503,0.0013028078703089204,-0.002156443523120607,0.001077758587328031,0.0009309175909816073,0.00015054921066061546,-0.0013330714632097276,0.0013687998438374933,0.0012581288272844732,-0.0029140770593921892,0.0005498015888943635,0.0011097720951610825,-0.00013526350416418246,0.0005745749077348413,-0.0005745749077348506,4.412090243686821e-05,-4.417825500980396e-05,-0.0008911543963444129,-0.000879824212281788,-0.0008235396369458802,-0.0007217758742564279,-0.0006826869511331331,-0.0004212674425722941,-0.0004884130873338711,-0.0004575306113265013,0.00042001217369876673,0.00033405666446421857,0.0005579314678654246,0.0002386120601138201,-0.0003073603639644647,-0.00018604156593455463,-0.00024385612390981034,-0.0001159611964595364,-0.00065483644252532,-0.0007705810567470719,-0.000771760133940412,-0.0006067026185892421,-0.0003936351776484974,-0.00022662520327827837,-0.00014819367290252653,-0.0005566345026189436,0.0001123175483188255,0.00016849449667551754,4.8613031397946116e-05,1.5204428605467836e-05,-3.799218019251316e-05,0.0001485242948398787
KXMLB-26-TB,-0.0010958815276885612,0.0011106431432806915,-7.605938268829174e-05,-0.005508832667240425,-0.004136813110718439,-0.004489625705402859,-0.0033626469931894417,-0.0027180446123797213,-0.025644744857841816,-0.011855757155477242,-0.009010926482222955,-0.006212357052945905,0.07611100000000003,0.0004677758536050658,-0.0004677758536050389,0.0006645953233600359,-9.198622045533808e-05,-0.0004497296226429557,-0.00018111989067973416,-0.0003922697815762541,-0.00013653104534110003,0.00022863433719508448,0.0006671465046765815,-0.0008101599667679142,0.0009577008037589409,0.00034524496647643987,-0.00046832554650770477,-0.0011355385656473562,-0.00024825337882314737,2.777976916070137e-05,-0.00026706918624380736,0.00026706918624381875,-0.0004892566124273606,-6.360312281977157e-05,0.0006535578004573591,-0.0007266658820694174,-0.0016097901558490627,0.000532611098967365,-0.0005318423554639953,-0.0006256634568039608,-0.0008093884337028712,0.00045468043240277044,-0.0006797519315534615,0.0006797519315534975,0.00026894987307229327,-0.0007935944176206724,0.00038030233093450507,0.0015448895779858853,-0.00010848400274021848,-0.001928193734361913,0.0015828868369973151,0.00031713689347921464,-0.00030149457623267716,-0.0003020319360547296,-0.0015389849622259426,0.0006410209894494804,-0.0007689426169518142,-0.0005280938129427982,-0.001821192515861254,-0.0007704275132291522,-0.0019467471161265146,-0.0011540383072114334,0.0012397232379827024,-0.001997590082405726,0.0001869416282038727,0.00043665874596221304,-0.0004366587459621723,-0.0006206295266257168,0.0015530882921745463,-0.0012575369021586061,-0.000639370477661433,-0.002653533672624454,-0.0010898794631936837,1.0134039987358766e-05,-0.00010257010868205222,-5.61178385080879e-05,0.0002901607576235712,0.00046084008172964834,0.0004001710155734036,2.7703933463485713e-05,-0.00017022235616276108,-0.0002507562441591328,0.00016371877447684402,4.423389101064875e-05,-0.0001718640897475566,0.0003633646141547951,0.0013606039285568275,-0.0017087811474798629,0.0007327491358837103,0.0007772793477662748,-0.00031854278107845316,-0.00024132633918413804,0.0012036577912979405,-8.767540014785485e-05,0.0006146690471174099,-0.0006138300424097014,4.1476586675841175e-05,5.556502277061183e-06,-5.0379154336179734e-05,3.461208424509469e-05,-4.976186161804384e-06,-5.249172966125318e-05,6.572329290247478e-05,4.102257447975231e-05,9.928876916227697e-06,-1.2353022700043354e-05,0.0004861915065650188,-0.0002718461794301779,-0.0019256348313103587,-0.001614533364520066,0.0004893626333799516,-0.0011883113103325464,0.00031922861159556734,0.0005511106540513064,-0.0005568159746301699,-0.0005644353889648594,0.0005212862468784384,-0.0013255560926189783,-0.0006384686121067807,0.002511049601284379,0.00017881219777917103,-0.0008805043061781013,0.001483548809912584,-0.0007265304882084345,-0.0006268294238422093,-9.135435368345638e-05,0.0009242986913845794,-0.0009130646430438225,-0.0008471079669939631,0.0020051019387781798,-0.00036369756091556905,-0.0007323286166224534,0.00010111812854197018,-0.00038056919737601937,0.000380569197376049,-4.0866298824337804e-05,4.092574177562746e-05,0.0006133503546719932,0.0006055378299886795,0.0005653855459983636,0.0004930420930011094,0.0004804268573346636,0.0002710495359898682,0.00034399849463147747,0.00031794900575454754,-0.00029157295599107204,-0.00023279395409878917,-0.00038570301345885707,-0.00016400332873675626,0.00019760096732086212,0.00010725524528955378,0.00017351439602716732,8.988437775712076e-05,0.0004492387793192587,0.0005285416217739823,0.000529242461258207,0.00041985831876955465,0.00027399248486744635,0.00015815841274112504,0.00010657149135176133,0.000383660626556488,-9.737589135356384e-05,-0.00012373391755050249,-4.0737594723651836e-05,-1.1793867438364672e-05,2.747460743696366e-05,-0.00012538568375305268
CONTROLH-2026-D,0.0032376670825649398,-0.0032967656019913185,0.00021023680284823428,0.0010729476927920918,-0.0005631376223026363,8.141866158032394e-05,-0.0011712331916760173,-0.0006188303281003732,0.0012502464427882195,-0.000902241365634332,-0.0021742546044309606,-0.0006676583711201641,0.0004677758536050658,0.1275,-0.1274999999999999,-0.0013804198353152561,0.00019996671925428806,0.0009473844072739896,0.0003864917244781828,0.0008349553771598,0.00029416284010160514,-0.00047432945240030467,-0.001389692657875011,0.0016972884377652482,-0.001982703868472076,-0.0007059184122753799,0.0009957844499256375,0.0023622043831862164,0.0005202308642896277,-5.3295342227286756e-05,0.008162455069438641,-0.00816245506943865,0.0007683919241556012,8.959780678614721e-05,-0.0010738567689506798,0.001151762510553398,0.0025818942094256174,0.02378675181899781,-0.02375264468051012,0.016559852091983344,0.022526283893735045,-0.018187151397510856,-0.016295590894678344,0.016295590894678365,0.0010899261203685191,-0.0033295303379695406,0.001542489099399408,0.0031000470779952052,-0.0001943220204111287,-0.0038254652839435376,0.0031909937414649958,0.0003727453281761774,-0.00022191447039226312,-0.0002222664761078584,-0.0014800364010842683,0.0007496098069266822,-0.0006888516903276205,-0.00044446055513467004,-0.0017697332831834462,-0.0007004028971045969,-0.0018946657494395033,-0.001064037420295588,0.001299140682276251,-0.0020899871133686168,0.0001927028789307818,-0.014816252717680882,0.014816252717680879,0.0001633282771840643,-0.00038613926695781943,0.00032468415289681955,0.0001750789508239181,0.0006658770587867884,0.0002881594700352241,-4.177302863836639e-07,2.250191998474289e-05,1.3960366320735598e-05,-6.362663718967166e-05,-0.00010753674670475798,-9.391228137766743e-05,-4.148075285868192e-06,4.2494314831100944e-05,6.009063804775175e-05,-3.165154466363939e-05,-7.585503479360383e-06,0.0011812726638104855,-0.002368069066691086,9.591791903933519e-05,-0.00012506526999176418,5.064277036344782e-05,5.365457619067862e-05,-2.2080529998902776e-05,-1.8899453027816093e-05,8.422047812203323e-05,-7.795547568808115e-06,4.009519008353037e-05,-4.050206360005693e-05,2.3878188674705766e-05,-0.0002587791010938147,-0.0005375019433548178,-4.431048744135208e-05,-0.00029279954309751184,-0.0005448874314491286,0.00011349631607182027,2.0304409948436817e-05,-0.00022438229751213986,-0.00032878166110891614,0.0005991996350193185,-0.0002721549561510561,-0.002173510808840075,-0.0018157959122976767,0.0006011882217266002,-0.0013251661289221367,0.00040970161692779504,-0.0009451744886094305,0.0009549201677575317,-0.00044449486436438424,0.0004011071255805187,-0.0010342029481053196,-0.0005024743217487191,0.0019450824080349273,0.00013606995196142755,-0.0006878290462140743,0.0011484483813594868,-0.0005682843728197569,-0.0004906057574593565,-5.971294798377732e-05,0.0005482981346036238,-0.0005512820641125737,-0.0005125521221935056,0.0011959705085682875,-0.00022383935576890293,-0.0004437587736111364,5.6516182638661e-05,0.019035691104894645,-0.019035691104894628,-0.024668691258368926,0.024704115243594366,0.0037353867780393927,0.0036877847231436265,0.003447511152466792,0.0030140918324068726,0.0028931561630571043,0.0017090816784676858,0.002070517810926629,0.001927242533663057,0.0009801351913272952,0.0007814668434961232,0.0012983586573143678,0.0005529985923098559,0.00024264487293121606,0.00013863517988948456,-0.003538058434932471,-0.001767546622272507,0.0006009533237506587,0.0007069017413895456,0.0007076491557255273,0.002730198184465547,0.0017755076388525893,0.001023215339736756,0.0006777072441573853,0.0025009666979233054,-0.006750078411358742,-0.00895471463001752,-0.0028349077873543807,-0.0008397513177747387,0.0020008404737499553,-0.008735035127909558
CONTROLH-2026-R,-0.003237667082564945,0.003296765601991322,-0.0002102368028482338,-0.0010729476927921109,0.000563137622302678,-8.141866158031723e-05,0.001171233191676063,0.0006188303281003716,-0.001250246442788247,0.0009022413656343011,0.002174254604430979,0.0006676583711201496,-0.0004677758536050389,-0.1274999999999999,0.1275,0.0013804198353152704,-0.00019996671925427744,-0.0009473844072739933,-0.0003864917244782087,-0.0008349553771598146,-0.0002941628401016134,0.00047432945240030223,0.0013896926578749853,-0.0016972884377652534,0.0019827038684720275,0.0007059184122753389,-0.000995784449925674,-0.002362204383186197,-0.0005202308642895402,5.3295342227305485e-05,-0.00816245506943862,0.00816245506943864,-0.0007683919241555355,-8.959780678614031e-05,0.001073856768950668,-0.001151762510553406,-0.0025818942094256473,-0.023786751818997823,0.023752644680510138,-0.016559852091983396,-0.022526283893734983,0.018187151397510863,0.01629559089467832,-0.016295590894678323,-0.001089926120368525,0.0033295303379695324,-0.001542489099399429,-0.003100047077995333,0.0001943220204111188,0.0038254652839436057,-0.0031909937414649992,-0.0003727453281761729,0.0002219144703922872,0.00022226647610784116,0.0014800364010842837,-0.0007496098069267374,0.0006888516903276337,0.0004444605551346787,0.0017697332831834698,0.0007004028971046229,0.001894665749439504,0.0010640374202956003,-0.0012991406822762768,0.0020899871133686528,-0.00019270287893078964,0.014816252717680889,-0.014816252717680875,-0.00016332827718405887,0.00038613926695780924,-0.00032468415289680107,-0.00017507895082389724,-0.000665877058786794,-0.0002881594700351995,4.177302863925301e-07,-2.2501919984735104e-05,-1.3960366320734212e-05,6.362663718967196e-05,0.00010753674670475592,9.391228137766819e-05,4.148075285864967e-06,-4.249431483110139e-05,-6.009063804774536e-05,3.165154466361725e-05,7.5855034793620635e-06,-0.0011812726638104711,0.002368069066691073,-9.591791903934736e-05,0.00012506526999181276,-5.0642770363443264e-05,-5.365457619070666e-05,2.2080529998907533e-05,1.8899453027833705e-05,-8.422047812203613e-05,7.795547568816657e-06,-4.009519008354084e-05,4.0502063600045884e-05,-2.38781886747122e-05,0.00025877910109382016,0.0005375019433548337,4.4310487441348096e-05,0.0002927995430975244,0.0005448874314491424,-0.0001134963160719026,-2.0304409948429838e-05,0.00022438229751214285,0.0003287816611089224,-0.000599199635019304,0.00027215495615107724,0.0021735108088401208,0.0018157959122976867,-0.0006011882217266865,0.0013251661289221753,-0.00040970161692779997,0.0009451744886094227,-0.0009549201677575236,0.0004444948643643763,-0.00040110712558050205,0.0010342029481053396,0.0005024743217487337,-0.0019450824080349733,-0.0001360699519614545,0.0006878290462140717,-0.0011484483813594668,0.0005682843728197612,0.0004906057574593633,5.97129479837843e-05,-0.0005482981346036431,0.0005512820641125937,0.0005125521221935311,-0.0011959705085683604,0.00022383935576893803,0.0004437587736111451,-5.65161826386599e-05,-0.019035691104894628,0.019035691104894593,0.02466869125836897,-0.024704115243594407,-0.003735386778039397,-0.0036877847231436274,-0.0034475111524668017,-0.0030140918324068613,-0.0028931561630570896,-0.0017090816784676938,-0.0020705178109266323,-0.0019272425336630543,-0.0009801351913272958,-0.0007814668434961293,-0.001298358657314376,-0.0005529985923098629,-0.00024264487293120218,-0.00013863517988947492,0.003538058434932461,0.0017675466222725027,-0.0006009533237506488,-0.0007069017413895317,-0.0007076491557255399,-0.002730198184465556,-0.001775507638852586,-0.0010232153397367522,-0.0006777072441573846,-0.0025009666979233314,0.00675007841135874,0.008954714630017522,0.0028349077873543746,0.0008397513177747493,-0.0020008404737499406,0.008735035127909567
KXNBA-27-BOS,0.0016456423280494382,-0.0016738590116872698,0.00010877083306637117,0.0015380917374310658,-0.0008214436483802066,0.00010896959694660496,-0.0017009030996790494,-0.0009031683141141782,0.0017846586288132777,-0.0013071747322500147,-0.003138341443346503,-0.0009711809796090003,0.0006645953233600359,-0.0013804198353152561,0.0013804198353152704,0.0475,-0.001007045521278841,-0.00201573191143972,-0.0015094799766330472,-0.0010197831024803595,-0.001008989013431794,-0.0014953542345018892,-0.0019841372537152285,-0.002521842744223169,-0.0039880047067811005,-0.010501097869989815,-0.00102287356293545,-0.005018143788063119,-0.011004918120308058,-0.001001726956606406,-0.0002384610826497143,0.0002384610826497292,-0.0018023447006919996,-0.00023968179493394538,0.002368962922486,-0.0026696850299144422,-0.005888262579419854,0.0008722611869542993,-0.0008710152971572842,-0.0006665595156981264,-0.0009523959219434286,0.000985556181039501,0.00017461877641164976,-0.00017461877641164459,0.00031498162398337114,-0.0009671254382403302,0.0004457994408593505,0.004229475610085037,-0.0002738489101863983,-0.0052373681998226194,0.004343505467810103,0.0004187209715536609,-0.00028998530322100666,-0.0002906664373968626,-0.0017470639460950082,0.0008259622924548132,-0.000833945030430159,-0.0005483734668827712,-0.0020810351235253078,-0.0008435452518770787,-0.002227169824177659,-0.0012761233968171986,0.0026551041871037302,-0.004265162639471886,0.00038902023052035,0.0007102350903618166,-0.0007102350903618361,-0.0009508323543017965,0.002366987216550635,-0.001923276976490597,-0.0009816679971592006,-0.0040468142955559115,-0.0016702655088924217,8.914711735096532e-06,-0.00011496716296846796,-6.499944746397467e-05,0.0003248493626617002,0.0005235720058487871,0.00045522029365496693,2.870031769825439e-05,-0.000196810210473769,-0.0002869939149821386,0.00017773247582696978,4.680856587664342e-05,2.8304725208886228e-05,-4.7662882343338996e-05,0.003064647677625502,-0.0038095521470163313,0.0016589499967856283,0.0017593496168330385,-0.0007038127266144113,-0.0005241960222235071,0.0027144416744685623,-0.00018000127911183252,0.0014070917686665138,-0.0013807881932173835,-3.0592524973432084e-05,0.00037653954862245883,0.0007724114115596193,6.877361497432865e-05,0.00042446287479617166,0.0007826249086402099,-0.00015361888792379726,-2.5444934558811258e-05,0.00032699542534253036,0.0004755136596571762,0.0007568131133476022,-0.0003054085875945024,-0.0026228393086143694,-0.0021840194708257397,0.0007650447515444832,-0.001583870141356703,0.0005070315808072809,-0.000815118029033572,0.0008235310111452537,-0.001088751872249533,0.000979462532804217,-0.0025256320486653,-0.0012307847429968827,0.004742561436211315,0.00033325527176729266,-0.0016788666861559307,0.0028026120782555126,-0.0013874397879807972,-0.0011972207176144385,-0.0002289740938723004,0.0021280793970860777,-0.002163949976898974,-0.00198763225653879,0.004638457147435553,-0.0008610650615359753,-0.0017503820716563917,0.00022288358682340844,0.0006391538134137226,-0.0006391538134137389,-0.0009000636314434364,0.0009013459842818819,0.00013407590718484707,0.00013241063775347542,0.00012402894120206717,0.00010873155580809192,0.0001025821343114911,6.371928052874783e-05,7.348942119198023e-05,6.861343074744845e-05,0.00015544815414955765,0.00012321560066264967,0.00020737077553668935,8.9312828161906e-05,0.00031590362380178223,0.00017828844921146796,-0.00010649914676037506,-5.036941056123174e-05,-0.0006300101345520945,-0.0007409983194244288,-0.0007416806764004145,-0.0009768788974126616,-0.0006349213070570691,-0.0003657696672860614,-0.00024176544766842944,-0.0008952745675558172,-5.78543127360374e-05,-9.302713595643878e-05,-2.5700771936653787e-05,-8.244729399222014e-06,2.1021686592521743e-05,-7.775965807566166e-05
KXNBA-27-CLE,-0.00023255279649233695,0.00023895307820405486,-1.556885822266648e-05,-0.00021598145973730093,0.00011884020209982263,-1.3261027072284692e-05,0.00024387709706081914,0.00013060962152302606,-0.00025028176505072306,0.00018743967339420142,0.00044699715438636397,0.0001399757193184235,-9.198622045533808e-05,0.00019996671925428806,-0.00019996671925427744,-0.001007045521278841,0.0196,-0.0007875142105685244,-0.0005922703325267162,-0.0003841874556452373,-0.00039264087495514277,-0.0006022173566796608,-0.0008092632400882404,-0.000982646507676138,-0.0016064379676520918,-0.004196957875322007,-0.000381626068203785,-0.0019852831954189614,-0.004394224679019999,-0.0003979427368902491,3.883431183334956e-05,-3.883431183333609e-05,0.00017661095190269982,-1.9380977874333883e-05,-0.0003961423197208972,0.00029801067599645047,0.0007494886951313583,-0.00012245309253200107,0.00012228244115953073,4.2984904072794804e-05,8.21874211602288e-05,-0.0001783126451355056,-2.4747447437998387e-05,2.4747447437996205e-05,-4.230538035130453e-05,0.00013466069175785826,-5.992533476988942e-05,-0.0005980876125450158,3.822875243838696e-05,0.0007399058419761308,-0.0006139312103030548,-6.214024328558712e-05,4.344304946452466e-05,4.363011853948735e-05,0.0002526639111785972,-0.00011480568592321354,0.00012170527554612802,7.959997159051207e-05,0.00030036414959826467,0.00012292549109931878,0.0003215724278493805,0.00018613496064608228,-0.00037834526420205307,0.0006062829302769651,-5.423045202474202e-05,-0.00010031093680762572,0.0001003109368076375,0.00014015897076586852,-0.0003370892145536981,0.0002801959899690757,0.00014872824570558125,0.0005797411829938785,0.00024697318983845864,-1.4962388589801517e-07,1.4379724858146138e-05,9.023832736666457e-06,-4.065273520269587e-05,-6.90461103884331e-05,-6.0317561162986954e-05,-2.549472433986656e-06,2.743286423400618e-05,3.8683019696171176e-05,-1.9949577356707936e-05,-4.7154139615055905e-06,-6.4687141742707265e-06,8.594267115783623e-06,-0.00044279479625243675,0.0005395619436135308,-0.00024206075288295959,-0.00025671195630878787,0.00010002129809202266,7.07645655168842e-05,-0.00039335590638565974,2.1606504411287664e-05,-0.0002102504553058425,0.00020236396043443272,1.2059535225778415e-05,-4.080510396165661e-05,-9.731133722542704e-05,-2.5491972615657194e-07,-4.842799870762545e-05,-9.89581321120634e-05,3.185253251105971e-05,1.1391169277157358e-05,-3.437171867390258e-05,-5.575672813340484e-05,-0.000104652220032528,4.458476868402544e-05,0.0003700702992806406,0.00030805451474184376,-0.0001068273139128172,0.00022354690205890612,-6.668665655076622e-05,0.00011649333637579472,-0.00011769607525198287,0.0001599973945500401,-0.00013728497215586096,0.00036308926968604523,0.00018066145148668401,-0.0006703537595273029,-4.603330378103685e-05,0.0002416007981787348,-0.00039656268389839987,0.00020025098326856533,0.00017279429556764196,3.795475104777841e-05,-0.0002967131171285704,0.000318068620904783,0.00028879920199731813,-0.0006536803764754244,0.00012772396714866817,0.0002596861488027233,-2.7417283430463102e-05,-8.878287770406076e-05,8.878287770410176e-05,0.00012446136565347725,-0.00012463387225869127,-1.8545924153810233e-05,-1.8333351731222546e-05,-1.7375074555180594e-05,-1.5533211477402662e-05,-1.2903055787468324e-05,-1.1159804997336598e-05,-9.257724121214718e-06,-9.038163919954633e-06,-1.942020136321367e-05,-1.4771616548901161e-05,-2.703360111538068e-05,-1.2307223667685426e-05,-4.366675762642301e-05,-2.3790407139430406e-05,1.3521395079134978e-05,4.61625111667504e-06,9.010951296898084e-05,0.00010583717456668413,0.00010574918732867316,0.00013710596108151057,8.876390932410621e-05,5.1018445454983343e-05,3.319437943698858e-05,0.00012603601531940083,4.161867726831973e-06,1.1431818995075674e-05,2.1418708976130807e-06,8.86751796626002e-07,-2.679045735549938e-06,6.318427243919957e-06
KXNBA-27-DEN,-0.0011204968993997475,0.0011431559377799506,-7.437259075050232e-05,-0.0010452695442817544,0.0005632593031199695,-7.112378065262073e-05,0.0011631458276107581,0.0006192206415984573,-0.0012123590930084418,0.0008939169867185884,0.002141833023410428,0.0006651751275014951,-0.0004497296226429557,0.0009473844072739896,-0.0009473844072739933,-0.00201573191143972,-0.0007875142105685244,0.0384,-0.0011834395253662003,-0.0007660315901990383,-0.0007843701448645501,-0.0012051857025673581,-0.0016206424501385335,-0.001962179492991039,-0.003214244342828484,-0.008392415340976709,-0.0007604830457642847,-0.003967500670111988,-0.008786309368398103,-0.0007958937868691931,0.00017039115355382855,-0.00017039115355381202,0.0011093954733529662,8.311022618899113e-05,-0.0017052485455960153,0.0016980937915351863,0.00388442024006617,-0.0005926316961194847,0.0005917915052949599,0.0003743816372663507,0.0005671822139499845,-0.0007318439621668295,-0.00011896648089204184,0.00011896648089204893,-0.00021123937952277996,0.0006555397437391723,-0.0002990429882706816,-0.002880052752854702,0.00018585919584360492,0.0035655607707367745,-0.002957176843331846,-0.000289057693907971,0.00020203711451450927,0.0002026381371392471,0.0011993024217380056,-0.000558650052210953,0.0005746558095683587,0.0003775621111327161,0.001427474136496202,0.0005808867687758488,0.0015278556263146209,0.0008788590782766912,-0.0018124598953909753,0.0029093007654944192,-0.0002637539174581089,-0.0004835452417759224,0.0004835452417759166,0.0006561439556731491,-0.0016155209778538823,0.0013222017684600207,0.0006834867595528952,0.0027672074080891734,0.0011537595308328307,-4.365569657134765e-06,7.541985847021266e-05,4.40113793378579e-05,-0.000213133525328357,-0.00034891297757807046,-0.0003037991152392631,-1.7233617583561316e-05,0.00013342222299786568,0.00019253823460890372,-0.0001130922412398843,-2.895871971872154e-05,-2.3108771374510148e-05,3.532197522998817e-05,-0.002101216262484354,0.002595612175447233,-0.0011409881663632846,-0.0012100442400599857,0.00048006134728737133,0.00035192765384374497,-0.0018628517643555346,0.00011679913931078832,-0.0009751977895410295,0.0009510363030988418,3.2105514088849424e-05,-0.0002381696796161091,-0.0005085017365721177,-3.297779987437256e-05,-0.00027203703946908434,-0.0005157574830706234,0.00011946679380719458,2.8688323079664693e-05,-0.00020527936718180511,-0.0003069604251831168,-0.0005126435167960867,0.00020919116683175122,0.001783850199291082,0.0014850621685957796,-0.0005198296958139035,0.0010769065906198376,-0.00033833834162738283,0.0005569360636340425,-0.000562685083946417,0.0007502670289632901,-0.0006653034683199036,0.00172864042290319,0.0008478435658164699,-0.0032293496786865317,-0.00022541262628726917,0.001149413667632125,-0.0019090330773207011,0.0009507474357581445,0.000820383956728772,0.0001641945256191147,-0.0014430109271720043,0.001491681061622183,0.0013650748436679707,-0.003155546968604141,0.0005952133717920317,0.0012101925003203105,-0.00014571971714320075,-0.00043278705186733304,0.00043278705186733314,0.0006086744446109483,-0.0006095343036862802,-9.06910880980739e-05,-8.959187352729393e-05,-8.42195977400588e-05,-7.427434781701996e-05,-6.749899242268598e-05,-4.654860906608901e-05,-4.837923515927666e-05,-4.574145118822191e-05,-0.00010205448806134765,-7.997615737457185e-05,-0.00013781016132389026,-6.034153430657157e-05,-0.00021356640161328117,-0.00011919170526366847,7.021266297201406e-05,3.0538153973503006e-05,0.00043059633049611094,0.0005062291970087983,0.0005064115098379124,0.0006636988453172653,0.00043084870076762997,0.0002480297070550969,0.00016315529013253806,0.0006088319622050884,3.294142499145399e-05,6.063093927723859e-05,1.512911852131389e-05,5.171297174162103e-06,-1.3848454214324552e-05,4.546887534469878e-05
KXNBA-27-DET,-0.0004538450503523202,0.0004643104831894732,-3.023832164144843e-05,-0.00042263091231506216,0.00022961537589832068,-2.7661960336299996e-05,0.00047299358960569104,0.0002523996909362813,-0.0004900140036057859,0.0003635191721617923,0.000869385078041967,0.00027088115704818874,-0.00018111989067973416,0.0003864917244781828,-0.0003864917244782087,-0.0015094799766330472,-0.0005922703325267162,-0.0011834395253662003,0.0291,-0.0005790702481255793,-0.0005903442789959505,-0.0009030687831453867,-0.0012124209942878904,-0.0014768847160487473,-0.002408654796995355,-0.006295867793353437,-0.0005756462599763488,-0.0029803369934007823,-0.0065921950155320205,-0.0005973934551110862,7.197327964015212e-05,-7.197327964015798e-05,0.0004056901545550654,3.967809718022261e-06,-0.0007249017921632422,0.0006434512700639172,0.0015270921419490088,-0.0002395688767156846,0.0002392315771194268,0.0001223317651698199,0.00019975008609739023,-0.0003188313144000952,-4.8214237065769755e-05,4.821423706575927e-05,-8.435948293499082e-05,0.00026441832377348327,-0.00011945149531392583,-0.0011666496788913818,7.505141043241868e-05,0.0014440186013100955,-0.0011977025715038479,-0.00011857102729062191,8.34930676397339e-05,8.378736784571547e-05,0.0004893299086301543,-0.00022493036281807314,0.0002352432875527698,0.00015443014445149764,0.0005820351785297653,0.0002376584816020787,0.0006230180790039383,0.00035960841918063614,-0.0007358405487222296,0.0011803192784781097,-0.00010641393308950938,-0.000195835402356091,0.00019583540235609855,0.00026900058061279995,-0.0006557863033880272,0.0005402381695630014,0.00028242746361366875,0.0011251986195686594,0.0004734308549574257,-1.1380119778612727e-06,2.9490346076664326e-05,1.7735362816967617e-05,-8.33496403382958e-05,-0.00013852043463050866,-0.00012077488657933033,-6.126675414127572e-06,5.382570107812984e-05,7.69234895867805e-05,-4.2876662797446024e-05,-1.0652302974758377e-05,-1.0777028020902405e-05,1.5367332666516635e-05,-0.0008564711976118331,0.0010519741884759673,-0.00046638695097230313,-0.0004946153304545848,0.00019475680085321467,0.0001406938703288345,-0.0007599556237642038,4.517122761876355e-05,-0.00040134774483577783,0.0003892413236950957,1.7201847412861616e-05,-8.969552756618543e-05,-0.00019948593409300675,-8.204442803978248e-06,-0.00010387382326696561,-0.00020253676670752344,5.391985967247857e-05,1.5850320481507715e-05,-7.668683468991806e-05,-0.00011808025190244151,-0.00020661797876757638,8.52330448932369e-05,0.0007218390384630003,0.0006008173080541078,-0.00021011210340371719,0.0004356742915153276,-0.0001344587482190617,0.00022629888914528718,-0.00022863516193294658,0.0003072228215104288,-0.0002688738223711989,0.0007035125695151498,0.0003470682971722754,-0.0013080884782722924,-9.073903410646822e-05,0.0004679071045612206,-0.000773517421871809,0.0003873506669250506,0.0003342336718782845,6.9592816837279e-05,-0.0005822509864228172,0.0006109817193136868,0.0005572727535272014,-0.0012771057403405009,0.00024441088473278207,0.0004970051616150866,-5.677174666410269e-05,-0.0001744101092069583,0.00017441010920694547,0.00024499611779981004,-0.00024533948042115524,-3.65110836936433e-05,-3.607867652994874e-05,-3.402704692057297e-05,-3.0173803909368047e-05,-2.6466911338570052e-05,-2.0030613326594664e-05,-1.8978689464537803e-05,-1.8164442498025144e-05,-3.9929542094329776e-05,-3.0937690799135944e-05,-5.456177477736401e-05,-2.4266213756835997e-05,-8.593866603739288e-05,-4.746424693750601e-05,2.7585418769933414e-05,1.097502785182317e-05,0.00017501282492664145,0.00020567042065971087,0.00020563983615004593,0.0002682900511936395,0.00017397012705645533,0.00010008498558884422,6.554332302245421e-05,0.00024632484808775884,1.0976159304417874e-05,2.356125337194017e-05,5.257046806242042e-06,1.932003702394279e-06,-5.4383993018117636e-06,1.567234304780537e-05
KXNBA-27-HOU,-0.0009807796888997881,0.0010021786733776872,-6.537225875824745e-05,-0.0009138500253816738,0.0004948300378155932,-6.0786927911855463e-05,0.0010203502363645266,0.0005439566874125695,-0.0010596780322324822,0.0007841738855605503,0.00187684117103141,0.0005840049417610129,-0.0003922697815762541,0.0008349553771598,-0.0008349553771598146,-0.0010197831024803595,-0.0003841874556452373,-0.0007660315901990383,-0.0005790702481255793,0.0196,-0.0003802659856216076,-0.0006063985041170502,-0.0008261429021392502,-0.0009528121190717548,-0.001617760468515006,-0.004189526744508924,-0.0003508253111305846,-0.0019591275716217714,-0.004381847959719148,-0.0003946945251051605,0.00015607680233231696,-0.00015607680233230606,0.0008873601860599082,1.6961177275444726e-05,-0.0015566667775298612,0.001400874302244297,0.00331045983331007,-0.0005175860715752499,0.0005168561994857757,0.0002617468370580213,0.00042910047416540027,-0.0006919064902536542,-0.00010401386183694653,0.0001040138618369361,-0.0001830827993708494,0.0005720141885635621,-0.00025922003592322804,-0.002519562053806653,0.0001627422150440731,0.0031198181705163024,-0.002586215261204192,-0.0002533786426982031,0.00018421497095563982,0.0001848399060029619,0.0010615588199250946,-0.0004823500384317043,0.0005126405782260513,0.0003381771158084696,0.0012618934839214533,0.0005174076999687166,0.0013505713132838718,0.0007820727800148856,-0.0015892871801790383,0.0025495429142502776,-0.00023005361917275926,-0.0004233813598669718,0.0004233813598669544,0.0005804969704854284,-0.0014165910853520681,0.0011662253345482705,0.0006088927289474818,0.002430127666095876,0.0010215479625011888,-2.472096040120375e-06,6.378275796312504e-05,3.83397517168694e-05,-0.00018024809340411106,-0.0002994461726639806,-0.0002610727794964886,-1.327931070080285e-05,0.00011632163393715358,0.00016627907580607891,-9.276058254361331e-05,-2.3058229106949326e-05,-2.3491277397794895e-05,3.326813655931307e-05,-0.0018490445754536086,0.0022727533966193673,-0.0010065317331609492,-0.0010674566423078341,0.00042078294180401083,0.00030450847248178383,-0.0016405103443195884,9.819925994592632e-05,-0.0008654462526137871,0.00084000517662508,3.4262052552541927e-05,-0.00019791196269528807,-0.00043480920370631167,-2.1037578215495505e-05,-0.00022821906853184772,-0.000441348097438979,0.00011309259835138551,3.132661403881158e-05,-0.00016965804285534917,-0.0002588616157463751,-0.0004506434356729871,0.0001796893115646476,0.0015546247330063205,0.001293112262931344,-0.00045831449623512713,0.0009362906078493112,-0.0002940867902110614,0.0004886907919271026,-0.0004937368969235895,0.0006616764235581453,-0.0005816245767435868,0.0015178995499972032,0.0007475841104331127,-0.002826592690219557,-0.00019667185061007452,0.00100937404982613,-0.001671487163400673,0.0008353757202160955,0.0007207724440501339,0.00014906746792422418,-0.0012590628610022305,0.0013177374283095144,0.0012023477673225162,-0.002759977667778254,0.0005266481906365452,0.0010714661264928183,-0.00012364434963796228,-0.00037675995886005207,0.0003767599588600612,0.0005296217747555254,-0.0005303643279624744,-7.89835119733026e-05,-7.804730840252184e-05,-7.355212014891605e-05,-6.512514095829839e-05,-5.7675242459373534e-05,-4.257958291708026e-05,-4.136441174350978e-05,-3.941990946122726e-05,-8.68911196037021e-05,-6.751714049751503e-05,-0.00011840878911576719,-5.249898580474003e-05,-0.0001855713795876966,-0.00010235287130200094,5.983582628946464e-05,2.4121296471897045e-05,0.0003780737879170926,0.00044430657301315765,0.0004442463572636115,0.000579805141682774,0.00037603340008260583,0.00021635040260354927,0.00014180072186470547,0.0005322702906941808,2.2520196210494156e-05,5.0605517246922656e-05,1.1024754031406947e-05,4.113894974875458e-06,-1.1682146263456361e-05,3.2602312439985814e-05
KXNBA-27-IND,-0.0003435468510830936,0.00035217217553890545,-2.2956837757717373e-05,-0.0003195051708431903,0.00017461568477788694,-2.0311069903977876e-05,0.0003590614152664251,0.00019192678797566164,-0.0003703497855142174,0.000275960989262292,0.0006591043251865683,0.00020584435291011102,-0.00013653104534110003,0.00029416284010160514,-0.0002941628401016134,-0.001008989013431794,-0.00039264087495514277,-0.0007843701448645501,-0.0005903442789959505,-0.0003802659856216076,0.019600000000000003,-0.0006028699278403153,-0.0008118104704768528,-0.0009782741548472046,-0.0016082038125984786,-0.00419608143268488,-0.00037707804409025704,-0.0019815104390516268,-0.004392625289296901,-0.00039748235094734773,5.622651721703662e-05,-5.6226517217008114e-05,0.00028204308371184724,-1.3991532001518897e-05,-0.0005682996467471652,0.00046161012002786915,0.0011293877638006774,-0.00018106819651989727,0.0001808145889634968,7.543531123199306e-05,0.00013364808750191727,-0.0002545015872734451,-3.65060533980254e-05,3.650605339804036e-05,-6.318861559026593e-05,0.00019953885535924087,-8.948915557608242e-05,-0.0008831245134526225,5.6699399858024574e-05,0.0010929486560218808,-0.0009065053525537419,-9.050922378845197e-05,6.432553048106544e-05,6.457755655252812e-05,0.0003726576952773976,-0.0001693282663398577,0.00017969771452477348,0.00011795798180443819,0.0004430001621834528,0.0001814440943281726,0.00047421707379336647,0.00027453808052083675,-0.0005579798564925758,0.0008945516356977956,-8.031252639741483e-05,-0.00014823609489939736,0.00014823609489939796,0.00020548010970881806,-0.0004972256038896014,0.0004116323018637294,0.00021699062975739732,0.0008542329004588697,0.00036187609737134456,-4.941150694916624e-07,2.1708255498444504e-05,1.3372632832233034e-05,-6.136055111398447e-05,-0.00010322415740033985,-9.0098035822775e-05,-4.141124178930591e-06,4.0618860672862166e-05,5.761092049028423e-05,-3.0750419814775264e-05,-7.4363850622546705e-06,-8.99395183884189e-06,1.2254507203377783e-05,-0.0006514021007968038,0.0007966684229547853,-0.00035546474046465763,-0.00037698032834791815,0.0001476039884677095,0.00010543868427184561,-0.0005783625667670838,3.2968368121364744e-05,-0.0003074443746817955,0.00029695365375638743,1.535339582590189e-05,-6.411033987365451e-05,-0.0001473762997216642,-3.337543201265473e-06,-7.509830427370311e-05,-0.0001497488089284468,4.3904264643710624e-05,1.4348727988992158e-05,-5.444005465935288e-05,-8.588547460624133e-05,-0.0001559773624337582,6.462669120715555e-05,0.0005457904952325492,0.00045418081787884407,-0.0001589677683898521,0.0003292773910360589,-0.00010041960905002857,0.00017170618400574013,-0.0001734790589240837,0.00023441807368712646,-0.000203199498750205,0.0005343972571164193,0.00026476057259656256,-0.0009902162389435606,-6.837940176747593e-05,0.00035549457390294116,-0.0005856885375306608,0.000294467303476291,0.0002540830289262195,5.443770396905016e-05,-0.0004394706214084725,0.00046636266356327605,0.00042431779419662254,-0.0009661343125115104,0.0001869016950334186,0.0003801082415802894,-4.169173960724067e-05,-0.00013150215862358592,0.00013150215862358733,0.00018456390683188964,-0.00018482097548159002,-2.751139090440844e-05,-2.7191473691857235e-05,-2.5708528892927093e-05,-2.288982242728919e-05,-1.954463180001207e-05,-1.582077710206504e-05,-1.4020480504729121e-05,-1.3545054636375609e-05,-2.9428941308002177e-05,-2.259594675526562e-05,-4.058837669359061e-05,-1.826937132094484e-05,-6.47172596710212e-05,-3.544454745067855e-05,2.0391759406366243e-05,7.50960590552739e-06,0.00013282696576452174,0.00015604669923980572,0.00015596282650360492,0.00020277716042584227,0.0001313782351305166,7.554422722944806e-05,4.930531562396151e-05,0.00018629792355922861,6.885110080212243e-06,1.7242914152772803e-05,3.459549144443194e-06,1.365468920908654e-06,-4.014584253177008e-06,1.0217352182244589e-05
KXNBA-27-LAL,0.0005649622921242627,-0.0005739365548122342,3.7393905677909594e-05,0.000528307876060348,-0.00028121303121325767,3.7979555119634366e-05,-0.0005828817286846364,-0.0003092068129085307,0.0006130508778075536,-0.0004479374519320121,-0.0010762511343622816,-0.00033261348464083907,0.00022863433719508448,-0.00047432945240030467,0.00047432945240030223,-0.0014953542345018892,-0.0006022173566796608,-0.0012051857025673581,-0.0009030687831453867,-0.0006063985041170502,-0.0006028699278403153,0.0291,-0.0011941268569753004,-0.001507207818299305,-0.0023955510730754434,-0.0063004188247160475,-0.0006073762057828144,-0.0030060896838277965,-0.006601766336565026,-0.0006004069990274825,-8.300564050154783e-05,8.300564050155423e-05,-0.000617615165079547,-8.245877704547621e-05,0.0008128948650799023,-0.0009149742096483809,-0.002019491848280423,0.00029922412615980836,-0.00029879630608995876,-0.00021965960439687747,-0.0003176726625673036,0.000346133821114831,5.98065282037263e-05,-5.9806528203721026e-05,0.0001084968013186712,-0.0003322518875397029,0.00015354614814564076,0.0014506744969781122,-9.442436557378292e-05,-0.001797336059393409,0.0014893973126597884,0.00014175477596439814,-0.00010299944813621442,-0.00010323562236103746,-0.0006038981811527999,0.00028021856897974,-0.000290322316408798,-0.00019221023974313046,-0.0007186110249780961,-0.00029322612087476197,-0.0007689429286249819,-0.0004429278661407823,0.0009111605823253,-0.0014637173304875041,0.00013353140116454122,0.0002439752735537596,-0.00024397527355375808,-0.00032649252934521486,0.0008124407693560181,-0.0006603209566734957,-0.0003371113789335465,-0.0013890820150072023,-0.0005735385034024047,2.9291075585968475e-06,-3.927265550781784e-05,-2.230402616495833e-05,0.00011095193116000915,0.00017918994314157505,0.00015582381939277434,9.69233953656104e-06,-6.751793182960294e-05,-9.832128934125428e-05,6.043883199925849e-05,1.585783263065694e-05,1.0193546817281471e-05,-1.6645012353546375e-05,0.001051805111410588,-0.0013074842128953735,0.0005693568429965727,0.000603817941561114,-0.00024161674305059455,-0.00017993019468473228,0.0009316177097240495,-6.180093090870831e-05,0.00048292340580754714,-0.0004739749852497993,-9.073164813750717e-06,0.00013105609606205816,0.0002667275718039821,2.514248898299675e-05,0.00014734059659533388,0.00027021542951963565,-5.1193162851450406e-05,-7.30142954392037e-06,0.0001140037367292959,0.00016483267875509858,0.0002629222679073149,-0.00010132421534771004,-0.0008959891162359926,-0.0007453580310345207,0.0002659768595462816,-0.0005394135112856107,0.00017632218247964768,-0.0002797119283884179,0.0002825996527297433,-0.0003726571730220316,0.00033662102469155154,-0.0008657969335137809,-0.0004213260186830886,0.0016279875404985504,0.00011478487607729258,-0.0005753902491669281,0.0009621444239156147,-0.00047539458412389766,-0.0004101721899600798,-7.813315107733874e-05,0.0007308163492663509,-0.0007422013429124084,-0.0006816658860919923,0.0015923388908244754,-0.0002950065303318648,-0.0006002673846911583,7.686697275057436e-05,0.00021908811623451365,-0.00021908811623451294,-0.0003087786380046817,0.0003092182074179442,4.604476042612033e-05,4.547459976277237e-05,4.257501936572217e-05,3.728112134020456e-05,3.541139258695878e-05,2.156189066046876e-05,2.5376760824750744e-05,2.3608415372145803e-05,5.353948931432447e-05,4.251006893720255e-05,7.131416137379025e-05,3.0669847096662334e-05,0.00010821130985560718,6.085515381193058e-05,-3.655530771270953e-05,-1.7315026523841096e-05,-0.0002163089165332024,-0.0002544007967969028,-0.0002546164197355716,-0.0003352582748394039,-0.00021790877386266826,-0.0001255343442668195,-8.30041339046438e-05,-0.0003072476954173514,-1.8289729471603745e-05,-3.143837022420403e-05,-8.333729064036977e-06,-2.7403304515270555e-06,7.117042595016569e-06,-2.4977725035655108e-05
KXNBA-27-MIA,0.0016532508137820229,-0.0016821295586403725,0.00010942627407111921,0.0015447683342636577,-0.0008258740266138588,0.00010893950114097779,-0.0017095380081674745,-0.0009080283417486979,0.0017922863063412914,-0.0013137991154032222,-0.00315350358735738,-0.0009762856165477866,0.0006671465046765815,-0.001389692657875011,0.0013896926578749853,-0.0019841372537152285,-0.0008092632400882404,-0.0016206424501385335,-0.0012124209942878904,-0.0008261429021392502,-0.0008118104704768528,-0.0011941268569753004,0.038400000000000004,-0.002028783816872667,-0.0031847239650129107,-0.00840116151410331,-0.0008303093969926733,-0.004023737720265197,-0.00880609574877937,-0.0008023399148142214,-0.00024327654901947594,0.00024327654901947502,-0.001770036108576097,-0.00021400042409119407,0.0024106048570719206,-0.002640400857067185,-0.005871725600467606,0.0008756554129042182,-0.0008744064131451586,-0.0006346859178197316,-0.0009211262947498518,0.0010175377533040621,0.00017532533341232481,-0.00017532533341233064,0.0003156666497718958,-0.0009707981089347372,0.0004467831518394883,0.004247927234312029,-0.0002752758076860048,-0.005260796484533907,0.004361933258613301,0.00042024053590164034,-0.00029588234716782695,-0.0002966148235070198,-0.0017620175166828955,0.0008256005325510231,-0.0008436152202619084,-0.0005557684272500777,-0.0020978433760864734,-0.0008528141102027357,-0.002245091741849949,-0.0012895911356806877,0.0026686198119473072,-0.004286146284800698,0.0003904203732618515,0.0007136353441177164,-0.0007136353441177188,-0.0009582271374799043,0.002379086281949404,-0.001936474456478108,-0.000991373454762745,-0.004069294501661573,-0.0016836534216131732,8.267316400253952e-06,-0.00011436363659824221,-6.520743564229713e-05,0.0003231395272482561,0.0005229523022761979,0.0004548519617833868,2.7915304234897044e-05,-0.0001974806415225347,-0.0002871726722518331,0.00017538062664351257,4.585898129991877e-05,3.0140889505339017e-05,-4.909377145876298e-05,0.003083419850666724,-0.003827423559528734,0.0016703034875599624,0.0017713946452649278,-0.0007073436579622971,-0.0005249167610369527,0.0027316602756426722,-0.00017890347654942818,0.0014192217719684126,-0.0013907705106932693,-3.327661210478896e-05,0.00037371202959336433,0.0007714725361191437,6.577049165183222e-05,0.0004221260036240968,0.000781818655173474,-0.00015798252533490956,-2.813084524044076e-05,0.00032418527444110965,0.000473437880265185,0.0007621201825169878,-0.0003041634506103211,-0.002630399057615533,-0.002189567828980851,0.0007711220373517738,-0.0015868862368132299,0.0005090190922389898,-0.000819427899362415,0.0008278862758857071,-0.0010958009762436125,0.0009837820936618707,-0.002539193092503427,-0.0012387012680290285,0.004764408869442346,0.0003346323987246937,-0.001687873228687484,0.00281582258883098,-0.0013950667338941962,-0.0012037553927909694,-0.00023236955333624684,0.0021361441468295194,-0.0021794549288882497,-0.002000108586996914,0.004658945315787812,-0.0008674796748039284,-0.0017640549715275287,0.00022221790442533807,0.0006409958702373116,-0.0006409958702373116,-0.0009026233119273391,0.0009039065353629708,0.00013450718927804112,0.0001328472612701965,0.00012452016091289925,0.00010927343520825987,0.00010243625807647446,6.480325702745761e-05,7.339998966780508e-05,6.864806480807057e-05,0.00015504312645828823,0.00012264912818004363,0.00020729655202837705,8.957430055245286e-05,0.00031664083436804046,0.00017806631709710655,-0.00010621285550965046,-4.9360686592255396e-05,-0.0006334890840377677,-0.000745001370045765,-0.0007455755892372157,-0.0009808080995200583,-0.0006373063086138678,-0.0003670841695837119,-0.0002423942817724618,-0.0008990656429517186,-5.4549907245356324e-05,-9.210053736449082e-05,-2.4585473644262313e-05,-8.053576412698228e-06,2.0873379278234418e-05,-7.407197852024664e-05
KXNBA-27-MIN,-0.0020141943021330226,0.0020528668858774695,-0.00013342926947319694,-0.0018802506633101433,0.0010101324173812467,-0.00012973050306929162,0.0020878598341794695,0.0011105367188510005,-0.002181133094954514,0.0016045911955896528,0.003847246987150134,0.0011933670498459963,-0.0008101599667679142,0.0016972884377652482,-0.0016972884377652534,-0.002521842744223169,-0.000982646507676138,-0.001962179492991039,-0.0014768847160487473,-0.0009528121190717548,-0.0009782741548472046,-0.001507207818299305,-0.002028783816872667,0.0475,-0.0040195572340716,-0.010488029475303473,-0.0009451214954418583,-0.004954122628437162,-0.010979422582117922,-0.0009943101719622819,0.00029971060394229745,-0.00029971060394230574,0.002080827633017495,0.0002076591303439185,-0.0029983502902591248,0.003140683017627644,0.007074852030069384,-0.0010663932674742829,0.0010648770885304123,0.0007368743458967929,0.0010848545902163026,-0.0012661851535952862,-0.00021389126787917171,0.0002138912678791771,-0.00038184826933300507,0.0011804099896145694,-0.000540521121841714,-0.005177828482416857,0.0003342743207046297,0.006410227823411784,-0.005317115891410684,-0.0005179817579189219,0.0003576673512342216,0.0003586462623006133,0.002146162042033691,-0.0010090515960062265,0.0010254860003566038,0.0006731699095958558,0.0025557207371742076,0.0010371562524955195,0.0027354219581351103,0.0015695341798959953,-0.003254914104107732,0.005226289332114525,-0.0004749559183055577,-0.0008691530637245839,0.0008691530637245626,0.0011730673709885696,-0.002901330194825774,0.0023675115783348306,0.0012175675972280675,0.004965856348366757,0.002061877455082596,-9.17273113007849e-06,0.0001377831546395911,7.930081002074921e-05,-0.0003893582865804487,-0.0006330812820806739,-0.0005508824894136674,-3.276302885903064e-05,0.000240294987102586,0.0003483296132524308,-0.00020943472842196786,-5.431294330470439e-05,-3.844603295924107e-05,6.122717894628395e-05,-0.0037667411555485303,0.00466481753413134,-0.0020428172960502418,-0.0021664499325447567,0.0008623434390622664,0.0006362756281808433,-0.003338170111394871,0.00021414927487049012,-0.0017406253005316022,0.0017016924218512621,5.0394431086689083e-05,-0.000440284890161037,-0.0009258060368490301,-6.841230772406897e-05,-0.0005003688176205854,-0.000938640633723585,0.00020488457713599,4.419055825705658e-05,-0.00038057342443363146,-0.0005630491503597569,-0.0009215202437991204,0.00037734484743218307,0.0032108939048863536,0.002673783212007156,-0.0009331413903546343,0.0019396789657802967,-0.0006118084626094361,0.0009998126042558891,-0.0010101322276364671,0.0013428702717376865,-0.0011968691019867918,0.0031016707344973834,0.0015176988403971894,-0.005805006143849519,-0.00040604272194638864,0.0020622200065764486,-0.003431100445644729,0.0017052380281334008,0.0014714625772438974,0.00028944758491340284,-0.0025981167750118907,0.0026685871919762067,0.0024457853066725288,-0.005674385637858917,0.0010638648715893626,0.002162476672961943,-0.00026609650937668553,-0.0007799473346663194,0.0007799473346663036,0.001097330222315816,-0.0010988860006962732,-0.00016345305868098705,-0.00016145086233877357,-0.00015156359624029128,-0.0001333697225700962,-0.00012292468106418205,-8.156781232831827e-05,-8.808231926099058e-05,-8.290317988638262e-05,-0.0001861049108486149,-0.00014649008233878048,-0.0002501179099164071,-0.00010880739519820348,-0.0003851689233360524,-0.0002160821973347392,0.00012789374862052816,5.7616994401390846e-05,0.00077283499213876,0.000908753676699695,0.0009092989039613218,0.0011941856443502025,0.0007755974072399763,0.00044662279694632884,0.00029434915647298464,0.0010950461791096096,6.493271408167815e-05,0.00011128741508301697,2.9240063463676352e-05,9.676642446330879e-06,-2.5297290805428863e-05,8.829405921191046e-05
KXNBA-27-NYK,0.002370160583249045,-0.002410505013160924,0.00015633450528402946,0.0022157809122350203,-0.0011826612954438727,0.00015739108343081125,-0.002449279198889655,-0.0013003254828865337,0.00257118043426834,-0.0018823656476786117,-0.004519893372870461,-0.0013983605798838362,0.0009577008037589409,-0.001982703868472076,0.0019827038684720275,-0.0039880047067811005,-0.0016064379676520918,-0.003214244342828484,-0.002408654796995355,-0.001617760468515006,-0.0016082038125984786,-0.0023955510730754434,-0.0031847239650129107,-0.0040195572340716,0.07359999999999998,-0.016800958295970093,-0.0016204113693483982,-0.008016325034230868,-0.01760447834396115,-0.0016015413252723997,-0.00033588606388086336,0.00033588606388087176,-0.0026679754927297207,-0.000391905413706126,0.0033586269121940173,-0.003919269298667856,-0.008559027116365216,0.0012576416012712514,-0.0012558426121988798,-0.0010301689273462832,-0.0014432187041785332,0.0013638532368055079,0.0002517990610000062,-0.00025179906100000066,0.0004547071406481361,-0.001394136245957476,0.0006435406091687803,0.006094746228794463,-0.0003937578941491522,-0.007545234969596052,0.006260338749658118,0.0006055051769731706,-0.0004067645390342269,-0.00040765941693629223,-0.0025007362390029346,0.0011997633332520982,-0.0011875275463741099,-0.0007779545493795997,-0.0029811552596636535,-0.0012024671360294492,-0.00319072597453615,-0.0018206413542473337,0.0038222223509335003,-0.006141270347612289,0.0005610109481029597,0.0010225735032683,-0.0010225735032683104,-0.0013641258143788004,0.0034072199403152926,-0.0027624299338363653,-0.0014046925748116583,-0.005822078832532811,-0.0023955619051530307,1.415788116680826e-05,-0.00016774252441668366,-9.378954489431744e-05,0.00047399150122118977,0.0007598947349500945,0.0006603694059035567,4.308212703010821e-05,-0.00028392364744390345,-0.0004155408283672107,0.000262038923871181,6.964138204815253e-05,3.7390978174493776e-05,-6.629807702307551e-05,0.004406201532726402,-0.005486661128495416,0.0023830909939572924,0.0025273043667401697,-0.0010132009621852058,-0.0007579686744592282,0.0039016590130453665,-0.00026259818966294687,0.002016945192026806,-0.00198250215821879,-4.083063727575494e-05,0.000548818810087323,0.0011190861987329247,0.00010357097847919487,0.0006175141268856428,0.0011336616729025139,-0.00021615822043604904,-3.3375368271900596e-05,0.0004770641595841343,0.0006910269201469725,0.0010842615618253568,-0.00044747772969018116,-0.003789351400372596,-0.0031572818035334365,0.001094640496702948,-0.0022923971755933557,0.0007290146854155213,-0.0011731443553971916,0.0011852504601918483,-0.0015656138043405573,0.0014106749151998525,-0.003635488323401745,-0.0017698928549444125,0.006830809679195904,0.00047987602755456265,-0.002416773672438238,0.004036035481764634,-0.0019970475546115824,-0.001723381201993673,-0.00032632775208344116,0.0030676904538202215,-0.0031078594364579914,-0.002857823488313983,0.006682168648974234,-0.0012366768058072793,-0.002512009133665799,0.0003234907970253824,0.0009228346446710612,-0.0009228346446710578,-0.0012993612882370006,0.0013012176590273341,0.00019342420113842605,0.00019100141672654015,0.00017878469280498368,0.0001565760276443916,0.00014866578804208946,9.06614760773336e-05,0.00010646963603989754,9.927280296083103e-05,0.00022570762402179332,0.0001792742611003662,0.0003003754704026031,0.0001288935050127086,0.00045644529537937096,0.0002588939606745439,-0.0001547459593950064,-7.468094000838634e-05,-0.0009063792704194311,-0.0010662232752447983,-0.001067416745304024,-0.0014081045822330026,-0.0009154862494965988,-0.0005275040278701734,-0.000349066466933275,-0.001290146665156827,-9.107462982438426e-05,-0.00013683565673849505,-3.964366838601297e-05,-1.2362022112067908e-05,3.0801816558497365e-05,-0.00012071601768899633
KXNBA-27-OKC,0.0008508066153207219,-0.0008636500534076153,5.582654182802103e-05,0.0007965057712180645,-0.0004225854536127438,5.805949273559241e-05,-0.0008767585597873531,-0.00046466206191487743,0.0009245761115809506,-0.0006738459920945271,-0.0016202151377566914,-0.0005000492631278087,0.00034524496647643987,-0.0007059184122753799,0.0007059184122753389,-0.010501097869989815,-0.004196957875322007,-0.008392415340976709,-0.006295867793353437,-0.004189526744508924,-0.00419608143268488,-0.0063004188247160475,-0.00840116151410331,-0.010488029475303473,-0.016800958295970093,0.16589999999999996,-0.0041870764894736835,-0.020990415717369072,-0.04619714696993471,-0.004198924314181462,-0.00011354977939693278,0.00011354977939691474,-0.0010424030990551754,-0.00019717294438190852,0.0011407963552957836,-0.0014933594539532707,-0.003163058184933962,0.00045265296084433644,-0.0004520015080441743,-0.0004373278914170064,-0.0005870317870143332,0.00043697820313879233,9.049559340902189e-05,-9.049559340901012e-05,0.00016513031659992568,-0.0005023189626960963,0.00023366817296066838,0.002189197178455493,-0.0001412986356973159,-0.0027096652869226844,0.0022495023195799923,0.00021671611870663075,-0.00013906650216496323,-0.00013928823264930973,-0.000886380936333219,0.00043692250165477617,-0.0004171343158048096,-0.00027205947877815835,-0.0010582294069730004,-0.00042313522467259015,-0.0011326628895179196,-0.0006413315922425909,0.001369191753777739,-0.0022014710047879695,0.00020220776057145042,0.00036691435678024,-0.00036691435678018583,-0.00048339420694750563,0.0012205287688468744,-0.0009825695995181521,-0.0004933998745788044,-0.002081826605488269,-0.0008480594006606995,6.432770405584278e-06,-6.24579863772979e-05,-3.385536738063892e-05,0.0001764843141250243,0.00027876658012680104,0.0002419194503064134,1.7276938918917907e-05,-0.00010238948328011497,-0.00015143196041815093,0.00010031181801436955,2.72948310477102e-05,1.0208115850311447e-05,-2.1473689536099987e-05,0.0015718173907988864,-0.0019687331934021635,0.0008476114646205881,0.0008988980021356331,-0.0003631179648389239,-0.0002756317823638067,0.0013905943962935305,-9.831096581330196e-05,0.0007121319817805253,-0.0007040679924478644,-8.214436978812148e-06,0.00020801227489308132,0.0004124247657300142,4.5348422158696794e-05,0.00023197763825801775,0.00041746214608300307,-6.870968383181074e-05,-5.480536029168269e-06,0.00018169978571253275,0.0002582882849503293,0.0003878081166940122,-0.00016351014293671917,-0.001366465232608219,-0.0011395470961875123,0.0003901658508159742,-0.0008286356381172554,0.000264193691079135,-0.0004198840679349987,0.0004242157433693621,-0.0005569812852159182,0.0005070505747760158,-0.0013001768918198997,-0.0006298002138903195,0.0024520511901785147,0.0001728391431752744,-0.0008642571650959595,0.0014482279635320222,-0.0007136943826330104,-0.0006159644108386134,-0.00011205249533400145,0.0011049217615585827,-0.0011036938125841469,-0.001018623442183968,0.0024004682383623964,-0.0004385607323467897,-0.0008896518996867137,0.00011979669377790114,0.0003333901221948785,-0.0003333901221948918,-0.0004696629934794332,0.0004703395236810655,6.984354332576398e-05,6.89473876143257e-05,6.434838416465561e-05,5.608858295891066e-05,5.4820031567305485e-05,3.064598780339637e-05,3.92347200565192e-05,3.627228248857744e-05,8.351956108359355e-05,6.690466776636715e-05,0.00011009400560647924,4.65942158040912e-05,0.00016517846635561917,9.485128387968475e-05,-5.717457493882824e-05,-2.942393925906378e-05,-0.0003241892221840588,-0.0003815371191365212,-0.0003821856785690542,-0.000506625831556665,-0.00032974780205487545,-0.00019012649525899553,-0.00012634139098756982,-0.0004637806269702725,-3.91426841679544e-05,-5.163831135622876e-05,-1.6496939446160573e-05,-4.859105838827634e-06,1.150585755026089e-05,-5.068590338898594e-05
KXNBA-27-ORL,-0.001170290005213915,0.00119548761407152,-7.798641257253418e-05,-0.0010906057488933153,0.0005900601784761072,-7.282445485663885e-05,0.0012170143954480122,0.0006486486163682557,-0.0012646814530183205,0.0009353139887522252,0.0022389905832267886,0.0006964680461027995,-0.00046832554650770477,0.0009957844499256375,-0.000995784449925674,-0.00102287356293545,-0.000381626068203785,-0.0007604830457642847,-0.0005756462599763488,-0.0003508253111305846,-0.00037707804409025704,-0.0006073762057828144,-0.0008303093969926733,-0.0009451214954418583,-0.0016204113693483982,-0.0041870764894736835,0.0196,-0.0019522332141385238,-0.004378118194457049,-0.00039381784774036464,0.00018577156374506186,-0.00018577156374503678,0.0010673841830187475,2.6170039716112352e-05,-0.0018505987002813465,0.0016802127864985325,0.0039591068677370025,-0.0006176650886079845,0.0006167935771098883,0.00031715806982125154,0.0005169698062801762,-0.0008219866058477943,-0.00012409038164498508,0.00012409038164497434,-0.0002187389888917975,0.0006827869087411037,-0.0003096975132203378,-0.003006231463081088,0.00019427895018084458,0.003722600455966361,-0.003085753681280312,-0.0003018149878573678,0.00021986961392455475,0.00022060544442285067,0.0012664349136893409,-0.0005754413044783031,0.0006116563357717898,0.00040366943444049036,0.0015054286691710277,0.000617321799173332,0.0016111951008961883,0.0009330113164912979,-0.0018959933245534387,0.003041729955892355,-0.00027458602839194245,-0.0005052083951062167,0.0005052083951062206,0.0006920249848524285,-0.0016900062535319038,0.0013906374959054054,0.0007254420537526776,0.0028987914664132123,0.0012177308060998043,-3.0604073655198486e-06,7.62956510699404e-05,4.5764876386220895e-05,-0.00021560506537226864,-0.00035780206524972766,-0.0003119201837799459,-1.5997061918211667e-05,0.00013883533759401732,0.00019859663595063048,-0.00011120245905685402,-2.7704216180887195e-05,-2.7802579396324852e-05,3.951738951534149e-05,-0.0022052176342632836,0.0027117346402034536,-0.0012001557359496106,-0.0012728007763267283,0.0005020251533390585,0.00036371119952664636,-0.0019563878595701685,0.000117598910054434,-0.0010313928321007545,0.0010015058744779646,3.9884790677792946e-05,-0.00023770494939211726,-0.0005202914228663136,-2.63022329188512e-05,-0.0002737574168415825,-0.0005280693664432331,0.00013366812480321874,3.637514491101869e-05,-0.0002039242946419136,-0.0003103048582262963,-0.0005382762076035446,0.00021390813259588342,0.0018546474866754635,0.0015426066551749804,-0.0005473392190980155,0.001116813497071838,-0.0003516830563086199,0.0005829605595732322,-0.0005889801081954993,0.0007887407407534989,-0.000694166671502463,0.0018103884217477468,0.00089117323046567,-0.0033727231586291673,-0.00023482556909419088,0.00120383465037758,-0.001994398986679021,0.0009962392262389363,0.000859563581181782,0.00017720954636505813,-0.001502806367366421,0.0015709317576793795,0.0014337299683965868,-0.003293459112960525,0.0006276868974029126,0.0012770721195371586,-0.00014801700190384293,-0.00044969866417576875,0.0004496986641757838,0.0006322406812918459,-0.0006331276160831938,-9.42911287300829e-05,-9.317164276478833e-05,-8.778060938995555e-05,-7.768572948154854e-05,-6.901524349607946e-05,-5.053737081126779e-05,-4.949646579340023e-05,-4.7115028716905534e-05,-0.00010398031019192816,-8.087670457164125e-05,-0.00014155240939819485,-6.26787485446963e-05,-0.00022151292939980678,-0.00012225119502528857,7.156642699969234e-05,2.906171457988284e-05,0.0004510090696723047,0.0005300337484423251,0.0005299805797046586,0.0006919317063917381,0.0004487928602748938,0.0002582255998500824,0.00016930852639134643,0.0006351610173567164,2.7170188030091015e-05,6.0527501193315127e-05,1.3274687394281268e-05,4.9312789786154155e-06,-1.396246057531477e-05,3.925972450200574e-05
KXNBA-27-PHI,-0.0028173439816514536,0.0028690196535072162,-0.00018600203373079436,-0.0026318739904105607,0.001409996158525895,-0.00018387594623314523,0.0029167736266393343,0.001550192346807291,-0.003053591532490644,0.0022417042982932935,0.005378182058356554,0.001666369662983429,-0.0011355385656473562,0.0023622043831862164,-0.002362204383186197,-0.005018143788063119,-0.0019852831954189614,-0.003967500670111988,-0.0029803369934007823,-0.0019591275716217714,-0.0019815104390516268,-0.0030060896838277965,-0.004023737720265197,-0.004954122628437162,-0.008016325034230868,-0.020990415717369072,-0.0019522332141385238,0.09000000000000001,-0.021983075927644036,-0.0019952417284099305,0.0004041507576210232,-0.0004041507576209939,0.0030781492999797733,0.00040120681091080604,-0.004067037413178173,0.004564576918180839,0.010076192336942465,-0.0014942300476375203,0.0014920982718869655,0.0011735802559862374,0.0016632608627581778,-0.0016590712090600967,-0.00029955112574679677,0.0002995511257468024,-0.0005374427566340074,0.001654506737552842,-0.0007607077431646819,-0.00724669637358507,0.0004670109747115748,0.008969375704850176,-0.007443695797087094,-0.0007255182791717143,0.00048275453900226866,0.0004839257450505746,0.0029751006900275655,-0.0014274441016040038,0.0014118917008612928,0.0009229994768024524,0.0035467140707342547,0.0014299106905604217,0.003796324868991647,0.0021659441843721117,-0.004547589373332286,0.007304899494074998,-0.0006659848883407975,-0.0012152572017262307,0.0012152572017262008,0.0016284170803444083,-0.004053404299786867,0.003293726086929607,0.001681677388415102,0.006930306805556617,0.002860602010301419,-1.5630215419647785e-05,0.00019735128131214696,0.00011130313865102769,-0.0005577005828516675,-0.0008979081112796788,-0.0007806198322423622,-4.956595304053419e-05,0.00033709003106152544,0.0004919075426365817,-0.00030586674529616974,-8.071687076812264e-05,-4.692656947257528e-05,8.075672080733287e-05,-0.005249700036522331,0.00652374588293593,-0.0028421849360977074,-0.003014178274020951,0.0012050547000147455,0.0008969867811739799,-0.004649977422035875,0.00030748233710322715,-0.002411515096409858,0.002365409809780526,5.9451160859046214e-05,-0.000635437955787996,-0.0013142447119481883,-0.0001100050531889,-0.0007183068894330842,-0.0013318356443720795,0.0002708815322041385,5.0665329954029706e-05,-0.000550876290164831,-0.000805866004089429,-0.001282728113372125,0.0005374263088117297,0.004508432424699128,0.0037570775531055984,-0.001296039898860997,0.0027292716773327733,-0.0008581461282530876,0.001396198811749853,-0.0014106064422382005,0.001869734232357212,-0.0016750123689971553,0.004330374748970982,0.002113376380705671,-0.008119959022766576,-0.0005686652807157543,0.0028791753107885202,-0.004798126953168641,0.0023799938343876917,0.0020539056641528494,0.0003953848245894606,-0.0036411832110096764,0.003710032137771193,0.0034075862806504345,-0.00794066089979032,0.0014781971250575955,0.0030017636494343155,-0.0003790430068164303,-0.0010954965929765525,0.0010954965929765622,0.001541486769553481,-0.0015436835980136864,-0.00022941830260638277,-0.00022656406295505397,-0.00021233978003310883,-0.00018637397172390258,-0.00017457637352426942,-0.00011071845312756098,-0.00012503302859803278,-0.0001171508971387776,-0.0002650247776778124,-0.00020967725027865966,-0.0003541704588134938,-0.00015282460247676604,-0.0005416373892596085,-0.0003064074193879573,0.00018209225557504856,8.570447320429976e-05,0.0010786772427057423,0.0012687452445146337,0.0012699611200810892,0.0016727733720955582,0.0010871340925956707,0.0006262664613518026,0.0004137541233489805,0.0015331105992289471,0.00010525237839741689,0.000161167905160712,4.589818665044392e-05,1.446400454530383e-05,-3.6378198833582435e-05,0.0001398652484106925
KXNBA-27-SAS,-0.0006183794882850333,0.0006310228402846992,-4.087518566673535e-05,-0.0005769953357341675,0.0003109387687661011,-3.924590046791278e-05,0.0006420733088083156,0.0003418250252921732,-0.0006693123765920978,0.000493491014459571,0.0011823842697090592,0.00036720372777455197,-0.00024825337882314737,0.0005202308642896277,-0.0005202308642895402,-0.011004918120308058,-0.004394224679019999,-0.008786309368398103,-0.0065921950155320205,-0.004381847959719148,-0.004392625289296901,-0.006601766336565026,-0.00880609574877937,-0.010979422582117922,-0.01760447834396115,-0.04619714696993471,-0.004378118194457049,-0.021983075927644036,0.1716,-0.004398116415834006,9.021103300956292e-05,-9.021103300956557e-05,0.0006448227028922924,6.66037554469131e-05,-0.0009175044702801416,0.0009708040118568327,0.0021794246401016164,-0.0003277677523979542,0.00032730204962505707,0.0002417370495511418,0.00034879924765585297,-0.0003758310417386269,-6.584294153239149e-05,6.584294153240617e-05,-0.0001169211572542609,0.0003622487494972278,-0.00016551786680740375,-0.0015913953862690226,0.0001021191577943322,0.0019689530554338106,-0.001634733061061126,-0.00016133153868003771,0.00010541634143068659,0.00010570889373246579,0.0006535038694982216,-0.00031403467460913617,0.00030965887474250747,0.00020167856691245166,0.0007791467803472857,0.00031373384031889857,0.0008340863617936811,0.00047559268814106317,-0.0009995890266203222,0.0016050515377975126,-0.00014589016043362719,-0.0002666370267106865,0.0002666370267107557,0.0003597057017123472,-0.0008908063204025714,0.0007262814953377932,0.00037305941907124344,0.0015243924598839593,0.0006321866509859985,-3.0448097735027723e-06,4.265856791658714e-05,2.4370997380068582e-05,-0.00012056581649465469,-0.00019535745210593156,-0.00016994103053107377,-1.0348503068649799e-05,7.385975774943514e-05,0.00010731406999584073,-6.53263486698837e-05,-1.705130967467535e-05,-1.1084759079212528e-05,1.8349717324175933e-05,-0.001156339132058465,0.0014325699741190808,-0.000627000506814033,-0.0006649419830862148,0.0002647281017043587,0.00019555579414404515,-0.0010247059081278243,6.593830413990666e-05,-0.0005339854379832957,0.0005221391566353771,1.6792251469659648e-05,-0.0001337119913258051,-0.00028303932768489263,-1.9669593610556378e-05,-0.00015231768943925293,-0.0002869897722590643,6.420774306468784e-05,1.4889365621203788e-05,-0.00011539687289012882,-0.00017159773756810284,-0.00027926471284076893,0.00012008799582657637,0.0009913118965781057,0.0008263835308110503,-0.00028248970375949786,0.0006008661482190019,-0.0001853794833633465,0.00030703127236519565,-0.0003101994545056562,0.00041340087591575444,-0.0003670012555909238,0.0009535853077849415,0.00046715920586715175,-0.0017823844555537797,-0.00012419019244456854,0.0006341874996222736,-0.001053336188971292,0.0005245285642171255,0.0004526860731800192,8.935819070345828e-05,-0.0007973799985247766,0.0008196675881042429,0.0007515554541567206,-0.0017421183962425374,0.00032727679381958736,0.0006642010774193117,-8.130570774260306e-05,-0.00024000918850288486,0.00024000918850287456,0.00033736513148226286,-0.0003378441319141753,-5.018861473200764e-05,-4.957046325082271e-05,-4.6548816148135235e-05,-4.099680835618645e-05,-3.759211179425586e-05,-2.5308026282466728e-05,-2.6925319290346658e-05,-2.5426838453895076e-05,-5.7072220711922424e-05,-4.4869771710801876e-05,-7.67728125328874e-05,-3.3414560964704324e-05,-0.00011859541128168884,-6.683759440635282e-05,3.935253361239739e-05,1.77885194248951e-05,0.0002371862942474084,0.00027892744815496864,0.0002791287141212129,0.00036683867481208856,0.0002382658545476703,0.00013721130557932995,9.042782658979143e-05,0.0003363654904335763,2.227538921692243e-05,3.4936934805976095e-05,9.721254901758064e-06,3.1081311519902086e-06,-7.917569341969582e-06,2.968280933699203e-05
KXNBA-27-TOR,6.58730402553441e-05,-6.545531471202069e-05,4.2949525688036634e-06,6.235904005499622e-05,-3.112157348929104e-05,5.69403650830272e-06,-6.581519146809307e-05,-3.4251900349805366e-05,7.254080757548262e-05,-5.056467900433362e-05,-0.0001232882262439186,-3.712315743893082e-05,2.777976916070137e-05,-5.3295342227286756e-05,5.3295342227305485e-05,-0.001001726956606406,-0.0003979427368902491,-0.0007958937868691931,-0.0005973934551110862,-0.0003946945251051605,-0.00039748235094734773,-0.0006004069990274825,-0.0008023399148142214,-0.0009943101719622819,-0.0016015413252723997,-0.004198924314181462,-0.00039381784774036464,-0.0019952417284099305,-0.004398116415834006,0.019599999999999996,-7.927725565221735e-06,7.927725565207198e-06,-0.00010685662345625344,-3.386854352928614e-05,6.673436285370879e-05,-0.00014184927573802634,-0.00027192834168399593,3.5143256616359454e-05,-3.50908668886625e-05,-4.4261049272774813e-05,-5.617069359967573e-05,2.6535637193316634e-05,6.86751590573546e-06,-6.867515905745891e-06,1.3842510053928212e-05,-3.9774841998051545e-05,1.956169006340709e-05,0.00016828122655954995,-1.143258824876059e-05,-0.00020930805792444536,0.00017270275107246502,1.413469444843566e-05,-1.2702918912895355e-05,-1.2690502179897732e-05,-6.995930045068863e-05,3.178732420562967e-05,-3.421698766517306e-05,-2.3531799095782406e-05,-8.313645491495869e-05,-3.441146249144012e-05,-8.883806164259982e-05,-5.15515041244275e-05,0.00010463217188122568,-0.00016877528099477858,1.5895471439021227e-05,2.8543751995830295e-05,-2.8543751995839786e-05,-3.546799983261376e-05,9.346404695517361e-05,-7.319267686346233e-05,-3.4806971426074027e-05,-0.00015827553792430822,-6.19628220073572e-05,7.765443775799625e-07,-5.324148879506551e-06,-2.668625998893995e-06,1.5023392012358962e-05,2.2846972437497325e-05,1.975196758568509e-05,1.7298730562217018e-06,-8.019845668850734e-06,-1.2207675369820375e-05,9.090021450928583e-06,2.6002744300915415e-06,3.20913521654977e-07,-1.2469784880623795e-06,0.0001180809070407129,-0.0001517113462498252,6.284500066592078e-05,6.664985290096255e-05,-2.791264947478407e-05,-2.2462351153536922e-05,0.00010406557030314073,-8.941537360825597e-06,5.1072054160988196e-05,-5.1956431689802505e-05,3.2029681597068285e-06,2.185412430743737e-05,3.729587384407042e-05,8.032646053756042e-06,2.3278827949201098e-05,3.7600293426614446e-05,-5.511518681476412e-07,3.4388019816904156e-06,1.95846022239424e-05,2.5248695439576036e-05,3.334362935215997e-05,-9.301489081233206e-06,-0.00010238262928965684,-8.48303471087595e-05,3.336067993210764e-05,-6.072715756162219e-05,2.4009583665969844e-05,-3.1955593518112656e-05,3.2285760261159386e-05,-4.009526367925503e-05,3.993703664199824e-05,-9.750091822358778e-05,-4.545333138781426e-05,0.00018964933079915994,1.4047796166466611e-05,-6.462169358999049e-05,0.0001119334199699185,-5.3065410001409675e-05,-4.576411213083782e-05,-6.36270627855605e-06,8.711377507411164e-05,-8.06450747784495e-05,-7.556535391931927e-05,0.00018640351517153192,-3.138546932365891e-05,-6.408921033878596e-05,1.0961716859245335e-05,2.6074893360767728e-05,-2.6074893360773813e-05,-3.713410096435268e-05,3.718895294040592e-05,5.559190928036076e-06,5.483150309969549e-06,5.030785075921794e-06,4.246262488835524e-06,4.953823571145178e-06,1.3721173665302723e-06,3.5476655853082073e-06,3.0793181083990973e-06,7.489804076255015e-06,6.265236070323669e-06,9.410523516544835e-06,3.7229772824261e-06,1.2930951098869538e-05,7.5436144967085246e-06,-4.9506323382979784e-06,-3.162876514110459e-06,-2.4743466468129355e-05,-2.915947959938959e-05,-2.9258520380862767e-05,-3.946185296838015e-05,-2.5811691259040007e-05,-1.4923132997245384e-05,-1.0122479708543517e-05,-3.5988051200669364e-05,-3.1598754419328884e-06,-4.1922004699427834e-06,-1.400867079075818e-06,-4.00347412165372e-07,9.117589489090661e-07,-4.164304125829681e-06
KXGOVCA-26-SHIL,0.0029364911178016056,-0.00299099773743086,0.00019057073097444773,-0.000624480102317061,0.00033948961946188815,-4.122346631493623e-05,0.0007005045583863109,0.00037378780422253356,-0.0007185720667213665,0.0005356536858017869,0.0012814152039285944,0.0004000006536634692,-0.00026706918624380736,0.008162455069438641,-0.00816245506943862,-0.0002384610826497143,3.883431183334956e-05,0.00017039115355382855,7.197327964015212e-05,0.00015607680233231696,5.622651721703662e-05,-8.300564050154783e-05,-0.00024327654901947594,0.00029971060394229745,-0.00033588606388086336,-0.00011354977939693278,0.00018577156374506186,0.0004041507576210232,9.021103300956292e-05,-7.927725565221735e-06,0.040236,-0.04023599999999996,1.6111898785606333e-05,-4.571201759366296e-05,-0.00023872633819286524,7.079242592145085e-05,0.0002904950494166911,0.010971772592201178,-0.010956041347987958,0.008294545250743347,0.011360712135577565,-0.009543358313023276,-0.010572593230745778,0.01057259323074579,0.00015775700202727707,-0.00047988682039712253,0.00022327946401642197,0.00028398012852137266,-1.008215091338671e-05,-0.0003347988423671093,0.0003000352133607129,0.00020579088476106218,-9.816089927456849e-05,-9.82768981336996e-05,-0.0007582517406767499,0.0004150107213485646,-0.0003413622205054256,-0.0002134698022744173,-0.0009109072766128742,-0.00034956951657054555,-0.0009758163879878352,-0.0005345420930217809,-0.00012144712387342593,0.00019318815389533846,-1.6394350181768127e-05,-0.01478849358278081,0.014788493582780789,0.0004109571045985762,-0.0010011001383953351,0.0008251734839021579,0.0004309949103027792,0.0017175908912662398,0.0007232141833858317,-2.3962263764359036e-05,0.0002724141876821085,0.00015146398723777686,-0.0007698538324188773,-0.0012311465027545427,-0.0010696763542913344,-7.089500413209085e-05,0.00045864172403521734,0.0006723992286535691,-0.00042784283940905783,-0.0001142044389106364,-0.001250145095583212,0.0024974526234212823,-0.000113323946276793,0.00013681511916461533,-6.224059691101085e-05,-6.609131349463951e-05,2.6763039002316392e-05,1.7810446743335556e-05,-0.00010098787152801795,5.33420379071349e-06,-5.497744926201677e-05,5.4048162174158036e-05,2.9023886534827387e-06,6.763199196129634e-06,2.7534818132129953e-06,5.635980120766387e-06,5.926457247114521e-06,2.219779463008677e-06,1.103101866865758e-05,2.951214885408036e-06,6.2934771546067635e-06,5.3288350003181376e-06,-0.0002715928038215714,9.037917534276187e-05,0.0008799370081360271,0.0007292388188882037,-0.0002767479101256186,0.0005238265042058977,-0.0001788783463752028,7.984723702379929e-05,-8.067312058846547e-05,0.0003889642835018873,-0.00034407302250102966,0.0009029929818544383,0.00043919880266948743,-0.0016857110184748845,-0.00011389789260415996,0.0006021143845859313,-0.0009935907932379642,0.0004981519383503229,0.00043072940772457603,-8.1983655585905e-06,4.837881535140508e-05,-4.9085170180816727e-05,-5.0019384715434135e-05,0.00010898096513728295,-2.4551415813921312e-05,-3.864386465782676e-05,2.818901661954785e-06,0.011324643124289751,-0.011324643124289744,-0.009964015012408768,0.009978324989680765,-0.0010689682555071317,-0.0010554313668103958,-0.0009869329887352615,-0.0008630505147051593,-0.0008271042552200432,-0.0004908283839402726,-0.0005921231201759079,-0.0005508845695991999,-0.0001521635171840924,-0.00012108142408928863,-0.0002022358998185403,-8.676057667658568e-05,0.0013740694800612075,0.0007868934163314195,0.0005042052912489143,0.0002516820643807781,0.0006686106016649313,0.0007864195638866304,0.0007871658824382778,0.0005249284992438132,0.0003407538208619267,0.00019614332416180566,0.00012911532802129363,0.00048157502555050446,-0.002548236614256203,-0.0033466178794437553,-0.0010669356914818034,-0.00031480055055089053,0.0007474015871761396,-0.003291206894467094
KXGOVCA-26-XBEC,-0.0029364911178016108,0.002990997737430863,-0.00019057073097444657,0.0006244801023170565,-0.0003394896194618716,4.122346631490993e-05,-0.000700504558386322,-0.00037378780422253437,0.0007185720667213522,-0.0005356536858017969,-0.0012814152039286068,-0.0004000006536634548,0.00026706918624381875,-0.00816245506943865,0.00816245506943864,0.0002384610826497292,-3.883431183333609e-05,-0.00017039115355381202,-7.197327964015798e-05,-0.00015607680233230606,-5.6226517217008114e-05,8.300564050155423e-05,0.00024327654901947502,-0.00029971060394230574,0.00033588606388087176,0.00011354977939691474,-0.00018577156374503678,-0.0004041507576209939,-9.021103300956557e-05,7.927725565207198e-06,-0.04023599999999996,0.04023600000000003,-1.6111898785605435e-05,4.5712017593650236e-05,0.0002387263381928916,-7.07924259214478e-05,-0.00029049504941669566,-0.010971772592201182,0.010956041347987963,-0.008294545250743352,-0.011360712135577575,0.00954335831302329,0.010572593230745792,-0.010572593230745799,-0.00015775700202729556,0.00047988682039715446,-0.00022327946401641327,-0.00028398012852136394,1.0082150913383506e-05,0.0003347988423670962,-0.0003000352133606876,-0.00020579088476106234,9.816089927456475e-05,9.827689813371012e-05,0.0007582517406767651,-0.0004150107213485606,0.0003413622205054258,0.00021346980227441271,0.0009109072766128606,0.000349569516570534,0.0009758163879878205,0.0005345420930217872,0.0001214471238734298,-0.00019318815389532948,1.6394350181785366e-05,0.014788493582780827,-0.014788493582780803,-0.0004109571045985953,0.0010011001383953444,-0.0008251734839021694,-0.00043099491030278386,-0.0017175908912661821,-0.0007232141833858315,2.3962263764368696e-05,-0.0002724141876821311,-0.00015146398723778917,0.0007698538324188865,0.001231146502754547,0.0010696763542913414,7.089500413207494e-05,-0.0004586417240352331,-0.0006723992286535665,0.00042784283940906125,0.0001142044389106474,0.0012501450955832037,-0.0024974526234212936,0.00011332394627678561,-0.00013681511916461997,6.22405969109962e-05,6.60913134946518e-05,-2.676303900232157e-05,-1.7810446743330684e-05,0.00010098787152801492,-5.334203790718025e-06,5.497744926202861e-05,-5.4048162174167644e-05,-2.902388653478919e-06,-6.76319919614615e-06,-2.7534818132050107e-06,-5.635980120750209e-06,-5.926457247095639e-06,-2.2197794630207125e-06,-1.1031018668646703e-05,-2.9512148854034815e-06,-6.293477154613843e-06,-5.328835000319417e-06,0.000271592803821577,-9.03791753427638e-05,-0.0008799370081360228,-0.0007292388188882312,0.00027674791012562177,-0.0005238265042059017,0.00017887834637520292,-7.984723702379599e-05,8.067312058846214e-05,-0.0003889642835018923,0.00034407302250103237,-0.0009029929818544511,-0.0004391988026694911,0.0016857110184748873,0.00011389789260417984,-0.0006021143845859246,0.0009935907932379548,-0.0004981519383503265,-0.00043072940772457624,8.198365558590968e-06,-4.837881535139555e-05,4.908517018081957e-05,5.001938471544077e-05,-0.000108980965137296,2.4551415813911646e-05,3.8643864657829307e-05,-2.8189016619495843e-06,-0.01132464312428977,0.011324643124289765,0.009964015012408772,-0.009978324989680772,0.0010689682555071345,0.0010554313668103947,0.0009869329887352567,0.0008630505147051724,0.0008271042552200499,0.0004908283839402829,0.0005921231201759137,0.000550884569599186,0.00015216351718409717,0.00012108142408930083,0.00020223589981854687,8.67605766765886e-05,-0.0013740694800612222,-0.0007868934163314442,-0.0005042052912489002,-0.00025168206438077456,-0.0006686106016649536,-0.0007864195638866555,-0.0007871658824382674,-0.0005249284992438097,-0.0003407538208619127,-0.0001961433241618122,-0.00012911532802130281,-0.0004815750255504891,0.002548236614256213,0.0033466178794437683,0.0010669356914818125,0.0003148005505508937,-0.0007474015871761529,0.003291206894467107
KXATP-26USO-ALC,-0.0009429083598590417,0.0009733464265309737,-5.028886693241442e-05,-0.001220664866147986,0.0007445400133833944,-3.5086575552818725e-05,0.0014910698040543284,0.0008208159934072621,-0.0013778759831251353,0.0011309314656005364,0.002637953687242231,0.0008636150266494187,-0.0004892566124273606,0.0007683919241556012,-0.0007683919241555355,-0.0018023447006919996,0.00017661095190269982,0.0011093954733529662,0.0004056901545550654,0.0008873601860599082,0.00028204308371184724,-0.000617615165079547,-0.001770036108576097,0.002080827633017495,-0.0026679754927297207,-0.0010424030990551754,0.0010673841830187475,0.0030781492999797733,0.0006448227028922924,-0.00010685662345625344,1.6111898785606333e-05,-1.6111898785605435e-05,0.24359999999999998,-0.009808319878568134,-0.04988378445309651,-0.025961785652544617,-0.15260469622385786,-0.001222976283167565,0.0012212501091326843,-0.0005258808420240586,-0.0009498605499135639,0.0018571499500974334,0.00013200564014631669,-0.00013200564014631834,0.0001636338295236814,-0.0005337599508575921,0.00023189169568960544,-0.003072997933095716,0.00019710139595883048,0.0037971432385085027,-0.003169742402907331,-0.0007162191525197524,1.153937688742372e-05,9.514116269767618e-06,0.0019814482416291184,-0.0015983510053779936,0.0007101253079468649,0.000353055126398296,0.0024502341661574566,0.0007669130817676233,0.0026315244874993795,0.0012200075983550764,-0.002933962890795304,0.004749121487938247,-0.0004585660868339739,0.0013592099512485093,-0.001359209951248499,0.0010380323627174877,-0.0028821931413954855,0.002182824841281991,0.0009740552883306798,0.004842898355231839,0.0018046431582141623,-2.4261864774550746e-05,-6.32174055010298e-05,-6.211678359518569e-05,0.00017771253977702853,0.0003872666604354929,0.0003445950098228933,-1.4314465086743754e-05,-0.00018862002432156903,-0.00023743722954718647,2.883461862155385e-05,-8.207244908979559e-06,-0.0004436433090554622,0.0010498744782761653,-0.0032487366316761527,0.004401512600728559,-0.001679405909993245,-0.0017808860880522874,0.0007999185382477881,0.0007216785130450936,-0.0028384766485144274,0.0003376116351484701,-0.0012585890386530357,0.0013647695723642416,-7.616952817533597e-05,1.8063540328805332e-05,0.00016124020850591216,-6.025859000647441e-05,4.1990164645008425e-05,0.0001671310953486516,-0.00014896111169730367,-7.497834665784342e-05,6.594057656008024e-06,6.089387460899974e-05,-0.0004009839318672136,0.00047013619984805267,0.002373891526153542,0.00203625301577036,-0.000361605102581863,0.001560934469280139,-0.0003519182352560464,0.00037524669810511737,-0.00037908251982400165,0.0010006624092242715,-0.0008626562265899376,0.002404996297783236,0.0011251092654718138,-0.0044748103305989285,-0.00024681124436893713,0.0016290611652883626,-0.0025908110090235156,0.001349202141608968,0.001179984324075526,0.00033283474024688,-0.001975787126655102,0.0020277822606163238,0.0020430533873789626,-0.00444444762042125,0.000985679210436193,0.0015824679164821627,-0.00011315605406380034,-0.0009199161075793981,0.0009199161075794021,-0.001268344445084552,0.0012701119111927877,0.0012825942424936386,0.001266694873779829,0.001187326887295137,0.0010422390199329962,0.0009755509622165688,0.0006199334545404537,0.0006988019806561338,0.0006545840860983565,0.0002629858826416955,0.00019714635505544632,0.000372452198062196,0.0001740423754612912,0.0007357357748212367,0.0003641876397308693,-0.0008797283692805223,-0.0003835450420049502,0.00048264173823881867,0.0005728761673461295,0.0005799379359296625,-1.3216565379716179e-05,-1.420714406334705e-06,1.7192733584667727e-06,1.1260488881870249e-05,-2.0196833143338994e-05,0.00031781273553020467,0.0003785647592237666,0.00013221936790293025,3.700981129668027e-05,-8.308385281300853e-05,0.0004060147614391217
KXATP-26USO-MUS,-0.00015328148495685984,0.00016465450338183445,-1.9276921375840503e-06,-0.00020469167314298602,0.0001689824983039055,1.835745484949381e-05,0.0003179876149342288,0.0001875316064056598,-0.00020984822028184086,0.00023330352661342932,0.0005106611474592898,0.00018881810436394679,-6.360312281977157e-05,8.959780678614721e-05,-8.959780678614031e-05,-0.00023968179493394538,-1.9380977874333883e-05,8.311022618899113e-05,3.967809718022261e-06,1.6961177275444726e-05,-1.3991532001518897e-05,-8.245877704547621e-05,-0.00021400042409119407,0.0002076591303439185,-0.000391905413706126,-0.00019717294438190852,2.6170039716112352e-05,0.00040120681091080604,6.66037554469131e-05,-3.386854352928614e-05,-4.571201759366296e-05,4.5712017593650236e-05,-0.009808319878568134,0.0196,-0.0006179660959594644,0.0005253146975911366,-0.0036864191379129985,-0.0002034438957203229,0.00020317150976753605,0.0001650399149469894,0.0001043852225879223,0.000468854310902914,2.071596065863085e-05,-2.071596065865263e-05,1.832163328137002e-05,-8.189452651878872e-05,2.619538409493338e-05,-0.000524751797334306,3.774986773396108e-05,0.0006543571276096778,-0.0005435745694970631,-0.00015777653612936808,-0.00017285968226432184,-0.00017459112028396593,8.454899736033e-05,-0.00043188028955542683,-9.842329760175206e-05,-0.00013016442761049063,0.00015398771396236575,-7.099982864407883e-05,0.00016998838006904605,-7.294673738825011e-05,-0.00046822027192187,0.000775084452991386,-8.696128663129591e-05,0.0002155877840185892,-0.00021558778401858643,0.00011459494509393929,-0.00046525509362552067,0.0002820403265367566,5.884576601648397e-05,0.0007440450635928346,0.00018987769968479402,-2.1344417129112787e-05,1.649060437603504e-05,-8.834571945102944e-06,-4.7193262264404984e-05,-6.612604218896876e-06,-3.166028872111261e-07,-2.483718645482355e-05,-2.7152727146663517e-05,-1.368937129934403e-05,-7.289615645915806e-05,-3.0076794026154866e-05,-1.585002760925765e-05,0.00013800765001136146,-0.0004037867410289745,0.0007385009700722849,-0.000166991154862771,-0.0001770451826755138,0.00012862452682449243,0.0001773787447606903,-0.00033233480059055207,0.00011954524357478652,-3.379861124565575e-05,0.00011862470684124848,-5.310172809165358e-05,-6.405053002359661e-05,-3.776805730138417e-05,-6.0420365579285615e-05,-5.572836777752768e-05,-3.559098925511809e-05,-7.978952428728217e-05,-5.324036106969697e-05,-6.271988879318107e-05,-5.203177468446642e-05,4.633216551105914e-06,0.00017546620083508217,0.0005502239610665061,0.000493224877944331,3.18290729118067e-05,0.0004068823939523358,-5.104614768807256e-05,5.610107566806939e-05,-5.6655020363025684e-05,0.00014355356389117796,-0.00010493593134721286,0.00039193517585355583,0.00015814183928822365,-0.0007093427234019199,-3.95929299721201e-06,0.0002811592261672914,-0.00038282408010317586,0.00023426990728191795,0.00021285913978772643,9.9735185121756e-05,-0.0002642999638001811,0.0002691194747942177,0.00036284681417639005,-0.0006577813304367455,0.00021836302632868582,0.00017940841671499204,2.8720254624079938e-05,-0.00016066057966708476,0.00016066057966708736,-0.00019427625896345906,0.00019452450495230394,0.00021512640317517516,0.00021265468918702716,0.0002009617675639752,0.00017867087818092476,0.00015393310856861976,0.00012182328644295433,0.00011050130563342949,0.0001061195463569523,1.453504285138288e-05,2.8545205094592648e-06,3.585271245291327e-05,2.5731669843333502e-05,9.501810357925072e-05,1.630249451772036e-05,-0.00012439222039988264,-2.3787654668952256e-05,6.627566833708931e-05,8.122287258551189e-05,8.540103375107757e-05,8.763280837115479e-06,1.045056609296299e-05,7.690363079779247e-06,1.1878583347765652e-05,2.691611805163238e-06,6.309362116490903e-05,7.155218957108277e-05,2.7381252100177428e-05,7.257599889278657e-06,-1.5124040200532193e-05,8.13796549170094e-05
KXATP-26USO-SHE,0.0011264444520173518,-0.001135175338683393,8.324590983662224e-05,0.0014433646052107946,-0.0006988963803477217,0.00014195849930116552,-0.0014858431610711687,-0.0007664308356383892,0.001707411201164446,-0.0011548757018026439,-0.002832409135842321,-0.000839457273529738,0.0006535578004573591,-0.0010738567689506798,0.001073856768950668,0.002368962922486,-0.0003961423197208972,-0.0017052485455960153,-0.0007249017921632422,-0.0015566667775298612,-0.0005682996467471652,0.0008128948650799023,0.0024106048570719206,-0.0029983502902591248,0.0033586269121940173,0.0011407963552957836,-0.0018505987002813465,-0.004067037413178173,-0.0009175044702801416,6.673436285370879e-05,-0.00023872633819286524,0.0002387263381928916,-0.04988378445309651,-0.0006179660959594644,0.0819,-0.0026538044421722355,-0.022174328792833393,0.0014361805863801233,-0.0014340981183611058,0.0019157690256629586,0.0024572752949154784,-0.0012972596279216156,-0.0001627435432797252,0.00016274354327974354,-0.00022262901121126834,0.0006525929360507286,-0.00031478371233657494,0.0035522650077779066,-0.00022412364586682788,-0.00439009752204097,0.0036450589226470318,0.000667269330358029,-0.0007385210039891543,-0.0007415438164178377,-0.0033462462011017314,0.0011983191783837023,-0.0017332679964928595,-0.0012038603486201043,-0.003933748823845111,-0.0017252335872758112,-0.0042048814946607305,-0.002576179748668824,0.0035380858411518685,-0.00566099129623328,0.0005002727273188323,-0.0016357117696780372,0.0016357117696780463,-0.001457705431056034,0.0034598817437304927,-0.0029013676500308895,-0.001561091555241189,-0.005963697929985328,-0.0025714228845639636,-4.0597279996706096e-05,0.00018263588182332302,7.932654319318826e-05,-0.0005168252133492003,-0.0007413572862961338,-0.0006373961728152743,-7.292755745133e-05,0.00023959233585817033,0.00038356534388230164,-0.0003447946516701435,-0.00010514806491678755,0.0007526014049382918,-0.001383437198152769,0.004356034182332113,-0.005171352762104666,0.002411089468320366,0.002557033276986089,-0.0009629910226288148,-0.0006335068625855004,0.003884243424499466,-0.00015710963294567916,0.0021559319063947013,-0.002027171011458696,-4.7104074540925564e-05,-0.00026015883338894593,-0.0004228823305541662,-0.00010486958447478536,-0.0002738353827333095,-0.0004252490092912983,-1.9499564963834447e-05,-4.979807646274976e-05,-0.0002342341022806298,-0.00029444678776319346,0.0007901668591783222,-0.00013290950148862305,-0.0021446164532010555,-0.0017490493053313684,0.0008271947827215629,-0.0012168396032065654,0.0004724547078309079,-0.00046864519599179295,0.000473507787883403,-0.0012582714637357846,0.0011650051935634773,-0.0028602854017026067,-0.0014272427225068254,0.005411498755635872,0.00043246552707808543,-0.0018780869465119172,0.003238014556086558,-0.0015493834370335924,-0.001325026092389819,-0.0001897528610057914,0.0026138907304694876,-0.002627719545107635,-0.0022891386420015804,0.005592471433923715,-0.0009179572504095393,-0.002164573642817807,0.0003441656403912663,0.0010455633472674726,-0.0010455633472674672,0.001567740498169441,-0.0015700275968595476,-0.0015062158693544942,-0.0014867337736560152,-0.001387513868707685,-0.0012098188667824632,-0.0011804997887630959,-0.0006635512726197931,-0.0008444903099563113,-0.0007824174640956023,-0.0004205528195287921,-0.0003451498969399178,-0.0005384049378330484,-0.00021755667591794717,-0.0009747019147980522,-0.0006023578836144795,0.001121288546908778,0.0006042994156682409,-0.0006253466396123593,-0.0007321085426789337,-0.0007285139664795447,5.880771299604669e-05,4.372031748807769e-05,2.7120408618970973e-05,2.576732306039905e-05,4.7716381332919955e-05,-0.00028753103016078234,-0.0003980952706910543,-0.0001200130236157058,-3.6627538452909674e-05,8.99690392354333e-05,-0.00037290871290789307
KXATP-26USO-TIA,-0.0013718685565358162,0.0014101926020469357,-7.834742214798477e-05,-0.0017722234291279021,0.0010415311967367298,-7.273565811029194e-05,0.0021044762439971576,0.001147305239367335,-0.002017841138230397,0.0016024401134550124,0.003767854968642468,0.0012143923728440984,-0.0007266658820694174,0.001151762510553398,-0.001151762510553406,-0.0026696850299144422,0.00029801067599645047,0.0016980937915351863,0.0006434512700639172,0.001400874302244297,0.00046161012002786915,-0.0009149742096483809,-0.002640400857067185,0.003140683017627644,-0.003919269298667856,-0.0014933594539532707,0.0016802127864985325,0.004564576918180839,0.0009708040118568327,-0.00014184927573802634,7.079242592145085e-05,-7.07924259214478e-05,-0.025961785652544617,0.0005253146975911366,-0.0026538044421722355,0.0475,-0.010728418604038434,-0.0017740630219449033,0.0017715468324987955,-0.0010387977208947694,-0.0016632991611948437,0.0025078752430593883,0.00019308182962345525,-0.0001930818296234415,0.0002443437791916345,-0.0007801069025652004,0.00034610237977448523,-0.00444551925244605,0.00028382411939673595,0.005492310477960727,-0.004581655526279979,-0.0010017165406613101,0.00017481390151486898,0.0001730705651200097,0.00309662413833144,-0.002170308716401302,0.0012262243144214224,0.0006840154232553197,0.003784688584130218,0.0012923207868136602,0.004060406156657253,0.002019231445745378,-0.004276060886612268,0.006906897820076798,-0.0006566305471734688,0.001980499862205753,-0.0019804998622057635,0.0015581436496919054,-0.004196927827551941,0.003240425674397247,0.0015047183925881527,0.007085107795288399,0.0027170615821098462,-1.9995590123239274e-05,-0.00011553645827835077,-9.150061526518567e-05,0.0003255342301523584,0.0006247344731842211,0.0005509975948971524,-1.0239570668706588e-06,-0.00027755818566145226,-0.00036742259277453254,0.00011021144001892527,1.334291689644838e-05,-0.0006944578700631151,0.0015559239652646153,-0.004831965660193747,0.0063845600267480405,-0.0025331636909666933,-0.0026862843598224923,0.0011653740695728243,0.00099926087365276,-0.004239125983777929,0.00043657666658399627,-0.0019757934417697414,0.0020735036711192725,-7.92869573489807e-05,8.021453386981882e-05,0.0002865374632327349,-4.7534553731945316e-05,0.00011161566559247428,0.0002940677409173712,-0.0001720741191883495,-7.727054528421987e-05,6.080255851245439e-05,0.00013866225934754898,-0.0006503702381797781,0.0005912187933885941,0.0033033672451172878,0.002813870600171015,-0.0006115240688202542,0.002130181285583768,-0.0005222177206815129,0.0005504324147791056,-0.0005560751460539757,0.0014702982053842327,-0.00128490084568385,0.00349667153310141,0.0016559167763097607,-0.006525192471287146,-0.0003896065530088546,0.002355343832697368,-0.003801253114186559,0.0019494050996932057,0.0016982342551296451,0.0004393790536842072,-0.002929525185840883,0.002996753134428705,0.0029401284989278337,-0.0065277855294521864,0.0013778966910884406,0.0023640301570742486,-0.0002099213308723643,-0.0013269466450380768,0.001326946645038077,-0.0018567664412774613,0.0018593759814534748,0.0018603420306650491,0.0018371033806920773,0.0017206393088010446,0.0015085491115880676,0.001422835346259796,0.0008846899820103544,0.0010189589576455466,0.000952504469039584,0.0004062939975117894,0.0003112450961901997,0.0005626687718188021,0.0002553642051267697,0.0010915598072312642,0.0005667592243298554,-0.00129555396319634,-0.0005904577998632535,0.0007129302481130514,0.0008439836753058682,0.000851608606964166,-2.872543350596718e-05,-1.1347184465406422e-05,-3.9404625685589015e-06,7.70898076213724e-06,-3.45906988236982e-05,0.00044376310932132224,0.0005393599674826685,0.00018452667186265873,5.226938403149726e-05,-0.00011893642699083249,0.0005678357415887799
KXATP-26USO-ZVE,-0.0029602259160642075,0.0030262538476894195,-0.00018208833280702392,-0.003818437526368661,0.0021368235314914164,-0.00021633759042616237,0.004371094883264643,0.002351642397185522,-0.00439108806366564,0.003343958673286022,0.007946909479294866,0.002508892932738185,-0.0016097901558490627,0.0025818942094256174,-0.0025818942094256473,-0.005888262579419854,0.0007494886951313583,0.00388442024006617,0.0015270921419490088,0.00331045983331007,0.0011293877638006774,-0.002019491848280423,-0.005871725600467606,0.007074852030069384,-0.008559027116365216,-0.003163058184933962,0.0039591068677370025,0.010076192336942465,0.0021794246401016164,-0.00027192834168399593,0.0002904950494166911,-0.00029049504941669566,-0.15260469622385786,-0.0036864191379129985,-0.022174328792833393,-0.010728418604038434,0.19709999999999997,-0.00381121675032876,0.003805780278173282,-0.003096708413180135,-0.0044654977257530554,0.004782509861648413,0.0004202556121418521,-0.00042025561214185134,0.0005414317208204307,-0.001690794124044675,0.0007665710004684123,-0.009516748445241459,0.0006095671318394331,0.011766210173382662,-0.009793656882487704,-0.002044123531033203,0.0008096643851530092,0.0008090402468875835,0.007264311469654065,-0.004259462310938673,0.0031733601321806354,0.001943872009903439,0.008765229542417256,0.003270583840646672,0.009392338949663494,0.005022730154511203,-0.009245727751011915,0.014896335795331637,-0.0013896459705886926,0.004277222550116019,-0.004277222550116031,0.003490401227630823,-0.009067168538941248,0.007165604581850144,0.003480270448443953,0.015394764052093066,0.006107589444962775,-2.330823684338746e-06,-0.0003121767297186278,-0.00020047256359656654,0.0008811969879216513,0.001511753758869076,0.001321534061649502,5.061305580201413e-05,-0.0006073628044484665,-0.0008515558487982775,0.0004199156132888082,9.62333680020183e-05,-0.001628066917777712,0.0034325732315837265,-0.01069757212074219,0.01372726266985599,-0.0056971139540857325,-0.006041661125876693,0.002519532851523266,0.002025921540969738,-0.009428859332222345,0.0008017316464447955,-0.004635814910370791,0.004701565598165582,-9.754744082182551e-05,0.0003044884035747402,0.0007459840605256253,-6.418572433559918e-06,0.0003643545878268805,0.0007595425736213275,-0.0002627419203228194,-9.246453624087679e-05,0.00025556228982708104,0.00042172108639144707,-0.0015956074446969982,0.001014299289393946,0.006712097455645629,0.0056602278636685415,-0.0015613757019671108,0.00420565376728203,-0.0011657511342728416,0.001200017582303464,-0.0012123595640584155,0.0032051890452941354,-0.0028490991925831256,0.007534838633413492,0.003616896110612053,-0.01411629085270509,-0.0009190223165168874,0.005041688539488685,-0.00828266382084576,0.004169070061147067,0.0036147771881609044,0.0008172552445963484,-0.006479210079451564,0.006574313581662192,0.006245293303147038,-0.0142601639128548,0.0028114254744097474,0.0052493382058673484,-0.0005828066344609726,-0.0028287766565838197,0.002828776656583818,-0.004039162730329957,0.004044903433271605,0.003999150751829506,0.003948706911415711,0.003694945616231379,0.0032349822620902626,0.003077963796893464,0.001865979247151648,0.0022035608104861867,0.0020553576023161053,0.0009370496845075315,0.0007336509279063132,0.0012672678768033555,0.0005564877448442169,0.0024105536564505113,0.001319445481309365,-0.0028353924842460356,-0.0013570485392220338,0.0015669756109878716,0.0018491803360039766,0.0018586047364387078,-8.705493128474622e-05,-4.894717361505779e-05,-2.5491396079422194e-05,-6.094783579117752e-06,-8.839817692489051e-05,0.0008875774407526684,0.001127187780014444,0.00037096093506740094,0.00010743408854244235,-0.00025022353729727616,0.0011421116156089045
SENATETX-26-D,-0.0035165407723926627,0.0035763645708603406,-0.00023175820652151458,0.0012184653614217703,-0.0006355021161469048,9.494578064302901e-05,-0.0013246849387756232,-0.0006985917063428239,0.0014184866718102542,-0.0010196169108237611,-0.0024608023938396083,-0.0007539303562739647,0.000532611098967365,0.02378675181899781,-0.023786751818997823,0.0008722611869542993,-0.00012245309253200107,-0.0005926316961194847,-0.0002395688767156846,-0.0005175860715752499,-0.00018106819651989727,0.00029922412615980836,0.0008756554129042182,-0.0010663932674742829,0.0012576416012712514,0.00045265296084433644,-0.0006176650886079845,-0.0014942300476375203,-0.0003277677523979542,3.5143256616359454e-05,0.010971772592201178,-0.010971772592201182,-0.001222976283167565,-0.0002034438957203229,0.0014361805863801233,-0.0017740630219449033,-0.00381121675032876,0.2491,-0.2487497537609543,0.016545978298056582,0.022458894184677558,-0.01790185491307901,-0.024963524273531375,0.02496352427353138,0.00284312802432167,-0.008693822858185003,0.0040236891562488945,-0.0015887096482646405,0.00010359590761563182,0.001968814154706517,-0.0016307787716346262,-0.0002615220617030259,0.00014957559543939255,0.0001498570912938421,0.0010201496062282349,-0.0005223040118452228,0.0004722724607161835,0.0003027485307853996,0.0012206328267216242,0.00048077448196215,0.0013070455613215894,0.0007313791153820613,0.00032353935917384796,-0.0005205140266962937,4.8024760111054786e-05,-0.022831878253861366,0.022831878253861362,-0.0007441298843904676,0.0018758755818230404,-0.001511695245714047,-0.000760842882881823,-0.0032006190601296816,-0.0013057255452120027,-4.2178330992052046e-05,0.0004352473063290412,0.00023843047176889707,-0.0012300425456618792,-0.0019530632705398582,-0.0016957701307619452,-0.00011743153659356741,0.0007216305312264384,0.001063296975034221,-0.0006927783623269011,-0.00018704278829687223,-9.074589763991074e-05,0.00018580587995110898,-0.002963542669741125,0.0037067194336074753,-0.0015992359026883764,-0.001696006209077434,0.0006838721025092994,0.0005173295771520943,-0.002622423637365389,0.00018327989260873547,-0.0013459677673139105,0.0013288240930722848,0.00015800249105762482,-0.0023652936537291516,-0.004787958761352762,-0.000463067797387867,-0.0026554844628135553,-0.0048490225509199535,0.0008905115760683704,0.00012609897881598264,-0.0020582333852398496,-0.0029676231393942114,-0.0004918768460047706,0.00021473929232449396,0.0017564927323893195,0.0014656261260651354,-0.0004952527867935847,0.0010672100203708045,-0.000333071287557961,-0.0017654945249785177,0.001783703676699665,-0.0008670059090938501,0.000781975199041247,-0.002014962586386449,-0.0009801306488561904,0.0037876217675594332,0.0002658349310471055,-0.001339648625047363,0.0022374993434677516,-0.0011069091131338865,-0.0009553273032146167,7.768773951162379e-05,-0.0007175413335404423,0.0007259647728675245,0.0006705535534028649,-0.0015645276605477524,0.0002914759422283043,0.0005857045147106328,-7.452085367615124e-05,0.030591985990068613,-0.03059198599006857,-0.02452446908335721,0.024559687925462568,0.002435754948669508,0.002404733416950413,0.002248097558875033,0.0019654815319230506,0.0018864960956620552,0.0011146100257060274,0.0013501369021453515,0.0012566036946796656,9.829196506758086e-05,7.826048705286459e-05,0.0001304031126509925,5.5653521827194754e-05,0.0016031559756413622,0.0009158973417917337,-0.0030308553765986414,-0.0015125639281922906,-0.0024262839700913627,-0.0028550333300449136,-0.0028593168115385067,0.004325949390163356,0.0028140895385526743,0.001622042532226395,0.001075472001226234,0.003961790448205702,-0.007708977660523832,-0.010248862484266905,-0.0032396787519336553,-0.0009604785447969097,0.002290272475557558,-0.00997998241644299
SENATETX-26-R,0.0035114982533505246,-0.0035712338246405564,0.0002314258484332515,-0.0012167201690420884,0.0006346053466169756,-9.480267055124507e-05,0.001322809061229582,0.0006976066766755122,-0.0014164453529877216,0.0010181688403467603,0.0024572965817574325,0.0007528636533906582,-0.0005318423554639953,-0.02375264468051012,0.023752644680510138,-0.0008710152971572842,0.00012228244115953073,0.0005917915052949599,0.0002392315771194268,0.0005168561994857757,0.0001808145889634968,-0.00029879630608995876,-0.0008744064131451586,0.0010648770885304123,-0.0012558426121988798,-0.0004520015080441743,0.0006167935771098883,0.0014920982718869655,0.00032730204962505707,-3.50908668886625e-05,-0.010956041347987958,0.010956041347987963,0.0012212501091326843,0.00020317150976753605,-0.0014340981183611058,0.0017715468324987955,0.003805780278173282,-0.2487497537609543,0.2484,-0.016522383454344106,-0.02242682353149636,0.017876084231016186,0.024927731417829748,-0.02492773141782974,-0.0028390525628888626,0.008681357202774756,-0.004017921355639245,0.0015864344809686376,-0.0001034465850154465,-0.001965992405851092,0.0016284451164220544,0.0002611429537844141,-0.0001493806870244304,-0.0001496619237720867,-0.001018714654771454,0.0005215371120006314,-0.0004716196635374837,-0.00030233562388730525,-0.0012189114803299154,-0.00048010748034663694,-0.0013052019082969001,-0.0007303615200773184,-0.00032307672376083137,0.0005197690672034877,-4.795558149052518e-05,0.022799137256095288,-0.02279913725609528,0.0007430670195603422,-0.0018731874438450142,0.0015095335987674067,0.0007597590300547638,0.003196035013636676,0.001303861084063353,4.211968683235326e-05,-0.0004346253427733943,-0.00023808841776735916,0.001228285216853412,0.0019502685126664811,0.0016933432509182748,0.00011726514250942457,-0.0007205958100724812,-0.0010617740425026257,0.0006917922361845213,0.00018677730362132248,9.062122648120063e-05,-0.0001855432266020501,0.002959303967503353,-0.00370140487241373,0.001596951359050781,0.0016935834267362794,-0.0006828920038318949,-0.0005165837261285207,0.002618674205133978,-0.00018301250646286538,0.0013440509458430366,-0.0013269269905495573,-0.00015774943131151292,0.0023619485561433375,0.004781138179692768,0.0004624381972774052,0.002651720224732028,0.004842113563606495,-0.0008891970058524969,-0.00012589141257851854,0.002055326148821492,0.00296341093125667,0.0004911607293923122,-0.00021444311220375218,-0.0017539878563207858,-0.0014635384709503893,0.0004945310763175231,-0.0010656936454947674,0.00033258620922271517,0.001762966580166787,-0.0017811496661615884,0.0008657626576145845,-0.0007808555458292661,0.002012072595488434,0.000978725346938394,-0.0037821922911715684,-0.0002654553421660717,0.0013377266054508284,-0.0022342927755226866,0.0011053208404339398,0.0009539562445577662,-7.757324599317876e-05,0.0007165167680555275,-0.000724925824220588,-0.0006695900128747489,0.0015622896178335134,-0.00029105446264923886,-0.000584867443206499,7.441711828769415e-05,-0.030548118415871572,0.030548118415871545,0.024489300755024722,-0.02452446910118047,-0.0024322624392352386,-0.0024012854070258353,-0.0022448739545007984,-0.0019626627915239297,-0.001883792789567147,-0.001113008951110967,-0.001348202256019166,-0.0012548023172742526,-9.815450523595676e-05,-7.81519308173031e-05,-0.00013021916058351602,-5.557413401825708e-05,-0.0016008637398778499,-0.0009145942187834909,0.0030265137423327445,0.0015104025524372467,0.002422806904827263,0.0028509414851606548,0.002855218407186704,-0.00431975000826564,-0.0028100581393371077,-0.001619719250713201,-0.0010739339685840873,-0.003956111497025177,0.007697929061723774,0.010234166059068895,0.0032350340632552868,0.0009591013977202055,-0.002286988511912093,0.009965676731918104
KXBALANCEPOWERCOMBO-27FEB-DD,-3.7082617418522e-05,3.865934574942926e-05,1.700862748797931e-05,-0.001212307194310894,0.0004016466581997487,-0.0002218540831943199,0.0009649786407613277,0.00043536518644406657,-0.001517185300516949,0.0007845595699067773,0.002087378179039736,0.0005195958244518949,-0.0006256634568039608,0.016559852091983344,-0.016559852091983396,-0.0006665595156981264,4.2984904072794804e-05,0.0003743816372663507,0.0001223317651698199,0.0002617468370580213,7.543531123199306e-05,-0.00021965960439687747,-0.0006346859178197316,0.0007368743458967929,-0.0010301689273462832,-0.0004373278914170064,0.00031715806982125154,0.0011735802559862374,0.0002417370495511418,-4.4261049272774813e-05,0.008294545250743347,-0.008294545250743352,-0.0005258808420240586,0.0001650399149469894,0.0019157690256629586,-0.0010387977208947694,-0.003096708413180135,0.016545978298056582,-0.016522383454344106,0.24959999999999996,-0.17027553228149517,-0.07650179132874645,-0.006403367247204694,0.0064033672472047,0.0002804513646270069,-0.0009454545965419918,0.0003973672103059958,0.0030096531833115874,-0.0002743550660109273,-0.0038895819454164873,0.0030073722919525393,8.883673433851247e-05,-1.8964930349637048e-05,-1.94258264704546e-05,-0.00024599327644158307,0.00014980530508959061,-0.00010098541850720252,-5.376752914923672e-05,-0.00029794857909543613,-0.00010594796965073744,-0.0003206834145775189,-0.00016673078231126725,5.0578180316593636e-05,-6.150196228671962e-05,-7.400939060013587e-06,-0.016030827556868223,0.01603082755686821,0.0006700747855503076,-0.001992985844289241,0.0014456336186859792,0.0005902691767560852,0.003317306743130869,0.001157349327225747,-4.3533805467799155e-07,-0.0001739155478083005,-0.00011160991267946202,0.000492553060560226,0.0008492772986062615,0.0007431846175233843,2.7225243652431592e-05,-0.0003418432244308001,-0.00047753251878187225,0.0002359766789440704,5.403382394789249e-05,0.0009605507067159938,-0.001952961852665185,0.0007955408429675039,-0.0010489985347286292,0.0004176471914672059,0.0004437067048802045,-0.0002044815301757911,-0.00016633333799544138,0.0006999363473454613,-7.417529705472222e-05,0.0003297867702256234,-0.00035964490728340845,-0.00012809958586427258,0.00017359658943134475,0.0005885709472666001,-7.715662219898818e-05,0.000234579029110763,0.0006050624014698611,-0.00034279481952887456,-0.00012428547208911036,0.00013687964642122445,0.00028925732179372834,0.0002750859873582983,-3.6892015761204745e-05,-0.000716094358077442,-0.0005791846477522006,0.0002961763381487712,-0.0003975058643757168,0.00014956205242285244,0.0009332494296934653,-0.0009428182431370221,-0.0001974148735567908,0.00016892362881383043,-0.0004813759502503843,-0.00022144692178833388,0.0008878135628807965,4.530395651587002e-05,-0.0003274067215886299,0.0005129878186513741,-0.0002715961086050604,-0.00023809107020035056,-4.53494121110578e-05,0.0003293789449682863,-0.0003622700933899609,-0.00032707513248086685,0.0007284153954105793,-0.00014319738361562344,-0.0002920098648465643,2.738137134820784e-05,0.01854317359158711,-0.018543173591587102,-0.017168033061585916,0.017192558310780624,0.00044723006086432005,0.00044225805215472147,0.00041652379922601417,0.00036724061977891126,0.00033315096978949946,0.00023026402038413325,0.00023997226505118675,0.00022351633217606863,2.0745423622735173e-05,1.564166175723043e-05,3.053887853573219e-05,1.635830537311062e-05,-0.0013387721018370694,-0.0007329919839808351,-0.0002497655856958661,-0.00014438928497196625,-0.0010162602953489393,-0.0011937192884957809,-0.0011927760931769442,6.678081063262248e-05,5.032060570978903e-05,3.154926190564976e-05,2.99274295778589e-05,5.317837844206719e-05,-0.00559248309689421,-0.007978692246169998,-0.0024024004374645753,-0.000732282691328353,0.0017889112512588538,-0.007341750001246308
KXBALANCEPOWERCOMBO-27FEB-DR,-5.846743392349128e-05,6.1001627216051673e-05,1.609020921747948e-05,-0.0016344401442339794,0.0006237975127171135,-0.0002536255507445172,0.00142687402907193,0.0006795890808573707,-0.0020080294620950672,0.001139880550825627,0.0029432270383468306,0.0007828018952595289,-0.0008093884337028712,0.022526283893735045,-0.022526283893734983,-0.0009523959219434286,8.21874211602288e-05,0.0005671822139499845,0.00019975008609739023,0.00042910047416540027,0.00013364808750191727,-0.0003176726625673036,-0.0009211262947498518,0.0010848545902163026,-0.0014432187041785332,-0.0005870317870143332,0.0005169698062801762,0.0016632608627581778,0.00034879924765585297,-5.617069359967573e-05,0.011360712135577565,-0.011360712135577575,-0.0009498605499135639,0.0001043852225879223,0.0024572752949154784,-0.0016632991611948437,-0.0044654977257530554,0.022458894184677558,-0.02242682353149636,-0.17027553228149517,0.23310000000000003,-0.058068054103554104,-0.008673435080200662,0.008673435080200676,0.00039492198166159837,-0.0012972116937886389,0.000559383085438377,0.004135045705146357,-0.0003473321590794793,-0.005283388178749361,0.004162988823336015,0.00011166420997039026,-3.520528433279098e-05,-3.571991882279054e-05,-0.0003410457386739783,0.000193517946344649,-0.00014669814448451654,-8.385065331269255e-05,-0.00041101124111932126,-0.0001521249977312863,-0.0004416987803118189,-0.00023656804271748565,5.5209500187467555e-05,-6.840149317009365e-05,-7.149873093489643e-06,-0.02175971251041578,0.021759712510415766,0.0009584629778594555,-0.0027231929843701715,0.002032387880524262,0.0008840839350663891,0.0045622847973731335,0.0016631819189177894,6.373503726087769e-06,-0.0002484348802442992,-0.00015280790040540361,0.0007031436819545146,0.0011851116396446601,0.00103489456414038,4.689693983244476e-05,-0.00046655666443330235,-0.0006607302986703856,0.0003536136338996338,8.557502580237928e-05,0.0013090886410826812,-0.0026499787457702397,0.0010903598176287168,-0.0014147345766663854,0.0005774004487977612,0.0006131321277096679,-0.00027213009031309087,-0.00021643430536440569,0.0009611531882915856,-9.120566926220042e-05,0.00046563411773597346,-0.0004927407941388391,-0.00013967518652906215,0.0003161808418447185,0.0008808788334005765,-5.106315808037695e-05,0.0003952893105300606,0.0009012208531772915,-0.0004007056278702834,-0.00013391194654654894,0.000260704102802261,0.00046927384619639613,0.0003597609456862036,-6.981792465010145e-05,-0.0010055722366191094,-0.0008199793350783884,0.00038198227774495464,-0.000571784284414412,0.00020592091722082995,0.001279979488987032,-0.0012931237554524263,-0.0002718909413452577,0.00023591159885264545,-0.0006537442929952323,-0.00030565239319363624,0.0012113643170412356,6.822130793873724e-05,-0.00044189823586893157,0.000704365633797856,-0.00036621712921641725,-0.00031969138447049476,-5.726595411078352e-05,0.00044838322934199576,-0.000482947335704455,-0.0004367448688799365,0.000986778797828553,-0.00018998139049874473,-0.0003899613185273258,4.051937890187974e-05,0.02517693190036094,-0.025176931900360924,-0.0233051435550068,0.023338478320712917,0.0006086125757176018,0.0006015969361967465,0.0005655578226276816,0.0004976322004180888,0.0004577438658606223,0.00030485629668587075,0.0003291609497429988,0.000306604747084273,3.16508764679806e-05,2.4217152471641794e-05,4.522704467150062e-05,2.278243132806934e-05,-0.001826020665562431,-0.001012063506607647,-0.0003330329411166166,-0.0001857252500920317,-0.0013720898201862025,-0.0016123640665556354,-0.0016119685693347337,8.287423692114222e-05,6.0910422758488425e-05,3.769782802329094e-05,3.416304185251518e-05,6.777738283821459e-05,-0.007762851392199896,-0.010873693400302325,-0.0033153788899096667,-0.001003314923458601,0.0024359605612989475,-0.010153249779917313
KXBALANCEPOWERCOMBO-27FEB-RR,8.490218919890698e-05,-8.98587275286891e-05,2.016658056569669e-05,0.0012504595949534116,-0.0008737965009124799,-2.5032893420229874e-05,-0.0016984512033219588,-0.0009663651777001778,0.0013549877572323664,-0.0012675871735247978,-0.002872871538719822,-0.0009952982406825658,0.00045468043240277044,-0.018187151397510856,0.018187151397510863,0.000985556181039501,-0.0001783126451355056,-0.0007318439621668295,-0.0003188313144000952,-0.0006919064902536542,-0.0002545015872734451,0.000346133821114831,0.0010175377533040621,-0.0012661851535952862,0.0013638532368055079,0.00043697820313879233,-0.0008219866058477943,-0.0016590712090600967,-0.0003758310417386269,2.6535637193316634e-05,-0.009543358313023276,0.00954335831302329,0.0018571499500974334,0.000468854310902914,-0.0012972596279216156,0.0025078752430593883,0.004782509861648413,-0.01790185491307901,0.017876084231016186,-0.07650179132874645,-0.058068054103554104,0.1411,0.006826004170374246,-0.006826004170374262,-0.0003825652399152283,0.0011000800883455464,-0.0005410816558065763,-0.003535402159528735,0.00015629985493144946,0.0042293943648572824,-0.003706608845986622,-4.592701240424347e-05,7.728464807447915e-05,7.720308942040675e-05,0.00031195114758798175,-0.00010367249049023783,0.00016800726271839458,0.00012305554511464408,0.00036532467561596404,0.00016568002666205605,0.0003893348098657555,0.0002441556902965027,1.9316907505674987e-05,-1.6562514331941144e-05,-7.85601610172683e-06,0.01734524282057326,-0.017345242820573245,-0.000996844115582667,0.0022561404881350296,-0.0019537802171524414,-0.0010990954398107195,-0.0039195409597113234,-0.0017646925447159607,-3.7954322235279004e-05,0.0002565227695848037,0.0001280503775560533,-0.0007239284080780967,-0.001097526929339104,-0.0009484119634677327,-8.438593402625976e-05,0.0003839800212614482,0.0005860290999302139,-0.00043924108266592526,-0.00012600118531255492,-0.0010703249360062674,0.0021090631050050363,-0.00092430740520724,0.0010841179965391658,-0.000514387460598995,-0.0005448179889245243,0.00019103875673597302,0.00012594599184473983,-0.0008240692176167228,2.5234528581024077e-05,-0.0004631871072827604,0.00041818115758371507,-5.071551370752287e-05,-0.00063518041813702,-0.0010922759533739123,-0.00021427397275682552,-0.0006808659489089665,-0.0010987430818294667,1.218465381214838e-05,-5.8105572143465086e-05,-0.0005640595925379186,-0.0007387448986788459,-0.0002245429354278191,0.00014647320022034304,0.000957097334043917,0.0008103016435749215,-0.0002121683039232899,0.0006049865322464998,-0.0001792124673735332,-0.0010833780931590407,0.0010945986733441333,0.00023684154217590677,-0.00022068261291038506,0.0005237813528003802,0.00026944700784934067,-0.0009969289897762805,-8.744992031957402e-05,0.00034053502928324227,-0.0006015112627068993,0.00028053257552339457,0.0002381878350401883,2.414036190906303e-05,-0.00036545847735660567,0.0003456923838794062,0.0003135151170147903,-0.0007799424432099362,0.0001292634953940191,0.0002834408384049267,-4.9540496435068025e-05,-0.020102298887972898,0.020102298887972884,0.01858471199597956,-0.018611494209162072,-0.0004924649094415737,-0.0004856005871525943,-0.0004516303732525708,-0.0003926473254878376,-0.00039091083887634215,-0.0002067713223745804,-0.0002784677828265445,-0.00025958609599325937,-4.108682524529243e-05,-3.272152056441933e-05,-5.334260259062624e-05,-2.081754569489967e-05,0.0014986423155618515,0.0008900944252446842,0.0002359946071588872,9.761664945699791e-05,0.001058957050189116,0.0012476036930743498,0.0012514390152772899,-2.907031008258277e-05,-1.3367672593272455e-05,-5.654054311360178e-06,3.5059620051394323e-06,-3.305789827365369e-05,0.007011573140902176,0.008876781081618178,0.0029036712481406795,0.0008445107185075156,-0.001978871654976795,0.008993615446753651
CONTROLS-2026-D,0.004236575701208835,-0.0043093728352283,0.0002782082750178566,-0.0015711530179233703,0.0008368995867564596,-0.00011257172031854016,0.0017342221526393262,0.0009201644587310477,-0.0018235927246272952,0.001332937004482579,0.003202051607864218,0.0009898156599499892,-0.0006797519315534615,-0.016295590894678344,0.01629559089467832,0.00017461877641164976,-2.4747447437998387e-05,-0.00011896648089204184,-4.8214237065769755e-05,-0.00010401386183694653,-3.65060533980254e-05,5.98065282037263e-05,0.00017532533341232481,-0.00021389126787917171,0.0002517990610000062,9.049559340902189e-05,-0.00012409038164498508,-0.00029955112574679677,-6.584294153239149e-05,6.86751590573546e-06,-0.010572593230745778,0.010572593230745792,0.00013200564014631669,2.071596065863085e-05,-0.0001627435432797252,0.00019308182962345525,0.0004202556121418521,-0.024963524273531375,0.024927731417829748,-0.006403367247204694,-0.008673435080200662,0.006826004170374246,0.24910000000000002,-0.24910000000000002,0.00023979121299713005,-0.000734374133574507,0.0003393736471529966,0.007939792762047957,-0.0005097542800219833,-0.009822607953953209,0.00815949462950157,7.322250067864377e-05,-4.079782160798782e-05,-4.087580065312997e-05,-0.0002826272669423553,0.00014593530213365835,-0.0001303635329192229,-8.323192318669101e-05,-0.0003383390061037879,-0.00013281452847765157,-0.00036232179994443613,-0.00020221419140478545,-0.0001764654438682352,0.0002836080911358897,-2.5968898579071902e-05,0.04071882703844759,-0.040718827038447564,0.0004940420256657665,-0.0012409665456822494,0.001002409947934148,0.0005064453190731224,0.0021185207364716337,0.0008671547409730328,1.7339542376494382e-05,-0.00017691090843223876,-9.673164332277411e-05,0.0004999627850131563,0.0007931104568519849,0.0006885654123423906,4.794800080808731e-05,-0.00029273505269104046,-0.000431619014129823,0.00028204949165230636,7.625725907851131e-05,-8.216142804980556e-05,0.00016357151503136721,0.0001864454994715703,-0.00023346747142117662,0.00010055401088352749,0.00010663389792456055,-4.2989532794990545e-05,-3.2653095000902585e-05,0.0001649461576638406,-1.1620869857186824e-05,8.448873606879204e-05,-8.34230457595327e-05,-8.51554268482329e-05,0.0013037529816662702,0.00263517662680107,0.0002570941012607614,0.0014630446865651929,0.0026686350694679942,-0.00048623129632574123,-6.759463692548065e-05,0.0011347365769574336,0.0016345663613726575,-0.0007375970809697135,0.00031491494987983724,0.0026113585559428905,0.002177854078111826,-0.0007430029401725624,0.0015841645815256149,-0.0004991443771789799,0.000598698137082591,-0.0006048729559682244,-0.00026466605089564836,0.00023803115305379955,-0.0006146440539599182,-0.0002991662272309683,0.0011543812673540884,8.07257462381703e-05,-0.00040876281857276785,0.00068178644044585,-0.00033780122430656756,-0.00029159362403608435,-4.359266917870143e-05,0.00041433382045808387,-0.0004174510811803903,-0.0003849389641244267,0.0009019704391795447,-0.0001665524923996516,-0.00033693825652102074,4.3929820149885836e-05,-0.020824270620843202,0.02082427062084318,0.032979106879591866,-0.033026459353070504,0.0029362210784548617,0.002898841468433497,0.002710164521689513,0.002369663103154174,0.002273242505966833,0.0013452138761786809,0.0016269450428120864,0.0015144701393516057,0.0028706641757117865,0.0022877558079420243,0.003804907300106223,0.0016222376763448752,0.0006374525806987655,0.0003653000155936178,0.005126568488168195,0.002560570892641394,0.0013828985273052403,0.0016272487850049278,0.0016296616179658904,-0.003023026636610433,-0.0019665912605954035,-0.0011335748486147124,-0.0007516656106080551,-0.002768457963195607,0.005583193740958121,0.007434433233301726,0.002347460583148317,0.000696390103364708,-0.001661467366789674,0.0072301661543630906
CONTROLS-2026-R,-0.004236575701208833,0.004309372835228307,-0.0002782082750178655,0.001571153017923369,-0.000836899586756466,0.00011257172031854318,-0.0017342221526393169,-0.0009201644587310483,0.0018235927246273017,-0.0013329370044825677,-0.0032020516078642013,-0.0009898156599500688,0.0006797519315534975,0.016295590894678365,-0.016295590894678323,-0.00017461877641164459,2.4747447437996205e-05,0.00011896648089204893,4.821423706575927e-05,0.0001040138618369361,3.650605339804036e-05,-5.9806528203721026e-05,-0.00017532533341233064,0.0002138912678791771,-0.00025179906100000066,-9.049559340901012e-05,0.00012409038164497434,0.0002995511257468024,6.584294153240617e-05,-6.867515905745891e-06,0.01057259323074579,-0.010572593230745799,-0.00013200564014631834,-2.071596065865263e-05,0.00016274354327974354,-0.0001930818296234415,-0.00042025561214185134,0.02496352427353138,-0.02492773141782974,0.0064033672472047,0.008673435080200676,-0.006826004170374262,-0.24910000000000002,0.24910000000000002,-0.00023979121299714162,0.0007343741335745073,-0.0003393736471529663,-0.007939792762047957,0.0005097542800219865,0.009822607953953195,-0.00815949462950158,-7.3222500678649e-05,4.07978216079828e-05,4.0875800653141935e-05,0.0002826272669423607,-0.0001459353021336616,0.00013036353291923303,8.323192318669714e-05,0.0003383390061037895,0.00013281452847764227,0.00036232179994443434,0.00020221419140478778,0.00017646544386824378,-0.0002836080911358718,2.5968898579066657e-05,-0.04071882703844759,0.04071882703844759,-0.0004940420256657582,0.001240966545682233,-0.0010024099479341423,-0.0005064453190731107,-0.0021185207364716324,-0.0008671547409730395,-1.7339542376501958e-05,0.00017691090843222475,9.673164332278039e-05,-0.0004999627850131321,-0.0007931104568519747,-0.0006885654123423995,-4.794800080804503e-05,0.0002927350526910321,0.00043161901412982985,-0.0002820494916523173,-7.62572590785025e-05,8.216142804979941e-05,-0.0001635715150313786,-0.00018644549947158045,0.0002334674714211651,-0.00010055401088350608,-0.0001066338979245673,4.298953279499842e-05,3.265309500091371e-05,-0.0001649461576638411,1.1620869857165416e-05,-8.448873606879594e-05,8.342304575952177e-05,8.515542684823388e-05,-0.0013037529816662622,-0.00263517662680106,-0.00025709410126076163,-0.001463044686565185,-0.002668635069467987,0.00048623129632572665,6.759463692549315e-05,-0.0011347365769574372,-0.0016345663613726636,0.0007375970809697038,-0.00031491494987983713,-0.002611358555942885,-0.002177854078111812,0.0007430029401725516,-0.001584164581525624,0.0004991443771789814,-0.0005986981370825861,0.0006048729559682202,0.0002646660508956554,-0.00023803115305380117,0.00061464405395991,0.0002991662272309579,-0.0011543812673541062,-8.072574623815555e-05,0.00040876281857277295,-0.0006817864404458593,0.00033780122430658046,0.0002915936240360927,4.359266917870156e-05,-0.0004143338204580854,0.00041745108118039254,0.000384938964124428,-0.0009019704391795419,0.00016655249239965603,0.0003369382565210128,-4.392982014989149e-05,0.020824270620843223,-0.020824270620843202,-0.032979106879591935,0.033026459353070574,-0.002936221078454874,-0.0028988414684334943,-0.0027101645216895173,-0.002369663103154181,-0.0022732425059668214,-0.0013452138761786848,-0.0016269450428120856,-0.0015144701393516049,-0.0028706641757117865,-0.002287755807942009,-0.003804907300106201,-0.0016222376763448706,-0.000637452580698736,-0.000365300015593615,-0.005126568488168198,-0.0025605708926414003,-0.0013828985273052295,-0.0016272487850049538,-0.0016296616179659095,0.003023026636610423,0.0019665912605953953,0.0011335748486147135,0.0007516656106080516,0.002768457963195577,-0.005583193740958113,-0.007434433233301731,-0.0023474605831483213,-0.0006963901033647093,0.001661467366789677,-0.007230166154363081
KXLLM1-26DEC31-GOOG,-0.00172811567227814,0.0017596041213630309,-0.00011419023462221959,0.0006002031255581157,-0.0002957827416126645,5.687391359339677e-05,-0.0006276934203736356,-0.00032543128321888275,0.0007000523463059618,-0.0004829724058714866,-0.0011808350283606267,-0.000353559482363136,0.00026894987307229327,0.0010899261203685191,-0.001089926120368525,0.00031498162398337114,-4.230538035130453e-05,-0.00021123937952277996,-8.435948293499082e-05,-0.0001830827993708494,-6.318861559026593e-05,0.0001084968013186712,0.0003156666497718958,-0.00038184826933300507,0.0004547071406481361,0.00016513031659992568,-0.0002187389888917975,-0.0005374427566340074,-0.0001169211572542609,1.3842510053928212e-05,0.00015775700202727707,-0.00015775700202729556,0.0001636338295236814,1.832163328137002e-05,-0.00022262901121126834,0.0002443437791916345,0.0005414317208204307,0.00284312802432167,-0.0028390525628888626,0.0002804513646270069,0.00039492198166159837,-0.0003825652399152283,0.00023979121299713005,-0.00023979121299714162,0.051084000000000004,-0.01172142265351335,-0.003017563042186874,0.00010489617656739717,-8.907359788610449e-06,-0.0001336619895587887,0.00010688335615528097,-0.00022610328832542523,0.00011190741160546884,0.00011216278128776185,0.0008341355116995473,-0.000446411413208064,0.0003784092364227462,0.0002371704401683486,0.0010007429696000506,0.00038693976870784845,0.001072137864494493,0.0005913705468663039,-0.0005944159035194537,0.0009540021934990072,-8.63051901552432e-05,0.0013209562392086868,-0.0013209562392086818,-7.65222636863211e-05,0.0001958589056315259,-0.0001562785651147919,-7.726914998441892e-05,-0.00033334486684290725,-0.00013408760691860662,1.618722821938508e-05,-0.0001656663840788246,-9.061938303473978e-05,0.00046816239741627637,0.000742736566157185,0.0006448310825144263,4.487404490479926e-05,-0.0002741881799820723,-0.00040424873894066404,0.00026400371329165617,7.135973300762819e-05,0.00023466276733553836,-0.0004652387520336138,6.040629687388065e-05,-7.927387329245689e-05,3.179334917956948e-05,3.3750974677470766e-05,-1.513569870485049e-05,-1.2358786449947596e-05,5.3129341016598314e-05,-5.3686291844139125e-06,2.5265621480169237e-05,-2.7101531255054068e-05,3.934823349310688e-05,-0.0003935505619372747,-0.0008158225800785132,-6.660275480311153e-05,-0.00044532446440236425,-0.0008266832144028194,0.0001692690571238625,3.387488598190241e-05,-0.0003408706541954291,-0.0004997827416974998,-0.00014239217334508227,6.339155298797243e-05,0.0005123852859048269,0.0004277036207374235,-0.00014336157846719553,0.0003117080360974223,-9.637307988554129e-05,-0.00038048168725679195,0.00038440037032300915,-0.0003908752695836159,0.00034365851947341366,-0.0009083094003973227,-0.0004411673624576699,0.001693006414879261,0.00011239426591663444,-0.0006065279112010124,0.000996413049392554,-0.000501960299680598,-0.0004344567980622602,-1.6503545037607245e-05,8.4408180950563e-05,-9.448545688848351e-05,-9.189987844468874e-05,0.00019246244223007365,-4.470788373054095e-05,-7.511649176547569e-05,3.4935168254158873e-06,0.0010648096039230811,-0.0010648096039230755,-0.0009414984058276657,0.0009428541140554064,0.0014750570455244701,0.0014562723012547416,0.0013612255264240556,0.0011897571511703248,0.0011438976162035936,0.0006723816708807825,0.0008187137996936902,0.0007613915226046624,-0.0020289406723382883,-0.001616692489105404,-0.0026896911209001472,-0.0011470030867420829,0.00027859947647045714,0.0001579138253842943,-0.0004781861014239988,-0.0002385549355390153,0.00022037582527879523,0.0002592876559949335,0.0002596382038320778,0.0009283164198538961,0.0006038927445290658,0.0003480831325433435,0.00023083368445196554,0.0008501668349452135,-5.3029966301270916e-05,-6.818291076429988e-05,-2.2206003650759085e-05,-6.469598551247794e-06,1.516530380160282e-05,-6.836908683607405e-05
KXLLM1-26DEC31-OAI,0.00528626517571746,-0.0053781707737670425,0.00034787431520956664,-0.0018152756594682416,0.0009457597712668716,-0.00014232417488483222,0.00197283714712748,0.0010400318142441774,-0.0021101387739306168,0.0015168871818559118,0.0036621718061257916,0.001121884714071636,-0.0007935944176206724,-0.0033295303379695406,0.0033295303379695324,-0.0009671254382403302,0.00013466069175785826,0.0006555397437391723,0.00026441832377348327,0.0005720141885635621,0.00019953885535924087,-0.0003322518875397029,-0.0009707981089347372,0.0011804099896145694,-0.001394136245957476,-0.0005023189626960963,0.0006827869087411037,0.001654506737552842,0.0003622487494972278,-3.9774841998051545e-05,-0.00047988682039712253,0.00047988682039715446,-0.0005337599508575921,-8.189452651878872e-05,0.0006525929360507286,-0.0007801069025652004,-0.001690794124044675,-0.008693822858185003,0.008681357202774756,-0.0009454545965419918,-0.0012972116937886389,0.0011000800883455464,-0.000734374133574507,0.0007343741335745073,-0.01172142265351335,0.169911,-0.012156536412277184,-0.0003265867168273522,2.2809304335985508e-05,0.0004072947598612632,-0.0003349352600634219,0.0006642497554177794,-0.00038960913868058006,-0.00039039289608742793,-0.0026097143704609414,0.0013216263914164823,-0.0012133318372681814,-0.0007802050447357003,-0.0031206019154513365,-0.0012340695586510963,-0.003341323489566483,-0.0018760631550743757,0.001813175547014379,-0.002913040158339785,0.00026584902509878825,-0.004043472782648877,0.004043472782648862,0.00023747351332138676,-0.0006006486679775347,0.0004829863199165554,0.00024212385984934078,0.0010242535145743668,0.0004165653185886258,-4.9292921021198e-05,0.000506369953929351,0.0002771619229430672,-0.0014309845605647762,-0.0022710292152328475,-0.0019717407041677094,-0.00013693190119566672,0.0008386891530664215,0.0012362112884764746,-0.0008065087425861502,-0.00021789042134569628,-0.0007110513432595652,0.0014194055027543652,-0.00019039178242927503,0.0002411657731895782,-0.00010208794778928662,-0.000108294144841394,4.4938604344979384e-05,3.47164862372703e-05,-0.00016821563424852386,1.3108558349083814e-05,-8.471824371448095e-05,8.543865416585592e-05,-9.308159262817612e-05,0.0012451839590714032,0.0025346282042930275,0.00023598856726346105,0.0014005350681835786,0.0025672643109243666,-0.00048415574556916056,-7.616115147001648e-05,0.0010823299359706338,0.0015667025682506088,0.0004381328366367959,-0.0001912936370062099,-0.0015646221810561986,-0.001305504221271553,0.00044120066507936375,-0.0009505941841880197,0.0002964490717919017,0.001166753552243621,-0.0011787836367288386,0.0011922443761033703,-0.0010671349112486744,0.002771575736295491,0.0013471221854620737,-0.005196796188925863,-0.0003584107024504836,0.0018453054558551364,-0.0030661612023539977,0.0015254548394620213,0.0013178000913462123,3.676681672282081e-05,-0.0002748476001098321,0.0002871314368642824,0.00026928520850178503,-0.0006072978908368489,0.00012153865903551029,0.0002307714764374719,-2.356162994982296e-05,-0.0032536605189463254,0.00325366051894632,0.0028756463125681206,-0.002879779737852856,-0.00451170939076379,-0.004454268369787721,-0.004164093867793851,-0.003640476160957875,-0.003494897757461484,-0.002063607304181371,-0.002501313356329963,-0.0023276560812327835,0.006209403499668148,0.004948361180098733,0.008230561225479783,0.0035093478494216627,-0.0008556076041300431,-0.0004883820693358351,0.0014635073159096487,0.0007306902230082984,-0.000673796318981478,-0.000792831644896238,-0.0007939814851614624,-0.002840155120528182,-0.0018475975752139705,-0.001064967413937335,-0.0007061767376339477,-0.0026010311577167383,0.00015727188998369018,0.00020623615438092845,6.594911525156138e-05,1.9421221269244415e-05,-4.601387935133729e-05,0.00020320613853129244
KXLLM1-26DEC31-XAI,-0.0024457098682578024,0.0024902101222034484,-0.0001615973116984535,0.0008491916339856095,-0.0004190527430540122,8.013746560040438e-05,-0.0008889082678755704,-0.00046105045140686877,0.0009903944584557663,-0.0006839549838882749,-0.00167170701778681,-0.0005008138967289035,0.00038030233093450507,0.001542489099399408,-0.001542489099399429,0.0004457994408593505,-5.992533476988942e-05,-0.0002990429882706816,-0.00011945149531392583,-0.00025922003592322804,-8.948915557608242e-05,0.00015354614814564076,0.0004467831518394883,-0.000540521121841714,0.0006435406091687803,0.00023366817296066838,-0.0003096975132203378,-0.0007607077431646819,-0.00016551786680740375,1.956169006340709e-05,0.00022327946401642197,-0.00022327946401641327,0.00023189169568960544,2.619538409493338e-05,-0.00031478371233657494,0.00034610237977448523,0.0007665710004684123,0.0040236891562488945,-0.004017921355639245,0.0003973672103059958,0.000559383085438377,-0.0005410816558065763,0.0003393736471529966,-0.0003393736471529663,-0.003017563042186874,-0.012156536412277184,0.052863999999999994,0.00014854350427869698,-1.254401064065946e-05,-0.00018915062129704684,0.0001513950710635336,-0.0003196771187306055,0.0001589163779754934,0.00015927782491352886,0.001181167615475865,-0.0006312778806403363,0.0005361780618966694,0.0003362788903751999,0.001416971629248363,0.000548189636205424,0.0015180392762813287,0.0008376987406342708,-0.0008411860003293367,0.0013500866789905878,-0.00012216340676079676,0.0018694882763884832,-0.0018694882763884847,-0.00010831807250192473,0.0002771968514000391,-0.00022120180169092287,-0.00010938993134266693,-0.00047179132133289865,-0.00018980521050391205,2.2908368267584452e-05,-0.00023445742554559668,-0.00012824842017130912,0.0006625613632160266,0.0010511511627812181,0.000912591517083463,6.350689290394406e-05,-0.000388043078245111,-0.0005721096843137021,0.00037362719986816636,0.00010099051851660302,0.000332030224289034,-0.0006583839700456931,8.556318352007896e-05,-0.00011217338250079086,4.5058921980170576e-05,4.783229490856153e-05,-2.1402702712180223e-05,-1.7449662978885565e-05,7.526569122285362e-05,-7.553979932736339e-06,3.5855262400529393e-05,-3.8389198443496296e-05,5.538204810006717e-05,-0.0005574192564816927,-0.0011550084408107327,-9.46143274317168e-05,-0.0006306578978438381,-0.0011703728111841635,0.00023918915115690845,4.763410551998118e-05,-0.0004828468341910682,-0.0007077246393581169,-0.00020154809648471758,8.968248848540233e-05,0.0007251101315045717,0.0006052643366745575,-0.0002029234569754721,0.0004411024662062372,-0.00013640419685588594,-0.000538500859391625,0.0005440471660751253,-0.0005531707890785314,0.00048651336017254727,-0.0012854285666918793,-0.0006243587677907436,0.0023961896789819514,0.00015920667648956823,-0.0008582977503364475,0.0014103460408378037,-0.000710309080163664,-0.0006147618330554869,-2.3268006023528147e-05,0.00011957365072181821,-0.00013375296804058883,-0.00012999458253466214,0.00027251836656093755,-6.317390529220002e-05,-0.00010636846684937805,5.032168842413575e-06,0.0015069404564231103,-0.0015069404564231046,-0.0013324125163300601,0.00133433108003104,0.0020875571149267516,0.0020609723054249005,0.0019264644095452282,0.0016838053788553614,0.0016188436921502805,0.0009516589235573521,0.001158642632024482,0.0010775374708606445,-0.002871472698784419,-0.002288042469460543,-0.003806593107149576,-0.0016232937487932646,0.00039431944690806954,0.00022353976522963893,-0.0006767542118403779,-0.0003376183636187544,0.00031188278972301813,0.0003669525418010418,0.00036744926278382915,0.0013137941720200866,0.000854654770422654,0.0004926219545694854,0.0003266837044656471,0.0012031940949699406,-7.506518534461498e-05,-9.649242215303583e-05,-3.142733368343349e-05,-9.156069221038005e-06,2.1462846858838323e-05,-9.677005688110414e-05
KXBALLONDOR-26-HKAN,0.004347194009518862,-0.004427200109678724,0.0002839480854370084,0.0035889042607209582,-0.0019329011773298519,0.00024445281001733113,-0.003991175650737581,-0.002124505444939688,0.004167018179536269,-0.003069434059051807,-0.007354820732119294,-0.002283154583889695,0.0015448895779858853,0.0031000470779952052,-0.003100047077995333,0.004229475610085037,-0.0005980876125450158,-0.002880052752854702,-0.0011666496788913818,-0.002519562053806653,-0.0008831245134526225,0.0014506744969781122,0.004247927234312029,-0.005177828482416857,0.006094746228794463,0.002189197178455493,-0.003006231463081088,-0.00724669637358507,-0.0015913953862690226,0.00016828122655954995,0.00028398012852137266,-0.00028398012852136394,-0.003072997933095716,-0.000524751797334306,0.0035522650077779066,-0.00444551925244605,-0.009516748445241459,-0.0015887096482646405,0.0015864344809686376,0.0030096531833115874,0.004135045705146357,-0.003535402159528735,0.007939792762047957,-0.007939792762047957,0.00010489617656739717,-0.0003265867168273522,0.00014854350427869698,0.23039999999999997,-0.019192165445756526,-0.08319873919418881,-0.08956990102780985,0.001383574831439815,-0.000841014642409192,-0.0008426529130250025,-0.005512921322578334,0.0027579813624325367,-0.0025765193448763633,-0.0016655399985713428,-0.006587454524428096,-0.0026176058220023814,-0.007052494697925977,-0.003974879679576745,0.006783385747381052,-0.010902172813626244,0.00099791670453622,0.0037511916160028807,-0.0037511916160028846,-0.0018620460648235981,0.004692697146063476,-0.0037823817082084567,-0.0019040593126264799,-0.008006945839443091,-0.0032673832303947384,6.408519845852968e-06,-6.047781359999583e-05,-3.2583824337294446e-05,0.00017081004349585172,0.0002688298962854757,0.0002331982648399869,1.7000324676759236e-05,-9.836565005981953e-05,-0.0001458716708667234,9.755602944110519e-05,2.6666815716864384e-05,0.0009527295738013956,-0.0019102537369381787,0.006717527908767603,-0.008381767256003245,0.0036294405994465456,0.0038489490786957794,-0.0015451810397881269,-0.001162941997386958,0.0059462328672175244,-0.00040676572465149426,0.003063470919640028,-0.0030148404121914238,-7.734995563642205e-05,0.0010544276328720544,0.0021406938356026686,0.00020195969439504695,0.0011851352080359408,0.0021679486520493458,-0.00040291777973099335,-6.30402523711312e-05,0.0009167012491233631,0.0013250746136218364,0.0024600719686336814,-0.0010617766114984456,-0.008746106598357995,-0.007296346058224646,0.0024764756993552735,-0.005310384825936748,0.0016676537392025178,-0.0003466041803734832,0.00035018258056175914,-0.002252368659953894,0.0020311087549856133,-0.0052312414768475885,-0.0025463786606574473,0.009833379157275949,0.0006914021620526971,-0.0034774376369978545,0.005809887835969753,-0.0028732805220526786,-0.002479519568847716,-0.0005699575623910203,0.005287954803760002,-0.005357347406908303,-0.004938293618009225,0.011527126366964312,-0.002143777448154396,-0.00432717187944856,0.0005519313251646314,-0.0017680404528756886,0.0017680404528756942,-0.0004635520486274393,0.0004642161816547839,-0.0012253996205286123,-0.001209830337039826,-0.0011309507687017216,-0.0009885159457032684,-0.0009501689797088688,-0.0005588939652209677,-0.0006801527736839612,-0.0006323147825318658,0.0025567081038629716,0.0020374175896418914,0.0033889408042749656,0.001444905555628367,0.000323790138790032,0.0001851046182748683,-0.002840115382252875,-0.00141758889080751,-0.00236436228945633,-0.0027822166277622585,-0.0027864538341859707,-0.0006078959160684851,-0.00039583843297919744,-0.00022829339737158374,-0.0001519668370338413,-0.0005562886294649715,-0.00040932787809821786,-0.0005201990009282831,-0.00016954702792061746,-4.941583394279653e-05,0.00011603910565221936,-0.0005252428587437385
KXBALLONDOR-26-KKVA,-0.00028086813794645134,0.00028246305342381067,-1.9099056492291572e-05,-0.00023908009611630973,0.00011381079336001283,-2.518046814530659e-05,0.00024475805809396635,0.00012552271534709242,-0.0002771202716484003,0.00018726226146981384,0.0004617480133528167,0.00013651845522032812,-0.00010848400274021848,-0.0001943220204111287,0.0001943220204111188,-0.0002738489101863983,3.822875243838696e-05,0.00018585919584360492,7.505141043241868e-05,0.0001627422150440731,5.6699399858024574e-05,-9.442436557378292e-05,-0.0002752758076860048,0.0003342743207046297,-0.0003937578941491522,-0.0001412986356973159,0.00019427895018084458,0.0004670109747115748,0.0001021191577943322,-1.143258824876059e-05,-1.008215091338671e-05,1.0082150913383506e-05,0.00019710139595883048,3.774986773396108e-05,-0.00022412364586682788,0.00028382411939673595,0.0006095671318394331,0.00010359590761563182,-0.0001034465850154465,-0.0002743550660109273,-0.0003473321590794793,0.00015629985493144946,-0.0005097542800219833,0.0005097542800219865,-8.907359788610449e-06,2.2809304335985508e-05,-1.254401064065946e-05,-0.019192165445756526,0.029099999999999997,-0.0039000745352866383,-0.00418999052295952,-8.065304000522688e-05,6.770114378024615e-05,6.78041118631836e-05,0.00037095177632932044,-0.0001645000827500115,0.00018164600253231137,0.000122919068911684,0.00044034446163959294,0.00018273643896734313,0.0004708849067919834,0.0002746924096018814,-0.00043446865439224637,0.0006991607951243083,-6.473667488742638e-05,-0.00024330268976360274,0.00024330268976360044,0.0001223105352273068,-0.00030271406771596135,0.00024690966448004316,0.0001268590355685411,0.0005180457858827915,0.00021496455349754743,-2.0360449754202634e-07,3.378533631143625e-06,1.988618034226005e-06,-9.607662921613706e-06,-1.5922989907997113e-05,-1.3891213700267183e-05,-7.268201778080328e-07,6.139181030051327e-06,8.781431044201346e-06,-5.085118941884599e-06,-1.2881296738478007e-06,-6.242874596393909e-05,0.0001234427539753885,-0.00042689813594958004,0.0005397284541607732,-0.00022911947326633437,-0.0002430336277276152,0.00010028051260172922,7.733497646651805e-05,-0.00037725251069655195,2.893304934761698e-05,-0.00019045815578701508,0.00019123037646888934,-2.319881988897005e-06,-7.636391574540106e-05,-0.0001450897580658982,-2.0503119964845156e-05,-8.393208673273888e-05,-0.00014678520733174435,1.8652133985094643e-05,-3.2560900871079533e-06,-6.735370914880026e-05,-9.277296356740254e-05,-0.0001545221777605654,7.163546280151672e-05,0.0005650532221235767,0.00047193875373288295,-0.00015579475103485782,0.0003444557897724681,-0.00010330229700782702,2.248021900082405e-05,-2.2709859833359154e-05,0.00014161761732039562,-0.00012938845578708532,0.00033377908311566634,0.0001600342245059372,-0.0006301837012860234,-4.328260053121841e-05,0.00022240181689399255,-0.00037121912947241727,0.0001836371599526863,0.00015877893761141027,2.9121543853989388e-05,-0.0003473232040715062,0.00033448492084618394,0.00030886598007414604,-0.0007474892325468451,0.0001295080068088162,0.0002682239942364697,-4.156640269779626e-05,0.00011615115389257333,-0.00011615115389257116,2.82376848669248e-05,-2.828008236568282e-05,7.856636764104165e-05,7.755428781134691e-05,7.262274989172166e-05,6.37457961915888e-05,5.977724407406857e-05,3.7836121486189945e-05,4.2720122663388396e-05,4.0282845922708975e-05,-0.00016467048788821654,-0.0001313771093507347,-0.00021804590830877888,-9.288363739889128e-05,-2.094171841469695e-05,-1.2071433802056226e-05,0.00018301571015243032,9.201773743393906e-05,0.00015199021265589865,0.00017885074523931442,0.00017911887832900672,3.845963385874676e-05,2.4839111914731884e-05,1.4260424012061111e-05,9.161664657856814e-06,3.541474838203688e-05,1.3427479808772119e-05,2.9374800951680746e-05,6.864597979482544e-06,2.4367878101087223e-06,-6.6526348219002085e-06,1.9661703251569026e-05
KXBALLONDOR-26-KMBA,-0.0053815939236223345,0.005473734503600959,-0.0003530587400089888,-0.004456023835479769,0.0023728645537455335,-0.00031963936046904137,0.004917373366877325,0.002608901303888924,-0.005172592026244037,0.003779791058583067,0.009080566623409713,0.002806580622707718,-0.001928193734361913,-0.0038254652839435376,0.0038254652839436057,-0.0052373681998226194,0.0007399058419761308,0.0035655607707367745,0.0014440186013100955,0.0031198181705163024,0.0010929486560218808,-0.001797336059393409,-0.005260796484533907,0.006410227823411784,-0.007545234969596052,-0.0027096652869226844,0.003722600455966361,0.008969375704850176,0.0019689530554338106,-0.00020930805792444536,-0.0003347988423671093,0.0003347988423670962,0.0037971432385085027,0.0006543571276096778,-0.00439009752204097,0.005492310477960727,0.011766210173382662,0.001968814154706517,-0.001965992405851092,-0.0038895819454164873,-0.005283388178749361,0.0042293943648572824,-0.009822607953953209,0.009822607953953195,-0.0001336619895587887,0.0004072947598612632,-0.00018915062129704684,-0.08319873919418881,-0.0039000745352866383,0.1131,-0.018199582584273,-0.0016964039118880718,0.0010663034150415781,0.0010683294801435358,0.006852443708998591,-0.003388316878663364,0.003218158186297875,0.002090638718302133,0.008182573238417474,0.003266075156790272,0.008759199559129826,0.004954339696503107,-0.008390255083037262,0.013486276359597964,-0.0012357662885793107,-0.004645705389797792,0.004645705389797821,0.0023093661268384557,-0.005808470736035232,0.00468780805911026,0.0023651928024982453,0.00991394840627904,0.004053022422146522,-7.437765555518492e-06,7.370093259405025e-05,4.009991374806617e-05,-0.00020828036633314145,-0.000329609930949786,-0.00028609546331237874,-2.0209570721470584e-05,0.00012132186560771884,0.00017918961219162336,-0.00011800742365547281,-3.202201927674933e-05,-0.0011810487433385301,0.0023647845078873407,-0.008302518902849304,0.010372503304878357,-0.004482971161850808,-0.004754210178955591,0.0019136768303631216,0.0014436917631433966,-0.0073480809075816,0.0005084567331896052,-0.0037784940580284096,0.0037255982792017655,8.248293461982697e-05,-0.0013197483008360483,-0.0026616948976535115,-0.00026331740145818137,-0.0014799552656332789,-0.0026953334967632033,0.00048571204487519277,6.475368329144204e-05,-0.0011491107515529614,-0.0016528136093135457,-0.0030376120672454625,0.0013193680446016696,0.01082579816690369,0.009032167906364512,-0.0030584339763419293,0.006575321589527358,-0.0020562860914213024,0.00042939038378281323,-0.0004338190296409448,0.0027809839693120923,-0.0025107752141009273,0.006468004797146589,0.0031438555716609895,-0.012163049618010725,-0.0008531977315397857,0.004300582473410691,-0.0071842149230565405,0.0035531967212098165,0.003066848399344066,0.0006897825286869963,-0.006558143060664398,0.006609316783399821,0.006092762702338381,-0.014276206379395506,0.002635441358547093,0.005334763958661909,-0.0006954962209607578,0.0021927498635219743,-0.002192749863521984,0.0005701820138180315,-0.0005710022882271988,0.0015158257499508893,0.0014965376983342357,0.001399184983615567,0.0012234566566812063,0.0011732916589243833,0.0006949766497526352,0.0008397329390533735,0.0007817261982188655,-0.003163904764931686,-0.00252156149766033,-0.004193389617480888,-0.0017877589674686928,-0.00040091780863713933,-0.00022944332721494678,0.003514903660537216,0.0017556813912015556,0.0029254969616108488,0.0034425069041846943,0.0034477259090072445,0.0007509077552216208,0.0004885557510725985,0.00028163552252211604,0.0001868255951042551,0.0006875999031723449,0.00048053741195234936,0.0006354143669929975,0.00020163851197724166,5.964857370257198e-05,-0.00014194739178396949,0.0006214796917736296
KXBALLONDOR-26-LYAM,0.004465877818043463,-0.004550776269527072,0.00029090544136758294,0.003683173670630237,-0.0019908070249333868,0.0002465542516757727,-0.004105881890387072,-0.0021878487002225918,0.004277563239341468,-0.00315854373449421,-0.0075620323638969904,-0.0023506331831471905,0.0015828868369973151,0.0031909937414649958,-0.0031909937414649992,0.004343505467810103,-0.0006139312103030548,-0.002957176843331846,-0.0011977025715038479,-0.002586215261204192,-0.0009065053525537419,0.0014893973126597884,0.004361933258613301,-0.005317115891410684,0.006260338749658118,0.0022495023195799923,-0.003085753681280312,-0.007443695797087094,-0.001634733061061126,0.00017270275107246502,0.0003000352133607129,-0.0003000352133606876,-0.003169742402907331,-0.0005435745694970631,0.0036450589226470318,-0.004581655526279979,-0.009793656882487704,-0.0016307787716346262,0.0016284451164220544,0.0030073722919525393,0.004162988823336015,-0.003706608845986622,0.00815949462950157,-0.00815949462950158,0.00010688335615528097,-0.0003349352600634219,0.0001513950710635336,-0.08956990102780985,-0.00418999052295952,-0.018199582584273,0.12040000000000001,0.0014268986113369878,-0.0008550618149505663,-0.000856736681415712,-0.00565367470936874,0.0028426910670051797,-0.0026367729537492843,-0.0017009292288887395,-0.0067576102369986575,-0.002680020021185162,-0.007235005756338501,-0.004071471441525383,0.006971142337350174,-0.01120363973067586,0.001025228665370359,0.003852626684174446,-0.0038526266841744637,-0.00191034000949555,0.004820935119409614,-0.0038822970699877637,-0.001951368421344796,-0.008223951618732496,-0.003351725422316363,6.981024838737394e-06,-6.29205330700799e-05,-3.359408424460856e-05,0.00017766589804079255,0.0002783203994292805,0.00024131455476673923,1.8062563184487175e-05,-0.0001013008460243274,-0.00015074160781018968,0.000102237338211369,2.812629202289149e-05,0.0009781556523058787,-0.001962458829709227,0.006905408392938014,-0.00861239367526214,0.003731773023027722,0.00395742935046199,-0.0015871044446397788,-0.0011935875866919134,0.006112857064365674,-0.00041644389489109434,0.0031513792678858187,-0.0030991125524353147,-8.293696647589147e-05,0.0010805837181396632,0.002197568233325244,0.0002044740590765013,0.0012153052887954078,0.00222555527204987,-0.00041666216677147634,-6.822593008059371e-05,0.0009389943973872788,0.0013591985555438221,0.0025288795816767137,-0.0010906920229531928,-0.008988287242360674,-0.007498458710473492,0.002545293932931394,-0.005457475439161397,0.0017156642620280022,-0.000355637001698621,0.00035930975008307783,-0.002316310572817514,0.002088071534063185,-0.005376953882357825,-0.0026187300821002516,0.010106197682200418,0.0007113660747667089,-0.00357392229511162,0.005971808407629677,-0.002953046460785646,-0.002548143418199235,-0.0005936353985780487,0.005425567133678841,-0.00551310719117233,-0.005083043976795513,0.011837327555323691,-0.0022117599242895527,-0.004454148397259006,0.0005604628487660337,-0.0018140998409086153,0.0018140998409086162,-0.000478427915297397,0.0004791130594792069,-0.001259273270132886,-0.0012432893149936877,-0.001162186291982839,-0.001015690345712246,-0.0009769726822979729,-0.0005734253393853402,-0.000699396592437299,-0.0006498716436449592,0.0026273455593595198,0.0020936501935982137,0.0034826276086087384,0.0014848337905763915,0.0003325518254637966,0.00018994063576979297,-0.0029182391607231193,-0.0014561255625869913,-0.0024294107990288105,-0.002858794621865815,-0.002863192915910644,-0.000625275769466436,-0.00040734629295814917,-0.00023499491278544758,-0.0001567138551769045,-0.0005719814482728067,-0.00043301485218072774,-0.0005385856131109523,-0.00017816891389108784,-5.150396309684679e-05,0.0001200286239795275,-0.0005533755908231936
KXNFLNFCCHAMP-27-ATL,-2.1201709680459654e-05,2.0173646078632517e-05,2.469696559627048e-06,0.0007984198937744119,-0.00049793482983098,1.5231167706503472e-05,-0.0009873601349281091,-0.0005469950848497628,0.0009149113581409854,-0.0007565458304703667,-0.0017549522714801176,-0.0005774537705585362,0.00031713689347921464,0.0003727453281761774,-0.0003727453281761729,0.0004187209715536609,-6.214024328558712e-05,-0.000289057693907971,-0.00011857102729062191,-0.0002533786426982031,-9.050922378845197e-05,0.00014175477596439814,0.00042024053590164034,-0.0005179817579189219,0.0006055051769731706,0.00021671611870663075,-0.0003018149878573678,-0.0007255182791717143,-0.00016133153868003771,1.413469444843566e-05,0.00020579088476106218,-0.00020579088476106234,-0.0007162191525197524,-0.00015777653612936808,0.000667269330358029,-0.0010017165406613101,-0.002044123531033203,-0.0002615220617030259,0.0002611429537844141,8.883673433851247e-05,0.00011166420997039026,-4.592701240424347e-05,7.322250067864377e-05,-7.3222500678649e-05,-0.00022610328832542523,0.0006642497554177794,-0.0003196771187306055,0.001383574831439815,-8.065304000522688e-05,-0.0016964039118880718,0.0014268986113369878,0.0196,-0.001493891903763249,-0.0016934108990629758,-0.0016641043906184738,-0.0046969060728424845,-0.000674159174685201,-0.00028051337090180474,-0.0018602244781116323,-0.0022836747782558845,-0.0016543454015158288,-0.0004460757662187426,0.0011823070529901297,-0.0018985961787094264,0.00017242615798950412,0.000407408843312019,-0.0004074088433120241,-0.00035520754365039794,0.0009005495678413153,-0.0007229968211834775,-0.0003619637561800698,-0.0015352640594783777,-0.0006230168773909795,7.751501738773561e-06,-5.626068889310731e-05,-2.8795064642414293e-05,0.00015920405864885186,0.00024534051776227704,0.00021245570254378265,1.743273074281415e-05,-8.735405458210724e-05,-0.00013156592747138994,9.498172262671644e-05,2.6812442288674157e-05,-0.00037122399773794777,0.0007174531868274119,0.000817472102497581,-0.0010325601287252892,0.00043891756485707587,0.000465365474135085,-0.00018823489837890953,-0.0001469659982285958,0.0007220639358794536,-5.424054717533242e-05,0.0003641909845379274,-0.0003608342491741868,-3.0231482029085056e-05,-0.00017640161431428075,-0.00029655668650339613,-6.783248950463047e-05,-0.00018694888024145412,-0.0002989689176120333,2.0473760613311019e-07,-3.207974376457096e-05,-0.00015861540947915975,-0.00020227407623384054,0.0003354107118535986,-0.000203960556385505,-0.001381007596846959,-0.001161402630448654,0.0003337829671092189,-0.0008593847326954167,0.0002301791128966052,7.922378042020614e-05,-8.003165872964374e-05,-0.000443331411300781,0.0004154955428727126,-0.0010303681876346182,-0.0005024643256362666,0.001963636204704389,0.0001490826761417521,-0.0006804831761351027,0.0011660982968000116,-0.0005607675606435918,-0.0004818732415970189,-6.32331973637397e-05,0.0006989278559672903,-0.0006859031884006026,-0.00063048262131913,0.0015097925289519454,-0.0002671789685855341,-0.0005537312292044679,8.120258803872882e-05,-0.0002996668219727726,0.00029966682197277335,0.00040407880135866887,-0.00040466782398546194,-6.890195057938765e-05,-6.803896894253366e-05,-6.30021652908053e-05,-5.39592321075586e-05,-5.8142412909178495e-05,-2.30379945485189e-05,-4.1766996981103075e-05,-3.685369254889594e-05,-5.399867783099113e-05,-4.3544520257745435e-05,-7.098161960873723e-05,-3.0193060267192e-05,0.0002511471795418529,0.00015288114705797452,0.0001402268513030287,6.609981690561639e-05,0.0003025036120967788,0.0003556422396925687,0.00035577965523411954,-3.498092531822871e-05,-2.3038936619102472e-05,-1.3388011037834334e-05,-9.226404454230875e-06,-3.170560039417447e-05,-0.00015142872062867934,-0.00019675198077294702,-6.288982119667589e-05,-1.8538585514003053e-05,4.401011443019158e-05,-0.00019484157304892487
KXNFLNFCCHAMP-27-CHI,2.5421773819232774e-05,-1.9712481138701668e-05,1.0965050316015866e-05,-0.0005691382558133259,0.00016212104679466126,-0.00012194873829049838,0.000421362136600089,0.00017875632978148133,-0.000687123072967012,0.00033026672417754097,0.0009142963720421883,0.0002143165640833346,-0.00030149457623267716,-0.00022191447039226312,0.0002219144703922872,-0.00028998530322100666,4.344304946452466e-05,0.00020203711451450927,8.34930676397339e-05,0.00018421497095563982,6.432553048106544e-05,-0.00010299944813621442,-0.00029588234716782695,0.0003576673512342216,-0.0004067645390342269,-0.00013906650216496323,0.00021986961392455475,0.00048275453900226866,0.00010541634143068659,-1.2702918912895355e-05,-9.816089927456849e-05,9.816089927456475e-05,1.153937688742372e-05,-0.00017285968226432184,-0.0007385210039891543,0.00017481390151486898,0.0008096643851530092,0.00014957559543939255,-0.0001493806870244304,-1.8964930349637048e-05,-3.520528433279098e-05,7.728464807447915e-05,-4.079782160798782e-05,4.07978216079828e-05,0.00011190741160546884,-0.00038960913868058006,0.0001589163779754934,-0.000841014642409192,6.770114378024615e-05,0.0010663034150415781,-0.0008550618149505663,-0.001493891903763249,0.0736,-0.006954386871261906,-0.006880701864417093,-0.018953115083639185,-0.002911589341562801,-0.001331735080421908,-0.007670006707516783,-0.009327683788687714,-0.006856009416624987,-0.002044067829743701,-0.0007421555670267878,0.0011926790282224386,-0.00010957270699763115,-0.000243976459926622,0.00024397645992662022,0.00024416781049009983,-0.0005752335045928706,0.0004848483754815472,0.0002619294806954132,0.0009924040395500587,0.00043086595912189096,5.180977631646735e-06,2.0357857119409852e-05,1.7504664440107474e-05,-5.70226223588191e-05,-0.00011417193723564222,-0.0001009475757793538,1.6277910272935436e-06,5.257840102791979e-05,6.840212174353881e-05,-1.5503478831246806e-05,-5.11433817071428e-07,0.00017447639879143137,-0.0004134788778012319,-0.0005743069783356745,0.0006594427715108671,-0.00032279253851018547,-0.000342518457797306,0.0001268484533585394,7.387634492599771e-05,-0.0005148878409087097,1.232703793286527e-05,-0.00029964161111235756,0.0002784030266620326,-6.757629726091577e-05,-1.2431294048098188e-05,7.23672078506296e-05,-5.638679338971622e-05,4.002116194801087e-06,7.542973828494009e-05,-0.00010159281801410116,-6.687930611562723e-05,-1.9143947940513082e-05,1.5170712763337659e-05,-0.0003204334145045056,1.4175734482597988e-06,0.0007029915055412504,0.0005639253283889212,-0.0003339973810307823,0.0003769291979973479,-0.00020341316136364887,-5.490561248507435e-05,5.549081917661897e-05,0.00029564398893255493,-0.00022996943365484498,0.0006733275832971434,0.00033175240716653404,-0.0012018354731298641,-6.432268451751737e-05,0.00045540013422269444,-0.0007010905159515608,0.000379753212301186,0.0003311009381304906,6.47656745559381e-05,-0.0004196199900931899,0.000478298377035051,0.00042974886175683894,-0.0009369773574082644,0.00019422028087531047,0.0003924258424690655,-3.157916286685239e-05,0.0001807477186741182,-0.00018074771867410933,-0.00025063251703419387,0.0002509722932180896,4.136548219909278e-05,4.077903507610382e-05,3.8934325356966504e-05,3.567424712022688e-05,2.5085181177429018e-05,3.1180878958490365e-05,1.7636178718574633e-05,1.9610175811522076e-05,3.841736582881198e-05,3.096393980292964e-05,4.956609946552265e-05,1.9732133612706894e-05,-0.00012880652073810487,-5.091543009088745e-05,-0.00010254052126520242,-6.460107742266587e-05,-0.0001815789389589374,-0.00021473290833909521,-0.00021638920331712203,1.7604287788489975e-05,1.027466984097674e-05,5.491415865094143e-06,2.070382026744307e-06,1.7468763764179677e-05,8.637505501305639e-05,0.00012134230949770733,3.7171989635380826e-05,1.1210248490682369e-05,-2.713053855858066e-05,0.00011335296418604152
KXNFLNFCCHAMP-27-DAL,2.5497773888095513e-05,-1.9692979772382584e-05,1.1000426592657564e-05,-0.0005701754117164645,0.00016245529834725433,-0.00012214546199820477,0.0004221780786477613,0.00017912044009163274,-0.0006884032909234961,0.0003309217559986514,0.000916053533083914,0.000214749913936615,-0.0003020319360547296,-0.0002222664761078584,0.00022226647610784116,-0.0002906664373968626,4.363011853948735e-05,0.0002026381371392471,8.378736784571547e-05,0.0001848399060029619,6.457755655252812e-05,-0.00010323562236103746,-0.0002966148235070198,0.0003586462623006133,-0.00040765941693629223,-0.00013928823264930973,0.00022060544442285067,0.0004839257450505746,0.00010570889373246579,-1.2690502179897732e-05,-9.82768981336996e-05,9.827689813371012e-05,9.514116269767618e-06,-0.00017459112028396593,-0.0007415438164178377,0.0001730705651200097,0.0008090402468875835,0.0001498570912938421,-0.0001496619237720867,-1.94258264704546e-05,-3.571991882279054e-05,7.720308942040675e-05,-4.087580065312997e-05,4.0875800653141935e-05,0.00011216278128776185,-0.00039039289608742793,0.00015927782491352886,-0.0008426529130250025,6.78041118631836e-05,0.0010683294801435358,-0.000856736681415712,-0.0016934108990629758,-0.006954386871261906,0.08190000000000001,-0.007777563974556631,-0.02135080173765884,-0.0033090470894955146,-0.001529537621756885,-0.008666668855467852,-0.010525213352085533,-0.007752458176714579,-0.0023404933103329927,-0.0007436484619043692,0.0011950393970092863,-0.00010976137979374449,-0.0002444122456882385,0.0002444122456882452,0.00024475091498870824,-0.0005763825516950312,0.0004859434396384631,0.00026263053989800437,0.000994454602855679,0.00043190936067204563,5.222005093115973e-06,2.0347536200276766e-05,1.753499877438933e-05,-5.699169032894738e-05,-0.00011425916277674168,-0.00010103402078338774,1.6713926260309793e-06,5.26699914437847e-05,6.848461895486466e-05,-1.539249182732428e-05,-4.6057217606983676e-07,0.00017471761761754816,-0.00041420475218075686,-0.0005757019230891991,0.0006607213945731438,-0.0003236469586999527,-0.00034342472245858075,0.00012710048440757544,7.390654461944147e-05,-0.0005161721732327497,1.2224614012357514e-05,-0.0003005742402443738,0.00027915480633868846,-6.755685205316023e-05,-1.2225528983407695e-05,7.2723870233621e-05,-5.631712037855868e-05,4.223112531296613e-06,7.578878177137913e-05,-0.00010159980338671384,-6.68575050405315e-05,-1.8960855170913102e-05,1.541090386722147e-05,-0.0003211585204481255,1.2703917069748772e-06,0.0007041013785648378,0.0005647682511819296,-0.0003347836095015206,0.00037742360099768586,-0.00020380587581891798,-5.49909954388037e-05,5.557710539033883e-05,0.00029630915718224543,-0.0002304570782985325,0.0006747000812539353,0.00033250206503345094,-0.0012042074499214002,-6.448947685526694e-05,0.0004563077463738306,-0.000702517600663897,0.00038051360287947325,0.0003317521200158699,6.488977741458146e-05,-0.0004204746187979715,0.00047944022536934594,0.0004306304648214289,-0.0009388775221068136,0.00019458659285137453,0.000393425193921062,-3.16615457955795e-05,0.00018110182484173975,-0.0001811018248417446,-0.00025115799481250343,0.00025149847864791835,4.1453591492807734e-05,4.08655657321974e-05,3.9012398200346894e-05,3.573895255919229e-05,2.516858427975571e-05,3.1192874321768084e-05,1.7695167451163022e-05,1.966203593214962e-05,3.8552301892928055e-05,3.108615747701259e-05,4.971640554159516e-05,1.9777757264081974e-05,-0.00012900433682657385,-5.094040062602511e-05,-0.00010278459076563568,-6.480286984040075e-05,-0.00018189705334412348,-0.00021511369166039612,-0.00021677863556615517,1.7618145424768978e-05,1.0275106459123373e-05,5.488616646492686e-06,2.0565344187206106e-06,1.7491144232991394e-05,8.654892686835977e-05,0.00012156790255776267,3.724116696388989e-05,1.1231216831584634e-05,-2.7182113324692842e-05,0.00011357378545846459
KXNFLNFCCHAMP-27-DET,0.00011282557928896848,-0.00010458618143417625,1.959886200980579e-05,-0.0033971740456928586,0.001633162763262632,-0.00034482153267104224,0.0034907825382913555,0.0017961485867897537,-0.003977347862191484,0.002691633575873335,0.006617092902767467,0.0019599020410045404,-0.0015389849622259426,-0.0014800364010842683,0.0014800364010842837,-0.0017470639460950082,0.0002526639111785972,0.0011993024217380056,0.0004893299086301543,0.0010615588199250946,0.0003726576952773976,-0.0006038981811527999,-0.0017620175166828955,0.002146162042033691,-0.0025007362390029346,-0.000886380936333219,0.0012664349136893409,0.0029751006900275655,0.0006535038694982216,-6.995930045068863e-05,-0.0007582517406767499,0.0007582517406767651,0.0019814482416291184,8.454899736033e-05,-0.0033462462011017314,0.00309662413833144,0.007264311469654065,0.0010201496062282349,-0.001018714654771454,-0.00024599327644158307,-0.0003410457386739783,0.00031195114758798175,-0.0002826272669423553,0.0002826272669423607,0.0008341355116995473,-0.0026097143704609414,0.001181167615475865,-0.005512921322578334,0.00037095177632932044,0.006852443708998591,-0.00565367470936874,-0.0016641043906184738,-0.006880701864417093,-0.007777563974556631,0.08190000000000001,-0.02126851297698709,-0.0032245709786351178,-0.0014525596143796597,-0.00856684319301489,-0.01044110433380919,-0.007649136816348657,-0.002237596898249451,-0.004766020731576033,0.007659158160111792,-0.0007012371239722107,-0.0016184859541815873,0.001618485954181608,0.001476775693880068,-0.0036558468176762686,0.002981476278718357,0.001530524963770341,0.006255847422143007,0.0025953456974779085,-8.95087982956183e-06,0.00019408662511090968,0.00011508003208503964,-0.0005478149624089199,-0.0009024201931725274,-0.0007860440371494186,-4.254640935033977e-05,0.0003477645631475303,0.0004999060256372203,-0.00028563873687309824,-7.205310019580332e-05,0.0013608311930599051,-0.002809988605475801,-0.0034253858155911606,0.0041947660212591446,-0.0018680472164592683,-0.001981316498101965,0.0007807383765853668,0.0005576051730139417,-0.0030411496755193335,0.0001763186293785366,-0.0016144607459897765,0.0015660898213989795,-0.00010735627613971088,0.0003844394024872608,0.0008939477126907472,1.1031644582748622e-05,0.0004529653204551692,0.0009078451419046539,-0.0002706143725411639,-0.0001011385010002802,0.0003245902677477772,0.0005188935184082161,-0.001618775136868433,0.0005200321482374635,0.005185725773537458,0.00429630387183295,-0.0016455263256037354,0.0030828128536668606,-0.0010763098665818832,-0.00033433352588081174,0.0003378059568815768,0.0018226813991349773,-0.0015971177572227785,0.004216486600254601,0.0020574315599752153,-0.007844274314766942,-0.0005259032660089572,0.0028127861401139407,-0.004623378510809235,0.0023285413056723333,0.0020137186295076,0.00031603913075190355,-0.0027708532823386496,0.0028659347578434058,0.0026226603235609313,-0.006059833629623227,0.0011431784099357896,0.0023233273198103544,-0.00027892564380797597,0.0011911385572682016,-0.001191138557268173,-0.001619899857382461,0.001622200341538772,0.0002726347696436085,0.0002690776076023808,0.0002524711106724637,0.00022264112975587828,0.00020303709577822285,0.00013902440039532124,0.00014490440217497844,0.00013869986519130854,0.00022367914363063954,0.00017910341341479148,0.0002940047100939333,0.00012311135358477243,-0.0009463303927085445,-0.0005114447033334648,-0.0005978362034731661,-0.00031723118886722444,-0.0012029467506315316,-0.0014170093859242386,-0.0014209972628685167,0.000132067478230854,8.422792443139946e-05,4.7935211941871464e-05,2.9520481385545577e-05,0.00012287238394035748,0.0005864406415467942,0.0007886209685427557,0.00024751911093730765,7.367075118866171e-05,-0.00017629351849218061,0.0007611718679473541
KXNFLNFCCHAMP-27-LAR,-3.9953760068656114e-05,4.6145052546766674e-05,5.985655632904117e-06,0.0016018470937617523,-0.0009860454225426867,3.8325560265956434e-05,-0.00196280693207892,-0.0010836487658842538,0.0018344553733089055,-0.0015027099129749102,-0.003496020118314335,-0.0011449783800549602,0.0006410209894494804,0.0007496098069266822,-0.0007496098069267374,0.0008259622924548132,-0.00011480568592321354,-0.000558650052210953,-0.00022493036281807314,-0.0004823500384317043,-0.0001693282663398577,0.00028021856897974,0.0008256005325510231,-0.0010090515960062265,0.0011997633332520982,0.00043692250165477617,-0.0005754413044783031,-0.0014274441016040038,-0.00031403467460913617,3.178732420562967e-05,0.0004150107213485646,-0.0004150107213485606,-0.0015983510053779936,-0.00043188028955542683,0.0011983191783837023,-0.002170308716401302,-0.004259462310938673,-0.0005223040118452228,0.0005215371120006314,0.00014980530508959061,0.000193517946344649,-0.00010367249049023783,0.00014593530213365835,-0.0001459353021336616,-0.000446411413208064,0.0013216263914164823,-0.0006312778806403363,0.0027579813624325367,-0.0001645000827500115,-0.003388316878663364,0.0028426910670051797,-0.0046969060728424845,-0.018953115083639185,-0.02135080173765884,-0.02126851297698709,0.1824,-0.009304284137457965,-0.004526805957771224,-0.023656043065160358,-0.02852090098776167,-0.021240153825550584,-0.006827839828243488,0.0023539724476236497,-0.003783672879359047,0.0003462468459319142,0.0008161437076151053,-0.0008161437076151053,-0.0006998461444470614,0.0017942053026677083,-0.0014300478376796412,-0.0007064335359947493,-0.0030531256024939595,-0.0012262126996265903,1.7846395341212107e-05,-0.00011611307728594906,-5.7746649117306326e-05,0.0003286040460158731,0.0004999199016868508,0.00043237907181819114,3.790528292851277e-05,-0.00017511732078855742,-0.0002664133761607997,0.0002003940289288844,5.7495438450671634e-05,-0.0007472391248014571,0.001436919425313201,0.0016073417569859342,-0.002060621898791213,0.0008564000577124354,0.0009080344354675978,-0.0003753983272364946,-0.00030299968762653116,0.0014165810766078308,-0.0001190943225275542,0.0006968359784740853,-0.0007023972528230161,-4.2952593968226225e-05,-0.00032608852456147096,-0.0005674936616554824,-0.00011497752441083504,-0.00034906341747296233,-0.0005726838268053588,2.1793817588401602e-05,-4.653267410836732e-05,-0.0002916356132208455,-0.00037993298203297835,0.0006646989694681534,-0.0004148917218708808,-0.0027710395371758857,-0.0023325960271475196,0.0006589195143100618,-0.0017288579895365203,0.0004621386881823911,0.00016009895115446607,-0.0001617329535886546,-0.0008758513253893532,0.0008247741141122187,-0.0020496299373221442,-0.000992430794228939,0.0039135204607876825,0.00029318873371133447,-0.0013555824297014295,0.0023198768873175257,-0.0011167800547460132,-0.0009607890444070018,-0.0001260091304298195,0.0013913273423732703,-0.0013496066261233712,-0.0012535030317722584,0.0030055474190427475,-0.0005336393024095109,-0.0010836824665400374,0.00016040301487772632,-0.0005976940907384176,0.000597694090738415,0.0008027780229478405,-0.0008039495855366244,-0.00013667858122582305,-0.00013499320067471618,-0.0001254423046329381,-0.00010814695879591987,-0.00011234686078467673,-5.110846356268015e-05,-8.070021377737737e-05,-7.212843498565868e-05,-0.00010233748013713627,-8.12741717233006e-05,-0.00013682694189571444,-5.959318112016925e-05,0.0005047675762798181,0.00031011017331187564,0.000276121349340179,0.00012563794000616755,0.0006062772499552006,0.0007124347289305601,0.0007122804615504836,-7.143263114961485e-05,-4.7544073024456915e-05,-2.779865527577265e-05,-1.9865579108281362e-05,-6.418810549548853e-05,-0.0002994025995108109,-0.0003927623323869157,-0.00012507512601136382,-3.693527788229605e-05,8.776722850018401e-05,-0.000386313054302639
KXNFLNFCCHAMP-27-MIN,5.8837371607613997e-05,-5.1689750963920266e-05,1.5094833878079363e-05,-0.0016256050091667936,0.0006984801849575391,-0.00021279319746178056,0.0015486857521072837,0.0007685273694894835,-0.0019186980154113666,0.0011981359270443709,0.0030217172784346253,0.0008529353753800508,-0.0007689426169518142,-0.0006888516903276205,0.0006888516903276337,-0.000833945030430159,0.00012170527554612802,0.0005746558095683587,0.0002352432875527698,0.0005126405782260513,0.00017969771452477348,-0.000290322316408798,-0.0008436152202619084,0.0010254860003566038,-0.0011875275463741099,-0.0004171343158048096,0.0006116563357717898,0.0014118917008612928,0.00030965887474250747,-3.421698766517306e-05,-0.0003413622205054256,0.0003413622205054258,0.0007101253079468649,-9.842329760175206e-05,-0.0017332679964928595,0.0012262243144214224,0.0031733601321806354,0.0004722724607161835,-0.0004716196635374837,-0.00010098541850720252,-0.00014669814448451654,0.00016800726271839458,-0.0001303635329192229,0.00013036353291923303,0.0003784092364227462,-0.0012133318372681814,0.0005361780618966694,-0.0025765193448763633,0.00018164600253231137,0.003218158186297875,-0.0026367729537492843,-0.000674159174685201,-0.002911589341562801,-0.0033090470894955146,-0.0032245709786351178,-0.009304284137457965,0.0384,-0.0004848979594850493,-0.0036122042267005745,-0.004477625116348551,-0.0031965313408107827,-0.0007844705280568449,-0.002238662276806459,0.0035976239432369697,-0.0003296693601851254,-0.0007542428566945515,0.000754242856694551,0.0007042127587957204,-0.0017216316934041895,0.0014157259463542472,0.0007364296545056173,0.0029520284302058646,0.0012389150668858091,6.822869880555163e-07,8.383445722945997e-05,5.374665517891703e-05,-0.000236299277443298,-0.0004042985996936969,-0.00035327440447120695,-1.385115537106416e-05,0.00016218089548200202,0.00022779749101482674,-0.00011263440938217937,-2.5885842049556178e-05,0.0006113631166662936,-0.0013019834287866603,-0.0016393465791775517,0.0019749954646309624,-0.0009011462272738987,-0.0009559015659686111,0.00037064950032427726,0.00025230110547475894,-0.0014591713119878726,7.158798482720762e-05,-0.000794164443809554,0.000761274444447359,-8.832829729188532e-05,0.0001266957190348415,0.0003700871021469212,-3.8121587270224356e-05,0.00016317781616390051,0.00037728477501364075,-0.00017142241146780082,-8.560990217651131e-05,0.00010052702171196786,0.00019481775366483016,-0.0008112277630325265,0.00018507829599464013,0.0023580751556333927,0.0019398765951818015,-0.000830780858764701,0.001371340711001113,-0.0005322194131454328,-0.0001591647782106418,0.0001608290265501086,0.0008649244209665381,-0.00073623045390493,0.0019930066777117685,0.0009748544217583134,-0.003669928228735072,-0.00023392849278450792,0.001334163557852919,-0.0021576161655645237,0.0011065264343836784,0.0009589293693399678,0.00016003316498975208,-0.001292674221074242,0.0013699642007368134,0.0012477959494349414,-0.002841424244132972,0.0005490434803954011,0.0011140598174866206,-0.0001221802078335918,0.0005559695921826367,-0.0005559695921826312,-0.0007596790064707351,0.0007607458206016084,0.0001272483638697703,0.00012555341001436646,0.00011830614833850851,0.0001053274030693466,9.049850179831007e-05,7.2410772088239e-05,6.438882604073697e-05,6.366603223777585e-05,0.00010772056927963601,8.640094075745432e-05,0.0001409023718367099,5.8243519729866394e-05,-0.0004307061463471434,-0.00021886624683845198,-0.0002878349068374186,-0.00016030766218069563,-0.0005607776573750405,-0.0006611931232135253,-0.0006638356440409599,5.98351058537597e-05,3.745312263964953e-05,2.1050620300480092e-05,1.1989950517782735e-05,5.647880876658377e-05,0.000271785556935172,0.0003693457432213917,0.00011524602306699844,3.441020373913163e-05,-8.256924750778516e-05,0.0003536898594911006
KXNFLNFCCHAMP-27-NO,4.1361304633920777e-05,-3.593402087034153e-05,1.315869305740075e-05,-0.0010750213421852788,0.00041178165359136734,-0.00016962249264784577,0.0009507842084916538,0.00045336545504609754,-0.0012776916891699425,0.0007379198086233774,0.0019105931703080126,0.0005127361004514006,-0.0005280938129427982,-0.00044446055513467004,0.0004444605551346787,-0.0005483734668827712,7.959997159051207e-05,0.0003775621111327161,0.00015443014445149764,0.0003381771158084696,0.00011795798180443819,-0.00019221023974313046,-0.0005557684272500777,0.0006731699095958558,-0.0007779545493795997,-0.00027205947877815835,0.00040366943444049036,0.0009229994768024524,0.00020167856691245166,-2.3531799095782406e-05,-0.0002134698022744173,0.00021346980227441271,0.000353055126398296,-0.00013016442761049063,-0.0012038603486201043,0.0006840154232553197,0.001943872009903439,0.0003027485307853996,-0.00030233562388730525,-5.376752914923672e-05,-8.385065331269255e-05,0.00012305554511464408,-8.323192318669101e-05,8.323192318669714e-05,0.0002371704401683486,-0.0007802050447357003,0.0003362788903751999,-0.0016655399985713428,0.000122919068911684,0.002090638718302133,-0.0017009292288887395,-0.00028051337090180474,-0.001331735080421908,-0.001529537621756885,-0.0014525596143796597,-0.004526805957771224,-0.0004848979594850493,0.0196,-0.0016414675926218268,-0.002101227999459195,-0.0014270944734053842,-0.0002147405863155799,-0.0014535082832369038,0.002336351335118457,-0.0002146257099651228,-0.0004868449375580732,0.00048684493755807437,0.0004625310252450599,-0.0011206357447021468,0.0009270505419805577,0.00048667566488096295,0.0019243162250154565,0.0008143234842365801,3.0317654830583146e-06,5.061333517894701e-05,3.476922101289616e-05,-0.0001424599501595557,-0.0002523713432853329,-0.00022113370262507326,-5.7666589395073655e-06,0.00010476562222086477,0.0001443239157812048,-6.181166230271832e-05,-1.261567138034874e-05,0.0003814372914969806,-0.0008358191226856227,-0.0010797351843749169,0.0012857635134821822,-0.0005968222516895419,-0.0006331582941329539,0.00024308777280544088,0.00015951279942374964,-0.0009628232584016042,4.1312627997883635e-05,-0.0005331121907990424,0.0005073849182665794,-8.23796879927087e-05,4.660614332477943e-05,0.0002073685627323913,-5.3395197866802945e-05,7.313234884036469e-05,0.00021249502656317488,-0.00014072315000552334,-8.074912198814059e-05,3.0907462975885366e-05,9.412682354404943e-05,-0.0005566987450853318,8.599055676357769e-05,0.0014875232795020208,0.0012155760172526575,-0.0005732216567571036,0.0008469767889066152,-0.00036203451238236105,-0.0001049320900611551,0.00010603590996628075,0.0005658391845487948,-0.0004693722520409916,0.0013011583577366,0.0006368526380356005,-0.0023746280436065734,-0.0001435913562021535,0.000874042344856735,-0.0013922754499837977,0.0007260740163291845,0.0006305609789989344,0.00011077864523078269,-0.000834059986999207,0.0009014300871158644,0.0008193473793541336,-0.0018419076474290744,0.0003638580286828521,0.000734281743325494,-7.392943626972239e-05,0.0003590398195686196,-0.00035903981956862587,-0.0004922932670325486,0.0004929776375761299,8.206482524310298e-05,8.095435200691374e-05,7.664514592450178e-05,6.893356655810815e-05,5.5376111393343707e-05,5.1987283823990097e-05,3.927035661372863e-05,4.027882930789078e-05,7.081017698343624e-05,5.67048194615349e-05,9.253739205919247e-05,3.7992754778671616e-05,-0.00027206182002863455,-0.00013013711546276893,-0.00019065151705061805,-0.00011000287512795127,-0.0003621019694497396,-0.00042726943477522497,-0.0004293860285679709,3.778027992255872e-05,2.328600137150332e-05,1.2948757627825763e-05,6.868890176303075e-06,3.6077332154947414e-05,0.00017389155240774348,0.00023927481614953864,7.417130906098255e-05,2.2224067835607878e-05,-5.3481989981092334e-05,0.00022702537586738813
KXNFLNFCCHAMP-27-PHI,0.00013255627391893526,-0.00012409762211182678,2.1250088297247187e-05,-0.004045854728433434,0.0019747565393497635,-0.0003935476239763191,0.004200970229900912,0.002171720530024438,-0.004731184014359512,0.0032377638220020787,0.007932391318233225,0.0023645574263983457,-0.001821192515861254,-0.0017697332831834462,0.0017697332831834698,-0.0020810351235253078,0.00030036414959826467,0.001427474136496202,0.0005820351785297653,0.0012618934839214533,0.0004430001621834528,-0.0007186110249780961,-0.0020978433760864734,0.0025557207371742076,-0.0029811552596636535,-0.0010582294069730004,0.0015054286691710277,0.0035467140707342547,0.0007791467803472857,-8.313645491495869e-05,-0.0009109072766128742,0.0009109072766128606,0.0024502341661574566,0.00015398771396236575,-0.003933748823845111,0.003784688584130218,0.008765229542417256,0.0012206328267216242,-0.0012189114803299154,-0.00029794857909543613,-0.00041101124111932126,0.00036532467561596404,-0.0003383390061037879,0.0003383390061037895,0.0010007429696000506,-0.0031206019154513365,0.001416971629248363,-0.006587454524428096,0.00044034446163959294,0.008182573238417474,-0.0067576102369986575,-0.0018602244781116323,-0.007670006707516783,-0.008666668855467852,-0.00856684319301489,-0.023656043065160358,-0.0036122042267005745,-0.0016414675926218268,0.09,-0.01162861465444887,-0.00853343433716145,-0.0025221043195856755,-0.005690825756269555,0.009145437690430377,-0.000837277665930751,-0.0019348233080367149,0.0019348233080366836,0.0017593126401421076,-0.004363655384069071,0.003554215867417208,0.0018207857732527003,0.007464723039454231,0.0030913825002748365,-1.2520108690756675e-05,0.00023450905684522494,0.00013753282224867192,-0.0006620279211060513,-0.0010849163546593722,-0.000944586558974942,-5.310665702475027e-05,0.00041569984045269215,0.000599565536823042,-0.000349156641414168,-8.90235162181756e-05,0.0016351727588517226,-0.003361941389138123,-0.004078536766362441,0.005007160679861157,-0.0022215040576719146,-0.0023561647600039005,0.0009308276185037334,0.0006695468651691275,-0.0036196117103210095,0.00021487845236525777,-0.0019140463951229734,0.001860279932782426,-0.00011491178448723796,0.0004778857521061872,0.0010848416823378555,2.8326939300716386e-05,0.0005582047646063755,0.0011012036227959817,-0.0003076412244589772,-0.00010741698825020755,0.0004057456474691572,0.0006366913840505903,-0.0019143772297911816,0.0006426082582894238,0.006220682395572426,0.0051587985813450745,-0.0019437226651758486,0.00370924978250895,-0.0012755976150490029,-0.00039850316748228117,0.0004026380946493238,0.0021730262649457357,-0.0019119890110501298,0.005030128452646143,0.0024534201358635656,-0.009371763027566312,-0.000632575090010389,0.003353937546499153,-0.0055255210867092225,0.0027757825505201495,0.002399797724734312,0.0003732085151046248,-0.003311666735703554,0.0034130494088941256,0.0031258013326266585,-0.007237439316498737,0.0013607133039079619,0.0027654540244370293,-0.0003361836332352115,0.00142355954559689,-0.0014235595455968776,-0.001934611635953772,0.0019373634012269068,0.0003258177669662194,0.00032158000143415176,0.00030156335836075126,0.0002655895038751388,0.00024410984746729478,0.00016356212069397962,0.00017428886793399712,0.0001661177661850589,0.00026598867457241105,0.00021289547382711987,0.0003499234765107206,0.00014683595438843932,-0.0011350713118619192,-0.0006185632397552373,-0.0007112224093666525,-0.00037454760534924114,-0.0014380151033672095,-0.0016936720524606008,-0.0016981440605554484,0.0001585370674032439,0.00010137950535503666,5.779717190060179e-05,3.596714155346493e-05,0.00014719013287289338,0.0007015583706874532,0.0009420794804400939,0.00029592809262617105,8.803961196946649e-05,-0.00021059474564867628,0.0009102732340678753
KXNFLNFCCHAMP-27-SEA,5.846829789828297e-05,-5.187324081432545e-05,1.4058579666979991e-05,-0.0016432884067971785,0.0007236491787217082,-0.0002049909857246189,0.001591288721552665,0.0007961374126108673,-0.0019363155042322134,0.0012301943970343227,0.0030852221707562346,0.000880187413744235,-0.0007704275132291522,-0.0007004028971045969,0.0007004028971046229,-0.0008435452518770787,0.00012292549109931878,0.0005808867687758488,0.0002376584816020787,0.0005174076999687166,0.0001814440943281726,-0.00029322612087476197,-0.0008528141102027357,0.0010371562524955195,-0.0012024671360294492,-0.00042313522467259015,0.000617321799173332,0.0014299106905604217,0.00031373384031889857,-3.441146249144012e-05,-0.00034956951657054555,0.000349569516570534,0.0007669130817676233,-7.099982864407883e-05,-0.0017252335872758112,0.0012923207868136602,0.003270583840646672,0.00048077448196215,-0.00048010748034663694,-0.00010594796965073744,-0.0001521249977312863,0.00016568002666205605,-0.00013281452847765157,0.00013281452847764227,0.00038693976870784845,-0.0012340695586510963,0.000548189636205424,-0.0026176058220023814,0.00018273643896734313,0.003266075156790272,-0.002680020021185162,-0.0022836747782558845,-0.009327683788687714,-0.010525213352085533,-0.01044110433380919,-0.02852090098776167,-0.004477625116348551,-0.002101227999459195,-0.01162861465444887,0.1056,-0.010412769502112382,-0.0032007752753150025,-0.0022719672643500776,0.003651119157805238,-0.0003344924129057298,-0.0007667195250250556,0.000766719525025047,0.0007124763252529414,-0.0017462867033822722,0.0014335734283580214,0.0007437235526931288,0.002993060209670413,0.0012531861659606626,-3.4023844844531843e-07,8.662749367371501e-05,5.460950062456245e-05,-0.00024424741000503026,-0.00041443893695255855,-0.000361888465895693,-1.5352182667854948e-05,0.00016483643194298967,0.00023266200264087088,-0.00011885623111238603,-2.795150829611572e-05,0.0006263823223965028,-0.001325142042296532,-0.0016573376500776961,0.002003346370812946,-0.0009095756386329672,-0.0009648190678916214,0.00037531711531826493,0.0002580523616965533,-0.0014744215414778882,7.499362159847035e-05,-0.0007984666605836709,0.000767193191765762,-8.13930081365133e-05,0.00014031535202246398,0.000386440602382319,-2.9259587991831564e-05,0.0001764053528915049,0.0003935988633930746,-0.00016431754371228557,-7.859007148251052e-05,0.0001133334711087643,0.00020836931864829348,-0.0008124035817823497,0.00020047222209487953,0.002409691919974609,0.0019853710542866413,-0.0008307648613798443,0.0014080803771849778,-0.0005343928232335734,-0.0001610599132858488,0.000162741594213568,0.0008759369419899813,-0.000750208835498412,0.0020199770755994664,0.0009875815183843155,-0.0037276534456171673,-0.00024025551253071932,0.0013512104645841388,-0.0021927542144337016,0.0011202288389026318,0.0009703690572640479,0.00015991012433910374,-0.0013138199389366029,0.0013853271383239382,0.0012629415116056707,-0.0028847802490894582,0.0005545901006437494,0.0011258571231930064,-0.00012591654297349064,0.0005649957580624444,-0.0005649957580624524,-0.0007712556647064364,0.0007723413378580345,0.0001293191406429217,0.00012760390455603235,0.00012012693692740118,0.00010672876378530539,9.291283349819232e-05,7.19276996519692e-05,6.615163437425836e-05,6.493990629216027e-05,0.00010878634615939559,8.723301720825374e-05,0.00014242555480256764,5.902395726015339e-05,-0.0004400461914560381,-0.00022667380315409666,-0.0002906281179322217,-0.00016030362345374272,-0.0005700087573625558,-0.0006719441894111663,-0.0006744637282487917,6.118515448211889e-05,3.8451887258132296e-05,2.1670563019140936e-05,1.2561027225537033e-05,5.757716472386666e-05,0.0002766096124308549,0.0003750584609493976,0.00011717283866756269,3.4962317235765836e-05,-8.384643333024113e-05,0.00035976338147581
KXNFLNFCCHAMP-27-SF,0.00014161299112979412,-0.00013257132551272274,2.2432826954801594e-05,-0.004329102418454918,0.0021179935216700157,-0.00041822289634109894,0.004502368325256569,0.0023292151270838234,-0.005061556619739362,0.003469857511087084,0.008496470698965926,0.002535204461813866,-0.0019467471161265146,-0.0018946657494395033,0.001894665749439504,-0.002227169824177659,0.0003215724278493805,0.0015278556263146209,0.0006230180790039383,0.0013505713132838718,0.00047421707379336647,-0.0007689429286249819,-0.002245091741849949,0.0027354219581351103,-0.00319072597453615,-0.0011326628895179196,0.0016111951008961883,0.003796324868991647,0.0008340863617936811,-8.883806164259982e-05,-0.0009758163879878352,0.0009758163879878205,0.0026315244874993795,0.00016998838006904605,-0.0042048814946607305,0.004060406156657253,0.009392338949663494,0.0013070455613215894,-0.0013052019082969001,-0.0003206834145775189,-0.0004416987803118189,0.0003893348098657555,-0.00036232179994443613,0.00036232179994443434,0.001072137864494493,-0.003341323489566483,0.0015180392762813287,-0.007052494697925977,0.0004708849067919834,0.008759199559129826,-0.007235005756338501,-0.0016543454015158288,-0.006856009416624987,-0.007752458176714579,-0.007649136816348657,-0.021240153825550584,-0.0031965313408107827,-0.0014270944734053842,-0.00853343433716145,-0.010412769502112382,0.0819,-0.0022035406038139484,-0.006092011421767213,0.00979008009709613,-0.0008962193838034365,-0.002071455260772388,0.002071455260772379,0.0018829164831453383,-0.004671003803766229,0.0038041369845459505,0.0019484896724902237,0.007990284810022036,0.0033085290727588334,-1.362347888600809e-05,0.00025136107171142566,0.00014723616113706867,-0.00070961871300228,-0.0011622423618055924,-0.0010118617349843654,-5.7123547958923944e-05,0.00044504374723284353,0.0006421264235614057,-0.0003747284583760561,-9.565459283777021e-05,0.0017518407250220597,-0.003599769743569786,-0.0043647923953540725,0.005359777177213635,-0.0023771625797999645,-0.002521251560760208,0.0009962122934704483,0.0007170592054772673,-0.003873515499748601,0.00023041390556941303,-0.0020475852256144483,0.00199033058514344,-0.00012047283922759148,0.0005152064774932768,0.0011646719143515536,3.323739374794872e-05,0.0006008994791399313,0.0011821402639556901,-0.0003263266259805924,-0.00011243587424780669,0.00043784799093653644,0.000684873003837132,-0.002046534823344875,0.0006910494408695587,0.006663117894255682,0.005526426343649141,-0.002077612436085844,0.003974662040785558,-0.0013639317552424856,-0.0004264196863537132,0.0004308436013060941,0.002325855141367094,-0.00204764405558759,0.005384049177470677,0.0026260605040108785,-0.01003319957639993,-0.0006780113199165068,0.0035896072328008644,-0.005915906875717198,0.002970715052913171,0.0025681842431289955,0.0003988304289780558,-0.0035456655769263313,0.003652649773454916,0.0033452700434157797,-0.007747977216344999,0.0014558842900833768,0.0029595249620174126,-0.00036043802757453503,0.0015241014261292932,-0.0015241014261293128,-0.0020711110542573083,0.002074057661417579,0.00034884461993791227,0.0003443086728089158,0.0003228386329295315,0.0002842540923165194,0.0002616725885903386,0.0001745708337982837,0.00018683975787807373,0.0001779412846678489,0.0002847066787420683,0.00022789766390304554,0.0003745350388592609,0.00015717563735416842,-0.0012157663861521097,-0.0006632537132709009,-0.0007610312468910923,-0.00040044412176654034,-0.0015395401578343966,-0.0018132193931848823,-0.0018179729627957463,0.0001697963509324159,0.00010860695494165065,6.192803350803105e-05,3.857425274600364e-05,0.0001576118350510178,0.000751232231482898,0.001008517711896598,0.0003168381487090574,9.425420498236325e-05,-0.00022544869638011612,0.0009746554538202314
KXNFLNFCCHAMP-27-WAS,8.7061134585451e-05,-7.751494252564273e-05,1.959452032486944e-05,-0.002483018191983214,0.001119233456308167,-0.00029487211529730583,0.002442208563183892,0.0012312049807285692,-0.002921207504391197,0.001886824634362451,0.004706895127365424,0.0013563726706103882,-0.0011540383072114334,-0.001064037420295588,0.0010640374202956003,-0.0012761233968171986,0.00018613496064608228,0.0008788590782766912,0.00035960841918063614,0.0007820727800148856,0.00027453808052083675,-0.0004429278661407823,-0.0012895911356806877,0.0015695341798959953,-0.0018206413542473337,-0.0006413315922425909,0.0009330113164912979,0.0021659441843721117,0.00047559268814106317,-5.15515041244275e-05,-0.0005345420930217809,0.0005345420930217872,0.0012200075983550764,-7.294673738825011e-05,-0.002576179748668824,0.002019231445745378,0.005022730154511203,0.0007313791153820613,-0.0007303615200773184,-0.00016673078231126725,-0.00023656804271748565,0.0002441556902965027,-0.00020221419140478545,0.00020221419140478778,0.0005913705468663039,-0.0018760631550743757,0.0008376987406342708,-0.003974879679576745,0.0002746924096018814,0.004954339696503107,-0.004071471441525383,-0.0004460757662187426,-0.002044067829743701,-0.0023404933103329927,-0.002237596898249451,-0.006827839828243488,-0.0007844705280568449,-0.0002147405863155799,-0.0025221043195856755,-0.0032007752753150025,-0.0022035406038139484,0.029099999999999997,-0.0034467401642232663,0.005538777934439312,-0.0005071698535577952,-0.001164675639017267,0.0011646756390172523,0.0010781118645717266,-0.002647803021353437,0.002170746630679612,0.0011238180667718471,0.004536749291469802,0.0018959934693816708,-1.8605757647922837e-06,0.0001334063144222337,8.291437874937628e-05,-0.00037624291429532114,-0.0006340065860893159,-0.0005532998086568153,-2.496708076193713e-05,0.0002503505985195566,0.00035483076352613553,-0.00018619612552249736,-4.4582339771541185e-05,0.0009582839587877338,-0.0020152836629886385,-0.0025062898981853335,0.003037481479543862,-0.0013737563002852806,-0.0014571550410879537,0.0005681372244286307,0.0003937588210466024,-0.0022287511312149163,0.00011649556839195537,-0.0012021738529360334,0.0011570536052480042,-0.00011072708865666054,0.00023103204642538748,0.000603031153315505,-2.979702311767554e-05,0.0002843368389682232,0.0006136602344086302,-0.0002342969935131907,-0.00010640636115525236,0.00018944047188349352,0.0003325988300764589,-0.0012170524586867348,0.000321739921130318,0.0036781625533755186,0.003034645805073522,-0.0012429263503579068,0.002158563044267668,-0.0008022724237950249,-0.00024353631949654465,0.0002460757508489371,0.001326623825033106,-0.0011425483343003085,0.0030607657551773885,0.0014961750715334968,-0.0056593423896389595,-0.0003687241221769995,0.0020458783198858974,-0.003330981612553206,0.0016955465503317555,0.0014680418346239607,0.00023905463077891428,-0.0019958631541477,0.002095397055795676,0.0019112342565679717,-0.004377950415416051,0.0008375623276403136,0.0017022574247327548,-0.00019379943120087192,0.000858145259487628,-0.0008581452594876304,-0.001170529835538017,0.0011721811404996247,0.0001964683454763624,0.00019387151860156542,0.00018232776477936996,0.00016163873637483906,0.00014267203554640327,0.00010659743039411542,0.00010164428084132301,9.905447753870186e-05,0.00016455787960734369,0.00013199343603362266,0.00021550120940739558,8.94496662098412e-05,-0.0006715088356947127,-0.00035006523078700647,-0.00043894899019428213,-0.00024011347239632895,-0.0008657951632082475,-0.0010204561627567606,-0.0010240699585163208,9.338217742634388e-05,5.887407088037095e-05,3.325189677100291e-05,1.9535378302820265e-05,8.765968116951169e-05,0.00042093100338089847,0.0005692660696992654,0.0001780908003227653,5.310011794643366e-05,-0.00012726696830184502,0.0005471056914582915
KXF1-26-GR,-2.3122195919111026e-05,2.1782123654569517e-05,-1.4735343653488723e-06,0.002880288548203656,-0.0015511030172599143,0.00019646783449280057,-0.0032034369773767416,-0.0017051096901204096,0.003342018505062448,-0.002462508469678625,-0.005900898617000579,-0.0018320034516378612,0.0012397232379827024,0.001299140682276251,-0.0012991406822762768,0.0026551041871037302,-0.00037834526420205307,-0.0018124598953909753,-0.0007358405487222296,-0.0015892871801790383,-0.0005579798564925758,0.0009111605823253,0.0026686198119473072,-0.003254914104107732,0.0038222223509335003,0.001369191753777739,-0.0018959933245534387,-0.004547589373332286,-0.0009995890266203222,0.00010463217188122568,-0.00012144712387342593,0.0001214471238734298,-0.002933962890795304,-0.00046822027192187,0.0035380858411518685,-0.004276060886612268,-0.009245727751011915,0.00032353935917384796,-0.00032307672376083137,5.0578180316593636e-05,5.5209500187467555e-05,1.9316907505674987e-05,-0.0001764654438682352,0.00017646544386824378,-0.0005944159035194537,0.001813175547014379,-0.0008411860003293367,0.006783385747381052,-0.00043446865439224637,-0.008390255083037262,0.006971142337350174,0.0011823070529901297,-0.0007421555670267878,-0.0007436484619043692,-0.004766020731576033,0.0023539724476236497,-0.002238662276806459,-0.0014535082832369038,-0.005690825756269555,-0.0022719672643500776,-0.006092011421767213,-0.0034467401642232663,0.0475,-0.04350134648766466,-0.0015010040622707667,0.0006729125691959291,-0.0006729125691959148,-0.002305351866876592,0.005787113281045727,-0.004676535807253262,-0.0023645203293395224,-0.009880558149873089,-0.004046653595668081,8.185093619619403e-06,-9.516316408838568e-05,-5.304463543656333e-05,0.0002688443549942121,0.00043025562505229794,0.00037383373779489095,2.4650822396446772e-05,-0.00016046725711727758,-0.0002351438329308578,0.0001490207548056076,3.970553061318687e-05,-5.7110442222076795e-06,1.3972431414664827e-05,0.00475974179710323,-0.005932734032464325,0.0025730205035251305,0.00272867330561142,-0.0010944754489894681,-0.0008212839309258757,0.004213977481240947,-0.0002858347795424873,0.0021747674977394523,-0.00213864703368613,8.929487856001946e-06,-0.0002707029787182392,-0.0005338832894869409,-6.0491050518828914e-05,-0.0003013902549534887,-0.0005403209337522254,8.621687423555766e-05,5.393898626968591e-06,-0.00023667473828452158,-0.000335254907016851,0.002172385005036052,-0.0009208758840037684,-0.0076699265726736625,-0.00639553841935174,0.0021889437049878785,-0.004650445295337548,0.0014693042889496225,-0.00013134878959270287,0.00013270510959833938,-0.0015361051752817846,0.0013910513154734966,-0.003570232471511494,-0.0017369688469806677,0.006720088363182991,0.00047562027332577857,-0.0023720412252045747,0.003972135445468186,-0.0019594410632246652,-0.0016903490334299084,-0.00043223381011621003,0.004051369540719347,-0.004100980171442399,-0.0037758619598899598,0.008826368919737211,-0.0016357621053770645,-0.0033132709495119947,0.0004260730054159012,0.002060352568808521,-0.002060352568808519,-0.000574262904810176,0.000575083392961162,-0.0010336625683974063,-0.0010204906614078451,-0.0009538603246040219,-0.0008336859245687267,-0.000801684985691848,-0.00047100245284240316,-0.0005737703886604697,-0.0005336119874374665,-6.41792662764602e-05,-5.1460664808222435e-05,-8.44514283598474e-05,-3.5604494685635405e-05,-0.0008314399565741075,-0.0004771100904779991,8.399107748127135e-05,4.3401894409617556e-05,-0.0006911203643394383,-0.0008130761532075464,-0.0008140814514925653,-0.00021869010110611565,-0.0001421629110199467,-8.189535882209271e-05,-5.423975242203888e-05,-0.0002004115384581302,-4.5481623778161984e-05,-6.288740293236623e-05,-1.9198171662905375e-05,-5.8102818297122e-06,1.4129967574014684e-05,-5.918345933049697e-05
KXF1-26-KA,3.702251339438121e-05,-3.5863902354820705e-05,2.3690702805611713e-06,-0.004633618565465101,0.0024868730801339465,-0.0003210244225422739,0.005141390558394375,0.002733956639848205,-0.005376880802799803,0.003952034118559207,0.009477528811223278,0.0029384761103399834,-0.001997590082405726,-0.0020899871133686168,0.0020899871133686528,-0.004265162639471886,0.0006062829302769651,0.0029093007654944192,0.0011803192784781097,0.0025495429142502776,0.0008945516356977956,-0.0014637173304875041,-0.004286146284800698,0.005226289332114525,-0.006141270347612289,-0.0022014710047879695,0.003041729955892355,0.007304899494074998,0.0016050515377975126,-0.00016877528099477858,0.00019318815389533846,-0.00019318815389532948,0.004749121487938247,0.000775084452991386,-0.00566099129623328,0.006906897820076798,0.014896335795331637,-0.0005205140266962937,0.0005197690672034877,-6.150196228671962e-05,-6.840149317009365e-05,-1.6562514331941144e-05,0.0002836080911358897,-0.0002836080911358718,0.0009540021934990072,-0.002913040158339785,0.0013500866789905878,-0.010902172813626244,0.0006991607951243083,0.013486276359597964,-0.01120363973067586,-0.0018985961787094264,0.0011926790282224386,0.0011950393970092863,0.007659158160111792,-0.003783672879359047,0.0035976239432369697,0.002336351335118457,0.009145437690430377,0.003651119157805238,0.00979008009709613,0.005538777934439312,-0.04350134648766466,0.11309999999999999,-0.026098266378745693,-0.0010816699618306168,0.001081669961830602,0.0037035437537126983,-0.009300884913624158,0.007513926627980516,0.0037974260454807247,0.01587869852969626,0.0065007098780705715,-1.38058097468889e-05,0.00015392738231619562,8.529995231801643e-05,-0.0004349076362960638,-0.0006941576991079593,-0.0006029860885259353,-4.043650611513416e-05,0.0002580778243158892,0.00037888326813910646,-0.00024238048106107137,-6.487506287275527e-05,1.0184659065604344e-05,-2.322625367646476e-05,-0.007644853290413233,0.00953578934105141,-0.004131144641224049,-0.00438107114465321,0.0017592641514127209,0.0013223373162120624,-0.006767570680208411,0.0004619680953733342,-0.003488662294689528,0.003433639491489742,-1.867655555407105e-05,0.0004283833397902557,0.0008517326010709635,9.203901742218237e-05,0.0004781826404576176,0.0008621828257444629,-0.00014406485690548728,-1.3024080450490598e-05,0.00037398085518315226,0.0005326784356619077,-0.003484617605514988,0.0014881855112174487,0.012338163847673608,0.01028988216357839,-0.0035104447662859216,0.007484823131870769,-0.002357246317677626,0.00021057524572713234,-0.00021274898649794943,0.002468631243473297,-0.002233088431930246,0.005738751553281195,0.0027911963402612516,-0.010798095048923385,-0.0007619311113729091,0.003813777617637166,-0.00638105085908644,0.0031506131168658634,0.0027184183954682573,0.0006905008551832722,-0.00651545586001415,0.006583689253564067,0.006063551756717875,-0.014189319193132238,0.0026246241380161886,0.00531748903880519,-0.0006880660653593728,-0.0033123243440520045,0.0033123243440520015,0.0009241960409568542,-0.0009255186771334255,0.0016612043295924802,0.0016400425984883934,0.0015330728846545175,0.0013401039286719146,0.0012876304162861285,0.0007583293641608707,0.0009215587583820692,0.0008573233001478601,0.00010235241225840872,8.190823097890376e-05,0.00013499709516924774,5.712124718902349e-05,0.0013358037081649466,0.000765998690693877,-0.00013431681772738441,-6.86519626129215e-05,0.0011102558960013214,0.0013062640123829667,0.0013079923993961585,0.00035169309312070075,0.00022866865850331304,0.00013175181529964024,8.727808310255172e-05,0.0003222352576064092,7.425793804619702e-05,0.00010166635467805706,3.133331497627175e-05,9.428858951172894e-06,-2.2804279699951653e-05,9.652665062916647e-05
KXF1-26-LN,-3.2696381506583696e-06,3.933739761532248e-06,-2.0790577480834383e-07,0.0004277169166037518,-0.00022284362902115626,3.3578080598920946e-05,-0.00046497233481300725,-0.00024511629009339584,0.000496692317523064,-0.00035725508440838415,-0.0008625573423964134,-0.0002642984053982107,0.0001869416282038727,0.0001927028789307818,-0.00019270287893078964,0.00038902023052035,-5.423045202474202e-05,-0.0002637539174581089,-0.00010641393308950938,-0.00023005361917275926,-8.031252639741483e-05,0.00013353140116454122,0.0003904203732618515,-0.0004749559183055577,0.0005610109481029597,0.00020220776057145042,-0.00027458602839194245,-0.0006659848883407975,-0.00014589016043362719,1.5895471439021227e-05,-1.6394350181768127e-05,1.6394350181785366e-05,-0.0004585660868339739,-8.696128663129591e-05,0.0005002727273188323,-0.0006566305471734688,-0.0013896459705886926,4.8024760111054786e-05,-4.795558149052518e-05,-7.400939060013587e-06,-7.149873093489643e-06,-7.85601610172683e-06,-2.5968898579071902e-05,2.5968898579066657e-05,-8.63051901552432e-05,0.00026584902509878825,-0.00012216340676079676,0.00099791670453622,-6.473667488742638e-05,-0.0012357662885793107,0.001025228665370359,0.00017242615798950412,-0.00010957270699763115,-0.00010976137979374449,-0.0007012371239722107,0.0003462468459319142,-0.0003296693601851254,-0.0002146257099651228,-0.000837277665930751,-0.0003344924129057298,-0.0008962193838034365,-0.0005071698535577952,-0.0015010040622707667,-0.026098266378745693,0.029099999999999994,9.917084848833554e-05,-9.917084848833355e-05,-0.00033799072172305684,0.0008514438428981106,-0.0006864602685021843,-0.00034577803879920927,-0.001452897881098206,-0.0005931087816733172,1.7268959325061892e-06,-1.4783886323074195e-05,-7.839650211467766e-06,4.1808422772004366e-05,6.542166675037473e-05,5.672911857066421e-05,4.2802733819251025e-06,-2.3748284394279045e-05,-3.5361714104703026e-05,2.422645352168279e-05,6.690849154732915e-06,-1.5862732664893527e-06,2.6371133184692443e-06,0.0006962433547443604,-0.0008735769974925314,0.00037512415352811883,0.0003978318560442292,-0.0001612608862224561,-0.00012282088448178566,0.0006158296189293069,-4.4200270422124516e-05,0.000314530500496848,-0.0003117579206631688,5.030173087229216e-06,-3.413644939240918e-05,-7.318564476562714e-05,-4.471963016768858e-06,-3.906382898269722e-05,-7.421958239214177e-05,1.7369368667142288e-05,4.534976146602274e-06,-2.9370175075356703e-05,-4.410645165164474e-05,0.00031380666702159,-0.00014242241736867615,-0.001137876941394403,-0.0009502915828141162,0.0003156061238314933,-0.0006932349705481722,0.00021249621895169925,-1.8896250709860217e-05,1.9090900090956814e-05,-0.0002258166297009162,0.00020255584836127553,-0.0005258488465027393,-0.00025515146415327014,0.00098683354305538,6.795332779578797e-05,-0.0003501773083101562,0.0005820456573158297,-0.00028943892576057675,-0.00025008551991746145,-6.021614449690821e-05,0.0005994384906830198,-0.0005973592459967928,-0.0005515269046418646,0.0013016240338841708,-0.00023715813614088807,-0.0004812721827178349,6.533834457056367e-05,0.0003038910981228866,-0.000303891098122884,-8.548361482503728e-05,8.560746216347045e-05,-0.000152013014354572,-0.00015008124704416352,-0.0001403771736592362,-0.0001228440982560805,-0.00011724808452746741,-7.044168708108717e-05,-8.390892577667656e-05,-7.826611648895909e-05,-8.810444570200293e-06,-6.9365264726124005e-06,-1.1844022786531871e-05,-5.157848662256008e-06,-0.00012196465235224491,-6.95713185185856e-05,1.1819876639295182e-05,5.501747238460759e-06,-0.00010128004549606546,-0.00011922612517757233,-0.00011946543386919632,-3.232868001908987e-05,-2.104360884347746e-05,-1.2138880750802542e-05,-8.038989805092907e-06,-2.958484890790475e-05,-7.422746700238931e-06,-9.669992329287924e-06,-3.1474745011139963e-06,-9.164767152146825e-07,2.142828814077799e-06,-9.62039750497043e-06
SENATEME-26-D,-0.007097476599961116,0.0072209118134200926,-0.0004649049798306698,0.0010199913713714057,-0.0005546602916711925,6.674190328864613e-05,-0.0011430207388943713,-0.0006100512189967138,0.001179545524548201,-0.0008769254760707921,-0.00209709320397541,-0.0006540015067823472,0.00043665874596221304,-0.014816252717680882,0.014816252717680889,0.0007102350903618166,-0.00010031093680762572,-0.0004835452417759224,-0.000195835402356091,-0.0004233813598669718,-0.00014823609489939736,0.0002439752735537596,0.0007136353441177164,-0.0008691530637245839,0.0010225735032683,0.00036691435678024,-0.0005052083951062167,-0.0012152572017262307,-0.0002666370267106865,2.8543751995830295e-05,-0.01478849358278081,0.014788493582780827,0.0013592099512485093,0.0002155877840185892,-0.0016357117696780372,0.001980499862205753,0.004277222550116019,-0.022831878253861366,0.022799137256095288,-0.016030827556868223,-0.02175971251041578,0.01734524282057326,0.04071882703844759,-0.04071882703844759,0.0013209562392086868,-0.004043472782648877,0.0018694882763884832,0.0037511916160028807,-0.00024330268976360274,-0.004645705389797792,0.003852626684174446,0.000407408843312019,-0.000243976459926622,-0.0002444122456882385,-0.0016184859541815873,0.0008161437076151053,-0.0007542428566945515,-0.0004868449375580732,-0.0019348233080367149,-0.0007667195250250556,-0.002071455260772388,-0.001164675639017267,0.0006729125691959291,-0.0010816699618306168,9.917084848833554e-05,0.21760000000000002,-0.21760000000000002,0.00010107046132275222,-0.00025714442355441767,0.0002059709385864005,0.00010270117634646974,0.0004381399960508536,0.00017722036737745313,5.15554523708763e-05,-0.0005292726936724682,-0.0002896948906390387,0.0014957675255251146,0.0023740274842420275,0.0020611990271180614,0.0001430834298462196,-0.0008767630547712895,-0.0012922484237020092,0.0008430646121681069,0.00022776088992711727,0.0010573816622166338,-0.0021217222770791274,0.0002597201272516287,-0.00033342418003410885,0.00013828754067250618,0.0001466726430099015,-6.153563860219258e-05,-4.932969034596513e-05,0.00022894956168941272,-1.9610429085613412e-05,0.00011253408888998862,-0.00011456699315968916,1.7535842747683756e-05,-0.00030930902682869943,-0.0006196996483738632,-6.35561827984722e-05,-0.00034617989330795946,-0.0006273608736052512,0.00010896272970520631,1.3403340531815437e-05,-0.0002695353216460871,-0.0003861375600772406,0.0006072833327010914,-0.00026681596067470667,-0.002174020686367394,-0.0018143531150257319,0.0006111501488128432,-0.001321604601216166,0.0004117765856701316,-0.0008090389330531154,0.0008173851984620663,-0.0013763304857185295,0.001239347679983701,-0.0032020158032254895,-0.0015556239503365008,0.006016372725319562,0.0004191910066933601,-0.002130220848912674,0.0035518061483446506,-0.0017603032092094457,-0.0015199392959641368,-0.0001835322947618551,0.0017091820241391478,-0.0017258301295780725,-0.001594394270152602,0.0037249561237004255,-0.0006923027501833583,-0.001392011166994405,0.00017847938125113553,-0.022628730989310605,0.022628730989310602,0.03393228707756315,-0.03398100974344923,0.00622870847424197,0.0061494307283164315,0.005749184496029385,0.0050268121976935545,0.004822529430160229,0.0028533019154552497,0.0034515022534649916,0.0032126825301299184,0.003579458400609012,0.0028529179760688975,0.00474388184839075,0.002022324889275342,-0.0012223950097964998,-0.0006976257873024087,0.005450816719505522,0.00272080290624009,0.005405982770801544,0.0063612311894326095,0.006370717756366748,0.0007779814560193702,0.0005061429985003332,0.00029176544869883686,0.00019349927021723983,0.0007124191945111672,0.006423019713167746,0.008536186811997241,0.0026989087624402757,0.0008000544890584456,-0.0019075344666134122,0.008314564669019767
SENATEME-26-R,0.0070974765999611035,-0.007220911813420097,0.0004649049798306919,-0.0010199913713714098,0.0005546602916711345,-6.67419032886304e-05,0.0011430207388943227,0.0006100512189967531,-0.0011795455245482143,0.0008769254760708025,0.0020970932039753743,0.000654001506782347,-0.0004366587459621723,0.014816252717680879,-0.014816252717680875,-0.0007102350903618361,0.0001003109368076375,0.0004835452417759166,0.00019583540235609855,0.0004233813598669544,0.00014823609489939796,-0.00024397527355375808,-0.0007136353441177188,0.0008691530637245626,-0.0010225735032683104,-0.00036691435678018583,0.0005052083951062206,0.0012152572017262008,0.0002666370267107557,-2.8543751995839786e-05,0.014788493582780789,-0.014788493582780803,-0.001359209951248499,-0.00021558778401858643,0.0016357117696780463,-0.0019804998622057635,-0.004277222550116031,0.022831878253861362,-0.02279913725609528,0.01603082755686821,0.021759712510415766,-0.017345242820573245,-0.040718827038447564,0.04071882703844759,-0.0013209562392086818,0.004043472782648862,-0.0018694882763884847,-0.0037511916160028846,0.00024330268976360044,0.004645705389797821,-0.0038526266841744637,-0.0004074088433120241,0.00024397645992662022,0.0002444122456882452,0.001618485954181608,-0.0008161437076151053,0.000754242856694551,0.00048684493755807437,0.0019348233080366836,0.000766719525025047,0.002071455260772379,0.0011646756390172523,-0.0006729125691959148,0.001081669961830602,-9.917084848833355e-05,-0.21760000000000002,0.21760000000000002,-0.00010107046132274623,0.00025714442355443626,-0.00020597093858638058,-0.00010270117634647391,-0.0004381399960508475,-0.00017722036737747516,-5.1555452370864526e-05,0.0005292726936724668,0.000289694890639035,-0.001495767525525119,-0.0023740274842420223,-0.0020611990271180445,-0.00014308342984621929,0.0008767630547712802,0.0012922484237019994,-0.0008430646121681043,-0.00022776088992712293,-0.0010573816622166275,0.0021217222770791334,-0.00025972012725163307,0.00033342418003411324,-0.00013828754067251518,-0.0001466726430099102,6.153563860219688e-05,4.932969034595938e-05,-0.00022894956168939922,1.9610429085619775e-05,-0.00011253408888999095,0.00011456699315968909,-1.7535842747700574e-05,0.0003093090268287081,0.0006196996483738506,6.355618279848788e-05,0.0003461798933079421,0.0006273608736052639,-0.00010896272970518784,-1.3403340531810189e-05,0.00026953532164608303,0.0003861375600772422,-0.0006072833327010701,0.000266815960674707,0.002174020686367384,0.0018143531150257195,-0.0006111501488128407,0.0013216046012161499,-0.0004117765856701426,0.0008090389330531251,-0.0008173851984620748,0.0013763304857185269,-0.0012393476799836805,0.003202015803225468,0.001555623950336503,-0.006016372725319555,-0.0004191910066933657,0.002130220848912678,-0.0035518061483446476,0.0017603032092094431,0.001519939295964135,0.00018353229476185073,-0.0017091820241391543,0.0017258301295780805,0.0015943942701526015,-0.0037249561237004325,0.0006923027501833588,0.0013920111669944077,-0.00017847938125112228,0.022628730989310578,-0.022628730989310585,-0.03393228707756311,0.033981009743449184,-0.006228708474241961,-0.0061494307283164506,-0.005749184496029382,-0.005026812197693551,-0.004822529430160219,-0.002853301915455241,-0.003451502253464988,-0.003212682530129904,-0.0035794584006090154,-0.002852917976068903,-0.004743881848390752,-0.0020223248892753337,0.0012223950097965098,0.0006976257873023926,-0.005450816719505508,-0.002720802906240094,-0.005405982770801533,-0.0063612311894326,-0.0063707177563667484,-0.0007779814560193727,-0.0005061429985003331,-0.0002917654486988445,-0.0001934992702172423,-0.0007124191945111504,-0.0064230197131677465,-0.008536186811997248,-0.002698908762440284,-0.0008000544890584323,0.0019075344666133953,-0.008314564669019763
KXMLBAL-26-CLE,0.0006318305979932531,-0.0006440340043264006,4.002533669259169e-05,-0.0014317387092414862,0.0007592691297266386,-0.00010464699058252555,0.0015757428218906868,0.0008349854347378626,-0.0016609555199609428,0.0012105582911570195,0.0029111051495344107,0.0008984152176790645,-0.0006206295266257168,0.0001633282771840643,-0.00016332827718405887,-0.0009508323543017965,0.00014015897076586852,0.0006561439556731491,0.00026900058061279995,0.0005804969704854284,0.00020548010970881806,-0.00032649252934521486,-0.0009582271374799043,0.0011730673709885696,-0.0013641258143788004,-0.00048339420694750563,0.0006920249848524285,0.0016284170803444083,0.0003597057017123472,-3.546799983261376e-05,0.0004109571045985762,-0.0004109571045985953,0.0010380323627174877,0.00011459494509393929,-0.001457705431056034,0.0015581436496919054,0.003490401227630823,-0.0007441298843904676,0.0007430670195603422,0.0006700747855503076,0.0009584629778594555,-0.000996844115582667,0.0004940420256657665,-0.0004940420256657582,-7.65222636863211e-05,0.00023747351332138676,-0.00010831807250192473,-0.0018620460648235981,0.0001223105352273068,0.0023093661268384557,-0.00191034000949555,-0.00035520754365039794,0.00024416781049009983,0.00024475091498870824,0.001476775693880068,-0.0006998461444470614,0.0007042127587957204,0.0004625310252450599,0.0017593126401421076,0.0007124763252529414,0.0018829164831453383,0.0010781118645717266,-0.002305351866876592,0.0037035437537126983,-0.00033799072172305684,0.00010107046132275222,-0.00010107046132274623,0.06510000000000002,-0.007703968603930814,-0.005582471859665561,-0.0013795126903826606,-0.016083096420726056,-0.0027772052947240703,1.0880919062626788e-06,7.820225890827824e-06,5.993138928897015e-06,-2.2139611357278583e-05,-4.1908645920656736e-05,-3.6944331702701185e-05,-1.1569427207688199e-07,1.8359233270789646e-05,2.4437898682851304e-05,-8.086612712964716e-06,-1.1815611942694682e-06,0.00015567348723580883,-0.00031905670525200167,-0.0018227015197550527,0.0022628920998182447,-0.0009872861100082928,-0.001047064281853331,0.0004186257646223971,0.0003105544201718781,-0.0016147784964401746,0.00010600626376929735,-0.00083882841279724,0.0008226842858140667,-1.0631187091051597e-05,0.0002640386360427128,0.0005214912199181569,5.802462430008444e-05,0.00029422061966892586,0.0005276903065155263,-8.437803563696377e-05,-7.15835098704865e-06,0.0002306142360433528,0.0003273329295231253,-0.0004948091376069791,0.00021051290382749794,0.0017492411408952587,0.001457908467904099,-0.0005005381692025309,0.0010595580755973738,-0.0003287953681549831,3.669146888939863e-05,-3.707036100075939e-05,0.0006027983014688217,-0.000545629585119134,0.0013983157503448724,0.0006816976185818779,-0.0026307916522095363,-0.0001873363467519578,0.000928472990077434,-0.0015561966293878985,0.0007670172520921508,0.0006613667114578649,0.00011936536061972028,-0.0011273755514395777,0.0011457995247833542,0.0010497624725461327,-0.0024550293357311842,0.00045311656140645425,0.0009274858927067404,-0.00011953136489342199,-0.0008701206712006985,0.0008701206712007015,-0.00029705156815316015,0.0002974833807851848,0.00018988183004819853,0.0001874240209115938,0.0001750070858709135,0.000152764803617985,0.0001480981746851158,8.493545364568677e-05,0.00010591483522441275,9.844338020622296e-05,-0.00028188567770963836,-0.00022388266513229463,-0.0003750843132473416,-0.00016085648308954088,4.5283432216133984e-05,2.771099755259032e-05,-0.000312480915114103,-0.0001584798686889837,-3.253415368097182e-05,-3.8557151325437936e-05,-3.8961934776818636e-05,0.0005349859097999627,0.00034736380211119273,0.00019999815433166258,0.00013163726273984533,0.000490674126321724,-0.00015483652169130015,-0.00018937381833568462,-6.362494745711594e-05,-1.822886689937317e-05,4.20891210356812e-05,-0.00019749812702177922
KXMLBAL-26-CWS,-0.0015921348599304782,0.001619990026845949,-0.00010395925711838229,0.003591818749538784,-0.0019154597977029987,0.00025609772778421007,-0.0039679377520058816,-0.0021060576931313697,0.004168211959851747,-0.003049542842294505,-0.007323899238575973,-0.0022650671608946096,0.0015530882921745463,-0.00038613926695781943,0.00038613926695780924,0.002366987216550635,-0.0003370892145536981,-0.0016155209778538823,-0.0006557863033880272,-0.0014165910853520681,-0.0004972256038896014,0.0008124407693560181,0.002379086281949404,-0.002901330194825774,0.0034072199403152926,0.0012205287688468744,-0.0016900062535319038,-0.004053404299786867,-0.0008908063204025714,9.346404695517361e-05,-0.0010011001383953351,0.0010011001383953444,-0.0028821931413954855,-0.00046525509362552067,0.0034598817437304927,-0.004196927827551941,-0.009067168538941248,0.0018758755818230404,-0.0018731874438450142,-0.001992985844289241,-0.0027231929843701715,0.0022561404881350296,-0.0012409665456822494,0.001240966545682233,0.0001958589056315259,-0.0006006486679775347,0.0002771968514000391,0.004692697146063476,-0.00030271406771596135,-0.005808470736035232,0.004820935119409614,0.0009005495678413153,-0.0005752335045928706,-0.0005763825516950312,-0.0036558468176762686,0.0017942053026677083,-0.0017216316934041895,-0.0011206357447021468,-0.004363655384069071,-0.0017462867033822722,-0.004671003803766229,-0.002647803021353437,0.005787113281045727,-0.009300884913624158,0.0008514438428981106,-0.00025714442355441767,0.00025714442355443626,-0.007703968603930814,0.0979,-0.008805332384861392,-0.00220614006091192,-0.02530456270801653,-0.004406551781253794,1.826025730240875e-06,-2.742308916857376e-05,-1.5785609238764498e-05,7.750027711023222e-05,0.00012603899754648392,0.0001096779786687625,6.51420027124216e-06,-4.784709252550409e-05,-6.934787421204059e-05,4.1684831780397146e-05,1.080818818623703e-05,-0.0004031142825188138,0.0008103164942057586,0.00455511752469983,-0.005683748798548978,0.002461089720702435,0.002610013291434002,-0.0010491040276834954,-0.0007888960465844931,0.004032259959317738,-0.00027616511763306885,0.0020776234828544355,-0.002046253934258447,3.850773513100942e-05,-0.0006390509627371148,-0.0012858963051496294,-0.00012887848500502504,-0.0007161378146101306,-0.001302031330392139,0.00023170389500273847,2.994094871279977e-05,-0.0005565988732901215,-0.000799443756522341,0.0012439300226648343,-0.0005337879166733703,-0.004412469861015848,-0.0036800668264832764,0.001253680478013522,-0.0026772212090009316,0.0008395267423922837,-8.799650313861789e-05,8.890504782072645e-05,-0.0015105372337037603,0.001364147712329832,-0.0035114570727922123,-0.001707730177469158,0.006603417328439537,0.00046432706886316674,-0.0023342543278182613,0.003901337283064641,-0.0019285697715482233,-0.0016643191503539984,-0.0002961708393022854,0.0028326867019632714,-0.0028559369166261173,-0.002628929110171217,0.006164339606160476,-0.0011353973468287122,-0.0023064434251796754,0.00030186532429932807,0.002196767380734673,-0.0021967673807346856,0.0007346634138679633,-0.0007357212352312804,-0.0004762183819646157,-0.00047013845047114936,-0.0004394428236439684,-0.0003841186739370688,-0.00036917577762231974,-0.00021726447489371468,-0.0002641843476759811,-0.00024584870387427517,0.0007162184815563224,0.0005705071571833222,0.000949859349416526,0.00040534651204418234,-0.00010966735262315236,-6.359704770554071e-05,0.0007808146375056586,0.0003909855135917665,8.566032108768223e-05,0.00010092252105364724,0.00010123195515273828,-0.0013490940981584,-0.0008773717248307428,-0.0005056372848836537,-0.00033491505197714554,-0.001235786272270506,0.0003537217943890361,0.0004633042879032809,0.00014803899358605183,4.3622082692330424e-05,-0.00010343629756953129,0.0004566769944186146
KXMLBAL-26-HOU,0.0012833892460864713,-0.0013073777884969502,8.216815434348244e-05,-0.002903658085059476,0.0015429649577980615,-0.00021035422409836508,0.003200054547205105,0.001696714863754318,-0.0033688898267773115,0.002458762481745109,0.005909959493826492,0.0018253144833675664,-0.0012575369021586061,0.00032468415289681955,-0.00032468415289680107,-0.001923276976490597,0.0002801959899690757,0.0013222017684600207,0.0005402381695630014,0.0011662253345482705,0.0004116323018637294,-0.0006603209566734957,-0.001936474456478108,0.0023675115783348306,-0.0027624299338363653,-0.0009825695995181521,0.0013906374959054054,0.003293726086929607,0.0007262814953377932,-7.319267686346233e-05,0.0008251734839021579,-0.0008251734839021694,0.002182824841281991,0.0002820403265367566,-0.0029013676500308895,0.003240425674397247,0.007165604581850144,-0.001511695245714047,0.0015095335987674067,0.0014456336186859792,0.002032387880524262,-0.0019537802171524414,0.001002409947934148,-0.0010024099479341423,-0.0001562785651147919,0.0004829863199165554,-0.00022120180169092287,-0.0037823817082084567,0.00024690966448004316,0.00468780805911026,-0.0038822970699877637,-0.0007229968211834775,0.0004848483754815472,0.0004859434396384631,0.002981476278718357,-0.0014300478376796412,0.0014157259463542472,0.0009270505419805577,0.003554215867417208,0.0014335734283580214,0.0038041369845459505,0.002170746630679612,-0.004676535807253262,0.007513926627980516,-0.0006864602685021843,0.0002059709385864005,-0.00020597093858638058,-0.005582471859665561,-0.008805332384861392,0.07359999999999998,-0.0015706885105976436,-0.01837489879854172,-0.0031673340463889295,9.426952305283525e-07,1.8029322462563012e-05,1.2364613333575402e-05,-5.1002715925064265e-05,-9.080413222633553e-05,-7.965010409486623e-05,-1.9634345134500242e-06,3.773319843352322e-05,5.17987324702754e-05,-2.2342639463488167e-05,-4.574395726672011e-06,0.00031922454016208835,-0.0006498385933999683,-0.003691775382278223,0.004591286245687373,-0.0019979571075426873,-0.002118903901620962,0.0008487056893353823,0.0006325611799130322,-0.0032697396491122004,0.00021783176236680758,-0.0016938028949882887,0.0016635895218555237,-2.487378387098204e-05,0.0005289800444294324,0.0010513954665147753,0.00011301662273365942,0.0005905755449355698,0.0010641304342800784,-0.00017671974021003035,-1.7871048643953224e-05,0.00046158180652550163,0.0006577972573265691,-0.00100450594613984,0.00042825196353526274,0.003554068594433392,0.0029627836750207564,-0.0010148492587400194,0.002153909487338791,-0.0006711250877022549,7.328614774417959e-05,-7.404296181189056e-05,0.00122205163706804,-0.0011052861971220446,0.002836900155864465,0.0013818589958443993,-0.005336506844758544,-0.000378358870859202,0.0018844306481696509,-0.0031553714221891666,0.001556802895011103,0.0013427558927469664,0.00024110684858162727,-0.0022877485686066653,0.0023186053511832262,0.00212768401033276,-0.0049806454302123646,0.000918525210519552,0.0018753470819881605,-0.00024303676279175985,-0.0017685597363636969,0.001768559736363696,-0.0005995156125470545,0.0006003843455194061,0.00038506232564585667,0.00038010154517085647,0.00035504537232517694,0.0003100680889519008,0.00029970161279120226,0.00017342549041292335,0.000214381727086409,0.00019934272189355506,-0.0005742311808658556,-0.0004565411189852144,-0.0007631989005550401,-0.0003267389677104657,9.07465178741819e-05,5.4557136177850354e-05,-0.0006328747829272151,-0.00031956914282532244,-6.710400608481921e-05,-7.936167211426313e-05,-7.998686657212923e-05,0.0010869593846220798,0.000706153668984548,0.00040670994687421976,0.00026828675962527985,0.0009964899125206545,-0.0003043933813225252,-0.00038080203871035726,-0.00012582564699789158,-3.638495951010959e-05,8.476405582394486e-05,-0.00038978576654169836
KXMLBAL-26-SEA,0.0006461185658689624,-0.0006594032000646526,3.987695915276579e-05,-0.0014702655430872352,0.0007741996991567136,-0.00011074367032942368,0.001610396672862151,0.0008515766190225647,-0.0017053675788231807,0.0012367678270079837,0.0029789976957392108,0.0009168515785020548,-0.000639370477661433,0.0001750789508239181,-0.00017507895082389724,-0.0009816679971592006,0.00014872824570558125,0.0006834867595528952,0.00028242746361366875,0.0006088927289474818,0.00021699062975739732,-0.0003371113789335465,-0.000991373454762745,0.0012175675972280675,-0.0014046925748116583,-0.0004933998745788044,0.0007254420537526776,0.001681677388415102,0.00037305941907124344,-3.4806971426074027e-05,0.0004309949103027792,-0.00043099491030278386,0.0009740552883306798,5.884576601648397e-05,-0.001561091555241189,0.0015047183925881527,0.003480270448443953,-0.000760842882881823,0.0007597590300547638,0.0005902691767560852,0.0008840839350663891,-0.0010990954398107195,0.0005064453190731224,-0.0005064453190731107,-7.726914998441892e-05,0.00024212385984934078,-0.00010938993134266693,-0.0019040593126264799,0.0001268590355685411,0.0023651928024982453,-0.001951368421344796,-0.0003619637561800698,0.0002619294806954132,0.00026263053989800437,0.001530524963770341,-0.0007064335359947493,0.0007364296545056173,0.00048667566488096295,0.0018207857732527003,0.0007437235526931288,0.0019484896724902237,0.0011238180667718471,-0.0023645203293395224,0.0037974260454807247,-0.00034577803879920927,0.00010270117634646974,-0.00010270117634647391,-0.0013795126903826606,-0.00220614006091192,-0.0015706885105976436,0.0196,-0.004570778574121322,-0.0007626760477227979,2.511226993483345e-06,5.583870024260866e-06,5.896866294947383e-06,-1.5875249882476174e-05,-3.6476493296777823e-05,-3.260423403885358e-05,1.8136590998449849e-06,1.8260313115319935e-05,2.2543198832558763e-05,-1.6770243884292847e-06,1.212098395006805e-06,0.00015574238247802912,-0.0003242540329651709,-0.0018759359056351134,0.0023201542761828106,-0.0010180514795483384,-0.0010797255882233122,0.0004300444891349814,0.00031568665173212256,-0.0016629522214316641,0.00010564416373199996,-0.0008691397979711975,0.000849866559866535,-6.870283662315835e-06,0.00027874602414719864,0.0005426056205759748,6.515323423269516e-05,0.00030925287456147086,0.0005487781220784675,-7.992317110413507e-05,-3.2590281321104307e-06,0.0002439896870509079,0.00034315287581796014,-0.0005032594044220014,0.00021814684845906923,0.0017918271763361065,0.0014933853440575388,-0.0005104575422866378,0.0010857195180201142,-0.00032973799375460647,3.895805667135121e-05,-3.935936085525527e-05,0.0006193630100313014,-0.0005615452346674932,0.0014340325801527275,0.0007006034532317561,-0.0026988207108478986,-0.00019416017976765082,0.0009512895571390377,-0.0015980628764601429,0.0007857990984003227,0.0006770896684210278,0.00012430605320916074,-0.0011546772400968697,0.0011822159546958546,0.001079512526715631,-0.0025168195790269987,0.00046626784013641944,0.0009586360028201851,-0.00012134810444384869,-0.0008885943865847286,0.0008885943865847336,-0.00030823211596498276,0.00030868261282126033,0.00019490945065193374,0.00019235976689377133,0.00017946977371527368,0.0001564888860345213,0.0001527527890893835,8.580162166395747e-05,0.00010919095735258652,0.00010138876401068469,-0.0002861505340981768,-0.0002266642470887566,-0.0003818877788912819,-0.00016447220129150824,4.768439686340058e-05,3.0245237723603463e-05,-0.00032174310465728944,-0.0001648710973969781,-3.2154125593929426e-05,-3.8286801048246445e-05,-3.8916096851142427e-05,0.0005466701881476964,0.00035445259699249835,0.00020391342526014238,0.00013344760842782488,0.0005019365591034011,-0.00016959504382341308,-0.00019798264854020893,-6.887025764407824e-05,-1.935835908612716e-05,4.3856532058195924e-05,-0.0002146400773703973
KXMLBAL-26-TB,0.00271662580088965,-0.0027649158690034883,0.0001764954057468386,-0.006133520393151414,0.0032670466059322584,-0.00043963415507092566,0.006770378746987874,0.0035922651203931766,-0.007117483019761889,0.005203006988879669,0.012499155086730437,0.0038638723353227504,-0.002653533672624454,0.0006658770587867884,-0.000665877058786794,-0.0040468142955559115,0.0005797411829938785,0.0027672074080891734,0.0011251986195686594,0.002430127666095876,0.0008542329004588697,-0.0013890820150072023,-0.004069294501661573,0.004965856348366757,-0.005822078832532811,-0.002081826605488269,0.0028987914664132123,0.006930306805556617,0.0015243924598839593,-0.00015827553792430822,0.0017175908912662398,-0.0017175908912661821,0.004842898355231839,0.0007440450635928346,-0.005963697929985328,0.007085107795288399,0.015394764052093066,-0.0032006190601296816,0.003196035013636676,0.003317306743130869,0.0045622847973731335,-0.0039195409597113234,0.0021185207364716337,-0.0021185207364716324,-0.00033334486684290725,0.0010242535145743668,-0.00047179132133289865,-0.008006945839443091,0.0005180457858827915,0.00991394840627904,-0.008223951618732496,-0.0015352640594783777,0.0009924040395500587,0.000994454602855679,0.006255847422143007,-0.0030531256024939595,0.0029520284302058646,0.0019243162250154565,0.007464723039454231,0.002993060209670413,0.007990284810022036,0.004536749291469802,-0.009880558149873089,0.01587869852969626,-0.001452897881098206,0.0004381399960508536,-0.0004381399960508475,-0.016083096420726056,-0.02530456270801653,-0.01837489879854172,-0.004570778574121322,0.1771,-0.009167084871658071,-1.873496271840192e-06,4.4672201239203526e-05,2.673958060927045e-05,-0.00012628482257957853,-0.000209450424261338,-0.00018259159919157105,-9.411868677020133e-06,8.119792985051882e-05,0.00011618638283285593,-6.530337048080345e-05,-1.6302893691004854e-05,0.0006848179689196905,-0.0013808686152485844,-0.007782792353876773,0.009703270269061665,-0.004206696657731081,-0.004461276137366242,0.0017917128945548935,0.0013443699317715275,-0.006890345161843869,0.00046875419973376115,-0.0035549636144273184,0.0034989354471484896,-6.234974181904378e-05,0.0010978254151530766,0.002202042854561608,0.00022482239235863252,0.001229059564894643,0.00222943032530425,-0.0003899542107283632,-4.768092879445623e-05,0.0009566438637886829,0.0013712382475603857,-0.002121778132896786,0.0009115061770717451,0.007529505521461203,0.006279355273594704,-0.002139649656929321,0.004567954512503327,-0.0014281772856641166,0.00015138710041641437,-0.00015294975912326527,0.002579841267738166,-0.0023306700054440996,0.005994986376607513,0.002916774778336372,-0.011274577454199837,-0.0007944729857765518,0.003984425037282051,-0.006662463511465122,0.0032918855720401497,0.0028404349607435756,0.0005070242794227482,-0.00483520961011753,0.004881992700810269,0.00449062982120869,-0.010523807516749247,0.0019395214953715123,0.003944167880959097,-0.0005145385827549005,-0.003747206123631791,0.003747206123631797,-0.0012573975289697599,0.0012592105241200824,0.0008131937581150052,0.0008027882323206877,0.000750247218781161,0.0006556461448123665,0.000631040215059538,0.0003698077529754685,0.000451530293035245,0.0004201060310700816,-0.0012203378467366933,-0.0009715770336727507,-0.0016193488461672613,-0.0006916244453824767,0.00018834216427592916,0.0001102150412469095,-0.0013341593606708124,-0.0006695134974136804,-0.00014516465198140342,-0.000171182934079007,-0.00017190323093288544,0.0023016170577754816,0.0014964261583636025,0.0008622655709949182,0.0005705105833156204,0.0021087615358085284,-0.0006134687811671818,-0.0007943250194155697,-0.0002559457952044393,-7.506231579106236e-05,0.00017720781004528066,-0.0007903834154394891
KXMLBAL-26-TEX,0.0011086955282652675,-0.0011302767676518097,7.00326920580273e-05,-0.0025134533038243517,0.0013319732248218087,-0.0001842737112942784,0.0027649307528155673,0.0014648317311831095,-0.002915788562866101,0.00212407069420332,0.005108720682064104,0.0015762057981560636,-0.0010898794631936837,0.0002881594700352241,-0.0002881594700351995,-0.0016702655088924217,0.00024697318983845864,0.0011537595308328307,0.0004734308549574257,0.0010215479625011888,0.00036187609737134456,-0.0005735385034024047,-0.0016836534216131732,0.002061877455082596,-0.0023955619051530307,-0.0008480594006606995,0.0012177308060998043,0.002860602010301419,0.0006321866509859985,-6.19628220073572e-05,0.0007232141833858317,-0.0007232141833858315,0.0018046431582141623,0.00018987769968479402,-0.0025714228845639636,0.0027170615821098462,0.006107589444962775,-0.0013057255452120027,0.001303861084063353,0.001157349327225747,0.0016631819189177894,-0.0017646925447159607,0.0008671547409730328,-0.0008671547409730395,-0.00013408760691860662,0.0004165653185886258,-0.00018980521050391205,-0.0032673832303947384,0.00021496455349754743,0.004053022422146522,-0.003351725422316363,-0.0006230168773909795,0.00043086595912189096,0.00043190936067204563,0.0025953456974779085,-0.0012262126996265903,0.0012389150668858091,0.0008143234842365801,0.0030913825002748365,0.0012531861659606626,0.0033085290727588334,0.0018959934693816708,-0.004046653595668081,0.0065007098780705715,-0.0005931087816733172,0.00017722036737745313,-0.00017722036737747516,-0.0027772052947240703,-0.004406551781253794,-0.0031673340463889295,-0.0007626760477227979,-0.009167084871658071,0.0384,2.1844670553033886e-06,1.325114983974336e-05,1.0472342024196526e-05,-3.7526396880874756e-05,-7.229206987365927e-05,-6.381619988736316e-05,1.752358699852416e-07,3.211652933101226e-05,4.240542100641895e-05,-1.289761281466037e-05,-1.5987116982240516e-06,0.0002724932985356331,-0.0005594673362895831,-0.0032007043735046577,0.003971950433746009,-0.0017340763761095356,-0.0018390773213365376,0.0007349501068936457,0.0005445637977941684,-0.0028357853524275836,0.00018546698642871152,-0.0014741435230602477,0.0014452620681062389,-1.789644119782632e-05,0.00046498740290006545,0.0009168637410827867,0.00010292594255485648,0.0005178813896315331,0.0009277094536128516,-0.00014684738951742076,-1.1791011621257213e-05,0.0004062255935306369,0.0005759925618417914,-0.0008679607743928429,0.0003697039734980815,0.0030697629223334997,0.002558447698976481,-0.0008782834124618664,0.0018593879667112975,-0.000575878116595323,6.466081661632211e-05,-6.532841050956133e-05,0.0010583072990800017,-0.0009581249979068514,0.002454457285657597,0.0011968608322600026,-0.004617990702433567,-0.0003292235275462662,0.0016295718555736517,-0.00273199881053108,0.0013461857363556689,0.0011606689330483236,0.00020987577561106685,-0.001978612136907085,0.0020126135074190086,0.0018432093616919075,-0.004309160608006308,0.0007956478045602035,0.0016294714445834108,-0.00020958706264596734,-0.0015265958131651467,0.001526595813165144,-0.0005221084639479194,0.0005228679433395275,0.0003333342210016492,0.00032901439293382434,0.00030718885420301704,0.00026811408910454694,0.0002601250026823435,0.00014883628084872758,0.00018602253189159025,0.00017288092348148853,-0.0004942398092659319,-0.00039242817181549494,-0.0006578598192403225,-0.0002822578288817852,7.973217122758262e-05,4.900372904079187e-05,-0.00054874393217186,-0.00027862922863915916,-5.6868735198814485e-05,-6.743233511762633e-05,-6.818513515408142e-05,0.0009386857610477464,0.0006093906375761367,0.00035083126120471976,0.00023077165801280877,0.0008610392963217993,-0.00027389054842024736,-0.0003331427648526774,-0.00011238619681612892,-3.212648809915374e-05,7.401403321724346e-05,-0.00034902625660247896
KXINXY-26DEC31H1600-B6300,-5.7666947981557e-05,5.972526378600718e-05,-3.4202065024953304e-06,2.3547319701426817e-05,-1.2570778801612498e-05,1.7145436713708856e-06,-2.615498714710113e-05,-1.387977769666251e-05,2.6859443330383405e-05,-1.9858900077497234e-05,-4.772557907597462e-05,-1.4821470687632917e-05,1.0134039987358766e-05,-4.177302863836639e-07,4.177302863925301e-07,8.914711735096532e-06,-1.4962388589801517e-07,-4.365569657134765e-06,-1.1380119778612727e-06,-2.472096040120375e-06,-4.941150694916624e-07,2.9291075585968475e-06,8.267316400253952e-06,-9.17273113007849e-06,1.415788116680826e-05,6.432770405584278e-06,-3.0604073655198486e-06,-1.5630215419647785e-05,-3.0448097735027723e-06,7.765443775799625e-07,-2.3962263764359036e-05,2.3962263764368696e-05,-2.4261864774550746e-05,-2.1344417129112787e-05,-4.0597279996706096e-05,-1.9995590123239274e-05,-2.330823684338746e-06,-4.2178330992052046e-05,4.211968683235326e-05,-4.3533805467799155e-07,6.373503726087769e-06,-3.7954322235279004e-05,1.7339542376494382e-05,-1.7339542376501958e-05,1.618722821938508e-05,-4.9292921021198e-05,2.2908368267584452e-05,6.408519845852968e-06,-2.0360449754202634e-07,-7.437765555518492e-06,6.981024838737394e-06,7.751501738773561e-06,5.180977631646735e-06,5.222005093115973e-06,-8.95087982956183e-06,1.7846395341212107e-05,6.822869880555163e-07,3.0317654830583146e-06,-1.2520108690756675e-05,-3.4023844844531843e-07,-1.362347888600809e-05,-1.8605757647922837e-06,8.185093619619403e-06,-1.38058097468889e-05,1.7268959325061892e-06,5.15554523708763e-05,-5.1555452370864526e-05,1.0880919062626788e-06,1.826025730240875e-06,9.426952305283525e-07,2.511226993483345e-06,-1.873496271840192e-06,2.1844670553033886e-06,0.0196,-0.0004010999395508161,-0.0006000445539405907,-0.0009966092924893898,-0.001996815096159323,-0.002397413046363737,-0.003198987695519434,-0.001600158764626923,-0.001201049205740865,-0.00039656630737243734,-0.0005987583030091554,2.5650970987040277e-05,-5.440311608660719e-05,3.293824312703213e-05,-4.721013171033161e-05,1.6464050764780556e-05,1.7459833950435804e-05,-8.534260141546398e-06,-8.504670612070298e-06,2.8505480090027343e-05,-4.4749690981946734e-06,1.1118335784596604e-05,-1.3204008836723678e-05,7.314087217806619e-07,-2.9638036802200152e-06,-7.17859845935251e-06,-4.833615924003911e-08,-3.5173293456480643e-06,-7.320563363152269e-06,2.535714330831269e-06,6.846898525851933e-07,-2.5141167648393614e-06,-4.066830522928714e-06,-9.079143839106034e-06,-7.391171414438426e-06,-3.7592902651584107e-06,-4.977351148585787e-06,-1.0040607602731607e-05,-6.3689018267385015e-06,-5.242851707046473e-06,4.503343825477813e-05,-4.549660067931441e-05,-7.761666373637693e-06,6.3762624267517e-06,-1.8914665350176574e-05,-8.694612558047268e-06,3.4856748667646696e-05,1.561412811816529e-06,-1.297107431428808e-05,1.989644586984851e-05,-1.0763758212142165e-05,-9.493574449086176e-06,2.8009724054585245e-06,-6.815707822885496e-06,1.338433825006893e-05,1.0464083322899331e-05,-1.723884638056952e-05,5.288478998194425e-06,1.1926353566160755e-05,4.870499038232179e-07,3.107089275288656e-05,-3.107089275286912e-05,-3.853586202886192e-05,3.859027029844951e-05,0.00028630187186567426,0.0002826491290125416,0.0002642070840654855,0.00023095739561969456,0.0002218918443154525,0.00013072619103218192,0.00015879449185298312,0.0001477737200963863,4.1932143495454666e-06,3.4627760845692106e-06,5.2948954486469e-06,2.0651527286336414e-06,5.216789193374029e-06,4.0658417264410145e-06,3.976204610108506e-05,1.8961835392045643e-05,4.674457378618481e-06,5.40226371684939e-06,5.287769927653178e-06,-3.5013625628180594e-05,-2.2868935694866673e-05,-1.3218962205655752e-05,-8.865426831973517e-06,-3.19548094294571e-05,-2.2841647099578705e-05,-2.8311041155283297e-05,-9.440522285881405e-06,-2.715430166797357e-06,6.289863453331357e-06,-2.922273023160589e-05
KXINXY-26DEC31H1600-B6700,0.0005984610235199353,-0.0006100943698998344,3.888946794265715e-05,-0.0002380847269872247,0.00012782855004276808,-1.6519790618709836e-05,0.00026439420826508117,0.00014059970986456303,-0.00027571130765368366,0.0002029382715196902,0.00048668332865739905,0.00015098382877903318,-0.00010257010868205222,2.250191998474289e-05,-2.2501919984735104e-05,-0.00011496716296846796,1.4379724858146138e-05,7.541985847021266e-05,2.9490346076664326e-05,6.378275796312504e-05,2.1708255498444504e-05,-3.927265550781784e-05,-0.00011436363659824221,0.0001377831546395911,-0.00016774252441668366,-6.24579863772979e-05,7.62956510699404e-05,0.00019735128131214696,4.265856791658714e-05,-5.324148879506551e-06,0.0002724141876821085,-0.0002724141876821311,-6.32174055010298e-05,1.649060437603504e-05,0.00018263588182332302,-0.00011553645827835077,-0.0003121767297186278,0.0004352473063290412,-0.0004346253427733943,-0.0001739155478083005,-0.0002484348802442992,0.0002565227695848037,-0.00017691090843223876,0.00017691090843222475,-0.0001656663840788246,0.000506369953929351,-0.00023445742554559668,-6.047781359999583e-05,3.378533631143625e-06,7.370093259405025e-05,-6.29205330700799e-05,-5.626068889310731e-05,2.0357857119409852e-05,2.0347536200276766e-05,0.00019408662511090968,-0.00011611307728594906,8.383445722945997e-05,5.061333517894701e-05,0.00023450905684522494,8.662749367371501e-05,0.00025136107171142566,0.0001334063144222337,-9.516316408838568e-05,0.00015392738231619562,-1.4783886323074195e-05,-0.0005292726936724682,0.0005292726936724668,7.820225890827824e-06,-2.742308916857376e-05,1.8029322462563012e-05,5.583870024260866e-06,4.4672201239203526e-05,1.325114983974336e-05,-0.0004010999395508161,0.0196,-0.0005998728328477508,-0.00100479528866788,-0.0020044431567116847,-0.002403598658816727,-0.003201289939451897,-0.0015996180252428145,-0.001198220026107918,-0.0004048739417279708,-0.0006018119598111793,-0.00028424627215850406,0.0005737041652972351,-0.00038479657564030633,0.0004895657183531583,-0.00020584605900413885,-0.00021829611711532873,8.999700368165754e-05,7.09451487745827e-05,-0.0003396108144793413,2.713260620257366e-05,-0.0001694573241791895,0.00017026663713815384,-3.697843255719536e-06,4.097586717903604e-05,8.503793668508108e-05,7.072023924474556e-06,4.6342124573034286e-05,8.62103054269005e-05,-1.7935510334099954e-05,-3.1330107109371365e-06,3.5539488175161915e-05,5.20304493559781e-05,2.910747913440327e-05,1.997774332602511e-06,-5.706988986850708e-05,-4.5164101900061045e-05,3.064809425428676e-05,-2.9267709262948414e-05,1.8006922710173672e-05,-0.0004611012837974689,0.0004658570453870733,8.453432580685005e-05,-7.533310956593076e-05,0.00019794655578270085,9.544009897805288e-05,-0.00037111598523952716,-2.4656644336194753e-05,0.000132229031599689,-0.00021812748989551137,0.00010932299453983931,9.467515795938937e-05,-1.1047468860458641e-05,8.175971596004864e-05,-9.102899879433131e-05,-8.092373393460601e-05,0.00018079935212361124,-3.57327981166936e-05,-7.510583125252612e-05,7.310179250159774e-06,-0.00031538103315615756,0.000315381033156146,0.0003887171695498467,-0.00038927503325643863,-0.0029470066505450495,-0.002909478371685204,-0.0027200236474945226,-0.0023781680978082827,-0.0022820852621782666,-0.0013492446484667936,-0.0016332593409409172,-0.0015202255867202857,-3.7026840558665255e-05,-2.9729336700875368e-05,-4.861485334661775e-05,-2.040104177453824e-05,-4.374113662241741e-05,-2.6601251836300787e-05,-0.00041658235746381775,-0.00020671494189941327,-4.2420461310606594e-05,-4.976849261150237e-05,-4.965782258161185e-05,0.00035783588876808466,0.00023295821559425042,0.00013434675388470887,8.929816446202069e-05,0.0003275001195474534,0.0002165513739908951,0.00028431304271339317,9.07207343752805e-05,2.6752342043093116e-05,-6.34731555744571e-05,0.0002797314871973649
KXINXY-26DEC31H1600-B6900,0.00032807763830067997,-0.00033364713573618646,2.158925050128234e-05,-0.0001300921504330686,6.974006194928649e-05,-9.057005955022027e-06,0.00014422332658060497,7.666630183884137e-05,-0.00015100475828283848,0.00011087816744423692,0.00026596689208353223,8.241978602814004e-05,-5.61178385080879e-05,1.3960366320735598e-05,-1.3960366320734212e-05,-6.499944746397467e-05,9.023832736666457e-06,4.40113793378579e-05,1.7735362816967617e-05,3.83397517168694e-05,1.3372632832233034e-05,-2.230402616495833e-05,-6.520743564229713e-05,7.930081002074921e-05,-9.378954489431744e-05,-3.385536738063892e-05,4.5764876386220895e-05,0.00011130313865102769,2.4370997380068582e-05,-2.668625998893995e-06,0.00015146398723777686,-0.00015146398723778917,-6.211678359518569e-05,-8.834571945102944e-06,7.932654319318826e-05,-9.150061526518567e-05,-0.00020047256359656654,0.00023843047176889707,-0.00023808841776735916,-0.00011160991267946202,-0.00015280790040540361,0.0001280503775560533,-9.673164332277411e-05,9.673164332278039e-05,-9.061938303473978e-05,0.0002771619229430672,-0.00012824842017130912,-3.2583824337294446e-05,1.988618034226005e-06,4.009991374806617e-05,-3.359408424460856e-05,-2.8795064642414293e-05,1.7504664440107474e-05,1.753499877438933e-05,0.00011508003208503964,-5.7746649117306326e-05,5.374665517891703e-05,3.476922101289616e-05,0.00013753282224867192,5.460950062456245e-05,0.00014723616113706867,8.291437874937628e-05,-5.304463543656333e-05,8.529995231801643e-05,-7.839650211467766e-06,-0.0002896948906390387,0.000289694890639035,5.993138928897015e-06,-1.5785609238764498e-05,1.2364613333575402e-05,5.896866294947383e-06,2.673958060927045e-05,1.0472342024196526e-05,-0.0006000445539405907,-0.0005998728328477508,0.029099999999999997,-0.001500054687542442,-0.0030000581868494967,-0.0036000751295159144,-0.004800056636612227,-0.0023999744925450625,-0.001799868480344016,-0.0006000450890189552,-0.0009000674646267757,-0.00015738523221355948,0.0003153149991382101,-0.00021462385513399974,0.00026838622977934926,-0.00011583148949039304,-0.00012283796359004138,4.9477090961089776e-05,3.742975685662534e-05,-0.00018992038838730002,1.3239410042090873e-05,-9.750482181803159e-05,9.619448143043425e-05,-1.6628666547799024e-06,2.3408160410920055e-05,4.7593643489228675e-05,4.4862395719471675e-06,2.6314523625394816e-05,4.8209030832332285e-05,-9.061276807242994e-06,-1.3458793108963057e-06,2.035726057071461e-05,2.943171202583781e-05,1.0693816801767606e-05,-4.978572982696909e-06,-3.916790167335725e-05,-3.269985336936002e-05,1.0822050083138883e-05,-2.3856511206958475e-05,7.025774295298876e-06,-0.0002522487662955996,0.0002548513735159534,4.669396673759923e-05,-4.2096093419326086e-05,0.00010866969230923755,5.277951358855578e-05,-0.00020427900340787096,-1.4251252970275119e-05,7.228924980658567e-05,-0.00012059941726103179,5.973101150156626e-05,5.1572952262105676e-05,-4.590376704290674e-06,4.568385442554648e-05,-4.5872981913923784e-05,-4.2074281211586885e-05,9.919946569668102e-05,-1.803581679516267e-05,-3.707305743683533e-05,5.00090839391232e-06,-0.00017226849810162082,0.00017226849810162253,0.00021211715497593888,-0.00021242220311687204,-0.001613606737083838,-0.0015930647925487197,-0.0014893637489530717,-0.0013022184110459177,-0.001249366331667317,-0.0007390853256568394,-0.0008941657001021223,-0.0008323094467975933,-1.9717981315420614e-05,-1.5739673457357765e-05,-2.6087721393117818e-05,-1.1093316714752975e-05,-2.3099146726900958e-05,-1.3263908771135453e-05,-0.0002287294935195236,-0.00011418590644047246,-2.2734805710947558e-05,-2.674559271373285e-05,-2.6777150266214813e-05,0.00019569016967322807,0.0001273256929395596,7.33996343312056e-05,4.870611527413157e-05,0.00017918744901209094,0.00011684651043178163,0.0001550184069053317,4.907639162030192e-05,1.45372139440289e-05,-3.463659320944799e-05,0.00015121062093891136
KXINXY-26DEC31H1600-B7300,-0.001691152709583748,0.001724145864503306,-0.0001098236639926671,0.0006731218550924572,-0.00036093424565789126,4.698674383927647e-05,-0.0007468545190318766,-0.00039701306358173616,0.000779451718099253,-0.0005732054594488559,-0.0013750638595064666,-0.00042637700014081935,0.0002901607576235712,-6.362663718967166e-05,6.362663718967196e-05,0.0003248493626617002,-4.065273520269587e-05,-0.000213133525328357,-8.33496403382958e-05,-0.00018024809340411106,-6.136055111398447e-05,0.00011095193116000915,0.0003231395272482561,-0.0003893582865804487,0.00047399150122118977,0.0001764843141250243,-0.00021560506537226864,-0.0005577005828516675,-0.00012056581649465469,1.5023392012358962e-05,-0.0007698538324188773,0.0007698538324188865,0.00017771253977702853,-4.7193262264404984e-05,-0.0005168252133492003,0.0003255342301523584,0.0008811969879216513,-0.0012300425456618792,0.001228285216853412,0.000492553060560226,0.0007031436819545146,-0.0007239284080780967,0.0004999627850131563,-0.0004999627850131321,0.00046816239741627637,-0.0014309845605647762,0.0006625613632160266,0.00017081004349585172,-9.607662921613706e-06,-0.00020828036633314145,0.00017766589804079255,0.00015920405864885186,-5.70226223588191e-05,-5.699169032894738e-05,-0.0005478149624089199,0.0003286040460158731,-0.000236299277443298,-0.0001424599501595557,-0.0006620279211060513,-0.00024424741000503026,-0.00070961871300228,-0.00037624291429532114,0.0002688443549942121,-0.0004349076362960638,4.1808422772004366e-05,0.0014957675255251146,-0.001495767525525119,-2.2139611357278583e-05,7.750027711023222e-05,-5.1002715925064265e-05,-1.5875249882476174e-05,-0.00012628482257957853,-3.7526396880874756e-05,-0.0009966092924893898,-0.00100479528866788,-0.001500054687542442,0.0475,-0.004985569748266863,-0.0059880190060411925,-0.007994629681714799,-0.004000275731182621,-0.0030043747526288344,-0.0009850659620722602,-0.0014944075217166006,0.0008031497787661422,-0.0016211997516887712,0.0010870712285098616,-0.0013835246015486968,0.0005814231045848406,0.0006165907515959218,-0.00025435215083324217,-0.00020064754172654332,0.0009593722896794843,-7.685050723920257e-05,0.00047843261088155735,-0.0004809379024579978,1.040468503946608e-05,-0.00011588403134738814,-0.0002404011995101837,-2.004766693545877e-05,-0.00013104376059194054,-0.00024371258091634637,5.061605023292015e-05,8.80795209518281e-06,-0.00010051585955690872,-0.00014711829290947828,-8.350915930205254e-05,-6.995989656266618e-06,0.00015971282934243607,0.00012605325764594987,-8.793729810808178e-05,8.113198896579605e-05,-5.1835235912105044e-05,0.0013030550618362137,-0.0013164939797592123,-0.00023888048096705542,0.00021285191844193184,-0.0005593858036424496,-0.0002696956879553021,0.001048721121569612,6.964568584916124e-05,-0.00037368525321653597,0.0006163739538418267,-0.00030895370972973076,-0.00026756482128925847,3.151170179637164e-05,-0.00023078555135301533,0.0002577186360702659,0.0002290459656990749,-0.0005107265485228909,0.00010129759250082536,0.0002127232389627267,-2.042951782409864e-05,0.0008912195058684904,-0.0008912195058684855,-0.001098480476578443,0.0011000564865685115,0.008328205578503863,0.008222151150706567,0.007686753428635317,0.006720671904018786,0.006449153794545701,0.0038129348559196525,0.004615578036728306,0.004296140956028611,0.00010461309049164994,8.398439034212063e-05,0.00013736782783378996,5.7650945111285124e-05,0.00012370053272758806,7.53152179368588e-05,0.0011772170617535302,0.0005841104345640755,0.0001199186732560483,0.00014068470454212817,0.00014036434897730634,-0.0010112131582991363,-0.0006583088102578906,-0.0003796434111571336,-0.0002523198337003568,-0.0009254971981262846,-0.0006118160991553899,-0.0008034173299139012,-0.00025632734871822334,-7.559296756613212e-05,0.00017936477175714175,-0.0007903479490599346
KXINXY-26DEC31H1600-B7500,-0.0026857354371697456,0.0027353173562088265,-0.00017528661420097516,0.001067906076781389,-0.0005715838111309457,7.504500598997334e-05,-0.0011830883321214932,-0.0006285932348071987,0.0012378153396081686,-0.0009085928163196728,-0.0021804182176065603,-0.0006754771546822816,0.00046084008172964834,-0.00010753674670475798,0.00010753674670475592,0.0005235720058487871,-6.90461103884331e-05,-0.00034891297757807046,-0.00013852043463050866,-0.0002994461726639806,-0.00010322415740033985,0.00017918994314157505,0.0005229523022761979,-0.0006330812820806739,0.0007598947349500945,0.00027876658012680104,-0.00035780206524972766,-0.0008979081112796788,-0.00019535745210593156,2.2846972437497325e-05,-0.0012311465027545427,0.001231146502754547,0.0003872666604354929,-6.612604218896876e-06,-0.0007413572862961338,0.0006247344731842211,0.001511753758869076,-0.0019530632705398582,0.0019502685126664811,0.0008492772986062615,0.0011851116396446601,-0.001097526929339104,0.0007931104568519849,-0.0007931104568519747,0.000742736566157185,-0.0022710292152328475,0.0010511511627812181,0.0002688298962854757,-1.5922989907997113e-05,-0.000329609930949786,0.0002783203994292805,0.00024534051776227704,-0.00011417193723564222,-0.00011425916277674168,-0.0009024201931725274,0.0004999199016868508,-0.0004042985996936969,-0.0002523713432853329,-0.0010849163546593722,-0.00041443893695255855,-0.0011622423618055924,-0.0006340065860893159,0.00043025562505229794,-0.0006941576991079593,6.542166675037473e-05,0.0023740274842420275,-0.0023740274842420223,-4.1908645920656736e-05,0.00012603899754648392,-9.080413222633553e-05,-3.6476493296777823e-05,-0.000209450424261338,-7.229206987365927e-05,-0.001996815096159323,-0.0020044431567116847,-0.0030000581868494967,-0.004985569748266863,0.09000000000000002,-0.011988546451633381,-0.015994952210742104,-0.008000268776599123,-0.006004058620884656,-0.0019856429142462687,-0.002994720073539343,0.0012813974167444966,-0.002577837753576602,0.001740130865262759,-0.002197431275209186,0.0009344748866270395,0.0009910031762120643,-0.0004045598411165827,-0.000313298858733688,0.0015375668987744123,-0.00011604185537963624,0.0007768987438474006,-0.0007744811673089217,1.4958753869356251e-05,-0.00018802170973529576,-0.0003859015290699475,-3.44185834699274e-05,-0.00021194450184509214,-0.0003910485650772909,7.715740632737135e-05,1.2392361283745533e-05,-0.00016332091620140495,-0.00023746859635123408,-0.00011439303866070471,1.0107724027636233e-05,0.00028153370027425367,0.0002282773576152867,-0.00011877151627111076,0.0001564324875162203,-7.29456853185952e-05,0.002067478323804703,-0.0020888034790412504,-0.00038073655461663334,0.0003410794775510921,-0.0008890224940230325,-0.00043008409596706487,0.0016687566011906949,0.00011339430333260952,-0.0005927458903959197,0.0009828093874363051,-0.0004899334220547902,-0.0004237128553768064,4.5136556750261666e-05,-0.00036913689628397726,0.00039472243390021385,0.0003557957561659283,-0.0008108309080393688,0.00015570761900776843,0.00032296468661752447,-3.5670505383481404e-05,0.0014129049078958633,-0.001412904907895864,-0.001740749729955014,0.001743248590207574,0.013219660539444174,0.013051341460353846,0.012201614234934405,0.010668251041753925,0.010236324327203953,0.006053637275887433,0.007326049660570531,0.0068191219213412785,0.00016385583318099967,0.00013116863255112642,0.00021595686572758142,9.12081781826048e-05,0.00019323534249890724,0.00011479000166571095,0.0018710120684568919,0.0009309243394018687,0.0001885056950348768,0.0002214204700336524,0.00022125694871526387,-0.0016041522396062539,-0.0010440153029978316,-0.0006019607977556167,-0.0003997182891279441,-0.0014685335866069936,-0.0009639425895543284,-0.0012725846357947291,-0.00040439477111804364,-0.00011953103351127762,0.0002842230027800649,-0.0012463891813217901
KXINXY-26DEC31H1600-B7700,-0.0023319257495476703,0.0023747784634535274,-0.00015224974760067887,0.0009271845092530155,-0.0004961318921697653,6.522662258915426e-05,-0.0010269785629050498,-0.0005456086222917617,0.001074787972755239,-0.0007887400864077393,-0.0018929065821406744,-0.0005863372138216569,0.0004001710155734036,-9.391228137766743e-05,9.391228137766819e-05,0.00045522029365496693,-6.0317561162986954e-05,-0.0003037991152392631,-0.00012077488657933033,-0.0002610727794964886,-9.0098035822775e-05,0.00015582381939277434,0.0004548519617833868,-0.0005508824894136674,0.0006603694059035567,0.0002419194503064134,-0.0003119201837799459,-0.0007806198322423622,-0.00016994103053107377,1.975196758568509e-05,-0.0010696763542913344,0.0010696763542913414,0.0003445950098228933,-3.166028872111261e-07,-0.0006373961728152743,0.0005509975948971524,0.001321534061649502,-0.0016957701307619452,0.0016933432509182748,0.0007431846175233843,0.00103489456414038,-0.0009484119634677327,0.0006885654123423906,-0.0006885654123423995,0.0006448310825144263,-0.0019717407041677094,0.000912591517083463,0.0002331982648399869,-1.3891213700267183e-05,-0.00028609546331237874,0.00024131455476673923,0.00021245570254378265,-0.0001009475757793538,-0.00010103402078338774,-0.0007860440371494186,0.00043237907181819114,-0.00035327440447120695,-0.00022113370262507326,-0.000944586558974942,-0.000361888465895693,-0.0010118617349843654,-0.0005532998086568153,0.00037383373779489095,-0.0006029860885259353,5.672911857066421e-05,0.0020611990271180614,-0.0020611990271180445,-3.6944331702701185e-05,0.0001096779786687625,-7.965010409486623e-05,-3.260423403885358e-05,-0.00018259159919157105,-6.381619988736316e-05,-0.002397413046363737,-0.002403598658816727,-0.0036000751295159144,-0.0059880190060411925,-0.011988546451633381,0.10559999999999999,-0.019196017735442952,-0.009600292680218182,-0.007203323284644815,-0.002388050700547182,-0.0035956933110407943,0.0011130541804744397,-0.0022385055225365566,0.0015119553248210018,-0.0019079890020051464,0.0008122255754842302,0.000861359543109807,-0.0003513213071493491,-0.0002716225685329606,0.0013360931441634357,-0.00010029997672071815,0.000675863727972524,-0.0006732843327991454,1.2847348476410248e-05,-0.00016360442415796074,-0.00033542829590123,-3.011337607363257e-05,-0.00018436196048887294,-0.00033988769167294606,6.671003180662349e-05,1.0616371999738142e-05,-0.00014213192521792662,-0.00020652331534013263,-9.804006186339267e-05,1.0287345297871688e-05,0.00024646609852589814,0.00020023907481344787,-0.00010163828764992117,0.00013781758405871582,-6.27223852568249e-05,0.0017949731719332025,-0.0018134876489598098,-0.00033069020791544085,0.0002963881733248504,-0.0007719637952552024,-0.0003735694231515783,0.0014491883850306449,9.86757003589516e-05,-0.000514608466360625,0.0008536533121220949,-0.00042533853451889745,-0.0003678026489701906,3.8867610027254255e-05,-0.00032065113539581183,0.0003416451862462166,0.0003083684624988911,-0.0007039372367497155,0.00013485939186055424,0.00027931354661725135,-3.117243796519339e-05,0.0012265728338990253,-0.0012265728338990319,-0.0015111291711195913,0.0015132984243113733,0.011477730412892176,0.011331592479184046,0.010593842682255482,0.009262538553506422,0.008887450681185481,0.005256059561836706,0.0063606758803608585,0.005920554690619628,0.00014208353281840202,0.00011370726863273047,0.00018732904731790735,7.9165017577147e-05,0.00016753763132753037,9.930584608412279e-05,0.0016246561028818258,0.0008085478028414493,0.00016352310391832926,0.00019209696361801958,0.00019198176906299507,-0.0013926921113387963,-0.0009063664694609723,-0.0005225849431050962,-0.0003469778859034571,-0.0012749814726569842,-0.0008362929621024448,-0.00110466365817321,-0.0003508919972371558,-0.00010374055439583235,0.0002467288108087803,-0.001081440855095337
KXINXY-26DEC31H1600-B8100,-0.00016128107823702443,0.00016527720897787154,-1.0205166466186563e-05,6.455948464988167e-05,-3.4862391726587426e-05,4.395717351471435e-06,-7.207595730034569e-05,-3.8386918216228944e-05,7.43907973651223e-05,-5.513916435776973e-05,-0.00013209351594084518,-4.111572539528693e-05,2.7703933463485713e-05,-4.148075285868192e-06,4.148075285864967e-06,2.870031769825439e-05,-2.549472433986656e-06,-1.7233617583561316e-05,-6.126675414127572e-06,-1.327931070080285e-05,-4.141124178930591e-06,9.69233953656104e-06,2.7915304234897044e-05,-3.276302885903064e-05,4.308212703010821e-05,1.7276938918917907e-05,-1.5997061918211667e-05,-4.956595304053419e-05,-1.0348503068649799e-05,1.7298730562217018e-06,-7.089500413209085e-05,7.089500413207494e-05,-1.4314465086743754e-05,-2.483718645482355e-05,-7.292755745133e-05,-1.0239570668706588e-06,5.061305580201413e-05,-0.00011743153659356741,0.00011726514250942457,2.7225243652431592e-05,4.689693983244476e-05,-8.438593402625976e-05,4.794800080808731e-05,-4.794800080804503e-05,4.487404490479926e-05,-0.00013693190119566672,6.350689290394406e-05,1.7000324676759236e-05,-7.268201778080328e-07,-2.0209570721470584e-05,1.8062563184487175e-05,1.743273074281415e-05,1.6277910272935436e-06,1.6713926260309793e-06,-4.254640935033977e-05,3.790528292851277e-05,-1.385115537106416e-05,-5.7666589395073655e-06,-5.310665702475027e-05,-1.5352182667854948e-05,-5.7123547958923944e-05,-2.496708076193713e-05,2.4650822396446772e-05,-4.043650611513416e-05,4.2802733819251025e-06,0.0001430834298462196,-0.00014308342984621929,-1.1569427207688199e-07,6.51420027124216e-06,-1.9634345134500242e-06,1.8136590998449849e-06,-9.411868677020133e-06,1.752358699852416e-07,-0.003198987695519434,-0.003201289939451897,-0.004800056636612227,-0.007994629681714799,-0.015994952210742104,-0.019196017735442952,0.1344,-0.012800189306167192,-0.009601223752246413,-0.00319460555241696,-0.004798269518793502,7.483217047990839e-05,-0.00015366318571233698,9.955784246795836e-05,-0.00013188310456503405,5.212038993497593e-05,5.527132885988191e-05,-2.4077455651186066e-05,-2.0743562682787155e-05,8.730810758246424e-05,-9.13248291368135e-06,4.050339189061075e-05,-4.266692976983848e-05,1.4508605494208065e-06,-9.881235291812973e-06,-2.1717341875958267e-05,-1.154390559415961e-06,-1.137166574013317e-05,-2.206610517243824e-05,5.775706459584406e-06,1.3075849872802638e-06,-8.502207224452768e-06,-1.2905881107419301e-05,-1.3532764992664798e-05,-7.1345788803471995e-06,6.758208501815153e-06,3.48720180686498e-06,-1.4751650907877095e-05,-6.471880208979846e-07,-7.847045436532171e-06,0.00012484463481527078,-0.0001261313937156311,-2.2375826040147987e-05,1.939234082622171e-05,-5.315522206133475e-05,-2.5192814977813403e-05,9.904479708308683e-05,5.811245094740697e-06,-3.585055530315884e-05,5.7611648784571986e-05,-2.9680375108155743e-05,-2.587907441484952e-05,4.4960409247925065e-06,-2.1200822624719964e-05,2.8956935865353338e-05,2.4247452924566355e-05,-4.876204469424753e-05,1.1230970188347153e-05,2.4755167864243077e-05,-9.641459982308114e-07,8.572041631734587e-05,-8.572041631734143e-05,-0.00010587737166523317,0.00010602880791749279,0.0007962070495384083,0.0007860604680349772,0.0007348361439672457,0.0006424355820814226,0.0006167565206910636,0.00036416437376186433,0.0004413926860847166,0.00041081523187857247,1.0650513838964225e-05,8.660497863402968e-06,1.3750834761794447e-05,5.601261136262712e-06,1.2762279003873718e-05,8.6298020961298e-06,0.00011183768667576874,5.472481205087465e-05,1.2016925384681274e-05,1.4016510540330377e-05,1.3882606210600422e-05,-9.696358993853722e-05,-6.321232750420899e-05,-3.648877350894824e-05,-2.4354653194541845e-05,-8.863960496077795e-05,-6.0612346081959153e-05,-7.760698475074482e-05,-2.5236169139178588e-05,-7.362410554259951e-06,1.7291806570667997e-05,-7.79586534515166e-05
KXINXY-26DEC31H1600-B8300,0.0009926567012937585,-0.001009701605335416,6.520176595060531e-05,-0.0003940944413786398,0.0002106534530241489,-2.7808558702065642e-05,0.000436055159044426,0.00023160133452902222,-0.0004573537644619512,0.00033515920427531,0.0008045004077757544,0.00024903262309562647,-0.00017022235616276108,4.2494314831100944e-05,-4.249431483110139e-05,-0.000196810210473769,2.743286423400618e-05,0.00013342222299786568,5.382570107812984e-05,0.00011632163393715358,4.0618860672862166e-05,-6.751793182960294e-05,-0.0001974806415225347,0.000240294987102586,-0.00028392364744390345,-0.00010238948328011497,0.00013883533759401732,0.00033709003106152544,7.385975774943514e-05,-8.019845668850734e-06,0.00045864172403521734,-0.0004586417240352331,-0.00018862002432156903,-2.7152727146663517e-05,0.00023959233585817033,-0.00027755818566145226,-0.0006073628044484665,0.0007216305312264384,-0.0007205958100724812,-0.0003418432244308001,-0.00046655666443330235,0.0003839800212614482,-0.00029273505269104046,0.0002927350526910321,-0.0002741881799820723,0.0008386891530664215,-0.000388043078245111,-9.836565005981953e-05,6.139181030051327e-06,0.00012132186560771884,-0.0001013008460243274,-8.735405458210724e-05,5.257840102791979e-05,5.26699914437847e-05,0.0003477645631475303,-0.00017511732078855742,0.00016218089548200202,0.00010476562222086477,0.00041569984045269215,0.00016483643194298967,0.00044504374723284353,0.0002503505985195566,-0.00016046725711727758,0.0002580778243158892,-2.3748284394279045e-05,-0.0008767630547712895,0.0008767630547712802,1.8359233270789646e-05,-4.784709252550409e-05,3.773319843352322e-05,1.8260313115319935e-05,8.119792985051882e-05,3.211652933101226e-05,-0.001600158764626923,-0.0015996180252428145,-0.0023999744925450625,-0.004000275731182621,-0.008000268776599123,-0.009600292680218182,-0.012800189306167192,0.0736,-0.004799616190391641,-0.0016002730349081976,-0.002400236989868688,-0.00047618203052530886,0.0009541385071768729,-0.0006491892514094388,0.0008122310807705681,-0.0003502727912088377,-0.00037146328465572265,0.000149775461684702,0.00011342041170809692,-0.0005744282532383212,4.0229080317035904e-05,-0.00029467622784366094,0.00029093679332134925,-4.8896249581235345e-06,7.113586366845693e-05,0.0001443267917792337,1.3782547425469079e-05,7.991557536305437e-05,0.00014618239234936032,-2.718281345295807e-05,-3.928390623575505e-06,6.188430696350621e-05,8.934751932159098e-05,3.391165623946688e-05,-1.3427067204958416e-05,-0.00011669853607951505,-9.710724487913984e-05,3.4359082162760036e-05,-7.033726089830968e-05,2.2524758764838022e-05,-0.0007632933643332955,0.000771167750737924,0.00014130858115089624,-0.00012738489255985838,0.00032885508732299396,0.0001597247970606867,-0.000618174522244008,-4.3123079266085646e-05,0.00021876217447483367,-0.00036494785277608197,0.00018075900344344527,0.00015607146431104917,-1.4399270813755888e-05,0.000137722528388317,-0.00013938668604997299,-0.0001278767961730055,0.000299703253107694,-5.51383113076826e-05,-0.00011274051579344705,1.4710187034698025e-05,-0.0005211672997107661,0.0005211672997107648,0.0006417629977047997,-0.0006426850928672012,-0.004883009056064762,-0.00482084686962189,-0.00450703450588756,-0.0039407063242742095,-0.0037807590041746444,-0.002236591704249444,-0.0027058741657114316,-0.002518683933321625,-5.958962996371667e-05,-4.7542984844112566e-05,-7.88779755003507e-05,-3.356071029481989e-05,-6.999290270345419e-05,-4.028666282384069e-05,-0.0006921442787251031,-0.0003455014798093863,-6.882030643315375e-05,-8.095739800549711e-05,-8.10483630636385e-05,0.0005921238011023913,0.00038524151629464336,0.00022207412954158606,0.00014731929600379713,0.0005422133817975386,0.0003530700268385335,0.0004689332857841528,0.00014834254588067902,4.3960539856610146e-05,-0.00010478178898502273,0.00045700461705393855
KXINXY-26DEC31H1600-B8500,0.0014624658444041204,-0.00148864610815902,9.573242207322851e-05,-0.0005810078576037785,0.00031098408372893545,-4.079179367118498e-05,0.0006435892665819121,0.0003419563666196507,-0.0006738085348638162,0.0004944534683835066,0.0011865379073956943,0.0003675409873822888,-0.0002507562441591328,6.009063804775175e-05,-6.009063804774536e-05,-0.0002869939149821386,3.8683019696171176e-05,0.00019253823460890372,7.69234895867805e-05,0.00016627907580607891,5.761092049028423e-05,-9.832128934125428e-05,-0.0002871726722518331,0.0003483296132524308,-0.0004155408283672107,-0.00015143196041815093,0.00019859663595063048,0.0004919075426365817,0.00010731406999584073,-1.2207675369820375e-05,0.0006723992286535691,-0.0006723992286535665,-0.00023743722954718647,-1.368937129934403e-05,0.00038356534388230164,-0.00036742259277453254,-0.0008515558487982775,0.001063296975034221,-0.0010617740425026257,-0.00047753251878187225,-0.0006607302986703856,0.0005860290999302139,-0.000431619014129823,0.00043161901412982985,-0.00040424873894066404,0.0012362112884764746,-0.0005721096843137021,-0.0001458716708667234,8.781431044201346e-06,0.00017918961219162336,-0.00015074160781018968,-0.00013156592747138994,6.840212174353881e-05,6.848461895486466e-05,0.0004999060256372203,-0.0002664133761607997,0.00022779749101482674,0.0001443239157812048,0.000599565536823042,0.00023266200264087088,0.0006421264235614057,0.00035483076352613553,-0.0002351438329308578,0.00037888326813910646,-3.5361714104703026e-05,-0.0012922484237020092,0.0012922484237019994,2.4437898682851304e-05,-6.934787421204059e-05,5.17987324702754e-05,2.2543198832558763e-05,0.00011618638283285593,4.240542100641895e-05,-0.001201049205740865,-0.001198220026107918,-0.001799868480344016,-0.0030043747526288344,-0.006004058620884656,-0.007203323284644815,-0.009601223752246413,-0.004799616190391641,0.05639999999999999,-0.0012044373652670504,-0.0018017189879145326,-0.0006992794828645512,0.0014044812545703502,-0.0009511624611556532,0.0011965422443573769,-0.0005117866676015393,-0.0005427458092810393,0.00022041872890626356,0.0001691497286866458,-0.0008409285493826226,6.156971351063444e-05,-0.0004275831326654524,0.0004245224262301909,-7.816486332562808e-06,0.00010324720443815711,0.000211026188308654,1.9297267159890204e-05,0.0001162419435034287,0.00021380349871289882,-4.13066545223233e-05,-6.412246206613186e-06,8.973182047087086e-05,0.00013013941012447164,5.6898595140211604e-05,-1.1698163386611266e-05,-0.00016128617611288481,-0.00013234727623291436,5.8576195255650627e-05,-9.310257846684851e-05,3.672947313917499e-05,-0.0011252805338632867,0.0011368884064867585,0.00020765985828415104,-0.00018650113093882795,0.00048424084113934176,0.00023463445336947104,-0.0009094819520120709,-6.245961671911109e-05,0.00032256831555269494,-0.0005361530735954931,0.000266583742637823,0.00023040085922997714,-2.3064004750686645e-05,0.00020193346549184787,-0.0002109193970355028,-0.0001914172618360563,0.00044168288902221136,-8.317858718483036e-05,-0.00017177982157608372,2.046315167753184e-05,-0.0007687748877174203,0.0007687748877174144,0.000946947629921632,-0.0009483077398938937,-0.007196486951628438,-0.007104863835079753,-0.0066423232532013335,-0.005807628146002665,-0.0055722624880284784,-0.003295772216408095,-0.003988029963773844,-0.0037121040177263078,-8.867354990140671e-05,-7.089764061219245e-05,-0.00011705806327922107,-4.9578416342138274e-05,-0.00010434969495377558,-6.119793696084865e-05,-0.0010191571956978346,-0.000507754635628606,-0.00010213605288717329,-0.00012004193253581312,-0.00012004330477549849,0.0008730428783463599,0.000568127984863553,0.0003275455771068634,0.00021742760713935666,0.0007993142621594881,0.0005231650685309654,0.0006921610494598571,0.0002195931039738046,6.496781590978779e-05,-0.0001546162765356726,0.0006767093912147771
KXINXY-26DEC31H1600-B8900,-0.0009517893012347347,0.0009725052623027645,-6.107679713847328e-05,0.00038007978039393563,-0.00020389644201182706,2.6562893409815292e-05,-0.00042209355960747105,-0.0002243928051706388,0.000439180233773147,-0.0003234701912019683,-0.0007759779594071542,-0.00024076849236799803,0.00016371877447684402,-3.165154466363939e-05,3.165154466361725e-05,0.00017773247582696978,-1.9949577356707936e-05,-0.0001130922412398843,-4.2876662797446024e-05,-9.276058254361331e-05,-3.0750419814775264e-05,6.043883199925849e-05,0.00017538062664351257,-0.00020943472842196786,0.000262038923871181,0.00010031181801436955,-0.00011120245905685402,-0.00030586674529616974,-6.53263486698837e-05,9.090021450928583e-06,-0.00042784283940905783,0.00042784283940906125,2.883461862155385e-05,-7.289615645915806e-05,-0.0003447946516701435,0.00011021144001892527,0.0004199156132888082,-0.0006927783623269011,0.0006917922361845213,0.0002359766789440704,0.0003536136338996338,-0.00043924108266592526,0.00028204949165230636,-0.0002820494916523173,0.00026400371329165617,-0.0008065087425861502,0.00037362719986816636,9.755602944110519e-05,-5.085118941884599e-06,-0.00011800742365547281,0.000102237338211369,9.498172262671644e-05,-1.5503478831246806e-05,-1.539249182732428e-05,-0.00028563873687309824,0.0002003940289288844,-0.00011263440938217937,-6.181166230271832e-05,-0.000349156641414168,-0.00011885623111238603,-0.0003747284583760561,-0.00018619612552249736,0.0001490207548056076,-0.00024238048106107137,2.422645352168279e-05,0.0008430646121681069,-0.0008430646121681043,-8.086612712964716e-06,4.1684831780397146e-05,-2.2342639463488167e-05,-1.6770243884292847e-06,-6.530337048080345e-05,-1.289761281466037e-05,-0.00039656630737243734,-0.0004048739417279708,-0.0006000450890189552,-0.0009850659620722602,-0.0019856429142462687,-0.002388050700547182,-0.00319460555241696,-0.0016002730349081976,-0.0012044373652670504,0.019599999999999996,-0.0005943639233925784,0.0004479564802912559,-0.0009103412705952169,0.0006021976247293522,-0.0007786882863465468,0.0003194129145811622,0.00033873176165401524,-0.0001428053800741371,-0.00011677237757137476,0.0005301484587698036,-4.7546759347181754e-05,0.00025719525117500684,-0.0002632252831025392,6.767130454051993e-06,-6.2841865413102e-05,-0.0001328447877971282,-9.751657492720286e-06,-7.146241779317218e-05,-0.00013477781845468338,3.043208872108288e-05,5.887032110144499e-06,-5.437105974064734e-05,-8.051236331565263e-05,-6.111480396136056e-05,-2.0183172859799337e-05,6.889171197857794e-05,4.9789472041424084e-05,-6.548562601451487e-05,2.4839149477156754e-05,-3.692466851147399e-05,0.0007347559438431236,-0.000742331065644297,-0.0001335359096882941,0.00011772402490628915,-0.0003144370494976128,-0.00015060182311206697,0.0005880864879263439,3.72897183153067e-05,-0.00021083888753645208,0.00034425814374546145,-0.00017440896338406393,-0.00015144683639973472,2.167198092093748e-05,-0.00012752007834697745,0.00015566942364337406,0.00013499965088455216,-0.00028711062494734575,6.118856665639243e-05,0.0001305256715713672,-8.81142566442131e-06,0.00050318954356015,-0.0005031895435601486,-0.0006207641029068625,0.0006216528696123591,0.00469241319065335,0.004632642030162291,0.004330893811546464,0.003786478739414013,0.003634124725855271,0.0021475200190830377,0.0026008715409475166,0.00242079854236776,6.03646145555011e-05,4.869430409105819e-05,7.875887107997484e-05,3.268037481796621e-05,7.193265016105776e-05,4.58561405083601e-05,0.000661634360737381,0.0003264976863091239,6.885169823998374e-05,8.058464788375234e-05,8.01633544542593e-05,-0.0005703595084803866,-0.00037149098253445466,-0.00021431043731083788,-0.00014263536858171965,-0.0005217930855365572,-0.00034906793336470605,-0.0004543315442038686,-0.00014593257822407285,-4.287186752945015e-05,0.00010135765054822395,-0.0004502417322597276
KXINXY-26DEC31H1600-T9000,-0.00025684857005474186,0.0002628992242154122,-1.6330405709545767e-05,0.00010280041249741777,-5.522511552095279e-05,7.157450198483359e-06,-0.00011432604185590667,-6.079951572232016e-05,0.00011858545906304394,-8.75135332567082e-05,-0.00020988881735743272,-6.518303514083508e-05,4.423389101064875e-05,-7.585503479360383e-06,7.5855034793620635e-06,4.680856587664342e-05,-4.7154139615055905e-06,-2.895871971872154e-05,-1.0652302974758377e-05,-2.3058229106949326e-05,-7.4363850622546705e-06,1.585783263065694e-05,4.585898129991877e-05,-5.431294330470439e-05,6.964138204815253e-05,2.72948310477102e-05,-2.7704216180887195e-05,-8.071687076812264e-05,-1.705130967467535e-05,2.6002744300915415e-06,-0.0001142044389106364,0.0001142044389106474,-8.207244908979559e-06,-3.0076794026154866e-05,-0.00010514806491678755,1.334291689644838e-05,9.62333680020183e-05,-0.00018704278829687223,0.00018677730362132248,5.403382394789249e-05,8.557502580237928e-05,-0.00012600118531255492,7.625725907851131e-05,-7.62572590785025e-05,7.135973300762819e-05,-0.00021789042134569628,0.00010099051851660302,2.6666815716864384e-05,-1.2881296738478007e-06,-3.202201927674933e-05,2.812629202289149e-05,2.6812442288674157e-05,-5.11433817071428e-07,-4.6057217606983676e-07,-7.205310019580332e-05,5.7495438450671634e-05,-2.5885842049556178e-05,-1.261567138034874e-05,-8.90235162181756e-05,-2.795150829611572e-05,-9.565459283777021e-05,-4.4582339771541185e-05,3.970553061318687e-05,-6.487506287275527e-05,6.690849154732915e-06,0.00022776088992711727,-0.00022776088992712293,-1.1815611942694682e-06,1.080818818623703e-05,-4.574395726672011e-06,1.212098395006805e-06,-1.6302893691004854e-05,-1.5987116982240516e-06,-0.0005987583030091554,-0.0006018119598111793,-0.0009000674646267757,-0.0014944075217166006,-0.002994720073539343,-0.0035956933110407943,-0.004798269518793502,-0.002400236989868688,-0.0018017189879145326,-0.0005943639233925784,0.029099999999999994,0.00011997813034846963,-0.00024518866324846366,0.00016037672698169454,-0.00021012511917351453,8.446715003699286e-05,8.957540361447861e-05,-3.845278536227897e-05,-3.235587483641246e-05,0.0001408951130978365,-1.3774913363388278e-05,6.673990178397695e-05,-6.93786811113393e-05,2.0445325197900793e-06,-1.6394709016525832e-05,-3.526724379109976e-05,-2.2676989472186167e-06,-1.8742288803833863e-05,-3.580505524281175e-05,8.671358622576868e-06,1.8113977037004954e-06,-1.4150806620468425e-05,-2.1185158771379502e-05,-1.9500990828213218e-05,-8.924144350440499e-06,1.4067483644118968e-05,8.87917053447323e-06,-2.109509500027656e-05,2.2215646412982937e-06,-1.1577062736691696e-05,0.00019858400256758554,-0.00020063083628167556,-3.583021535300303e-05,3.1304302015189845e-05,-8.47611698135038e-05,-4.0373320344379896e-05,0.00015821249191898034,9.636096361923099e-06,-5.701069024597145e-05,9.230522671008001e-05,-4.718066293626477e-05,-4.105871048580761e-05,6.676806163899701e-06,-3.3934473961014455e-05,4.432590814955933e-05,3.773493278342686e-05,-7.745142428557822e-05,1.7388657528186504e-05,3.758318651302861e-05,-1.8201283051897778e-06,0.00013615575597380775,-0.00013615575597381008,-0.00016808878572798755,0.00016832911356439258,0.0012673871026129691,0.0012512396364480756,0.0011697202304433308,0.0010226574784370356,0.0009816494016046476,0.0005798438304722296,0.0007025411732389845,0.0006538848909733938,1.6629433552183154e-05,1.346751378961099e-05,2.158277342008082e-05,8.871815734667674e-06,1.9918887371074334e-05,1.3135116258941919e-05,0.00017833597228092982,8.760549012568964e-05,1.8881541824112674e-05,2.2057830582793396e-05,2.189065697913702e-05,-0.0001541914003472744,-0.0001004719998791314,-5.7978590741300874e-05,-3.8636645405941765e-05,-0.00014101057957084144,-9.530597650325869e-05,-0.00012309983475523558,-3.976974190088228e-05,-1.1645145090447382e-05,2.7445774670410985e-05,-0.00012276819316077144
KXTAKEOVERACQWB-27JUN30-NFLX,-0.00015047410549584437,0.00015256168365430526,-1.1117142117504351e-05,-0.00042152683034886755,0.0002510370155726924,-1.507224681389405e-05,0.0005044918244595865,0.0002760808256881093,-0.00048287230783202774,0.0003858477629861962,0.0009043200649870278,0.0002925422512574682,-0.0001718640897475566,0.0011812726638104855,-0.0011812726638104711,2.8304725208886228e-05,-6.4687141742707265e-06,-2.3108771374510148e-05,-1.0777028020902405e-05,-2.3491277397794895e-05,-8.99395183884189e-06,1.0193546817281471e-05,3.0140889505339017e-05,-3.844603295924107e-05,3.7390978174493776e-05,1.0208115850311447e-05,-2.7802579396324852e-05,-4.692656947257528e-05,-1.1084759079212528e-05,3.20913521654977e-07,-0.001250145095583212,0.0012501450955832037,-0.0004436433090554622,-1.585002760925765e-05,0.0007526014049382918,-0.0006944578700631151,-0.001628066917777712,-9.074589763991074e-05,9.062122648120063e-05,0.0009605507067159938,0.0013090886410826812,-0.0010703249360062674,-8.216142804980556e-05,8.216142804979941e-05,0.00023466276733553836,-0.0007110513432595652,0.000332030224289034,0.0009527295738013956,-6.242874596393909e-05,-0.0011810487433385301,0.0009781556523058787,-0.00037122399773794777,0.00017447639879143137,0.00017471761761754816,0.0013608311930599051,-0.0007472391248014571,0.0006113631166662936,0.0003814372914969806,0.0016351727588517226,0.0006263823223965028,0.0017518407250220597,0.0009582839587877338,-5.7110442222076795e-06,1.0184659065604344e-05,-1.5862732664893527e-06,0.0010573816622166338,-0.0010573816622166275,0.00015567348723580883,-0.0004031142825188138,0.00031922454016208835,0.00015574238247802912,0.0006848179689196905,0.0002724932985356331,2.5650970987040277e-05,-0.00028424627215850406,-0.00015738523221355948,0.0008031497787661422,0.0012813974167444966,0.0011130541804744397,7.483217047990839e-05,-0.00047618203052530886,-0.0006992794828645512,0.0004479564802912559,0.00011997813034846963,0.0384,-0.03240209047928222,0.0011756390946978856,-0.0014475556713023485,0.00063941567391233,0.0006781275029428645,-0.0002681281848642495,-0.00019478598187489676,0.001042799845584781,-6.348336397334493e-05,0.0005487453909894429,-0.0005338129511736734,1.4712871408565156e-05,-8.939584476638446e-05,-0.00019347252677507284,-1.0588748293251545e-05,-0.00010267307980169224,-0.00019621200515200965,4.7251779358542185e-05,1.3396594482639262e-05,-7.672657818839354e-05,-0.00011611436945007251,9.761207893837797e-05,-1.1168286497575872e-05,-0.0002483280950390182,-0.0002019100896603948,0.00010123344416780651,-0.0001392328394239617,6.187643127028485e-05,0.0005907964292500198,-0.0005968921856838616,3.409688519082091e-05,-3.382219886398716e-05,8.372138856954479e-05,3.863278902317728e-05,-0.0001636126400961836,-1.1548638003990991e-05,5.57854631007334e-05,-9.585752967602015e-05,4.577818107105295e-05,3.965291304324922e-05,-4.03124417841215e-05,0.0003359156398620827,-0.0003558222571770831,-0.0003221529474791289,0.0007369622413611534,-0.00014082997726971717,-0.0002902869975258971,3.280971521618356e-05,-0.0003195372480522169,0.0003195372480522165,-0.0014947831198876115,0.0014969300462083354,-0.0010606112345050603,-0.0010470942026146604,-0.0009789869706295434,-0.0008561157550844294,-0.0008205910710405691,-0.0004868394345851733,-0.0005872439118565524,-0.0005469615174484039,0.0004807213371081396,0.00038267537696187054,0.0006380986429873615,0.0002727230703610094,-0.0004034762199706832,-0.0002367345434413376,-0.0003742007945500232,-0.00018278030038475156,-0.00032846442193044695,-0.000386201066729183,-0.00038639753722518125,-0.000932945322402061,-0.0006065685013890102,-0.0003495101286178329,-0.0002312863216474446,-0.0008547771024613848,-0.0007630067370570052,-0.0010130220485188289,-0.00032046023257280623,-9.496899359778309e-05,0.00022638709261843884,-0.000987477777740913
KXTAKEOVERACQWB-27JUN30-PSKY,0.0002995614847648595,-0.00030415643054215583,2.0452031329339046e-05,0.000855172632743939,-0.0004722128835799055,5.174857703652832e-05,-0.0009686403117071711,-0.0005192432123378614,0.0009885094930131848,-0.000743277725182243,-0.001771322151936085,-0.0005557420231916487,0.0003633646141547951,-0.002368069066691086,0.002368069066691073,-4.7662882343338996e-05,8.594267115783623e-06,3.532197522998817e-05,1.5367332666516635e-05,3.326813655931307e-05,1.2254507203377783e-05,-1.6645012353546375e-05,-4.909377145876298e-05,6.122717894628395e-05,-6.629807702307551e-05,-2.1473689536099987e-05,3.951738951534149e-05,8.075672080733287e-05,1.8349717324175933e-05,-1.2469784880623795e-06,0.0024974526234212823,-0.0024974526234212936,0.0010498744782761653,0.00013800765001136146,-0.001383437198152769,0.0015559239652646153,0.0034325732315837265,0.00018580587995110898,-0.0001855432266020501,-0.001952961852665185,-0.0026499787457702397,0.0021090631050050363,0.00016357151503136721,-0.0001635715150313786,-0.0004652387520336138,0.0014194055027543652,-0.0006583839700456931,-0.0019102537369381787,0.0001234427539753885,0.0023647845078873407,-0.001962458829709227,0.0007174531868274119,-0.0004134788778012319,-0.00041420475218075686,-0.002809988605475801,0.001436919425313201,-0.0013019834287866603,-0.0008358191226856227,-0.003361941389138123,-0.001325142042296532,-0.003599769743569786,-0.0020152836629886385,1.3972431414664827e-05,-2.322625367646476e-05,2.6371133184692443e-06,-0.0021217222770791274,0.0021217222770791334,-0.00031905670525200167,0.0008103164942057586,-0.0006498385933999683,-0.0003242540329651709,-0.0013808686152485844,-0.0005594673362895831,-5.440311608660719e-05,0.0005737041652972351,0.0003153149991382101,-0.0016211997516887712,-0.002577837753576602,-0.0022385055225365566,-0.00015366318571233698,0.0009541385071768729,0.0014044812545703502,-0.0009103412705952169,-0.00024518866324846366,-0.03240209047928222,0.15389999999999995,-0.0023296035193326936,0.002895721713439621,-0.0012610843397482248,-0.0013374004899764148,0.0005349461572626655,0.0003983934280610441,-0.002063395646031846,0.00013675666177656,-0.0010697010344049795,0.0010496484750090358,-1.757507334554791e-05,0.00019609916226921763,0.0004031831172764161,3.489920274099219e-05,0.000221319595767388,0.00040844984891379534,-8.05364239976464e-05,-1.4873480401584539e-05,0.00017009697983829712,0.0002480149332637354,-0.00016925619974910837,5.32243878562798e-05,0.0005385246966024404,0.0004458496023647422,-0.00017239594673213701,0.00031951289925938737,-0.00011167484500171994,-0.0011822395439974199,0.001194436063739974,-7.293600562289324e-05,6.758764106677123e-05,-0.00017272928081222443,-8.248151168236572e-05,0.00032846974870112374,2.2810610721613418e-05,-0.00011504462315233471,0.00019331503768206445,-9.486992599935993e-05,-8.20352182801451e-05,7.369058090322237e-05,-0.0006766480608728744,0.0006924467397358806,0.0006339328450395902,-0.0014758687307216407,0.0002746734411946753,0.000561067446115687,-7.045065371361927e-05,0.0006422970056072523,-0.0006422970056072447,0.002992946585631236,-0.002997244732521026,0.0021236617949672654,0.002096616906282569,0.0019601588661479485,0.0017139256195721187,0.0016439903415272174,0.0009732094819733567,0.0011765670330609723,0.0010953565735588463,-0.0009657368935538332,-0.0007693276080634689,-0.0012806907477435165,-0.0005464977183348522,0.0007998757201455303,0.00046169589430419404,0.000754164349435666,0.0003739476070666524,0.0006549649063414718,0.0007704970454800399,0.0007713940741899052,0.0018693885381279095,0.001215861560451498,0.0007007526416539425,0.0004643356541790711,0.0017122478664667842,0.0015239619291101362,0.0020272753494499085,0.0006405069447315646,0.0001899478763524274,-0.000453061138304856,0.0019730925422523195
KXNFLAFCCHAMP-27-BAL,0.0030158653603582245,-0.003077671832556042,0.00019491014107003702,0.0031472063495430504,-0.0016809616573266874,0.00022210576618740852,-0.0034783841696487557,-0.001847173376144028,0.0036606202196409034,-0.002677676424994697,-0.006427708424461122,-0.001988127135528577,0.0013606039285568275,9.591791903933519e-05,-9.591791903934736e-05,0.003064647677625502,-0.00044279479625243675,-0.002101216262484354,-0.0008564711976118331,-0.0018490445754536086,-0.0006514021007968038,0.001051805111410588,0.003083419850666724,-0.0037667411555485303,0.004406201532726402,0.0015718173907988864,-0.0022052176342632836,-0.005249700036522331,-0.001156339132058465,0.0001180809070407129,-0.000113323946276793,0.00011332394627678561,-0.0032487366316761527,-0.0004037867410289745,0.004356034182332113,-0.004831965660193747,-0.01069757212074219,-0.002963542669741125,0.002959303967503353,0.0007955408429675039,0.0010903598176287168,-0.00092430740520724,0.0001864454994715703,-0.00018644549947158045,6.040629687388065e-05,-0.00019039178242927503,8.556318352007896e-05,0.006717527908767603,-0.00042689813594958004,-0.008302518902849304,0.006905408392938014,0.000817472102497581,-0.0005743069783356745,-0.0005757019230891991,-0.0034253858155911606,0.0016073417569859342,-0.0016393465791775517,-0.0010797351843749169,-0.004078536766362441,-0.0016573376500776961,-0.0043647923953540725,-0.0025062898981853335,0.00475974179710323,-0.007644853290413233,0.0006962433547443604,0.0002597201272516287,-0.00025972012725163307,-0.0018227015197550527,0.00455511752469983,-0.003691775382278223,-0.0018759359056351134,-0.007782792353876773,-0.0032007043735046577,3.293824312703213e-05,-0.00038479657564030633,-0.00021462385513399974,0.0010870712285098616,0.001740130865262759,0.0015119553248210018,9.955784246795836e-05,-0.0006491892514094388,-0.0009511624611556532,0.0006021976247293522,0.00016037672698169454,0.0011756390946978856,-0.0023296035193326936,0.1131,-0.020797509798675107,-0.01425479173969053,-0.012952480436590384,-0.003900153731654212,-0.015577040068803123,-0.01424312918938929,-0.012975020216451109,-0.0038337841055221832,-0.0026338541011291725,-3.766505834787216e-05,0.00040671829460500167,0.0008382172341608008,7.138588247477789e-05,0.00045932465264605135,0.0008492576469921165,-0.00016962488742575333,-3.2046495873075834e-05,0.0003526409062392931,0.0005149545973985118,0.0022092133072220644,-0.0008765474327046604,-0.0076089229090943195,-0.006334671226244034,0.002231202018975992,-0.004591354977243121,0.0014878580058409112,-3.939557262231618e-05,3.980454511121714e-05,-0.0011447193376938043,0.0010449744022328208,-0.0026515950975771843,-0.0012954002824612184,0.005002261220930324,0.00036446414036640676,-0.001757132188622452,0.0029643845065460595,-0.0014507913854002262,-0.0012492415771500065,-0.0002893001159593047,0.0029139850356287873,-0.0029373479508184534,-0.0026793017266292457,0.006323733683407317,-0.001144264915694284,-0.002380848958936426,0.00032277662419241964,-0.0002240546843307375,0.00022405468433073743,0.0007693380363010218,-0.0007704444058424127,-0.0018129728267853584,-0.0017898557588246307,-0.0016728953957623168,-0.001462004680702005,-0.00140663976362277,-0.0008251027105908434,-0.0010067253273370437,-0.0009361323069047899,-0.0007848552692000084,-0.000626991223392385,-0.0010373273557104103,-0.00044034838765378637,-0.0013343636285824258,-0.0007739800443210397,-0.0006059561725961786,-0.0002938130574340575,-0.0004909657301763808,-0.0005769684202573515,-0.0005768935038993312,-0.0005128958536453729,-0.00033315581469530294,-0.00019182962800220923,-0.00012667249854802451,-0.00047031565629531043,0.000299038615871371,0.00041031560094906787,0.00012737879306194336,3.813836152165781e-05,-9.165938386257074e-05,0.00038999746629395007
KXNFLAFCCHAMP-27-BUF,-0.0037734689004048885,0.003837637585647698,-0.00024783354148980757,-0.003945580328433061,0.0020971243980016977,-0.0002853566825892506,0.004348528041256606,0.0023058421528091753,-0.004579959483465417,0.003342298926245049,0.008032987296678906,0.002480995964690851,-0.0017087811474798629,-0.00012506526999176418,0.00012506526999181276,-0.0038095521470163313,0.0005395619436135308,0.002595612175447233,0.0010519741884759673,0.0022727533966193673,0.0007966684229547853,-0.0013074842128953735,-0.003827423559528734,0.00466481753413134,-0.005486661128495416,-0.0019687331934021635,0.0027117346402034536,0.00652374588293593,0.0014325699741190808,-0.0001517113462498252,0.00013681511916461533,-0.00013681511916461997,0.004401512600728559,0.0007385009700722849,-0.005171352762104666,0.0063845600267480405,0.01372726266985599,0.0037067194336074753,-0.00370140487241373,-0.0010489985347286292,-0.0014147345766663854,0.0010841179965391658,-0.00023346747142117662,0.0002334674714211651,-7.927387329245689e-05,0.0002411657731895782,-0.00011217338250079086,-0.008381767256003245,0.0005397284541607732,0.010372503304878357,-0.00861239367526214,-0.0010325601287252892,0.0006594427715108671,0.0006607213945731438,0.0041947660212591446,-0.002060621898791213,0.0019749954646309624,0.0012857635134821822,0.005007160679861157,0.002003346370812946,0.005359777177213635,0.003037481479543862,-0.005932734032464325,0.00953578934105141,-0.0008735769974925314,-0.00033342418003410885,0.00033342418003411324,0.0022628920998182447,-0.005683748798548978,0.004591286245687373,0.0023201542761828106,0.009703270269061665,0.003971950433746009,-4.721013171033161e-05,0.0004895657183531583,0.00026838622977934926,-0.0013835246015486968,-0.002197431275209186,-0.0019079890020051464,-0.00013188310456503405,0.0008122310807705681,0.0011965422443573769,-0.0007786882863465468,-0.00021012511917351453,-0.0014475556713023485,0.002895721713439621,-0.020797509798675107,0.1344,-0.017598667921237196,-0.015998474676016557,-0.004799441461058084,-0.019199762239609647,-0.017597534077821893,-0.015999732466146388,-0.0047962431101215485,-0.003195810032870628,3.225999970698324e-05,-0.0005292676202608529,-0.0010669333613164468,-0.00010606677723565855,-0.0005933853072946766,-0.0010804422210749698,0.00019442395430689947,2.5160266021643715e-05,-0.00046093533671767023,-0.0006626473847876044,-0.0026954309734146236,0.0011686353642108261,0.009599516808079966,0.00800846280517083,-0.0027147019358790933,0.005829338029311569,-0.0018226428225583667,4.77877963353736e-05,-4.828095549066103e-05,0.0014229298969944196,-0.0012854755133491352,0.0033094222700373295,0.0016086575973521125,-0.006224387418388436,-0.00043723652308190784,0.0022001726475081957,-0.003676926568464814,0.0018177512952671148,0.0015688134648214722,0.0003740944242635331,-0.003616400419978562,0.003635700230732149,0.003348552568602799,-0.007865188230191215,0.0014443715165516956,0.0029347505067649432,-0.00038785788671248504,0.0002832882391341594,-0.000283288239134143,-0.0009576526447449476,0.0009590288245829904,0.002263468396725603,0.0022346479099867333,0.002089200879229274,0.0018267338550567126,0.001752320200930555,0.0010371108424236115,0.0012541063825443578,0.0011674783085783079,0.0009719194256483557,0.0007747162317259945,0.001287938275619961,0.0005489355923136489,0.001654531531330551,0.0009481147215154467,0.0007661532044557823,0.00038210506410503453,0.0006074323276427384,0.0007147230610505557,0.0007157326246975598,0.0006424013451158215,0.0004177504000278157,0.00024074735315557028,0.00015939199873778311,0.0005884735435570141,-0.0003900776152280154,-0.0005165742212842592,-0.00016373270444734696,-4.846835189935291e-05,0.00011541412718699668,-0.0005046074959274773
KXNFLAFCCHAMP-27-DEN,0.0016271882964374812,-0.0016633995688997588,0.0001043000339417296,0.0016963862398100954,-0.0009082325169803588,0.00011825008967556094,-0.0018774718024525553,-0.000997743185793413,0.0019751484733228513,-0.0014464226236818776,-0.0034700138252191505,-0.0010740613655010355,0.0007327491358837103,5.064277036344782e-05,-5.0642770363443264e-05,0.0016589499967856283,-0.00024206075288295959,-0.0011409881663632846,-0.00046638695097230313,-0.0010065317331609492,-0.00035546474046465763,0.0005693568429965727,0.0016703034875599624,-0.0020428172960502418,0.0023830909939572924,0.0008476114646205881,-0.0012001557359496106,-0.0028421849360977074,-0.000627000506814033,6.284500066592078e-05,-6.224059691101085e-05,6.22405969109962e-05,-0.001679405909993245,-0.000166991154862771,0.002411089468320366,-0.0025331636909666933,-0.0056971139540857325,-0.0015992359026883764,0.001596951359050781,0.0004176471914672059,0.0005774004487977612,-0.000514387460598995,0.00010055401088352749,-0.00010055401088350608,3.179334917956948e-05,-0.00010208794778928662,4.5058921980170576e-05,0.0036294405994465456,-0.00022911947326633437,-0.004482971161850808,0.003731773023027722,0.00043891756485707587,-0.00032279253851018547,-0.0003236469586999527,-0.0018680472164592683,0.0008564000577124354,-0.0009011462272738987,-0.0005968222516895419,-0.0022215040576719146,-0.0009095756386329672,-0.0023771625797999645,-0.0013737563002852806,0.0025730205035251305,-0.004131144641224049,0.00037512415352811883,0.00013828754067250618,-0.00013828754067251518,-0.0009872861100082928,0.002461089720702435,-0.0019979571075426873,-0.0010180514795483384,-0.004206696657731081,-0.0017340763761095356,1.6464050764780556e-05,-0.00020584605900413885,-0.00011583148949039304,0.0005814231045848406,0.0009344748866270395,0.0008122255754842302,5.212038993497593e-05,-0.0003502727912088377,-0.0005117866676015393,0.0003194129145811622,8.446715003699286e-05,0.00063941567391233,-0.0012610843397482248,-0.01425479173969053,-0.017598667921237196,0.0979,-0.010962207956225791,-0.003300170695718083,-0.013182064057144475,-0.01205472041620003,-0.010980342785978923,-0.0032467250590340574,-0.0022271053733354806,-2.354314215592557e-05,0.0002150245519824369,0.0004483196330775954,3.4885951006956584e-05,0.00024377707019896316,0.0004543426308076105,-9.538139681249503e-05,-2.052682308963501e-05,0.00018599294002281746,0.0002738660376215686,0.0012069135064294106,-0.00045729988462693864,-0.00408811198961323,-0.0033998812968489825,0.0012205734118277147,-0.002458826617834379,0.0008112250485078235,-2.1583185711597962e-05,2.1807884827414256e-05,-0.0006196567563228144,0.0005686029976322161,-0.001432445269663954,-0.000701566190777908,0.002706442820205197,0.000200737130312517,-0.0009476872016433594,0.001606411330078183,-0.0007822130169221995,-0.0006727622746642303,-0.00015343296483656096,0.0015786831650849546,-0.001593418697274076,-0.0014464088758466553,0.0034222011729906593,-0.0006146032109306003,-0.0012941781096475165,0.00017765142658395758,-0.00012024659680002395,0.0001202465968000195,0.00041617068593043235,-0.0004167693952419026,-0.0009792500446592451,-0.0009667547859998231,-0.0009034551655259846,-0.0007893661736533067,-0.0007606110124314192,-0.00044415007329692987,-0.0005443700129710812,-0.0005059135425545273,-0.00042566464616094167,-0.0003404212339018095,-0.0005618567431930938,-0.00023802937149465913,-0.0007232232038702016,-0.00042202020458806215,-0.00032519954101399616,-0.00015536663163907136,-0.00026639336063011927,-0.000312864405722487,-0.0003125835341163724,-0.00027658200921846566,-0.0001795521638161208,-0.00010333962658129302,-6.814663951925783e-05,-0.00025375122715076356,0.00015789279882447412,0.00022069406870325916,6.77825953402222e-05,2.041495918483886e-05,-4.929627161592022e-05,0.00020681329250843937
KXNFLAFCCHAMP-27-HOU,0.001725657991267772,-0.0017640220326097587,0.00011062119497866502,0.0017991917428222142,-0.0009629462494374319,0.00012560958489462437,-0.001990784318619057,-0.0010578563109358676,0.002094856812506476,-0.0015337086873800916,-0.0036797006342399914,-0.0011388127364329028,0.0007772793477662748,5.365457619067862e-05,-5.365457619070666e-05,0.0017593496168330385,-0.00025671195630878787,-0.0012100442400599857,-0.0004946153304545848,-0.0010674566423078341,-0.00037698032834791815,0.000603817941561114,0.0017713946452649278,-0.0021664499325447567,0.0025273043667401697,0.0008988980021356331,-0.0012728007763267283,-0.003014178274020951,-0.0006649419830862148,6.664985290096255e-05,-6.609131349463951e-05,6.60913134946518e-05,-0.0017808860880522874,-0.0001770451826755138,0.002557033276986089,-0.0026862843598224923,-0.006041661125876693,-0.001696006209077434,0.0016935834267362794,0.0004437067048802045,0.0006131321277096679,-0.0005448179889245243,0.00010663389792456055,-0.0001066338979245673,3.3750974677470766e-05,-0.000108294144841394,4.783229490856153e-05,0.0038489490786957794,-0.0002430336277276152,-0.004754210178955591,0.00395742935046199,0.000465365474135085,-0.000342518457797306,-0.00034342472245858075,-0.001981316498101965,0.0009080344354675978,-0.0009559015659686111,-0.0006331582941329539,-0.0023561647600039005,-0.0009648190678916214,-0.002521251560760208,-0.0014571550410879537,0.00272867330561142,-0.00438107114465321,0.0003978318560442292,0.0001466726430099015,-0.0001466726430099102,-0.001047064281853331,0.002610013291434002,-0.002118903901620962,-0.0010797255882233122,-0.004461276137366242,-0.0018390773213365376,1.7459833950435804e-05,-0.00021829611711532873,-0.00012283796359004138,0.0006165907515959218,0.0009910031762120643,0.000861359543109807,5.527132885988191e-05,-0.00037146328465572265,-0.0005427458092810393,0.00033873176165401524,8.957540361447861e-05,0.0006781275029428645,-0.0013374004899764148,-0.012952480436590384,-0.015998474676016557,-0.010962207956225791,0.09000000000000001,-0.0030001762172026263,-0.011980982767485776,-0.010952422661314045,-0.009979193753327705,-0.0029441951313759,-0.0020289287714673862,-2.4865633862966784e-05,0.0002281620297421944,0.00047555871169790233,3.710520449131165e-05,0.0002586426307534977,0.0004819450435722886,-0.00010104589858293603,-2.1666490484043252e-05,0.00019737076869502456,0.00029055009621537485,0.0012797398281408547,-0.00048517274039617717,-0.0043356794183433255,-0.003605809867009306,0.001294223361168026,-0.002607819530697674,0.0008601326144474077,-2.2889573145336384e-05,2.3127873101413465e-05,-0.0006571193303915803,0.0006029920862720373,-0.0015190938418929243,-0.0007439797997220361,0.0028701754462892486,0.00021286850208782567,-0.0010050189059601462,0.0017035828349137665,-0.0008295332903437455,-0.0007134647533812654,-0.00016261852892248533,0.0016742983115953462,-0.0016896954551856957,-0.0015338120062964216,0.003629346998910609,-0.000651681869334456,-0.0013723467734075815,0.00018847903693475175,-0.000127544474454517,0.00012754447445451831,0.00044136659741091566,-0.00044200158468805613,-0.001038496427704566,-0.0010252450232442342,-0.0009581175417432665,-0.0008371296334585003,-0.0008066128498820087,-0.00047105096412992735,-0.0005772926053157271,-0.0005365183661621346,-0.0004514250481576623,-0.00036102404228514765,-0.0005958570471763306,-0.00025243205994376824,-0.0007669830981159079,-0.0004475565049495804,-0.00034487694464639966,-0.00016477004651134982,-0.0002825100218540563,-0.0003317928847166496,-0.00033149538317990253,-0.00029330371015418954,-0.00019040295667852023,-0.00010958334482980258,-7.225569234102115e-05,-0.00026909740228617533,0.000167577942952087,0.00023408813100129285,7.192474999808118e-05,2.165767080415213e-05,-5.228712386741357e-05,0.0002194704281627314
KXNFLAFCCHAMP-27-IND,-0.0006963032385917904,0.0007078870229553157,-4.576372403551734e-05,-0.0007305298986683216,0.00038264278756910367,-5.613358544615972e-05,0.0007970055531260772,0.00042081466798621277,-0.0008484705276406205,0.0006125442883821496,0.001477109770274595,0.00045353859583703674,-0.00031854278107845316,-2.2080529998902776e-05,2.2080529998907533e-05,-0.0007038127266144113,0.00010002129809202266,0.00048006134728737133,0.00019475680085321467,0.00042078294180401083,0.0001476039884677095,-0.00024161674305059455,-0.0007073436579622971,0.0008623434390622664,-0.0010132009621852058,-0.0003631179648389239,0.0005020251533390585,0.0012050547000147455,0.0002647281017043587,-2.791264947478407e-05,2.6763039002316392e-05,-2.676303900232157e-05,0.0007999185382477881,0.00012862452682449243,-0.0009629910226288148,0.0011653740695728243,0.002519532851523266,0.0006838721025092994,-0.0006828920038318949,-0.0002044815301757911,-0.00027213009031309087,0.00019103875673597302,-4.2989532794990545e-05,4.298953279499842e-05,-1.513569870485049e-05,4.4938604344979384e-05,-2.1402702712180223e-05,-0.0015451810397881269,0.00010028051260172922,0.0019136768303631216,-0.0015871044446397788,-0.00018823489837890953,0.0001268484533585394,0.00012710048440757544,0.0007807383765853668,-0.0003753983272364946,0.00037064950032427726,0.00024308777280544088,0.0009308276185037334,0.00037531711531826493,0.0009962122934704483,0.0005681372244286307,-0.0010944754489894681,0.0017592641514127209,-0.0001612608862224561,-6.153563860219258e-05,6.153563860219688e-05,0.0004186257646223971,-0.0010491040276834954,0.0008487056893353823,0.0004300444891349814,0.0017917128945548935,0.0007349501068936457,-8.534260141546398e-06,8.999700368165754e-05,4.9477090961089776e-05,-0.00025435215083324217,-0.0004045598411165827,-0.0003513213071493491,-2.4077455651186066e-05,0.000149775461684702,0.00022041872890626356,-0.0001428053800741371,-3.845278536227897e-05,-0.0002681281848642495,0.0005349461572626655,-0.003900153731654212,-0.004799441461058084,-0.003300170695718083,-0.0030001762172026263,0.029099999999999997,-0.003599967616171977,-0.003300160771150944,-0.003000009537456177,-0.0008999194303682043,-0.0005984405775864317,4.534414822950186e-06,-9.938376031666822e-05,-0.00019837901371091233,-2.1062086252327616e-05,-0.00011105046049941772,-0.00020085822068293332,3.441936155638169e-05,3.220509054266142e-06,-8.673800581544358e-05,-0.00012379989522902726,-0.0004955953966503885,0.00021717712366139475,0.0017723280816678705,0.0014787994996310922,-0.000499329773910573,0.0010768354782760875,-0.00033416439705309957,8.851327158440957e-06,-8.942774798337244e-06,0.0002621986006924866,-0.00023753464775400331,0.0006102791543149255,0.00029645348418067387,-0.001148793838506002,-8.097627103667305e-05,0.0004056169727970318,-0.0006787676761048371,0.0003350625036919315,0.0002891285210890144,6.707425528470313e-05,-0.000669467434970475,0.0006695283942462519,0.0006159439918362048,-0.0014534833776162913,0.0002643161647646517,0.0005403088505491775,-7.326609325646735e-05,5.2512984908247774e-05,-5.251298490823334e-05,-0.00017702124375747208,0.00017727615183375176,0.00041759365261060045,0.0004122727019519489,0.0003854565157863217,0.00033707542491764734,0.0003231043794821276,0.00019166153999355273,0.0002312243831118351,0.00021535717445899044,0.0001796680260916394,0.000143285586156707,0.00023794772830194665,0.00010132573516218655,0.0003056599869976889,0.00017553025601910462,0.00014110157409412887,7.00968813701818e-05,0.00011221175216279947,0.00013201265135999208,0.00013217433801604217,0.00011825087993920503,7.680332191311882e-05,4.4231925425066416e-05,2.91262335829381e-05,0.00010842441858595865,-7.363945491688338e-05,-9.585564101312742e-05,-3.0740325828936505e-05,-9.040333548700963e-06,2.1400543703170483e-05,-9.493756811469959e-05
KXNFLAFCCHAMP-27-KC,-0.0005270867772543968,0.0005317216508433774,-3.591383050471634e-05,-0.0005540848098329531,0.00029018584276899016,-4.289246770788917e-05,0.0006052750417212791,0.00031952464282741853,-0.0006402462926947421,0.00046351242940947176,0.0011180943382393244,0.00034366814442424875,-0.00024132633918413804,-1.8899453027816093e-05,1.8899453027833705e-05,-0.0005241960222235071,7.07645655168842e-05,0.00035192765384374497,0.0001406938703288345,0.00030450847248178383,0.00010543868427184561,-0.00017993019468473228,-0.0005249167610369527,0.0006362756281808433,-0.0007579686744592282,-0.0002756317823638067,0.00036371119952664636,0.0008969867811739799,0.00019555579414404515,-2.2462351153536922e-05,1.7810446743335556e-05,-1.7810446743330684e-05,0.0007216785130450936,0.0001773787447606903,-0.0006335068625855004,0.00099926087365276,0.002025921540969738,0.0005173295771520943,-0.0005165837261285207,-0.00016633333799544138,-0.00021643430536440569,0.00012594599184473983,-3.2653095000902585e-05,3.265309500091371e-05,-1.2358786449947596e-05,3.47164862372703e-05,-1.7449662978885565e-05,-0.001162941997386958,7.733497646651805e-05,0.0014436917631433966,-0.0011935875866919134,-0.0001469659982285958,7.387634492599771e-05,7.390654461944147e-05,0.0005576051730139417,-0.00030299968762653116,0.00025230110547475894,0.00015951279942374964,0.0006695468651691275,0.0002580523616965533,0.0007170592054772673,0.0003937588210466024,-0.0008212839309258757,0.0013223373162120624,-0.00012282088448178566,-4.932969034596513e-05,4.932969034595938e-05,0.0003105544201718781,-0.0007888960465844931,0.0006325611799130322,0.00031568665173212256,0.0013443699317715275,0.0005445637977941684,-8.504670612070298e-06,7.09451487745827e-05,3.742975685662534e-05,-0.00020064754172654332,-0.000313298858733688,-0.0002716225685329606,-2.0743562682787155e-05,0.00011342041170809692,0.0001691497286866458,-0.00011677237757137476,-3.235587483641246e-05,-0.00019478598187489676,0.0003983934280610441,-0.015577040068803123,-0.019199762239609647,-0.013182064057144475,-0.011980982767485776,-0.003599967616171977,0.10560000000000001,-0.013176916102444397,-0.011990536196447184,-0.003571991363063216,-0.0024118967810217856,-5.64537787399515e-07,-8.082744946612212e-05,-0.00015516537396330777,-2.0503409519148122e-05,-8.920183031808993e-05,-0.0001569515215922727,2.1133485420262047e-05,-1.5793697037025058e-06,-7.106042304578155e-05,-9.875962813576455e-05,-0.00035389798416621683,0.00018680604596779383,0.0013666865417238311,0.0011455285174285727,-0.0003539525072297666,0.0008418630628083093,-0.00024156517320687225,6.197866784098231e-06,-6.260861825903787e-06,0.00019565865494988255,-0.0001724710722968267,0.0004595117700792451,0.00022068786754419377,-0.0008582763282022284,-5.502713564987443e-05,0.00030779037831535366,-0.0005032148584556388,0.00025465936598091903,0.00022094006758404208,5.577913479660992e-05,-0.000495986801880262,0.0004947353869302811,0.0004660881316279822,-0.001083781129929301,0.00020539952871386445,0.0003953444372326248,-4.9338228378389504e-05,4.058498302568126e-05,-4.0584983025690196e-05,-0.00013222930557570112,0.00013241910840269784,0.00031454844015451125,0.0003105558283153678,0.00029053360300951303,0.0002543353588141458,0.00024223236637288856,0.00014645025625637474,0.00017335181583230539,0.00016182378919645947,0.0001325431695655202,0.0001051016538406014,0.00017671902896897147,7.60228574350908e-05,0.0002262919892976825,0.00012595217828565916,0.0001095555303221707,5.799848064316926e-05,8.264395359960109e-05,9.752834614437153e-05,9.802231893178093e-05,8.989129689546197e-05,5.859143225142261e-05,3.382785445047937e-05,2.2501974615526576e-05,8.217092706920613e-05,-6.000712933767773e-05,-7.330421680936305e-05,-2.439703617675208e-05,-7.034060312042563e-06,1.63800849337356e-05,-7.627472446695445e-05
KXNFLAFCCHAMP-27-LAC,0.0026686015838054025,-0.0027246099217437775,0.00017206575560416414,0.0027843081814646438,-0.0014875254823867668,0.00019617264189808822,-0.00307760338947848,-0.0016344813957408643,0.0032395285130479797,-0.0023696850427882676,-0.005687940589767449,-0.001759375951627894,0.0012036577912979405,8.422047812203323e-05,-8.422047812203613e-05,0.0027144416744685623,-0.00039335590638565974,-0.0018628517643555346,-0.0007599556237642038,-0.0016405103443195884,-0.0005783625667670838,0.0009316177097240495,0.0027316602756426722,-0.003338170111394871,0.0039016590130453665,0.0013905943962935305,-0.0019563878595701685,-0.004649977422035875,-0.0010247059081278243,0.00010406557030314073,-0.00010098787152801795,0.00010098787152801492,-0.0028384766485144274,-0.00033233480059055207,0.003884243424499466,-0.004239125983777929,-0.009428859332222345,-0.002622423637365389,0.002618674205133978,0.0006999363473454613,0.0009611531882915856,-0.0008240692176167228,0.0001649461576638406,-0.0001649461576638411,5.3129341016598314e-05,-0.00016821563424852386,7.526569122285362e-05,0.0059462328672175244,-0.00037725251069655195,-0.0073480809075816,0.006112857064365674,0.0007220639358794536,-0.0005148878409087097,-0.0005161721732327497,-0.0030411496755193335,0.0014165810766078308,-0.0014591713119878726,-0.0009628232584016042,-0.0036196117103210095,-0.0014744215414778882,-0.003873515499748601,-0.0022287511312149163,0.004213977481240947,-0.006767570680208411,0.0006158296189293069,0.00022894956168941272,-0.00022894956168939922,-0.0016147784964401746,0.004032259959317738,-0.0032697396491122004,-0.0016629522214316641,-0.006890345161843869,-0.0028357853524275836,2.8505480090027343e-05,-0.0003396108144793413,-0.00018992038838730002,0.0009593722896794843,0.0015375668987744123,0.0013360931441634357,8.730810758246424e-05,-0.0005744282532383212,-0.0008409285493826226,0.0005301484587698036,0.0001408951130978365,0.001042799845584781,-0.002063395646031846,-0.01424312918938929,-0.017597534077821893,-0.01205472041620003,-0.010952422661314045,-0.003300160771150944,-0.013176916102444397,0.0979,-0.01097488952140656,-0.0032338861726223145,-0.0022345127935063406,-3.469271537078805e-05,0.0003579831815786087,0.0007399991317246168,6.16133871457658e-05,0.00040468815686988356,0.0007497983368158797,-0.0001517607111887836,-2.9727921562931e-05,0.00031019807243534475,0.00045394399391426225,0.0019617037828668906,-0.0007683857286272585,-0.006724725901518914,-0.005596868324850006,0.0019820320496007097,-0.004054088349421826,0.0013202944514071218,-3.5020386325102415e-05,3.5384252151501466e-05,-0.001013828239271392,0.0009269498418708492,-0.0023470784319400183,-0.0011474453460766612,0.004429838855342806,0.0003244627192200161,-0.001554593462405871,0.0026263817620584685,-0.0012834383065679286,-0.001104762906900442,-0.0002544815385517135,0.0025817800680228912,-0.0026030122312842886,-0.0023709224250679116,0.005600710540791379,-0.0010109113311407734,-0.002111088902745567,0.0002874820193071799,-0.00019798772477894075,0.00019798772477893676,0.0006813037455157855,-0.0006822836882024268,-0.0016047139161166494,-0.0015842476459065836,-0.0014806653487408942,-0.0012939197803723242,-0.001245431413725913,-0.000729640343283646,-0.0008913494169596652,-0.0008287242357889647,-0.0006955603795175452,-0.0005558419125718849,-0.0009189442918115076,-0.00038985675075843556,-0.0011823049306620593,-0.0006870155419278991,-0.0005353288163248778,-0.00025844220722910644,-0.00043515555044778236,-0.0005112882540526853,-0.0005111052258715834,-0.00045373361535480173,-0.0002946661199491185,-0.0001696423086792541,-0.00011195905112103071,-0.0004161387956567222,0.0002631925727856001,0.0003628143426229781,0.00011233515897230922,3.3682907058486475e-05,-8.104417556185476e-05,0.0003436261592363652
KXNFLAFCCHAMP-27-NE,-0.00018707394980615831,0.00018541670412950908,-1.3735065464393936e-05,-0.00019891938200772925,0.00010088531585673133,-1.754792216455934e-05,0.00021317727287508504,0.00011143800009822759,-0.00022763391169008267,0.0001619435604668574,0.00039378893665956285,0.00011976240662142694,-8.767540014785485e-05,-7.795547568808115e-06,7.795547568816657e-06,-0.00018000127911183252,2.1606504411287664e-05,0.00011679913931078832,4.517122761876355e-05,9.819925994592632e-05,3.2968368121364744e-05,-6.180093090870831e-05,-0.00017890347654942818,0.00021414927487049012,-0.00026259818966294687,-9.831096581330196e-05,0.000117598910054434,0.00030748233710322715,6.593830413990666e-05,-8.941537360825597e-06,5.33420379071349e-06,-5.334203790718025e-06,0.0003376116351484701,0.00011954524357478652,-0.00015710963294567916,0.00043657666658399627,0.0008017316464447955,0.00018327989260873547,-0.00018301250646286538,-7.417529705472222e-05,-9.120566926220042e-05,2.5234528581024077e-05,-1.1620869857186824e-05,1.1620869857165416e-05,-5.3686291844139125e-06,1.3108558349083814e-05,-7.553979932736339e-06,-0.00040676572465149426,2.893304934761698e-05,0.0005084567331896052,-0.00041644389489109434,-5.424054717533242e-05,1.232703793286527e-05,1.2224614012357514e-05,0.0001763186293785366,-0.0001190943225275542,7.158798482720762e-05,4.1312627997883635e-05,0.00021487845236525777,7.499362159847035e-05,0.00023041390556941303,0.00011649556839195537,-0.0002858347795424873,0.0004619680953733342,-4.4200270422124516e-05,-1.9610429085613412e-05,1.9610429085619775e-05,0.00010600626376929735,-0.00027616511763306885,0.00021783176236680758,0.00010564416373199996,0.00046875419973376115,0.00018546698642871152,-4.4749690981946734e-06,2.713260620257366e-05,1.3239410042090873e-05,-7.685050723920257e-05,-0.00011604185537963624,-0.00010029997672071815,-9.13248291368135e-06,4.0229080317035904e-05,6.156971351063444e-05,-4.7546759347181754e-05,-1.3774913363388278e-05,-6.348336397334493e-05,0.00013675666177656,-0.012975020216451109,-0.015999732466146388,-0.010980342785978923,-0.009979193753327705,-0.003000009537456177,-0.011990536196447184,-0.01097488952140656,0.09000000000000001,-0.0029697315418807007,-0.002013963606740993,-4.0725816640804835e-06,-3.395445877653589e-05,-5.975474461739709e-05,-1.1620226030154124e-05,-3.648246157067175e-05,-6.031175352005132e-05,2.9011143966841042e-06,-4.450417947828383e-06,-3.0318318951350852e-05,-3.978546596682092e-05,-0.0001083576956387915,8.428259147180908e-05,0.0005047499662737414,0.00042708346562940816,-0.00010636602573171376,0.00031985571084767247,-7.579454221498506e-05,1.8358160605634955e-06,-1.8536822314500006e-06,6.707802349634399e-05,-5.580890470390796e-05,0.00016098689140305159,7.526446198526764e-05,-0.00029610814394011455,-1.4918795609188862e-05,0.00010959483404412003,-0.00017067978502139665,9.095609101175236e-05,7.97915267454764e-05,2.247963349926042e-05,-0.00016905558539312087,0.00016558986674426425,0.00016416326916100397,-0.00037333887807759335,7.567499611481189e-05,0.00012918496010750003,-1.3825724817730364e-05,1.517904556240254e-05,-1.5179045562404066e-05,-4.575885988350608e-05,4.582437787351766e-05,0.00011040535479023385,0.00010901353278663212,0.00010213166705652361,8.963805159231974e-05,8.40383548735606e-05,5.318751502736229e-05,6.013378724742063e-05,5.64792089648852e-05,4.4589719067152457e-05,3.492971649918612e-05,6.029418454612856e-05,2.6483554239256574e-05,7.664286149821385e-05,3.976025183164491e-05,4.081812194422926e-05,2.411139354307294e-05,2.7651653915819717e-05,3.285647070621988e-05,3.330093011141807e-05,3.2024818912697396e-05,2.0976810247934858e-05,1.2157941654552425e-05,8.166867065219668e-06,2.914198424167255e-05,-2.5513291891022025e-05,-2.6894379068132264e-05,-9.82491692572242e-06,-2.698105640870751e-06,6.011322355190407e-06,-3.149327838787329e-05
KXNFLAFCCHAMP-27-PIT,0.0013689536479847171,-0.0014052580561465995,8.597232525913565e-05,0.001424504313067154,-0.0007654054077615552,9.728918909750469e-05,-0.0015793687147548777,-0.0008402594694546419,0.0016629199480140372,-0.0012190956913407673,-0.0029218432437327097,-0.0009051433628174009,0.0006146690471174099,4.009519008353037e-05,-4.009519008354084e-05,0.0014070917686665138,-0.0002102504553058425,-0.0009751977895410295,-0.00040134774483577783,-0.0008654462526137871,-0.0003074443746817955,0.00048292340580754714,0.0014192217719684126,-0.0017406253005316022,0.002016945192026806,0.0007121319817805253,-0.0010313928321007545,-0.002411515096409858,-0.0005339854379832957,5.1072054160988196e-05,-5.497744926201677e-05,5.497744926202861e-05,-0.0012585890386530357,-3.379861124565575e-05,0.0021559319063947013,-0.0019757934417697414,-0.004635814910370791,-0.0013459677673139105,0.0013440509458430366,0.0003297867702256234,0.00046563411773597346,-0.0004631871072827604,8.448873606879204e-05,-8.448873606879594e-05,2.5265621480169237e-05,-8.471824371448095e-05,3.5855262400529393e-05,0.003063470919640028,-0.00019045815578701508,-0.0037784940580284096,0.0031513792678858187,0.0003641909845379274,-0.00029964161111235756,-0.0003005742402443738,-0.0016144607459897765,0.0006968359784740853,-0.000794164443809554,-0.0005331121907990424,-0.0019140463951229734,-0.0007984666605836709,-0.0020475852256144483,-0.0012021738529360334,0.0021747674977394523,-0.003488662294689528,0.000314530500496848,0.00011253408888998862,-0.00011253408888999095,-0.00083882841279724,0.0020776234828544355,-0.0016938028949882887,-0.0008691397979711975,-0.0035549636144273184,-0.0014741435230602477,1.1118335784596604e-05,-0.0001694573241791895,-9.750482181803159e-05,0.00047843261088155735,0.0007768987438474006,0.000675863727972524,4.050339189061075e-05,-0.00029467622784366094,-0.0004275831326654524,0.00025719525117500684,6.673990178397695e-05,0.0005487453909894429,-0.0010697010344049795,-0.0038337841055221832,-0.0047962431101215485,-0.0032467250590340574,-0.0029441951313759,-0.0008999194303682043,-0.003571991363063216,-0.0032338861726223145,-0.0029697315418807007,0.029099999999999997,-0.0006428224394301274,-2.5991968207139553e-05,0.00017237935489816122,0.00036958402740005505,2.2359638503017474e-05,0.0001972775650270303,0.000374782043172096,-8.771460423655007e-05,-2.3483893965589152e-05,0.00014823908627452001,0.00022273517957548225,0.0010455280321157053,-0.0003531198318374538,-0.0034043466958868997,-0.002823874519470481,0.0010607558551436929,-0.0020312465354921727,0.000699213939850838,-1.8830751774410635e-05,1.9028135585916333e-05,-0.0005253843856587786,0.0004883434910041769,-0.0012086964375975099,-0.0005955467961075607,0.0022924840595916025,0.00017739992123452108,-0.0007964346057925699,0.0013659808710438839,-0.0006568320474529026,-0.0005632982199539186,-0.00012316563350958654,0.0013419501404660363,-0.0013579041278980817,-0.0012180878746759329,0.0029007570925621597,-0.0005108456677030295,-0.0011082590543418703,0.00015704932113306912,-9.98844671169078e-05,9.988446711691166e-05,0.0003524110192345691,-0.0003529185782854114,-0.0008260371923695299,-0.0008154776924392732,-0.0007618307062809345,-0.0006652363804470646,-0.0006432642938382072,-0.00037164509410012796,-0.000460389478043335,-0.000427312969068529,-0.000362734853112196,-0.00029087937217787475,-0.00047724803654838443,-0.00020117575896081157,-0.000615300507736822,-0.00036432231228950414,-0.0002699345899855937,-0.00012409348184006354,-0.00022722646515431748,-0.00026646544064259253,-0.0002657287080771345,-0.000232308208544708,-0.0001505697347133691,-8.655677310934767e-05,-5.6843282625399115e-05,-0.00021342931261320242,0.00012610354976035936,0.00018437083091434416,5.5200133791761897e-05,1.6862497079936263e-05,-4.1171236718726505e-05,0.0001669753447965403
KXNFLAFCCHAMP-27-TEN,-0.001352201740356641,0.0013824465277356424,-8.654822967778027e-05,-0.0014133571915383356,0.0007480806051801275,-0.00010352550695825384,0.001551709393482458,0.0008218881237682823,-0.0016467513883774239,0.0011956202799719286,0.00287573729480777,0.0008860044754865262,-0.0006138300424097014,-4.050206360005693e-05,4.0502063600045884e-05,-0.0013807881932173835,0.00020236396043443272,0.0009510363030988418,0.0003892413236950957,0.00084000517662508,0.00029695365375638743,-0.0004739749852497993,-0.0013907705106932693,0.0017016924218512621,-0.00198250215821879,-0.0007040679924478644,0.0010015058744779646,0.002365409809780526,0.0005221391566353771,-5.1956431689802505e-05,5.4048162174158036e-05,-5.4048162174167644e-05,0.0013647695723642416,0.00011862470684124848,-0.002027171011458696,0.0020735036711192725,0.004701565598165582,0.0013288240930722848,-0.0013269269905495573,-0.00035964490728340845,-0.0004927407941388391,0.00041818115758371507,-8.34230457595327e-05,8.342304575952177e-05,-2.7101531255054068e-05,8.543865416585592e-05,-3.8389198443496296e-05,-0.0030148404121914238,0.00019123037646888934,0.0037255982792017655,-0.0030991125524353147,-0.0003608342491741868,0.0002784030266620326,0.00027915480633868846,0.0015660898213989795,-0.0007023972528230161,0.000761274444447359,0.0005073849182665794,0.001860279932782426,0.000767193191765762,0.00199033058514344,0.0011570536052480042,-0.00213864703368613,0.003433639491489742,-0.0003117579206631688,-0.00011456699315968916,0.00011456699315968909,0.0008226842858140667,-0.002046253934258447,0.0016635895218555237,0.000849866559866535,0.0034989354471484896,0.0014452620681062389,-1.3204008836723678e-05,0.00017026663713815384,9.619448143043425e-05,-0.0004809379024579978,-0.0007744811673089217,-0.0006732843327991454,-4.266692976983848e-05,0.00029093679332134925,0.0004245224262301909,-0.0002632252831025392,-6.93786811113393e-05,-0.0005338129511736734,0.0010496484750090358,-0.0026338541011291725,-0.003195810032870628,-0.0022271053733354806,-0.0020289287714673862,-0.0005984405775864317,-0.0024118967810217856,-0.0022345127935063406,-0.002013963606740993,-0.0006428224394301274,0.0196,1.784883916535304e-05,-0.00018075712472060378,-0.00037438042096000525,-3.0783951400067025e-05,-0.00020445208057419677,-0.000379372408108792,7.754487093710537e-05,1.5337767759206544e-05,-0.00015658856350230936,-0.00022942091430579398,-0.001002542180431667,0.00038000004611431226,0.0033962378127155657,0.0028242729893075,-0.001014450653980948,0.002042362789355442,-0.0006721054009991048,1.801656668186992e-05,-1.820444033691647e-05,0.0005147023415620938,-0.0004738959154264719,0.0011900646064184192,0.0005828504509039567,-0.0022508176057185565,-0.00016800963653368855,0.0007868827129742656,-0.0013366419242633568,0.000649355644832211,0.0005582799245529447,0.00012431264966330968,-0.0013160341140750005,0.0013237105506891552,0.0011994012897792827,-0.002848694706047668,0.0005071800963508748,0.001075363749355932,-0.0001506015215221029,0.00010010782810362317,-0.00010010782810362043,-0.0003464423919157931,0.0003469415542540243,0.0008138480738740083,0.0008034564406618758,0.0007508570410506316,0.0006560755617585187,0.0006319812104597132,0.0003693924361102564,0.00045228627671548287,0.0004204499194439286,0.0003546096526217007,0.0002837700723507559,0.0004677309894011271,0.0001979347174183576,0.0006021366465097547,0.00035237157463430333,0.0002695261809316698,0.00012792969172251324,0.00022181232557750508,0.0002604470678328793,0.0002601377026508826,0.00022938455547120932,0.00014874984273491304,8.555899300910684e-05,5.616081211851823e-05,0.00021062514912208914,-0.00013289975727618785,-0.0001840124687969386,-5.688837095470094e-05,-1.7069643085972415e-05,4.108108117437198e-05,-0.00017374927553020646
KXOSCARPIC-27-AVEN,-0.000261432914685265,0.00023808766377347455,-3.0290154122302414e-05,3.5359874798009474e-05,4.884564502954582e-05,4.182797348905211e-05,5.926763021567839e-05,5.3006887423819596e-05,5.000635104290104e-05,4.441582639627395e-05,4.8313723224399506e-05,4.727176436623153e-05,4.1476586675841175e-05,2.3878188674705766e-05,-2.38781886747122e-05,-3.0592524973432084e-05,1.2059535225778415e-05,3.2105514088849424e-05,1.7201847412861616e-05,3.4262052552541927e-05,1.535339582590189e-05,-9.073164813750717e-06,-3.327661210478896e-05,5.0394431086689083e-05,-4.083063727575494e-05,-8.214436978812148e-06,3.9884790677792946e-05,5.9451160859046214e-05,1.6792251469659648e-05,3.2029681597068285e-06,2.9023886534827387e-06,-2.902388653478919e-06,-7.616952817533597e-05,-5.310172809165358e-05,-4.7104074540925564e-05,-7.92869573489807e-05,-9.754744082182551e-05,0.00015800249105762482,-0.00015774943131151292,-0.00012809958586427258,-0.00013967518652906215,-5.071551370752287e-05,-8.51554268482329e-05,8.515542684823388e-05,3.934823349310688e-05,-9.308159262817612e-05,5.538204810006717e-05,-7.734995563642205e-05,-2.319881988897005e-06,8.248293461982697e-05,-8.293696647589147e-05,-3.0231482029085056e-05,-6.757629726091577e-05,-6.755685205316023e-05,-0.00010735627613971088,-4.2952593968226225e-05,-8.832829729188532e-05,-8.23796879927087e-05,-0.00011491178448723796,-8.13930081365133e-05,-0.00012047283922759148,-0.00011072708865666054,8.929487856001946e-06,-1.867655555407105e-05,5.030173087229216e-06,1.7535842747683756e-05,-1.7535842747700574e-05,-1.0631187091051597e-05,3.850773513100942e-05,-2.487378387098204e-05,-6.870283662315835e-06,-6.234974181904378e-05,-1.789644119782632e-05,7.314087217806619e-07,-3.697843255719536e-06,-1.6628666547799024e-06,1.040468503946608e-05,1.4958753869356251e-05,1.2847348476410248e-05,1.4508605494208065e-06,-4.8896249581235345e-06,-7.816486332562808e-06,6.767130454051993e-06,2.0445325197900793e-06,1.4712871408565156e-05,-1.757507334554791e-05,-3.766505834787216e-05,3.225999970698324e-05,-2.354314215592557e-05,-2.4865633862966784e-05,4.534414822950186e-06,-5.64537787399515e-07,-3.469271537078805e-05,-4.0725816640804835e-06,-2.5991968207139553e-05,1.784883916535304e-05,0.0196,-0.00034009041658255467,-0.002141881892414239,-0.0007526139523515254,-0.0009439626998321901,-0.0025423174539424306,-0.009741029532119186,-0.0003597819512832374,-0.00034252867589085016,-0.001344200553252164,1.1039731299069082e-05,8.158945367918946e-06,1.8499884854673482e-06,3.296207410337026e-06,1.1233746021035934e-05,5.236820240066306e-06,8.646477666154831e-06,6.932668736932661e-05,-7.006977249591483e-05,1.586515908114442e-07,1.1287786263919782e-05,-1.8505532280365756e-05,5.215702252991681e-08,5.3621019664599126e-05,3.3593987080020917e-06,-1.2873086049590996e-05,2.937061812351709e-05,-9.697756601331346e-06,-8.88085170071256e-06,-8.22444162810407e-06,-2.309254090280608e-05,1.7004762982673127e-05,3.3918831043996625e-06,-3.817958021888539e-05,-6.3418527815574476e-06,1.8193183072548718e-05,-1.0640272547406752e-05,7.74220840416836e-05,-7.742208404168467e-05,-9.228835442475709e-05,9.243938159819121e-05,5.373314727538081e-05,5.30288557632501e-05,4.879858745821291e-05,4.134700241870576e-05,4.722350682608927e-05,1.4521065206003515e-05,3.389467935135291e-05,2.9418213925218904e-05,-1.1434662481505035e-05,-8.034079957792213e-06,-1.6959281164857145e-05,-8.17233769356211e-06,-5.994981243371328e-05,-3.848481868811051e-05,3.1283662101273485e-05,1.5598230387712186e-05,7.136413806368206e-05,8.386661421549434e-05,8.385742352962858e-05,-7.016278507746881e-06,-4.694657113290816e-06,-2.760548223100097e-06,-1.9624859418602924e-06,-6.26341129549434e-06,-2.56133024237091e-06,-9.75102098462773e-07,-1.3171217488918477e-06,-2.0662576338335449e-07,3.7806018631546575e-08,-3.3592260600160674e-06
KXOSCARPIC-27-BEH,0.003754312681213863,-0.0038705621587792486,0.0002233186579404399,-7.862756044869227e-05,0.00014383668005129828,5.3420901013184025e-05,0.00023524804382223815,0.0001572757040111113,-7.614895668483627e-05,0.00017829934718668265,0.0003405334054072021,0.0001541644439427652,5.556502277061183e-06,-0.0002587791010938147,0.00025877910109382016,0.00037653954862245883,-4.080510396165661e-05,-0.0002381696796161091,-8.969552756618543e-05,-0.00019791196269528807,-6.411033987365451e-05,0.00013105609606205816,0.00037371202959336433,-0.000440284890161037,0.000548818810087323,0.00020801227489308132,-0.00023770494939211726,-0.000635437955787996,-0.0001337119913258051,2.185412430743737e-05,6.763199196129634e-06,-6.76319919614615e-06,1.8063540328805332e-05,-6.405053002359661e-05,-0.00026015883338894593,8.021453386981882e-05,0.0003044884035747402,-0.0023652936537291516,0.0023619485561433375,0.00017359658943134475,0.0003161808418447185,-0.00063518041813702,0.0013037529816662702,-0.0013037529816662622,-0.0003935505619372747,0.0012451839590714032,-0.0005574192564816927,0.0010544276328720544,-7.636391574540106e-05,-0.0013197483008360483,0.0010805837181396632,-0.00017640161431428075,-1.2431294048098188e-05,-1.2225528983407695e-05,0.0003844394024872608,-0.00032608852456147096,0.0001266957190348415,4.660614332477943e-05,0.0004778857521061872,0.00014031535202246398,0.0005152064774932768,0.00023103204642538748,-0.0002707029787182392,0.0004283833397902557,-3.413644939240918e-05,-0.00030930902682869943,0.0003093090268287081,0.0002640386360427128,-0.0006390509627371148,0.0005289800444294324,0.00027874602414719864,0.0010978254151530766,0.00046498740290006545,-2.9638036802200152e-06,4.097586717903604e-05,2.3408160410920055e-05,-0.00011588403134738814,-0.00018802170973529576,-0.00016360442415796074,-9.881235291812973e-06,7.113586366845693e-05,0.00010324720443815711,-6.2841865413102e-05,-1.6394709016525832e-05,-8.939584476638446e-05,0.00019609916226921763,0.00040671829460500167,-0.0005292676202608529,0.0002150245519824369,0.0002281620297421944,-9.938376031666822e-05,-8.082744946612212e-05,0.0003579831815786087,-3.395445877653589e-05,0.00017237935489816122,-0.00018075712472060378,-0.00034009041658255467,0.0196,-0.0021093186889031574,-0.0007278291223059987,-0.0009137008609237526,-0.0025097357975543653,-0.009703052818759945,-0.0003396917026925433,-0.0003123161299200084,-0.001313707208768374,-2.3940189427987284e-05,2.573305551478122e-05,0.0001340335764623709,0.00011367267425345955,-2.4554503800036878e-05,8.591419307567303e-05,-1.3349361443794949e-05,-0.0010133749869669748,0.001023787688411948,0.00021650440203019214,-0.0001795261426697458,0.0004769279370460776,0.0002445866895251337,-0.0008704731205083226,-6.176597950501889e-05,0.00031624531195976904,-0.0005175185739783581,0.00026259930172236505,0.00022590348296190865,-3.729044333103726e-05,0.00013226226310047667,-0.00015496803850290162,-0.00016339469783954396,0.0003145894804755664,-8.690668949447541e-05,-0.00011881169452519788,-3.2480274546401637e-06,-0.0011204058255251184,0.0011204058255251134,0.0013228105925755722,-0.001324674745472439,-0.0008103855550944644,-0.0008001166864777335,-0.0007492308779295344,-0.0006570633492297274,-0.0006190370704259998,-0.0003863494260032301,-0.0004429420719086461,-0.000415369666431768,0.00024323300725392997,0.00019546480602898513,0.00031963299076521757,0.00013478552463403004,0.00086484677178818,0.0004887308417330119,-0.0004850398479733792,-0.00024201907514491788,-0.0010967781782784437,-0.0012908132599088256,-0.0012930292751869464,0.00010053250399085307,6.504293999876522e-05,3.7350857463064595e-05,2.4353664154475416e-05,9.249633188570405e-05,-3.202604806222242e-05,-2.7252306339677494e-05,-1.267678516456591e-05,-3.056520435711649e-06,5.698878473307832e-06,-3.9314975997288966e-05
KXOSCARPIC-27-BLA,0.007617300887490708,-0.007798316194173186,0.0004777278878756157,-0.0002025614846122033,0.00020380392545484005,4.100660875011979e-05,0.0003633246528653672,0.00022330164470578515,-0.00022052952894899064,0.00027670871507197545,0.0005821822166312414,0.00022600397849073864,-5.0379154336179734e-05,-0.0005375019433548178,0.0005375019433548337,0.0007724114115596193,-9.731133722542704e-05,-0.0005085017365721177,-0.00019948593409300675,-0.00043480920370631167,-0.0001473762997216642,0.0002667275718039821,0.0007714725361191437,-0.0009258060368490301,0.0011190861987329247,0.0004124247657300142,-0.0005202914228663136,-0.0013142447119481883,-0.00028303932768489263,3.729587384407042e-05,2.7534818132129953e-06,-2.7534818132050107e-06,0.00016124020850591216,-3.776805730138417e-05,-0.0004228823305541662,0.0002865374632327349,0.0007459840605256253,-0.004787958761352762,0.004781138179692768,0.0005885709472666001,0.0008808788334005765,-0.0010922759533739123,0.00263517662680107,-0.00263517662680106,-0.0008158225800785132,0.0025346282042930275,-0.0011550084408107327,0.0021406938356026686,-0.0001450897580658982,-0.0026616948976535115,0.002197568233325244,-0.00029655668650339613,7.23672078506296e-05,7.2723870233621e-05,0.0008939477126907472,-0.0005674936616554824,0.0003700871021469212,0.0002073685627323913,0.0010848416823378555,0.000386440602382319,0.0011646719143515536,0.000603031153315505,-0.0005338832894869409,0.0008517326010709635,-7.318564476562714e-05,-0.0006196996483738632,0.0006196996483738506,0.0005214912199181569,-0.0012858963051496294,0.0010513954665147753,0.0005426056205759748,0.002202042854561608,0.0009168637410827867,-7.17859845935251e-06,8.503793668508108e-05,4.7593643489228675e-05,-0.0002404011995101837,-0.0003859015290699475,-0.00033542829590123,-2.1717341875958267e-05,0.0001443267917792337,0.000211026188308654,-0.0001328447877971282,-3.526724379109976e-05,-0.00019347252677507284,0.0004031831172764161,0.0008382172341608008,-0.0010669333613164468,0.0004483196330775954,0.00047555871169790233,-0.00019837901371091233,-0.00015516537396330777,0.0007399991317246168,-5.975474461739709e-05,0.00036958402740005505,-0.00037438042096000525,-0.002141881892414239,-0.0021093186889031574,0.0979,-0.004329336231278739,-0.00541465226698175,-0.014210335972903476,-0.05380224944608421,-0.0021414781675353975,-0.002113349738910789,-0.007614613943416133,-6.080601062229399e-05,3.956171375964073e-05,0.0002584639727147579,0.0002171411978002019,-6.182334711251882e-05,0.00016071625227970818,-3.817718138950892e-05,-0.0020536577868873356,0.002074804470883873,0.0004174235006136216,-0.0003621244790362242,0.000946144584130696,0.00047173754940691565,-0.0017547712497302044,-0.00012378642616400336,0.0006282714770023295,-0.0010396323652208763,0.0005203023068791868,0.00044837742229471343,-5.4621760492223785e-05,0.00029429470486772285,-0.00031971435791478,-0.00031456065324534326,0.0006676643080450951,-0.00015236252605750966,-0.00025224598032712526,1.3828662355360779e-05,-0.002273254621595952,0.0022732546215959507,0.0026844427746541017,-0.002688262824536561,-0.0016393765460975662,-0.0016185562144812268,-0.0015143320642718996,-0.0013259095228995467,-0.0012613950936777767,-0.0007651750370046924,-0.0009026931446538579,-0.0008431012710430361,0.00048492293143563364,0.00038798814559311355,0.0006401207156524353,0.0002714909782273159,0.0017535288827908513,0.0009979519578822782,-0.0009800424215521332,-0.0004892412337575516,-0.002216931867248922,-0.0026089134703707337,-0.0026131114761390535,0.000204263595016784,0.0001325034797637738,7.622926702910722e-05,5.0103185877545694e-05,0.00018751480951928758,-4.91102228645172e-05,-4.810338611535489e-05,-1.963190814863741e-05,-5.059029363766648e-06,1.0352727809317396e-05,-6.103508850259121e-05
KXOSCARPIC-27-DEB,0.0007259199869902465,-0.00077597490454103,3.0557229139662694e-05,8.46861090978126e-06,7.533691074495914e-05,4.69017971774601e-05,0.0001067969425446643,8.209092684461672e-05,2.1141177079995564e-05,8.037652555350244e-05,0.00012427933050487974,7.665279222646978e-05,3.461208424509469e-05,-4.431048744135208e-05,4.4310487441348096e-05,6.877361497432865e-05,-2.5491972615657194e-07,-3.297779987437256e-05,-8.204442803978248e-06,-2.1037578215495505e-05,-3.337543201265473e-06,2.514248898299675e-05,6.577049165183222e-05,-6.841230772406897e-05,0.00010357097847919487,4.5348422158696794e-05,-2.63022329188512e-05,-0.0001100050531889,-1.9669593610556378e-05,8.032646053756042e-06,5.635980120766387e-06,-5.635980120750209e-06,-6.025859000647441e-05,-6.0420365579285615e-05,-0.00010486958447478536,-4.7534553731945316e-05,-6.418572433559918e-06,-0.000463067797387867,0.0004624381972774052,-7.715662219898818e-05,-5.106315808037695e-05,-0.00021427397275682552,0.0002570941012607614,-0.00025709410126076163,-6.660275480311153e-05,0.00023598856726346105,-9.46143274317168e-05,0.00020195969439504695,-2.0503119964845156e-05,-0.00026331740145818137,0.0002044740590765013,-6.783248950463047e-05,-5.638679338971622e-05,-5.631712037855868e-05,1.1031644582748622e-05,-0.00011497752441083504,-3.8121587270224356e-05,-5.3395197866802945e-05,2.8326939300716386e-05,-2.9259587991831564e-05,3.323739374794872e-05,-2.979702311767554e-05,-6.0491050518828914e-05,9.203901742218237e-05,-4.471963016768858e-06,-6.35561827984722e-05,6.355618279848788e-05,5.802462430008444e-05,-0.00012887848500502504,0.00011301662273365942,6.515323423269516e-05,0.00022482239235863252,0.00010292594255485648,-4.833615924003911e-08,7.072023924474556e-06,4.4862395719471675e-06,-2.004766693545877e-05,-3.44185834699274e-05,-3.011337607363257e-05,-1.154390559415961e-06,1.3782547425469079e-05,1.9297267159890204e-05,-9.751657492720286e-06,-2.2676989472186167e-06,-1.0588748293251545e-05,3.489920274099219e-05,7.138588247477789e-05,-0.00010606677723565855,3.4885951006956584e-05,3.710520449131165e-05,-2.1062086252327616e-05,-2.0503409519148122e-05,6.16133871457658e-05,-1.1620226030154124e-05,2.2359638503017474e-05,-3.0783951400067025e-05,-0.0007526139523515254,-0.0007278291223059987,-0.004329336231278739,0.038400000000000004,-0.0019323091535821486,-0.0051297963899962825,-0.019526662097925602,-0.0007523033878993083,-0.0007308692097060998,-0.002732477468238818,2.4697098791277497e-06,1.2423171370724678e-05,3.4092928570936314e-05,3.0170529313095776e-05,2.3522723054760183e-06,2.4833808064218072e-05,3.534063306039712e-06,-0.00019710875994545182,0.0001991096180149071,5.390441273075707e-05,-3.5775852853383336e-05,0.00010395839448257548,6.0798745383517465e-05,-0.00017421024003143413,-1.2735740279154326e-05,6.84500592234816e-05,-0.00010556072657830703,5.761433023298274e-05,4.9135373884375286e-05,-1.7266650313866227e-05,1.2962739422688164e-05,-2.6051856138001024e-05,-3.9409499217906436e-05,4.632970914025983e-05,-2.8286441250175097e-05,-1.5975169893627912e-05,-1.0532198201664205e-05,-0.0002168839454489064,0.00021688394544890625,0.0002555737764129826,-0.00025591543690479116,-0.00015910121306372718,-0.00015710723817173892,-0.00014780900045314647,-0.00013078676470402203,-0.00011658350287637156,-8.47522408876865e-05,-8.334431636760713e-05,-8.002879755557803e-05,5.156804086325296e-05,4.236532237891553e-05,6.620882133387835e-05,2.7087367382156333e-05,0.00016766257594399755,9.098834145823563e-05,-9.589352603402325e-05,-4.778526740054218e-05,-0.00021636481005429846,-0.0002547524855696369,-0.00025532714889359924,1.9355955836535406e-05,1.2366507937749617e-05,7.037834923352516e-06,4.415484073561412e-06,1.799962250358961e-05,-1.2427390760857006e-05,-8.375200401918893e-06,-4.987948848928254e-06,-1.0696874408103063e-06,1.6050689583263907e-06,-1.5138307278645115e-05
KXOSCARPIC-27-DIG,0.004218079614267976,-0.004339032262107861,0.00025527308990346714,-9.621739999432766e-05,0.00014564915031778467,4.777262637040511e-05,0.00024368916200839292,0.00015934708844016015,-9.756041011170703e-05,0.00018491157237567141,0.0003629372720227277,0.00015747988329865265,-4.976186161804384e-06,-0.00029279954309751184,0.0002927995430975244,0.00042446287479617166,-4.842799870762545e-05,-0.00027203703946908434,-0.00010387382326696561,-0.00022821906853184772,-7.509830427370311e-05,0.00014734059659533388,0.0004221260036240968,-0.0005003688176205854,0.0006175141268856428,0.00023197763825801775,-0.0002737574168415825,-0.0007183068894330842,-0.00015231768943925293,2.3278827949201098e-05,5.926457247114521e-06,-5.926457247095639e-06,4.1990164645008425e-05,-5.572836777752768e-05,-0.0002738353827333095,0.00011161566559247428,0.0003643545878268805,-0.0026554844628135553,0.002651720224732028,0.000234579029110763,0.0003952893105300606,-0.0006808659489089665,0.0014630446865651929,-0.001463044686565185,-0.00044532446440236425,0.0014005350681835786,-0.0006306578978438381,0.0011851352080359408,-8.393208673273888e-05,-0.0014799552656332789,0.0012153052887954078,-0.00018694888024145412,4.002116194801087e-06,4.223112531296613e-06,0.0004529653204551692,-0.00034906341747296233,0.00016317781616390051,7.313234884036469e-05,0.0005582047646063755,0.0001764053528915049,0.0006008994791399313,0.0002843368389682232,-0.0003013902549534887,0.0004781826404576176,-3.906382898269722e-05,-0.00034617989330795946,0.0003461798933079421,0.00029422061966892586,-0.0007161378146101306,0.0005905755449355698,0.00030925287456147086,0.001229059564894643,0.0005178813896315331,-3.5173293456480643e-06,4.6342124573034286e-05,2.6314523625394816e-05,-0.00013104376059194054,-0.00021194450184509214,-0.00018436196048887294,-1.137166574013317e-05,7.991557536305437e-05,0.0001162419435034287,-7.146241779317218e-05,-1.8742288803833863e-05,-0.00010267307980169224,0.000221319595767388,0.00045932465264605135,-0.0005933853072946766,0.00024377707019896316,0.0002586426307534977,-0.00011105046049941772,-8.920183031808993e-05,0.00040468815686988356,-3.648246157067175e-05,0.0001972775650270303,-0.00020445208057419677,-0.0009439626998321901,-0.0009137008609237526,-0.00541465226698175,-0.0019323091535821486,0.0475,-0.006415094061038145,-0.02440917386061687,-0.0009435835996171994,-0.0009174135544075538,-0.0034188103152093608,-2.9237099387827007e-05,2.646700710398922e-05,0.00014792788896704506,0.0001250481561972751,-2.9914401820141324e-05,9.384810549222215e-05,-1.7045595725039282e-05,-0.0011381282179803232,0.0011498309542006752,0.0002392486751326598,-0.0002013335700800774,0.0005319214232140981,0.00027031306172686776,-0.0009759793298774962,-6.912578296216617e-05,0.00035287200728199294,-0.0005795847821854673,0.0002927564702768648,0.00025198862628828423,-3.833483273524814e-05,0.0001530255685227265,-0.0001752482743770095,-0.00018075540774004523,0.0003584962041845198,-9.3579205457016e-05,-0.00013567317233696523,-1.6705639529848865e-07,-0.001258745570238638,0.001258745570238644,0.00148627300960138,-0.0014883740022846805,-0.0009096409493479034,-0.0008981065211071913,-0.000840756118812832,-0.0007369415474464832,-0.0006965111299808218,-0.00043069256285023256,-0.000498401321406021,-0.0004667540055618342,0.00027174423188387124,0.00021806829341533456,0.0003576200887169224,0.0001510836222498107,0.0009714973199102551,0.0005502719447865538,-0.0005442336071350473,-0.000271590459599764,-0.001230769233569253,-0.0014484712339894797,-0.0014509104067232216,0.00011298627147090875,7.315684208507343e-05,4.2033069704015436e-05,2.7470197320027853e-05,0.00010388593452320268,-3.355544408571549e-05,-2.946575066281528e-05,-1.3284173243571693e-05,-3.25370675232611e-06,6.212503979565687e-06,-4.127327312968087e-05
KXOSCARPIC-27-DUN,0.007714933591057228,-0.007896604661161669,0.00048456125282967256,-0.00020613487921608716,0.00020425772153924703,3.991478548831831e-05,0.00036514738329779316,0.00022380795677237202,-0.00022493677099178297,0.0002781677332327925,0.000586930753129655,0.0002267713796273674,-5.249172966125318e-05,-0.0005448874314491286,0.0005448874314491424,0.0007826249086402099,-9.89581321120634e-05,-0.0005157574830706234,-0.00020253676670752344,-0.000441348097438979,-0.0001497488089284468,0.00027021542951963565,0.000781818655173474,-0.000938640633723585,0.0011336616729025139,0.00041746214608300307,-0.0005280693664432331,-0.0013318356443720795,-0.0002869897722590643,3.7600293426614446e-05,2.219779463008677e-06,-2.2197794630207125e-06,0.0001671310953486516,-3.559098925511809e-05,-0.0004252490092912983,0.0002940677409173712,0.0007595425736213275,-0.0048490225509199535,0.004842113563606495,0.0006050624014698611,0.0009012208531772915,-0.0010987430818294667,0.0026686350694679942,-0.002668635069467987,-0.0008266832144028194,0.0025672643109243666,-0.0011703728111841635,0.0021679486520493458,-0.00014678520733174435,-0.0026953334967632033,0.00222555527204987,-0.0002989689176120333,7.542973828494009e-05,7.578878177137913e-05,0.0009078451419046539,-0.0005726838268053588,0.00037728477501364075,0.00021249502656317488,0.0011012036227959817,0.0003935988633930746,0.0011821402639556901,0.0006136602344086302,-0.0005403209337522254,0.0008621828257444629,-7.421958239214177e-05,-0.0006273608736052512,0.0006273608736052639,0.0005276903065155263,-0.001302031330392139,0.0010641304342800784,0.0005487781220784675,0.00222943032530425,0.0009277094536128516,-7.320563363152269e-06,8.62103054269005e-05,4.8209030832332285e-05,-0.00024371258091634637,-0.0003910485650772909,-0.00033988769167294606,-2.206610517243824e-05,0.00014618239234936032,0.00021380349871289882,-0.00013477781845468338,-3.580505524281175e-05,-0.00019621200515200965,0.00040844984891379534,0.0008492576469921165,-0.0010804422210749698,0.0004543426308076105,0.0004819450435722886,-0.00020085822068293332,-0.0001569515215922727,0.0007497983368158797,-6.031175352005132e-05,0.000374782043172096,-0.000379372408108792,-0.0025423174539424306,-0.0025097357975543653,-0.014210335972903476,-0.0051297963899962825,-0.006415094061038145,0.1131,-0.0636023531047206,-0.002541914991090668,-0.0025137818984155677,-0.009015052592123094,-6.177910004639531e-05,3.989102170152869e-05,0.000261637450229117,0.00021978626413371026,-6.277817477811883e-05,0.00016262999845704834,-3.8908601800811035e-05,-0.002079902461140511,0.0021013204408410814,0.00042227900251827217,-0.0003666981639776298,0.0009577654078662739,0.00047722824891540636,-0.001776942779533587,-0.000125328052312252,0.0006360110242237219,-0.0010526826446983289,0.0005266810308602607,0.0004538934384918185,-5.4564611051455753e-05,0.0002989656859461587,-0.0003237607080908761,-0.0003179327188379512,0.00067720395085476,-0.00015345770195013768,-0.00025559062626361506,1.4715643750711707e-05,-0.002302447098024022,0.0023024470980240195,0.002718891076903173,-0.0027227613029499977,-0.0016602370442192554,-0.001639150016162844,-0.001533567589623878,-0.0013427001970886992,-0.0012776653126301976,-0.0007745149897125025,-0.0009143378731110087,-0.0008539005115714001,0.0004909085889981367,0.0003927352578762263,0.0006480952094987213,0.00027491456694241827,0.0017759392375040059,0.001010880931412242,-0.0009924872940514297,-0.000495467886189978,-0.00224510995206411,-0.0026420659241412564,-0.002646307344272547,0.00020690404288556752,0.0001342309439497205,7.722871718108298e-05,5.0778048897523536e-05,0.00018992140921850615,-4.891866414418194e-05,-4.839956850329705e-05,-1.9595074752574632e-05,-5.070239042686963e-06,1.0427936993437753e-05,-6.088058853592011e-05
KXOSCARPIC-27-ODY,-0.0014329848387803533,0.0014156147308131166,-0.00011282645668393285,7.714836661758754e-05,4.2265201181491906e-05,5.382261718586064e-05,3.619647138723642e-05,4.574306718883525e-05,0.00010177136092393588,2.5829385928779812e-05,-9.739978284578559e-06,3.6954875240253834e-05,6.572329290247478e-05,0.00011349631607182027,-0.0001134963160719026,-0.00015361888792379726,3.185253251105971e-05,0.00011946679380719458,5.391985967247857e-05,0.00011309259835138551,4.3904264643710624e-05,-5.1193162851450406e-05,-0.00015798252533490956,0.00020488457713599,-0.00021615822043604904,-6.870968383181074e-05,0.00013366812480321874,0.0002708815322041385,6.420774306468784e-05,-5.511518681476412e-07,1.103101866865758e-05,-1.1031018668646703e-05,-0.00014896111169730367,-7.978952428728217e-05,-1.9499564963834447e-05,-0.0001720741191883495,-0.0002627419203228194,0.0008905115760683704,-0.0008891970058524969,-0.00034279481952887456,-0.0004007056278702834,1.218465381214838e-05,-0.00048623129632574123,0.00048623129632572665,0.0001692690571238625,-0.00048415574556916056,0.00023918915115690845,-0.00040291777973099335,1.8652133985094643e-05,0.00048571204487519277,-0.00041666216677147634,2.0473760613311019e-07,-0.00010159281801410116,-0.00010159980338671384,-0.0002706143725411639,2.1793817588401602e-05,-0.00017142241146780082,-0.00014072315000552334,-0.0003076412244589772,-0.00016431754371228557,-0.0003263266259805924,-0.0002342969935131907,8.621687423555766e-05,-0.00014406485690548728,1.7369368667142288e-05,0.00010896272970520631,-0.00010896272970518784,-8.437803563696377e-05,0.00023170389500273847,-0.00017671974021003035,-7.992317110413507e-05,-0.0003899542107283632,-0.00014684738951742076,2.535714330831269e-06,-1.7935510334099954e-05,-9.061276807242994e-06,5.061605023292015e-05,7.715740632737135e-05,6.671003180662349e-05,5.775706459584406e-06,-2.718281345295807e-05,-4.13066545223233e-05,3.043208872108288e-05,8.671358622576868e-06,4.7251779358542185e-05,-8.05364239976464e-05,-0.00016962488742575333,0.00019442395430689947,-9.538139681249503e-05,-0.00010104589858293603,3.441936155638169e-05,2.1133485420262047e-05,-0.0001517607111887836,2.9011143966841042e-06,-8.771460423655007e-05,7.754487093710537e-05,-0.009741029532119186,-0.009703052818759945,-0.05380224944608421,-0.019526662097925602,-0.02440917386061687,-0.0636023531047206,0.24990000000000004,-0.009740585737206419,-0.009707985638601906,-0.03420877614157978,2.202418237526931e-05,3.3748775468953775e-06,-3.7377819738136154e-05,-2.9600839572281314e-05,2.186335194072338e-05,-1.8858238343613998e-05,1.7150833694303863e-05,0.00038408384438358444,-0.0003880796723798917,-5.869227826637523e-05,6.610038311454707e-05,-0.00015838322083875072,-6.648886787131174e-05,0.00031952112833812986,2.1840855375084156e-05,-0.00010601599865225908,0.00018597137285896503,-8.651252838517536e-05,-7.528709551333883e-05,-1.0175989395862788e-05,-8.04381235755587e-05,6.419226575767263e-05,4.247640335647966e-05,-0.00015384880984886827,5.389355812214154e-06,5.6992335888923885e-05,-2.2336355709905264e-05,0.00042798779931832627,-0.00042798779931833353,-0.0005057063190261983,0.0005064608898896945,0.00030384049317294496,0.0002999355188761922,0.000279435583043631,0.00024270729353068613,0.0002421368878388621,0.0001267774833404458,0.00017338336693956035,0.00015886532660675792,-8.326197171088065e-05,-6.503059495550375e-05,-0.00011260974176641303,-4.9225516698985915e-05,-0.0003286241556712267,-0.00019344916588609725,0.0001805574056326126,9.036883436404626e-05,0.00040929749449608273,0.00048144712891249925,0.00048194650549164054,-3.877698111402814e-05,-2.5504514869620827e-05,-1.4811478134458913e-05,-1.0141943800812766e-05,-3.517583938443215e-05,-7.41284499293719e-06,1.7557314773586288e-06,-2.566788266235984e-06,-2.2050437937740074e-07,-7.029095955137094e-07,-8.01734995742385e-06
KXOSCARPIC-27-PRO,-0.0002106595264594752,0.00018613952405047173,-2.7083683063625578e-05,3.391877022814763e-05,5.0046876981972436e-05,4.197470857570569e-05,6.149291621177613e-05,5.432544151566609e-05,4.841145277773725e-05,4.610879139601079e-05,5.200867670459572e-05,4.8623472692825385e-05,4.102257447975231e-05,2.0304409948436817e-05,-2.0304409948429838e-05,-2.5444934558811258e-05,1.1391169277157358e-05,2.8688323079664693e-05,1.5850320481507715e-05,3.132661403881158e-05,1.4348727988992158e-05,-7.30142954392037e-06,-2.813084524044076e-05,4.419055825705658e-05,-3.3375368271900596e-05,-5.480536029168269e-06,3.637514491101869e-05,5.0665329954029706e-05,1.4889365621203788e-05,3.4388019816904156e-06,2.951214885408036e-06,-2.9512148854034815e-06,-7.497834665784342e-05,-5.324036106969697e-05,-4.979807646274976e-05,-7.727054528421987e-05,-9.246453624087679e-05,0.00012609897881598264,-0.00012589141257851854,-0.00012428547208911036,-0.00013391194654654894,-5.8105572143465086e-05,-6.759463692548065e-05,6.759463692549315e-05,3.387488598190241e-05,-7.616115147001648e-05,4.763410551998118e-05,-6.30402523711312e-05,-3.2560900871079533e-06,6.475368329144204e-05,-6.822593008059371e-05,-3.207974376457096e-05,-6.687930611562723e-05,-6.68575050405315e-05,-0.0001011385010002802,-4.653267410836732e-05,-8.560990217651131e-05,-8.074912198814059e-05,-0.00010741698825020755,-7.859007148251052e-05,-0.00011243587424780669,-0.00010640636115525236,5.393898626968591e-06,-1.3024080450490598e-05,4.534976146602274e-06,1.3403340531815437e-05,-1.3403340531810189e-05,-7.15835098704865e-06,2.994094871279977e-05,-1.7871048643953224e-05,-3.2590281321104307e-06,-4.768092879445623e-05,-1.1791011621257213e-05,6.846898525851933e-07,-3.1330107109371365e-06,-1.3458793108963057e-06,8.80795209518281e-06,1.2392361283745533e-05,1.0616371999738142e-05,1.3075849872802638e-06,-3.928390623575505e-06,-6.412246206613186e-06,5.887032110144499e-06,1.8113977037004954e-06,1.3396594482639262e-05,-1.4873480401584539e-05,-3.2046495873075834e-05,2.5160266021643715e-05,-2.052682308963501e-05,-2.1666490484043252e-05,3.220509054266142e-06,-1.5793697037025058e-06,-2.9727921562931e-05,-4.450417947828383e-06,-2.3483893965589152e-05,1.5337767759206544e-05,-0.0003597819512832374,-0.0003396917026925433,-0.0021414781675353975,-0.0007523033878993083,-0.0009435835996171994,-0.002541914991090668,-0.009740585737206419,0.0196,-0.00034214795299867976,-0.0013438200205259973,1.0597492703225702e-05,8.381179721181603e-06,3.5213008875706423e-06,4.6917998986406804e-06,1.0781287782132215e-05,6.256909976293203e-06,8.368398524092773e-06,5.5637461168105246e-05,-5.6239497312184693e-05,2.8940889101955708e-06,8.875211444301466e-06,-1.2241429775821004e-05,3.1440078307361154e-06,4.193713992694198e-05,2.535977693234225e-06,-8.71182033736411e-06,2.2455959295450687e-05,-6.2549178228122196e-06,-5.9123139974176685e-06,-8.5919776342818e-06,-2.112834895862603e-05,1.483043333599624e-05,1.2830762623430468e-06,-3.371937428646754e-05,-7.3605237578197904e-06,1.6460985999291957e-05,-1.0546846064889606e-05,6.227725267515268e-05,-6.227725267514937e-05,-7.439644268402648e-05,7.452199084735794e-05,4.2807586596619096e-05,4.224203511597037e-05,3.870862876888842e-05,3.251658204599251e-05,3.879960435853059e-05,9.452585096552172e-06,2.7865767870197313e-05,2.3794505882646174e-05,-8.21473300516274e-06,-5.461106674164953e-06,-1.2703532395068859e-05,-6.364834732169178e-06,-4.8257074753475175e-05,-3.1818942488482616e-05,2.475547739888308e-05,1.2341021795223962e-05,5.659462337245131e-05,6.648572250767009e-05,6.644862909457755e-05,-5.656477261117494e-06,-3.812925019168201e-06,-2.25339713822408e-06,-1.6297566053612541e-06,-5.014734268569913e-06,-2.933886395670952e-06,-1.3073499803815405e-06,-1.4607562069294685e-06,-2.426600902373847e-07,1.0938374094805775e-07,-3.8138566346019457e-06
KXOSCARPIC-27-SOC,0.0032656357066680568,-0.0033705805881949526,0.00019245650454970416,-6.475551065462603e-05,0.00013227895964908155,5.2011516818636065e-05,0.0002138352098198181,0.00014458912069281109,-6.07957527412962e-05,0.00016200873085251284,0.0003049752806681156,0.0001411583842152976,9.928876916227697e-06,-0.00022438229751213986,0.00022438229751214285,0.00032699542534253036,-3.437171867390258e-05,-0.00020527936718180511,-7.668683468991806e-05,-0.00016965804285534917,-5.444005465935288e-05,0.0001140037367292959,0.00032418527444110965,-0.00038057342443363146,0.0004770641595841343,0.00018169978571253275,-0.0002039242946419136,-0.000550876290164831,-0.00011539687289012882,1.95846022239424e-05,6.2934771546067635e-06,-6.293477154613843e-06,6.594057656008024e-06,-6.271988879318107e-05,-0.0002342341022806298,6.080255851245439e-05,0.00025556228982708104,-0.0020582333852398496,0.002055326148821492,0.00013687964642122445,0.000260704102802261,-0.0005640595925379186,0.0011347365769574336,-0.0011347365769574372,-0.0003408706541954291,0.0010823299359706338,-0.0004828468341910682,0.0009167012491233631,-6.735370914880026e-05,-0.0011491107515529614,0.0009389943973872788,-0.00015861540947915975,-1.9143947940513082e-05,-1.8960855170913102e-05,0.0003245902677477772,-0.0002916356132208455,0.00010052702171196786,3.0907462975885366e-05,0.0004057456474691572,0.0001133334711087643,0.00043784799093653644,0.00018944047188349352,-0.00023667473828452158,0.00037398085518315226,-2.9370175075356703e-05,-0.0002695353216460871,0.00026953532164608303,0.0002306142360433528,-0.0005565988732901215,0.00046158180652550163,0.0002439896870509079,0.0009566438637886829,0.0004062255935306369,-2.5141167648393614e-06,3.5539488175161915e-05,2.035726057071461e-05,-0.00010051585955690872,-0.00016332091620140495,-0.00014213192521792662,-8.502207224452768e-06,6.188430696350621e-05,8.973182047087086e-05,-5.437105974064734e-05,-1.4150806620468425e-05,-7.672657818839354e-05,0.00017009697983829712,0.0003526409062392931,-0.00046093533671767023,0.00018599294002281746,0.00019737076869502456,-8.673800581544358e-05,-7.106042304578155e-05,0.00031019807243534475,-3.0318318951350852e-05,0.00014823908627452001,-0.00015658856350230936,-0.00034252867589085016,-0.0003123161299200084,-0.002113349738910789,-0.0007308692097060998,-0.0009174135544075538,-0.0025137818984155677,-0.009707985638601906,-0.00034214795299867976,0.0196,-0.0013174608727700085,-1.968319488494789e-05,2.3594755641439762e-05,0.0001179484605965407,0.00010024127265613038,-2.0199138988332305e-05,7.609688106073581e-05,-1.0672452181706889e-05,-0.0008816208165300007,0.0008906759672884404,0.00019017769502716937,-0.0001563059895086229,0.00041663896764074346,0.0002148297386442128,-0.0007580201082181373,-5.3840885902008225e-05,0.0002761950944380621,-0.00045096770590035063,0.0002294636689103409,0.00019733272986082639,-3.375371863786993e-05,0.00011335668741677203,-0.00013404044428514598,-0.00014309864047619712,0.00027166044852453583,-7.710310712842226e-05,-0.00010213924393859611,-4.147916274831092e-06,-0.0009746418987206982,0.000974641898720713,0.0011506068818388177,-0.0011522258063905184,-0.0007052308387206449,-0.000696297296077688,-0.0006521185957114681,-0.000572073770012097,-0.0005379595495500137,-0.0003375677769828767,-0.0003849156104213069,-0.00036124331560077915,0.00021224260641362756,0.0001707011480805956,0.0002786731607530618,0.00011738898685754056,0.0007523080780021198,0.00042457371768323237,-0.0004222083997280343,-0.00021066960546435465,-0.000954626829837703,-0.001123528340306407,-0.0011254758114973675,8.744486826476499e-05,5.655655135468371e-05,3.246968681380036e-05,2.1151238026570636e-05,8.047824208656402e-05,-2.8440623247997894e-05,-2.405471340033844e-05,-1.1294490966469608e-05,-2.70972866002097e-06,5.009994302026851e-06,-3.493969507031736e-05
KXOSCARPIC-27-WIL,0.004715857481894109,-0.004844929454391215,0.0002881491777386036,-0.00011229678744020406,0.00015312332350391654,4.5985538054310004e-05,0.0002598579986439416,0.00016757838842210808,-0.00011634774097609896,0.000197347432914231,0.0003937543439993862,0.00016648719846535309,-1.2353022700043354e-05,-0.00032878166110891614,0.0003287816611089224,0.0004755136596571762,-5.575672813340484e-05,-0.0003069604251831168,-0.00011808025190244151,-0.0002588616157463751,-8.588547460624133e-05,0.00016483267875509858,0.000473437880265185,-0.0005630491503597569,0.0006910269201469725,0.0002582882849503293,-0.0003103048582262963,-0.000805866004089429,-0.00017159773756810284,2.5248695439576036e-05,5.3288350003181376e-06,-5.328835000319417e-06,6.089387460899974e-05,-5.203177468446642e-05,-0.00029444678776319346,0.00013866225934754898,0.00042172108639144707,-0.0029676231393942114,0.00296341093125667,0.00028925732179372834,0.00046927384619639613,-0.0007387448986788459,0.0016345663613726575,-0.0016345663613726636,-0.0004997827416974998,0.0015667025682506088,-0.0007077246393581169,0.0013250746136218364,-9.277296356740254e-05,-0.0016528136093135457,0.0013591985555438221,-0.00020227407623384054,1.5170712763337659e-05,1.541090386722147e-05,0.0005188935184082161,-0.00037993298203297835,0.00019481775366483016,9.412682354404943e-05,0.0006366913840505903,0.00020836931864829348,0.000684873003837132,0.0003325988300764589,-0.000335254907016851,0.0005326784356619077,-4.410645165164474e-05,-0.0003861375600772406,0.0003861375600772422,0.0003273329295231253,-0.000799443756522341,0.0006577972573265691,0.00034315287581796014,0.0013712382475603857,0.0005759925618417914,-4.066830522928714e-06,5.20304493559781e-05,2.943171202583781e-05,-0.00014711829290947828,-0.00023746859635123408,-0.00020652331534013263,-1.2905881107419301e-05,8.934751932159098e-05,0.00013013941012447164,-8.051236331565263e-05,-2.1185158771379502e-05,-0.00011611436945007251,0.0002480149332637354,0.0005149545973985118,-0.0006626473847876044,0.0002738660376215686,0.00029055009621537485,-0.00012379989522902726,-9.875962813576455e-05,0.00045394399391426225,-3.978546596682092e-05,0.00022273517957548225,-0.00022942091430579398,-0.001344200553252164,-0.001313707208768374,-0.007614613943416133,-0.002732477468238818,-0.0034188103152093608,-0.009015052592123094,-0.03420877614157978,-0.0013438200205259973,-0.0013174608727700085,0.0651,-3.40085042969064e-05,2.8230355448873445e-05,0.00016394878639517117,0.00013836817030276813,-3.473343481584183e-05,0.00010347318146950964,-2.0273183792177685e-05,-0.001272165001452015,0.0012852508927004432,0.00026508411079533695,-0.00022485431620029636,0.0005923261816059096,0.0002995219314372755,-0.0010898880928434072,-7.711234629421179e-05,0.0003930433338370967,-0.000646830306266853,0.000325930653196812,0.00028062987127768207,-4.046694439303074e-05,0.0001740224697958628,-0.00019645779057965942,-0.00020014328609635503,0.0004041188932470311,-0.00010189931898497784,-0.00015286763709217196,2.1269297015681236e-06,-0.0014073068337504338,0.0014073068337504295,0.0016617336567379302,-0.0016640868419506758,-0.0010164421261780723,-0.001003548090522774,-0.0009393222265784314,-0.000823101444752372,-0.0007792930720485775,-0.00047945205996922187,-0.0005576504071377828,-0.0005218681482344638,0.0003028605006214758,0.00024284982078468317,0.00039888958304949967,0.00016869213438295308,0.001086001190397758,0.0006159050635763691,-0.0006080041514459734,-0.0003034427889660003,-0.0013750782743286926,-0.0016182806939371184,-0.0016209739804009336,0.00012635581033266802,8.185353385868086e-05,4.704582920265891e-05,3.079259104039943e-05,0.00011613024650704054,-3.563812747923687e-05,-3.210763362579324e-05,-1.4139397064826268e-05,-3.504137074037114e-06,6.804009560778721e-06,-4.39374643211611e-05
KXWNBA-26-ATL,-0.001387038578901889,0.0013881403241662654,-0.00010301990984439626,0.001181889638744423,-0.0006975219880012599,4.405921574803617e-05,-0.0014000106536721621,-0.0007646667843041245,0.0013754385034728785,-0.0010814418984523965,-0.0025380557169237842,-0.0008155496441989389,0.0004861915065650188,0.0005991996350193185,-0.000599199635019304,0.0007568131133476022,-0.000104652220032528,-0.0005126435167960867,-0.00020661797876757638,-0.0004506434356729871,-0.0001559773624337582,0.0002629222679073149,0.0007621201825169878,-0.0009215202437991204,0.0010842615618253568,0.0003878081166940122,-0.0005382762076035446,-0.001282728113372125,-0.00027926471284076893,3.334362935215997e-05,-0.0002715928038215714,0.000271592803821577,-0.0004009839318672136,4.633216551105914e-06,0.0007901668591783222,-0.0006503702381797781,-0.0015956074446969982,-0.0004918768460047706,0.0004911607293923122,0.0002750859873582983,0.0003597609456862036,-0.0002245429354278191,-0.0007375970809697135,0.0007375970809697038,-0.00014239217334508227,0.0004381328366367959,-0.00020154809648471758,0.0024600719686336814,-0.0001545221777605654,-0.0030376120672454625,0.0025288795816767137,0.0003354107118535986,-0.0003204334145045056,-0.0003211585204481255,-0.001618775136868433,0.0006646989694681534,-0.0008112277630325265,-0.0005566987450853318,-0.0019143772297911816,-0.0008124035817823497,-0.002046534823344875,-0.0012170524586867348,0.002172385005036052,-0.003484617605514988,0.00031380666702159,0.0006072833327010914,-0.0006072833327010701,-0.0004948091376069791,0.0012439300226648343,-0.00100450594613984,-0.0005032594044220014,-0.002121778132896786,-0.0008679607743928429,-9.079143839106034e-06,2.910747913440327e-05,1.0693816801767606e-05,-8.350915930205254e-05,-0.00011439303866070471,-9.804006186339267e-05,-1.3532764992664798e-05,3.391165623946688e-05,5.6898595140211604e-05,-6.111480396136056e-05,-1.9500990828213218e-05,9.761207893837797e-05,-0.00016925619974910837,0.0022092133072220644,-0.0026954309734146236,0.0012069135064294106,0.0012797398281408547,-0.0004955953966503885,-0.00035389798416621683,0.0019617037828668906,-0.0001083576956387915,0.0010455280321157053,-0.001002542180431667,1.1039731299069082e-05,-2.3940189427987284e-05,-6.080601062229399e-05,2.4697098791277497e-06,-2.9237099387827007e-05,-6.177910004639531e-05,2.202418237526931e-05,1.0597492703225702e-05,-1.968319488494789e-05,-3.40085042969064e-05,0.1056,-0.012964715220660988,-0.01412121975888381,-0.010522745058152561,-0.054921345036271066,-0.006927579717106761,-0.0022493371511317583,0.0004493237089729865,-0.00045397115568022317,-0.0005632662611780147,0.000520003701149622,-0.0013144786638156773,-0.0006374493189717514,0.0024884723135086754,0.00018103331980794422,-0.000871341598208184,0.0014736921210295882,-0.0007189994690391614,-0.000619349528995993,-0.00010761678127361817,0.0015044942534472102,-0.0014611606156410995,-0.001309099476743529,0.003217109407047618,-0.0005318462054722411,-0.0011887678971558404,0.00019612376615167764,-0.0005061190413034498,0.000506119041303453,-0.00029159153004613975,0.0002920196321050035,-0.00037046305688713744,-0.00036571050864748914,-0.000341720168894388,-0.00029855301187539315,-0.00028779850216993034,-0.00016786700121295946,-0.00020598235180445282,-0.000191460094263716,3.339402831573913e-05,2.8267584545705425e-05,4.2112756941422254e-05,1.7369506484391803e-05,-0.0004710055951550956,-0.0002822441530729733,1.0063989342179099e-05,9.80307408244271e-06,-0.0003923794667429621,-0.00046064419222669015,-0.0004600209876104776,-0.00036972220504097515,-0.00024186012325545266,-0.00013969408753201651,-9.570713813273891e-05,-0.00033737859584540296,-0.00013015026873018052,-0.00017729315115200917,-5.493951800535062e-05,-1.6477672481290216e-05,3.9729532687941295e-05,-0.00016913875596421293
KXWNBA-26-GS,0.0005766133321634956,-0.0006132708726417868,2.429402725538016e-05,-0.0005702299512069909,0.0002355334403795327,-8.172016971607295e-05,0.0005339041183191836,0.0002613610530912969,-0.0006571229734869989,0.0004044092602914561,0.0010316438340648411,0.00028792939916081836,-0.0002718461794301779,-0.0002721549561510561,0.00027215495615107724,-0.0003054085875945024,4.458476868402544e-05,0.00020919116683175122,8.52330448932369e-05,0.0001796893115646476,6.462669120715555e-05,-0.00010132421534771004,-0.0003041634506103211,0.00037734484743218307,-0.00044747772969018116,-0.00016351014293671917,0.00021390813259588342,0.0005374263088117297,0.00012008799582657637,-9.301489081233206e-06,9.037917534276187e-05,-9.03791753427638e-05,0.00047013619984805267,0.00017546620083508217,-0.00013290950148862305,0.0005912187933885941,0.001014299289393946,0.00021473929232449396,-0.00021444311220375218,-3.6892015761204745e-05,-6.981792465010145e-05,0.00014647320022034304,0.00031491494987983724,-0.00031491494987983713,6.339155298797243e-05,-0.0001912936370062099,8.968248848540233e-05,-0.0010617766114984456,7.163546280151672e-05,0.0013193680446016696,-0.0010906920229531928,-0.000203960556385505,1.4175734482597988e-06,1.2703917069748772e-06,0.0005200321482374635,-0.0004148917218708808,0.00018507829599464013,8.599055676357769e-05,0.0006426082582894238,0.00020047222209487953,0.0006910494408695587,0.000321739921130318,-0.0009208758840037684,0.0014881855112174487,-0.00014242241736867615,-0.00026681596067470667,0.000266815960674707,0.00021051290382749794,-0.0005337879166733703,0.00042825196353526274,0.00021814684845906923,0.0009115061770717451,0.0003697039734980815,-7.391171414438426e-06,1.997774332602511e-06,-4.978572982696909e-06,-6.995989656266618e-06,1.0107724027636233e-05,1.0287345297871688e-05,-7.1345788803471995e-06,-1.3427067204958416e-05,-1.1698163386611266e-05,-2.0183172859799337e-05,-8.924144350440499e-06,-1.1168286497575872e-05,5.32243878562798e-05,-0.0008765474327046604,0.0011686353642108261,-0.00045729988462693864,-0.00048517274039617717,0.00021717712366139475,0.00018680604596779383,-0.0007683857286272585,8.428259147180908e-05,-0.0003531198318374538,0.00038000004611431226,8.158945367918946e-06,2.573305551478122e-05,3.956171375964073e-05,1.2423171370724678e-05,2.646700710398922e-05,3.989102170152869e-05,3.3748775468953775e-06,8.381179721181603e-06,2.3594755641439762e-05,2.8230355448873445e-05,-0.012964715220660988,0.09790000000000001,-0.012897972863242055,-0.009599848750196925,-0.05029684126837636,-0.0063054099184558805,-0.002039035724302323,-0.00019501958189983702,0.0001970184648688037,0.0002491123676723905,-0.00021168621558764755,0.0005752087266940968,0.0002807888031843687,-0.0010626389750003622,-6.663208883397301e-05,0.0003857256843739118,-0.0006228287931069963,0.0003197460806595921,0.000277516290486958,0.00012047868168644756,-0.000558744328178223,0.0006325194151442285,0.0006273890652218285,-0.0012870175226434993,0.0003130474204795128,0.000500110040685674,-1.4874556610807704e-05,0.00021835337910666337,-0.0002183533791066696,0.00012879285000616183,-0.00012896773407436066,0.00015969436293090218,0.00015770922112673836,0.00014768065737491326,0.00012941104140321087,0.00012243601798992668,7.544091135754875e-05,8.763814690012968e-05,8.18786660117787e-05,-1.0860585972269475e-05,-7.074166679880677e-06,-1.6322911104098512e-05,-7.340697095894141e-06,0.0001843638806043285,9.116699602013887e-05,3.1677160305363117e-06,7.508749953329205e-06,0.0001592326751559743,0.00018860281727400003,0.0001903975780448027,0.0001559772257252695,0.00010015659082485189,5.747309339539675e-05,3.4996506276045584e-05,0.00014399805536039937,6.50417138590476e-05,8.053250499367808e-05,2.6974068523268917e-05,7.736757303703581e-06,-1.785024344988763e-05,8.328401660596954e-05
KXWNBA-26-IND,0.004860954586723792,-0.004980235111428832,0.00030199861516006177,-0.00439304452991641,0.00227158806016982,-0.0003559804423248537,0.004753794733508353,0.0025002938123795046,-0.00509175140491318,0.003646588433039037,0.008820602325818602,0.0026958242922355898,-0.0019256348313103587,-0.002173510808840075,0.0021735108088401208,-0.0026228393086143694,0.0003700702992806406,0.001783850199291082,0.0007218390384630003,0.0015546247330063205,0.0005457904952325492,-0.0008959891162359926,-0.002630399057615533,0.0032108939048863536,-0.003789351400372596,-0.001366465232608219,0.0018546474866754635,0.004508432424699128,0.0009913118965781057,-0.00010238262928965684,0.0008799370081360271,-0.0008799370081360228,0.002373891526153542,0.0005502239610665061,-0.0021446164532010555,0.0033033672451172878,0.006712097455645629,0.0017564927323893195,-0.0017539878563207858,-0.000716094358077442,-0.0010055722366191094,0.000957097334043917,0.0026113585559428905,-0.002611358555942885,0.0005123852859048269,-0.0015646221810561986,0.0007251101315045717,-0.008746106598357995,0.0005650532221235767,0.01082579816690369,-0.008988287242360674,-0.001381007596846959,0.0007029915055412504,0.0007041013785648378,0.005185725773537458,-0.0027710395371758857,0.0023580751556333927,0.0014875232795020208,0.006220682395572426,0.002409691919974609,0.006663117894255682,0.0036781625533755186,-0.0076699265726736625,0.012338163847673608,-0.001137876941394403,-0.002174020686367394,0.002174020686367384,0.0017492411408952587,-0.004412469861015848,0.003554068594433392,0.0017918271763361065,0.007529505521461203,0.0030697629223334997,-3.7592902651584107e-06,-5.706988986850708e-05,-3.916790167335725e-05,0.00015971282934243607,0.00028153370027425367,0.00024646609852589814,6.758208501815153e-06,-0.00011669853607951505,-0.00016128617611288481,6.889171197857794e-05,1.4067483644118968e-05,-0.0002483280950390182,0.0005385246966024404,-0.0076089229090943195,0.009599516808079966,-0.00408811198961323,-0.0043356794183433255,0.0017723280816678705,0.0013666865417238311,-0.006724725901518914,0.0005047499662737414,-0.0034043466958868997,0.0033962378127155657,1.8499884854673482e-06,0.0001340335764623709,0.0002584639727147579,3.4092928570936314e-05,0.00014792788896704506,0.000261637450229117,-3.7377819738136154e-05,3.5213008875706423e-06,0.0001179484605965407,0.00016394878639517117,-0.01412121975888381,-0.012897972863242055,0.1056,-0.010442623792070125,-0.0548306727898232,-0.006850405574127669,-0.00221449979850482,-0.0016009231198819494,0.0016174237672948438,0.002021582462884145,-0.0018080411241083332,0.004698253197018041,0.002284218289586111,-0.008810606327167549,-0.0006069152451418272,0.003128515020778045,-0.005197044576670952,0.0025861853657069903,0.0022344070443454894,0.0006188334534966687,-0.0050596767725688795,0.005200925068396711,0.004853186320107938,-0.011113603303944146,0.0021572592794931785,0.004185197888239217,-0.00047463102561312695,0.0017990308964547078,-0.0017990308964547011,0.00104609684002869,-0.0010475874657317166,0.0013164258787552563,0.0012997407380016435,0.0012154907532455534,0.0010631773597301931,0.0010174974068782507,0.0006063338757629211,0.000728269217030176,0.0006782591403420655,-0.00010750148882729104,-8.426841430644004e-05,-0.00014389901118129006,-6.126638271860889e-05,0.0016142121468999539,0.0009057705889802378,-1.1814758164412064e-05,2.6063305688854297e-06,0.0013627357627112786,0.001605132056233063,0.0016094919190286058,0.0013030251155895412,0.0008464299207250549,0.0004876916696618154,0.00032020804044814526,0.0011943234444128123,0.0004910797587564227,0.0006431365549061542,0.00020575297614944217,6.057967035695699e-05,-0.00014349301709359495,0.0006342136518213177
KXWNBA-26-LV,0.004051358147940368,-0.004157090122894532,0.0002486887884964516,-0.00367283613998661,0.0018866455255933542,-0.0003051542222416094,0.003956970382060839,0.002077084872542179,-0.004255838041253362,0.003034083359130163,0.007350358308229115,0.0022407355550500174,-0.001614533364520066,-0.0018157959122976767,0.0018157959122976867,-0.0021840194708257397,0.00030805451474184376,0.0014850621685957796,0.0006008173080541078,0.001293112262931344,0.00045418081787884407,-0.0007453580310345207,-0.002189567828980851,0.002673783212007156,-0.0031572818035334365,-0.0011395470961875123,0.0015426066551749804,0.0037570775531055984,0.0008263835308110503,-8.48303471087595e-05,0.0007292388188882037,-0.0007292388188882312,0.00203625301577036,0.000493224877944331,-0.0017490493053313684,0.002813870600171015,0.0056602278636685415,0.0014656261260651354,-0.0014635384709503893,-0.0005791846477522006,-0.0008199793350783884,0.0008103016435749215,0.002177854078111826,-0.002177854078111812,0.0004277036207374235,-0.001305504221271553,0.0006052643366745575,-0.007296346058224646,0.00047193875373288295,0.009032167906364512,-0.007498458710473492,-0.001161402630448654,0.0005639253283889212,0.0005647682511819296,0.00429630387183295,-0.0023325960271475196,0.0019398765951818015,0.0012155760172526575,0.0051587985813450745,0.0019853710542866413,0.005526426343649141,0.003034645805073522,-0.00639553841935174,0.01028988216357839,-0.0009502915828141162,-0.0018143531150257319,0.0018143531150257195,0.001457908467904099,-0.0036800668264832764,0.0029627836750207564,0.0014933853440575388,0.006279355273594704,0.002558447698976481,-4.977351148585787e-06,-4.5164101900061045e-05,-3.269985336936002e-05,0.00012605325764594987,0.0002282773576152867,0.00020023907481344787,3.48720180686498e-06,-9.710724487913984e-05,-0.00013234727623291436,4.9789472041424084e-05,8.87917053447323e-06,-0.0002019100896603948,0.0004458496023647422,-0.006334671226244034,0.00800846280517083,-0.0033998812968489825,-0.003605809867009306,0.0014787994996310922,0.0011455285174285727,-0.005596868324850006,0.00042708346562940816,-0.002823874519470481,0.0028242729893075,3.296207410337026e-06,0.00011367267425345955,0.0002171411978002019,3.0170529313095776e-05,0.0001250481561972751,0.00021978626413371026,-2.9600839572281314e-05,4.6917998986406804e-06,0.00010024127265613038,0.00013836817030276813,-0.010522745058152561,-0.009599848750196925,-0.010442623792070125,0.08189999999999999,-0.04103588205685045,-0.0050530278781598095,-0.001614659142725163,-0.0013357489248430818,0.001349513935268668,0.0016870777657705944,-0.0015059850826192357,0.003920293581125563,0.0019060615281222327,-0.007347601680581968,-0.0005042353498619397,0.0026112734807742306,-0.004332863960825166,0.002158837206082391,0.0018655652931167015,0.0005297813511273364,-0.004204298496077201,0.004339956677886099,0.004060121372636862,-0.009252609080917221,0.001814829317247173,0.003490128355038757,-0.0003832631895216859,0.0015005910772997412,-0.0015005910772997392,0.0008734035266842956,-0.000874646002949826,0.0010980976465932253,0.0010841919827856426,0.0010139734857327596,0.0008869821776088414,0.0008484505044596426,0.0005063361391123159,0.0006072823689108203,0.0005656439168688366,-8.953084545847961e-05,-6.992527243661735e-05,-0.00012010983362286538,-5.113412184567367e-05,0.0013434761938797633,0.000750616947055951,-8.498975479968015e-06,4.307793394809005e-06,0.0011351346057187047,0.0013373220691414013,0.0013412932639461496,0.0010866211029970578,0.0007056346093500762,0.0004065314675110351,0.0002663539331673347,0.0009961577102377299,0.0004115865666551629,0.000537335466928605,0.00017233617751005764,5.0667910576365294e-05,-0.00011984829529727784,0.0005312816008781432
KXWNBA-26-MIN,-0.001398606405439005,0.0013961408614390324,-0.0001051801592420795,0.0011893926966019817,-0.0007019239849899116,4.4278434921882876e-05,-0.001408647608594877,-0.0007693915846928683,0.0013849963053352368,-0.0010885398601231289,-0.002554671407162604,-0.0008207733023149528,0.0004893626333799516,0.0006011882217266002,-0.0006011882217266865,0.0007650447515444832,-0.0001068273139128172,-0.0005198296958139035,-0.00021011210340371719,-0.00045831449623512713,-0.0001589677683898521,0.0002659768595462816,0.0007711220373517738,-0.0009331413903546343,0.001094640496702948,0.0003901658508159742,-0.0005473392190980155,-0.001296039898860997,-0.00028248970375949786,3.336067993210764e-05,-0.0002767479101256186,0.00027674791012562177,-0.000361605102581863,3.18290729118067e-05,0.0008271947827215629,-0.0006115240688202542,-0.0015613757019671108,-0.0004952527867935847,0.0004945310763175231,0.0002961763381487712,0.00038198227774495464,-0.0002121683039232899,-0.0007430029401725624,0.0007430029401725516,-0.00014336157846719553,0.00044120066507936375,-0.0002029234569754721,0.0024764756993552735,-0.00015579475103485782,-0.0030584339763419293,0.002545293932931394,0.0003337829671092189,-0.0003339973810307823,-0.0003347836095015206,-0.0016455263256037354,0.0006589195143100618,-0.000830780858764701,-0.0005732216567571036,-0.0019437226651758486,-0.0008307648613798443,-0.002077612436085844,-0.0012429263503579068,0.0021889437049878785,-0.0035104447662859216,0.0003156061238314933,0.0006111501488128432,-0.0006111501488128407,-0.0005005381692025309,0.001253680478013522,-0.0010148492587400194,-0.0005104575422866378,-0.002139649656929321,-0.0008782834124618664,-1.0040607602731607e-05,3.064809425428676e-05,1.0822050083138883e-05,-8.793729810808178e-05,-0.00011877151627111076,-0.00010163828764992117,-1.4751650907877095e-05,3.4359082162760036e-05,5.8576195255650627e-05,-6.548562601451487e-05,-2.109509500027656e-05,0.00010123344416780651,-0.00017239594673213701,0.002231202018975992,-0.0027147019358790933,0.0012205734118277147,0.001294223361168026,-0.000499329773910573,-0.0003539525072297666,0.0019820320496007097,-0.00010636602573171376,0.0010607558551436929,-0.001014450653980948,1.1233746021035934e-05,-2.4554503800036878e-05,-6.182334711251882e-05,2.3522723054760183e-06,-2.9914401820141324e-05,-6.277817477811883e-05,2.186335194072338e-05,1.0781287782132215e-05,-2.0199138988332305e-05,-3.473343481584183e-05,-0.054921345036271066,-0.05029684126837636,-0.0548306727898232,-0.04103588205685045,0.24840000000000004,-0.027246181721528852,-0.009020680540254199,0.00045218184595261315,-0.000456859135832159,-0.0005674948853574999,0.0005251644659707308,-0.0013237530133367607,-0.0006423519486730091,0.0025076954157051317,0.00018365176109766689,-0.0008769573080507232,0.0014859542854622752,-0.0007235337397428483,-0.0006229887144135091,-9.878939642871628e-05,0.001526532766659936,-0.0014686860778679346,-0.0013097754856323295,0.003252280131146136,-0.0005248703938151675,-0.001195787590396462,0.0002062907380133768,-0.0005100648879577611,0.0005100648879577637,-0.00029271770830985284,0.0002931479687199563,-0.0003731609211324026,-0.00036836393507148294,-0.00034415422367767,-0.0003006302226614987,-0.00029010497231515494,-0.00016868636958513198,-0.00020761681804788913,-0.00019295737636244805,3.284978094266642e-05,2.773435446508372e-05,4.164348201336312e-05,1.7378155111588262e-05,-0.0004758437356140522,-0.0002866007184791639,1.1052225357014152e-05,1.1336689664470458e-05,-0.00039596606408712155,-0.0004647280857183678,-0.0004639412054435731,-0.0003720524633759629,-0.00024332228253833648,-0.00014050842415964707,-9.622952152283198e-05,-0.0003395882988021542,-0.00012908141874852513,-0.00017775212886902736,-5.462926383664911e-05,-1.6463166487975178e-05,3.986823691489209e-05,-0.00016806801828469904
KXWNBA-26-NY,0.0029430342744996216,-0.003029119542549442,0.00017611305375577895,-0.0026861074195035314,0.0013592965182284123,-0.00023546937696681408,0.0028652728661403247,0.0014972811782794039,-0.0031108364175600083,0.0021950458082070075,0.00533628743191919,0.0016173060303079872,-0.0011883113103325464,-0.0013251661289221367,0.0013251661289221753,-0.001583870141356703,0.00022354690205890612,0.0010769065906198376,0.0004356742915153276,0.0009362906078493112,0.0003292773910360589,-0.0005394135112856107,-0.0015868862368132299,0.0019396789657802967,-0.0022923971755933557,-0.0008286356381172554,0.001116813497071838,0.0027292716773327733,0.0006008661482190019,-6.072715756162219e-05,0.0005238265042058977,-0.0005238265042059017,0.001560934469280139,0.0004068823939523358,-0.0012168396032065654,0.002130181285583768,0.00420565376728203,0.0010672100203708045,-0.0010656936454947674,-0.0003975058643757168,-0.000571784284414412,0.0006049865322464998,0.0015841645815256149,-0.001584164581525624,0.0003117080360974223,-0.0009505941841880197,0.0004411024662062372,-0.005310384825936748,0.0003444557897724681,0.006575321589527358,-0.005457475439161397,-0.0008593847326954167,0.0003769291979973479,0.00037742360099768586,0.0030828128536668606,-0.0017288579895365203,0.001371340711001113,0.0008469767889066152,0.00370924978250895,0.0014080803771849778,0.003974662040785558,0.002158563044267668,-0.004650445295337548,0.007484823131870769,-0.0006932349705481722,-0.001321604601216166,0.0013216046012161499,0.0010595580755973738,-0.0026772212090009316,0.002153909487338791,0.0010857195180201142,0.004567954512503327,0.0018593879667112975,-6.3689018267385015e-06,-2.9267709262948414e-05,-2.3856511206958475e-05,8.113198896579605e-05,0.0001564324875162203,0.00013781758405871582,-6.471880208979846e-07,-7.033726089830968e-05,-9.310257846684851e-05,2.4839149477156754e-05,2.2215646412982937e-06,-0.0001392328394239617,0.00031951289925938737,-0.004591354977243121,0.005829338029311569,-0.002458826617834379,-0.002607819530697674,0.0010768354782760875,0.0008418630628083093,-0.004054088349421826,0.00031985571084767247,-0.0020312465354921727,0.002042362789355442,5.236820240066306e-06,8.591419307567303e-05,0.00016071625227970818,2.4833808064218072e-05,9.384810549222215e-05,0.00016262999845704834,-1.8858238343613998e-05,6.256909976293203e-06,7.609688106073581e-05,0.00010347318146950964,-0.006927579717106761,-0.0063054099184558805,-0.006850405574127669,-0.0050530278781598095,-0.027246181721528852,0.0564,-0.0010164857143204233,-0.0009724564061295223,0.0009824736454637666,0.0012289943354983656,-0.0010927279208686443,0.002854751595608436,0.0013882352458858174,-0.005344295016641455,-0.0003640090143883081,0.0019026647009696635,-0.003149801478559712,0.0015733496414071211,0.0013601532284902922,0.0004048810912301909,-0.0030362160529463153,0.0031598861931870894,0.0029712809778122476,-0.006707500162253656,0.0013425391979144485,0.002537717412183325,-0.0002608056963912964,0.001091945071032727,-0.0010919450710327292,0.0006365902381812224,-0.0006374925737822803,0.0007990884507427186,0.0007889863905588496,0.0007379708887150906,0.0006456461172005699,0.0006169987688945191,0.000369261436388181,0.0004416274785061597,0.00041144439815429037,-6.468503129469449e-05,-5.006304990261724e-05,-8.72976141117334e-05,-3.7222263458697286e-05,0.0009731272577151819,0.0005388384868414943,-4.23746921009643e-06,6.1913878346261465e-06,0.0008236513968710474,0.0009707713363256433,0.0009741610322195399,0.0007901404425737973,0.0005127225331490255,0.00029532009457017435,0.00019255023466831862,0.0007246883787360376,0.0003021013963832091,0.00039218241395626036,0.00012635353000718956,3.705226851454138e-05,-8.741988598516166e-05,0.0003896086586318903
KXWNBA-26-WSH,-0.0009360593651612378,0.0009433117549725987,-6.800498109213839e-05,0.0007924384091718667,-0.00048526264123330466,1.9283775188370754e-05,-0.0009640905383720116,-0.000531785793844617,0.0009203970707323259,-0.0007445882381762947,-0.001733347687264975,-0.0005649293477770377,0.00031922861159556734,0.00040970161692779504,-0.00040970161692779997,0.0005070315808072809,-6.668665655076622e-05,-0.00033833834162738283,-0.0001344587482190617,-0.0002940867902110614,-0.00010041960905002857,0.00017632218247964768,0.0005090190922389898,-0.0006118084626094361,0.0007290146854155213,0.000264193691079135,-0.0003516830563086199,-0.0008581461282530876,-0.0001853794833633465,2.4009583665969844e-05,-0.0001788783463752028,0.00017887834637520292,-0.0003519182352560464,-5.104614768807256e-05,0.0004724547078309079,-0.0005222177206815129,-0.0011657511342728416,-0.000333071287557961,0.00033258620922271517,0.00014956205242285244,0.00020592091722082995,-0.0001792124673735332,-0.0004991443771789799,0.0004991443771789814,-9.637307988554129e-05,0.0002964490717919017,-0.00013640419685588594,0.0016676537392025178,-0.00010330229700782702,-0.0020562860914213024,0.0017156642620280022,0.0002301791128966052,-0.00020341316136364887,-0.00020380587581891798,-0.0010763098665818832,0.0004621386881823911,-0.0005322194131454328,-0.00036203451238236105,-0.0012755976150490029,-0.0005343928232335734,-0.0013639317552424856,-0.0008022724237950249,0.0014693042889496225,-0.002357246317677626,0.00021249621895169925,0.0004117765856701316,-0.0004117765856701426,-0.0003287953681549831,0.0008395267423922837,-0.0006711250877022549,-0.00032973799375460647,-0.0014281772856641166,-0.000575878116595323,-5.242851707046473e-06,1.8006922710173672e-05,7.025774295298876e-06,-5.1835235912105044e-05,-7.29456853185952e-05,-6.27223852568249e-05,-7.847045436532171e-06,2.2524758764838022e-05,3.672947313917499e-05,-3.692466851147399e-05,-1.1577062736691696e-05,6.187643127028485e-05,-0.00011167484500171994,0.0014878580058409112,-0.0018226428225583667,0.0008112250485078235,0.0008601326144474077,-0.00033416439705309957,-0.00024156517320687225,0.0013202944514071218,-7.579454221498506e-05,0.000699213939850838,-0.0006721054009991048,8.646477666154831e-06,-1.3349361443794949e-05,-3.817718138950892e-05,3.534063306039712e-06,-1.7045595725039282e-05,-3.8908601800811035e-05,1.7150833694303863e-05,8.368398524092773e-06,-1.0672452181706889e-05,-2.0273183792177685e-05,-0.0022493371511317583,-0.002039035724302323,-0.00221449979850482,-0.001614659142725163,-0.009020680540254199,-0.0010164857143204233,0.019600000000000003,0.0003047661494261885,-0.0003079201468543324,-0.00037953988441249997,0.0003493489972186396,-0.0008884433121829768,-0.0004293423831413537,0.0016808525001123591,0.00012020323620116633,-0.0005898701638425055,0.0009937408433671688,-0.0004868211522552787,-0.0004198406773774945,-8.96650003701425e-05,0.0009985204109563225,-0.0009967221931477532,-0.0009015675653130507,0.0021561731609774926,-0.000378688838502993,-0.0008104873253186216,0.0001176079885276368,-0.00034173299210962327,0.0003417329921096276,-0.0001994482951013847,0.0001997405541637824,-0.00025052910472021133,-0.00024733358875118645,-0.00023118427807179178,-0.00020205256037970172,-0.00019431494816555948,-0.00011412798692558084,-0.00013912129257719652,-0.00012929384643370017,2.553239945507073e-05,2.2172348066828002e-05,3.111942357550595e-05,1.2125352983170054e-05,-0.0003170445883898371,-0.00018849607672525838,5.14836043523906e-06,3.931627929340697e-06,-0.000264705708060512,-0.000310874982832215,-0.0003106050980320209,-0.00025162511912136767,-0.0001650883812416968,-9.550126442929415e-05,-6.623282722660389e-05,-0.00022910088084529006,-9.167364845117154e-05,-0.00012140402346397025,-3.844384089535942e-05,-1.1387259721544469e-05,2.7139838461953038e-05,-0.00011856060216959411
KXRATECUTCOUNT-26DEC31-T0,-0.023625638303826055,0.0240522889960041,-0.0015444331943555998,0.001268857952108109,-0.0006704721431134704,9.399652463338587e-05,-0.0013925526129691715,-0.0007371646211961873,0.001474080339036009,-0.001070732287271739,-0.0025767663414033503,-0.000793871848062441,0.0005511106540513064,-0.0009451744886094305,0.0009451744886094227,-0.000815118029033572,0.00011649333637579472,0.0005569360636340425,0.00022629888914528718,0.0004886907919271026,0.00017170618400574013,-0.0002797119283884179,-0.000819427899362415,0.0009998126042558891,-0.0011731443553971916,-0.0004198840679349987,0.0005829605595732322,0.001396198811749853,0.00030703127236519565,-3.1955593518112656e-05,7.984723702379929e-05,-7.984723702379599e-05,0.00037524669810511737,5.610107566806939e-05,-0.00046864519599179295,0.0005504324147791056,0.001200017582303464,-0.0017654945249785177,0.001762966580166787,0.0009332494296934653,0.001279979488987032,-0.0010833780931590407,0.000598698137082591,-0.0005986981370825861,-0.00038048168725679195,0.001166753552243621,-0.000538500859391625,-0.0003466041803734832,2.248021900082405e-05,0.00042939038378281323,-0.000355637001698621,7.922378042020614e-05,-5.490561248507435e-05,-5.49909954388037e-05,-0.00033433352588081174,0.00016009895115446607,-0.0001591647782106418,-0.0001049320900611551,-0.00039850316748228117,-0.0001610599132858488,-0.0004264196863537132,-0.00024353631949654465,-0.00013134878959270287,0.00021057524572713234,-1.8896250709860217e-05,-0.0008090389330531154,0.0008090389330531251,3.669146888939863e-05,-8.799650313861789e-05,7.328614774417959e-05,3.895805667135121e-05,0.00015138710041641437,6.466081661632211e-05,4.503343825477813e-05,-0.0004611012837974689,-0.0002522487662955996,0.0013030550618362137,0.002067478323804703,0.0017949731719332025,0.00012484463481527078,-0.0007632933643332955,-0.0011252805338632867,0.0007347559438431236,0.00019858400256758554,0.0005907964292500198,-0.0011822395439974199,-3.939557262231618e-05,4.77877963353736e-05,-2.1583185711597962e-05,-2.2889573145336384e-05,8.851327158440957e-06,6.197866784098231e-06,-3.5020386325102415e-05,1.8358160605634955e-06,-1.8830751774410635e-05,1.801656668186992e-05,6.932668736932661e-05,-0.0010133749869669748,-0.0020536577868873356,-0.00019710875994545182,-0.0011381282179803232,-0.002079902461140511,0.00038408384438358444,5.5637461168105246e-05,-0.0008816208165300007,-0.001272165001452015,0.0004493237089729865,-0.00019501958189983702,-0.0016009231198819494,-0.0013357489248430818,0.00045218184595261315,-0.0009724564061295223,0.0003047661494261885,0.08025599999999997,-0.08107383298493706,0.0004023181549548712,-0.00035884099278015325,0.0009325368228124823,0.0004545928274372496,-0.0017463875348239385,-0.00012077955200293028,0.0006206806961047256,-0.0010308941911947225,0.0005132001819542107,0.00044321048133923207,-3.684839137092091e-05,0.0003230967518972836,-0.0003291330719702358,-0.000305228943102836,0.0007066294758276348,-0.0001339372443519451,-0.0002653183482064312,3.223247938401128e-05,0.0018804792533030738,-0.001880479253303078,0.0010660787052950596,-0.0010676059969305703,-0.001318910614244748,-0.0013021302981168401,-0.0012174625871541043,-0.001064618644188644,-0.0010206125485908452,-0.0006051671708211504,-0.0007304588616323774,-0.000680089631321821,-0.00018753955944749993,-0.00014934097365672385,-0.00024879207810818156,-0.00010621125155906217,1.680887677010428e-05,9.186976146554406e-06,0.000590064471440057,0.00029476594489993515,9.07714980696086e-05,0.00010677163731624089,0.00010688089956433603,-0.0009163014922110916,-0.0005961757937317036,-0.0003436767894040999,-0.00022801014210663566,-0.0008390398071349814,-0.00019583072979691564,-0.0002557946234139448,-8.190035552314216e-05,-2.4105345519246966e-05,5.709823863776732e-05,-0.0002527096723035396
KXRATECUTCOUNT-26DEC31-T1,0.023869319802180072,-0.024300436221074452,0.0015603376473685426,-0.001281961479081741,0.0006773600963316864,-9.498809359123625e-05,0.0014068810576311629,0.00074473802318324,-0.001489308528439193,0.0010817503290204387,0.0026033129639137734,0.0008020332091806773,-0.0005568159746301699,0.0009549201677575317,-0.0009549201677575236,0.0008235310111452537,-0.00011769607525198287,-0.000562685083946417,-0.00022863516193294658,-0.0004937368969235895,-0.0001734790589240837,0.0002825996527297433,0.0008278862758857071,-0.0010101322276364671,0.0011852504601918483,0.0004242157433693621,-0.0005889801081954993,-0.0014106064422382005,-0.0003101994545056562,3.2285760261159386e-05,-8.067312058846547e-05,8.067312058846214e-05,-0.00037908251982400165,-5.6655020363025684e-05,0.000473507787883403,-0.0005560751460539757,-0.0012123595640584155,0.001783703676699665,-0.0017811496661615884,-0.0009428182431370221,-0.0012931237554524263,0.0010945986733441333,-0.0006048729559682244,0.0006048729559682202,0.00038440037032300915,-0.0011787836367288386,0.0005440471660751253,0.00035018258056175914,-2.2709859833359154e-05,-0.0004338190296409448,0.00035930975008307783,-8.003165872964374e-05,5.549081917661897e-05,5.557710539033883e-05,0.0003378059568815768,-0.0001617329535886546,0.0001608290265501086,0.00010603590996628075,0.0004026380946493238,0.000162741594213568,0.0004308436013060941,0.0002460757508489371,0.00013270510959833938,-0.00021274898649794943,1.9090900090956814e-05,0.0008173851984620663,-0.0008173851984620748,-3.707036100075939e-05,8.890504782072645e-05,-7.404296181189056e-05,-3.935936085525527e-05,-0.00015294975912326527,-6.532841050956133e-05,-4.549660067931441e-05,0.0004658570453870733,0.0002548513735159534,-0.0013164939797592123,-0.0020888034790412504,-0.0018134876489598098,-0.0001261313937156311,0.000771167750737924,0.0011368884064867585,-0.000742331065644297,-0.00020063083628167556,-0.0005968921856838616,0.001194436063739974,3.980454511121714e-05,-4.828095549066103e-05,2.1807884827414256e-05,2.3127873101413465e-05,-8.942774798337244e-06,-6.260861825903787e-06,3.5384252151501466e-05,-1.8536822314500006e-06,1.9028135585916333e-05,-1.820444033691647e-05,-7.006977249591483e-05,0.001023787688411948,0.002074804470883873,0.0001991096180149071,0.0011498309542006752,0.0021013204408410814,-0.0003880796723798917,-5.6239497312184693e-05,0.0008906759672884404,0.0012852508927004432,-0.00045397115568022317,0.0001970184648688037,0.0016174237672948438,0.001349513935268668,-0.000456859135832159,0.0009824736454637666,-0.0003079201468543324,-0.08107383298493706,0.0819,-0.00040647208306163733,0.00036253345429691883,-0.000942162756722045,-0.0004592855657590921,0.0017643931035334255,0.0001220168537740968,-0.0006270907221890271,0.0010415187741392392,-0.0005185013794615215,-0.00044779013928785555,3.7232465440226466e-05,-0.00032642417946795695,0.0003325253649735373,0.00030838013586896357,-0.0007139119609907439,0.000135323383851589,0.00026805114033282197,-3.256092689928709e-05,-0.001899879751485602,0.0018998797514856059,-0.0010770723586303508,0.0010786153949341756,0.0013325146973329545,0.0013155612924663886,0.0012300211103968986,0.0010756021131384744,0.0010311331181032596,0.000611421171602384,0.000737988067854562,0.0006871028564787514,0.00018947325801562116,0.00015088065334269992,0.00025135769674130616,0.00010730678078951626,-1.6979671270782213e-05,-9.277459349762632e-06,-0.0005961516934974325,-0.0002978071369983294,-9.170909758675566e-05,-0.00010787430835434526,-0.00010798445945637723,0.0009257538769587395,0.0006023257899027865,0.00034722207838079025,0.00023036206788902737,0.0008476951842894427,0.0001978543935548481,0.0002584350293059795,8.274662672465973e-05,2.4354274764640508e-05,-5.76875243645486e-05,0.0002553207834150703
KXNASCARCUPSERIES-NCS26-BWAL,0.0007553202356886664,-0.0007698244689884511,4.858707621738771e-05,-0.001318981425335482,0.0007190027955498975,-8.482867330624514e-05,0.0014793512572361161,0.0007901873807640957,-0.001530299576506665,0.0011375555969350536,0.002718368962626081,0.0008479654050679655,-0.0005644353889648594,-0.00044449486436438424,0.0004444948643643763,-0.001088751872249533,0.0001599973945500401,0.0007502670289632901,0.0003072228215104288,0.0006616764235581453,0.00023441807368712646,-0.0003726571730220316,-0.0010958009762436125,0.0013428702717376865,-0.0015656138043405573,-0.0005569812852159182,0.0007887407407534989,0.001869734232357212,0.00041340087591575444,-4.009526367925503e-05,0.0003889642835018873,-0.0003889642835018923,0.0010006624092242715,0.00014355356389117796,-0.0012582714637357846,0.0014702982053842327,0.0032051890452941354,-0.0008670059090938501,0.0008657626576145845,-0.0001974148735567908,-0.0002718909413452577,0.00023684154217590677,-0.00026466605089564836,0.0002646660508956554,-0.0003908752695836159,0.0011922443761033703,-0.0005531707890785314,-0.002252368659953894,0.00014161761732039562,0.0027809839693120923,-0.002316310572817514,-0.000443331411300781,0.00029564398893255493,0.00029630915718224543,0.0018226813991349773,-0.0008758513253893532,0.0008649244209665381,0.0005658391845487948,0.0021730262649457357,0.0008759369419899813,0.002325855141367094,0.001326623825033106,-0.0015361051752817846,0.002468631243473297,-0.0002258166297009162,-0.0013763304857185295,0.0013763304857185269,0.0006027983014688217,-0.0015105372337037603,0.00122205163706804,0.0006193630100313014,0.002579841267738166,0.0010583072990800017,-7.761666373637693e-06,8.453432580685005e-05,4.669396673759923e-05,-0.00023888048096705542,-0.00038073655461663334,-0.00033069020791544085,-2.2375826040147987e-05,0.00014130858115089624,0.00020765985828415104,-0.0001335359096882941,-3.583021535300303e-05,3.409688519082091e-05,-7.293600562289324e-05,-0.0011447193376938043,0.0014229298969944196,-0.0006196567563228144,-0.0006571193303915803,0.0002621986006924866,0.00019565865494988255,-0.001013828239271392,6.707802349634399e-05,-0.0005253843856587786,0.0005147023415620938,1.586515908114442e-07,0.00021650440203019214,0.0004174235006136216,5.390441273075707e-05,0.0002392486751326598,0.00042227900251827217,-5.869227826637523e-05,2.8940889101955708e-06,0.00019017769502716937,0.00026508411079533695,-0.0005632662611780147,0.0002491123676723905,0.002021582462884145,0.0016870777657705944,-0.0005674948853574999,0.0012289943354983656,-0.00037953988441249997,0.0004023181549548712,-0.00040647208306163733,0.019599999999999996,-0.003154917660243693,-0.0006412392632312201,5.0593038174346884e-05,-0.006698023127459165,-0.0004438280040183717,-0.0008261020912036799,-0.0023668111650235785,-0.0006367913235955896,-0.000824451602321846,0.00011353502103729422,-0.0011174508993155633,0.0011251196892578812,0.001031524105162382,-0.0024280071355401583,0.0004430509437931136,0.0009102636181314236,-0.00012166644588021201,-8.615679699571741e-05,8.615679699571852e-05,-5.763734367898336e-05,5.772249727403998e-05,4.305117983703731e-05,4.249951134460775e-05,3.945019848655499e-05,3.4000143624942085e-05,3.5430486703848445e-05,1.596399551502363e-05,2.5406246297886166e-05,2.282032845297347e-05,3.4782819530790513e-05,2.7937324280367282e-05,4.57724321660967e-05,1.936227821860199e-05,-0.00040954780102536476,-0.00023481235216332721,0.00017947607758346786,8.974828107480023e-05,5.27759121917788e-05,6.186229493302978e-05,6.166001602680312e-05,1.4815283865483804e-05,9.403785239641439e-06,5.3445405130172635e-06,3.1716381612684113e-06,1.3818843959872428e-05,0.0003474235011423404,0.00045552293292659024,0.00014514319584075358,4.2846087306477765e-05,-0.00010180734882182135,0.0004483225718941511
KXNASCARCUPSERIES-NCS26-CBEL,-0.0006807058895964147,0.0006944491356775298,-4.300725180532552e-05,0.0011988695252103145,-0.0006322711896625369,8.941625245920224e-05,-0.0013136849042886616,-0.0006950412292767283,0.0013940981174857831,-0.001010700076820574,-0.002433236060271299,-0.00074893220962158,0.0005212862468784384,0.0004011071255805187,-0.00040110712558050205,0.000979462532804217,-0.00013728497215586096,-0.0006653034683199036,-0.0002688738223711989,-0.0005816245767435868,-0.000203199498750205,0.00033662102469155154,0.0009837820936618707,-0.0011968691019867918,0.0014106749151998525,0.0005070505747760158,-0.000694166671502463,-0.0016750123689971553,-0.0003670012555909238,3.993703664199824e-05,-0.00034407302250102966,0.00034407302250103237,-0.0008626562265899376,-0.00010493593134721286,0.0011650051935634773,-0.00128490084568385,-0.0028490991925831256,0.000781975199041247,-0.0007808555458292661,0.00016892362881383043,0.00023591159885264545,-0.00022068261291038506,0.00023803115305379955,-0.00023803115305380117,0.00034365851947341366,-0.0010671349112486744,0.00048651336017254727,0.0020311087549856133,-0.00012938845578708532,-0.0025107752141009273,0.002088071534063185,0.0004154955428727126,-0.00022996943365484498,-0.0002304570782985325,-0.0015971177572227785,0.0008247741141122187,-0.00073623045390493,-0.0004693722520409916,-0.0019119890110501298,-0.000750208835498412,-0.00204764405558759,-0.0011425483343003085,0.0013910513154734966,-0.002233088431930246,0.00020255584836127553,0.001239347679983701,-0.0012393476799836805,-0.000545629585119134,0.001364147712329832,-0.0011052861971220446,-0.0005615452346674932,-0.0023306700054440996,-0.0009581249979068514,6.3762624267517e-06,-7.533310956593076e-05,-4.2096093419326086e-05,0.00021285191844193184,0.0003410794775510921,0.0002963881733248504,1.939234082622171e-05,-0.00012738489255985838,-0.00018650113093882795,0.00011772402490628915,3.1304302015189845e-05,-3.382219886398716e-05,6.758764106677123e-05,0.0010449744022328208,-0.0012854755133491352,0.0005686029976322161,0.0006029920862720373,-0.00023753464775400331,-0.0001724710722968267,0.0009269498418708492,-5.580890470390796e-05,0.0004883434910041769,-0.0004738959154264719,1.1287786263919782e-05,-0.0001795261426697458,-0.0003621244790362242,-3.5775852853383336e-05,-0.0002013335700800774,-0.0003666981639776298,6.610038311454707e-05,8.875211444301466e-06,-0.0001563059895086229,-0.00022485431620029636,0.000520003701149622,-0.00021168621558764755,-0.0018080411241083332,-0.0015059850826192357,0.0005251644659707308,-0.0010927279208686443,0.0003493489972186396,-0.00035884099278015325,0.00036253345429691883,-0.003154917660243693,0.1539,-0.010580343383354432,-0.00315842147524685,-0.06915879189240814,-0.008672917668094453,-0.012449662887751704,-0.027524972900548172,-0.01056823800897537,-0.012445118045014265,-0.00010489592958016332,0.0010070532401330158,-0.0010213096827322665,-0.000934649591031463,0.0021910692570431866,-0.0004024216098218244,-0.0008271552784956866,0.00010805180559530811,7.764405980261986e-05,-7.764405980262954e-05,5.244752012656783e-05,-5.252392310556453e-05,-3.850125050092366e-05,-3.800203339714098e-05,-3.548261369141238e-05,-3.097297672011176e-05,-3.0029506938588492e-05,-1.7218627679435165e-05,-2.1473114700503367e-05,-1.996576946252734e-05,-3.5032617962182943e-05,-2.8884155018455798e-05,-4.4632147583901916e-05,-1.7943217059699507e-05,0.0003661493231505084,0.0002064192711405588,-0.00015820430268578573,-7.463127534275907e-05,-4.6080221956173716e-05,-5.4261186339174235e-05,-5.438486829264781e-05,-1.3836430576617852e-05,-8.96671735746483e-06,-5.1501717801582266e-06,-3.4049105845764234e-06,-1.272190799789293e-05,-0.0003100653807145743,-0.0004103716265239449,-0.00013008185550789179,-3.8506382584117056e-05,9.170154994474605e-05,-0.00040102155071284587
KXNASCARCUPSERIES-NCS26-CBRI,0.0017584852655265746,-0.0017898728549655245,0.000114879230564392,-0.0030785175806337123,0.0016564978462561765,-0.0002107904341640142,0.003421977694738699,0.0018210031057997345,-0.0035720881477595513,0.0026304549506959976,0.006304516015166607,0.001956681255271611,-0.0013255560926189783,-0.0010342029481053196,0.0010342029481053396,-0.0025256320486653,0.00036308926968604523,0.00172864042290319,0.0007035125695151498,0.0015178995499972032,0.0005343972571164193,-0.0008657969335137809,-0.002539193092503427,0.0031016707344973834,-0.003635488323401745,-0.0013001768918198997,0.0018103884217477468,0.004330374748970982,0.0009535853077849415,-9.750091822358778e-05,0.0009029929818544383,-0.0009029929818544511,0.002404996297783236,0.00039193517585355583,-0.0028602854017026067,0.00349667153310141,0.007534838633413492,-0.002014962586386449,0.002012072595488434,-0.0004813759502503843,-0.0006537442929952323,0.0005237813528003802,-0.0006146440539599182,0.00061464405395991,-0.0009083094003973227,0.002771575736295491,-0.0012854285666918793,-0.0052312414768475885,0.00033377908311566634,0.006468004797146589,-0.005376953882357825,-0.0010303681876346182,0.0006733275832971434,0.0006747000812539353,0.004216486600254601,-0.0020496299373221442,0.0019930066777117685,0.0013011583577366,0.005030128452646143,0.0020199770755994664,0.005384049177470677,0.0030607657551773885,-0.003570232471511494,0.005738751553281195,-0.0005258488465027393,-0.0032020158032254895,0.003202015803225468,0.0013983157503448724,-0.0035114570727922123,0.002836900155864465,0.0014340325801527275,0.005994986376607513,0.002454457285657597,-1.8914665350176574e-05,0.00019794655578270085,0.00010866969230923755,-0.0005593858036424496,-0.0008890224940230325,-0.0007719637952552024,-5.315522206133475e-05,0.00032885508732299396,0.00048424084113934176,-0.0003144370494976128,-8.47611698135038e-05,8.372138856954479e-05,-0.00017272928081222443,-0.0026515950975771843,0.0033094222700373295,-0.001432445269663954,-0.0015190938418929243,0.0006102791543149255,0.0004595117700792451,-0.0023470784319400183,0.00016098689140305159,-0.0012086964375975099,0.0011900646064184192,-1.8505532280365756e-05,0.0004769279370460776,0.000946144584130696,0.00010395839448257548,0.0005319214232140981,0.0009577654078662739,-0.00015838322083875072,-1.2241429775821004e-05,0.00041663896764074346,0.0005923261816059096,-0.0013144786638156773,0.0005752087266940968,0.004698253197018041,0.003920293581125563,-0.0013237530133367607,0.002854751595608436,-0.0008884433121829768,0.0009325368228124823,-0.000942162756722045,-0.0006412392632312201,-0.010580343383354432,0.0564,-0.0006432149019007722,-0.02129126276653506,-0.002304216076663657,-0.0034821742345792148,-0.008197755674490666,-0.002896406701556376,-0.003479655218682917,0.00026738913188642684,-0.0025926932289401265,0.0026080637245743075,0.0023995155660373937,-0.005637892403121562,0.0010342232660027813,0.0021065661478789736,-0.0002788844397596167,-0.00019927853205268587,0.00019927853205269248,-0.0001327537989085726,0.00013294668665333917,9.935452006858981e-05,9.808700170155746e-05,9.145879943436572e-05,7.954106281606844e-05,7.873726299463483e-05,4.226810000423483e-05,5.6395790105410044e-05,5.177520663476327e-05,7.912320123227911e-05,6.305135340906856e-05,0.00010494309428962698,4.481882732754247e-05,-0.0009526617240653944,-0.0005462204083050276,0.0004179799797787279,0.0002096910110819578,0.00012073003927058219,0.0001418194241332247,0.00014173132581322886,3.538922161270686e-05,2.2795065069304885e-05,1.3066491158432008e-05,8.299238865497274e-06,3.265114905860954e-05,0.0007978673891311801,0.001056783155668759,0.00033470461776557113,9.912832475804067e-05,-0.00023618374531096694,0.0010319470977447746
KXNASCARCUPSERIES-NCS26-CELL,0.000853713805936807,-0.0008702407543680604,5.47860808349884e-05,-0.0014912691435548012,0.0008121582904544016,-9.634056771364605e-05,0.0016714498150619032,0.0008925589079597159,-0.0017304162987537056,0.0012853468868516084,0.0030721742358923183,0.0009579560479834007,-0.0006384686121067807,-0.0005024743217487191,0.0005024743217487337,-0.0012307847429968827,0.00018066145148668401,0.0008478435658164699,0.0003470682971722754,0.0007475841104331127,0.00026476057259656256,-0.0004213260186830886,-0.0012387012680290285,0.0015176988403971894,-0.0017698928549444125,-0.0006298002138903195,0.00089117323046567,0.002113376380705671,0.00046715920586715175,-4.545333138781426e-05,0.00043919880266948743,-0.0004391988026694911,0.0011251092654718138,0.00015814183928822365,-0.0014272427225068254,0.0016559167763097607,0.003616896110612053,-0.0009801306488561904,0.000978725346938394,-0.00022144692178833388,-0.00030565239319363624,0.00026944700784934067,-0.0002991662272309683,0.0002991662272309579,-0.0004411673624576699,0.0013471221854620737,-0.0006243587677907436,-0.0025463786606574473,0.0001600342245059372,0.0031438555716609895,-0.0026187300821002516,-0.0005024643256362666,0.00033175240716653404,0.00033250206503345094,0.0020574315599752153,-0.000992430794228939,0.0009748544217583134,0.0006368526380356005,0.0024534201358635656,0.0009875815183843155,0.0026260605040108785,0.0014961750715334968,-0.0017369688469806677,0.0027911963402612516,-0.00025515146415327014,-0.0015556239503365008,0.001555623950336503,0.0006816976185818779,-0.001707730177469158,0.0013818589958443993,0.0007006034532317561,0.002916774778336372,0.0011968608322600026,-8.694612558047268e-06,9.544009897805288e-05,5.277951358855578e-05,-0.0002696956879553021,-0.00043008409596706487,-0.0003735694231515783,-2.5192814977813403e-05,0.0001597247970606867,0.00023463445336947104,-0.00015060182311206697,-4.0373320344379896e-05,3.863278902317728e-05,-8.248151168236572e-05,-0.0012954002824612184,0.0016086575973521125,-0.000701566190777908,-0.0007439797997220361,0.00029645348418067387,0.00022068786754419377,-0.0011474453460766612,7.526446198526764e-05,-0.0005955467961075607,0.0005828504509039567,5.215702252991681e-08,0.0002445866895251337,0.00047173754940691565,6.0798745383517465e-05,0.00027031306172686776,0.00047722824891540636,-6.648886787131174e-05,3.1440078307361154e-06,0.0002148297386442128,0.0002995219314372755,-0.0006374493189717514,0.0002807888031843687,0.002284218289586111,0.0019060615281222327,-0.0006423519486730091,0.0013882352458858174,-0.0004293423831413537,0.0004545928274372496,-0.0004592855657590921,5.0593038174346884e-05,-0.00315842147524685,-0.0006432149019007722,0.0196,-0.00670201037776358,-0.00044687290606410196,-0.0008285567353792857,-0.002370570179994992,-0.0006392139464574904,-0.0008270706124361654,0.0001284311410215591,-0.0012633335813969412,0.0012727185145407767,0.0011663910569117324,-0.002745069254570273,0.0005009306283426979,0.0010298820875039112,-0.00013753972088583464,-9.743283516529208e-05,9.743283516528706e-05,-6.523964447919176e-05,6.533606128277177e-05,4.867070684195542e-05,4.804639110910332e-05,4.4598920990360536e-05,3.843941410840786e-05,4.00475343686618e-05,1.8059872740219185e-05,2.8714998451517106e-05,2.580004394135836e-05,3.9677103258668495e-05,3.1947285308816575e-05,5.2064605960196295e-05,2.1933455724160813e-05,-0.00046270579949623196,-0.0002650213975911651,0.0002025737386084185,0.00010092181011391828,5.961428216915933e-05,6.988612571190046e-05,6.966724750541698e-05,1.6750077856361827e-05,1.0633964901052096e-05,6.0438305317519556e-06,3.593543335135286e-06,1.562234580698933e-05,0.0003928933378368947,0.0005150023139939224,0.0001641257067676447,4.84446170105263e-05,-0.00011509950065743108,0.0005069722310579537
KXNASCARCUPSERIES-NCS26-DHAM,-0.0033052315284606325,0.0033644634803528476,-0.0002149358106049454,0.005801943273370649,-0.0030887931525965416,0.00041648690124544674,-0.006401078898230185,-0.003395853247642808,0.006736766585787122,-0.004921138931961837,-0.011823046115280634,-0.0036536392243442205,0.002511049601284379,0.0019450824080349273,-0.0019450824080349733,0.004742561436211315,-0.0006703537595273029,-0.0032293496786865317,-0.0013080884782722924,-0.002826592690219557,-0.0009902162389435606,0.0016279875404985504,0.004764408869442346,-0.005805006143849519,0.006830809679195904,0.0024520511901785147,-0.0033727231586291673,-0.008119959022766576,-0.0017823844555537797,0.00018964933079915994,-0.0016857110184748845,0.0016857110184748873,-0.0044748103305989285,-0.0007093427234019199,0.005411498755635872,-0.006525192471287146,-0.01411629085270509,0.0037876217675594332,-0.0037821922911715684,0.0008878135628807965,0.0012113643170412356,-0.0009969289897762805,0.0011543812673540884,-0.0011543812673541062,0.001693006414879261,-0.005196796188925863,0.0023961896789819514,0.009833379157275949,-0.0006301837012860234,-0.012163049618010725,0.010106197682200418,0.001963636204704389,-0.0012018354731298641,-0.0012042074499214002,-0.007844274314766942,0.0039135204607876825,-0.003669928228735072,-0.0023746280436065734,-0.009371763027566312,-0.0037276534456171673,-0.01003319957639993,-0.0056593423896389595,0.006720088363182991,-0.010798095048923385,0.00098683354305538,0.006016372725319562,-0.006016372725319555,-0.0026307916522095363,0.006603417328439537,-0.005336506844758544,-0.0026988207108478986,-0.011274577454199837,-0.004617990702433567,3.4856748667646696e-05,-0.00037111598523952716,-0.00020427900340787096,0.001048721121569612,0.0016687566011906949,0.0014491883850306449,9.904479708308683e-05,-0.000618174522244008,-0.0009094819520120709,0.0005880864879263439,0.00015821249191898034,-0.0001636126400961836,0.00032846974870112374,0.005002261220930324,-0.006224387418388436,0.002706442820205197,0.0028701754462892486,-0.001148793838506002,-0.0008582763282022284,0.004429838855342806,-0.00029610814394011455,0.0022924840595916025,-0.0022508176057185565,5.3621019664599126e-05,-0.0008704731205083226,-0.0017547712497302044,-0.00017421024003143413,-0.0009759793298774962,-0.001776942779533587,0.00031952112833812986,4.193713992694198e-05,-0.0007580201082181373,-0.0010898880928434072,0.0024884723135086754,-0.0010626389750003622,-0.008810606327167549,-0.007347601680581968,0.0025076954157051317,-0.005344295016641455,0.0016808525001123591,-0.0017463875348239385,0.0017643931035334255,-0.006698023127459165,-0.06915879189240814,-0.02129126276653506,-0.00670201037776358,0.2331,-0.017583195802640963,-0.024953823167986666,-0.0543932304501063,-0.021276971250339408,-0.024948393325963773,-0.0005080511134049933,0.004870636939897723,-0.0049125147617729795,-0.004518547731347881,0.01059789493612121,-0.0019502988005416309,-0.003968880213367164,0.0005201710054367355,0.00037447889784484917,-0.00037447889784483974,0.00025002850969690416,-0.0002503892906128442,-0.00018619112417078744,-0.00018380942911504065,-0.0001717481103624756,-0.00015003357634090137,-0.00014473262006621377,-8.423172070154327e-05,-0.0001035692674994297,-9.625626419153006e-05,-0.0001542237764934445,-0.0001240517339649348,-0.00020228908319305596,-8.497063228651299e-05,0.0017862233720251392,0.0010190367070590663,-0.0007802250738246058,-0.0003846566130857173,-0.00022418011268605248,-0.0002637937139620532,-0.00026418228314715217,-6.746964723974636e-05,-4.380667028721471e-05,-2.5214710839787707e-05,-1.6637987303373588e-05,-6.189541580003445e-05,-0.001494476526807705,-0.001985857530433729,-0.0006278620397255272,-0.00018612541807958997,0.0004437942558078597,-0.0019344616860188413
KXNASCARCUPSERIES-NCS26-JLOG,-0.00023010744866477995,0.0002358954354867115,-1.3557909521735449e-05,0.00040786867093912677,-0.00021154637525757258,3.239861585447546e-05,-0.00044151601954824186,-0.00023246876727071457,0.0004757658208786579,-0.0003402553093184332,-0.000822144663393049,-0.0002512248004717503,0.00017881219777917103,0.00013606995196142755,-0.0001360699519614545,0.00033325527176729266,-4.603330378103685e-05,-0.00022541262628726917,-9.073903410646822e-05,-0.00019667185061007452,-6.837940176747593e-05,0.00011478487607729258,0.0003346323987246937,-0.00040604272194638864,0.00047987602755456265,0.0001728391431752744,-0.00023482556909419088,-0.0005686652807157543,-0.00012419019244456854,1.4047796166466611e-05,-0.00011389789260415996,0.00011389789260417984,-0.00024681124436893713,-3.95929299721201e-06,0.00043246552707808543,-0.0003896065530088546,-0.0009190223165168874,0.0002658349310471055,-0.0002654553421660717,4.530395651587002e-05,6.822130793873724e-05,-8.744992031957402e-05,8.07257462381703e-05,-8.072574623815555e-05,0.00011239426591663444,-0.0003584107024504836,0.00015920667648956823,0.0006914021620526971,-4.328260053121841e-05,-0.0008531977315397857,0.0007113660747667089,0.0001490826761417521,-6.432268451751737e-05,-6.448947685526694e-05,-0.0005259032660089572,0.00029318873371133447,-0.00023392849278450792,-0.0001435913562021535,-0.000632575090010389,-0.00024025551253071932,-0.0006780113199165068,-0.0003687241221769995,0.00047562027332577857,-0.0007619311113729091,6.795332779578797e-05,0.0004191910066933601,-0.0004191910066933657,-0.0001873363467519578,0.00046432706886316674,-0.000378358870859202,-0.00019416017976765082,-0.0007944729857765518,-0.0003292235275462662,1.561412811816529e-06,-2.4656644336194753e-05,-1.4251252970275119e-05,6.964568584916124e-05,0.00011339430333260952,9.86757003589516e-05,5.811245094740697e-06,-4.3123079266085646e-05,-6.245961671911109e-05,3.72897183153067e-05,9.636096361923099e-06,-1.1548638003990991e-05,2.2810610721613418e-05,0.00036446414036640676,-0.00043723652308190784,0.000200737130312517,0.00021286850208782567,-8.097627103667305e-05,-5.502713564987443e-05,0.0003244627192200161,-1.4918795609188862e-05,0.00017739992123452108,-0.00016800963653368855,3.3593987080020917e-06,-6.176597950501889e-05,-0.00012378642616400336,-1.2735740279154326e-05,-6.912578296216617e-05,-0.000125328052312252,2.1840855375084156e-05,2.535977693234225e-06,-5.3840885902008225e-05,-7.711234629421179e-05,0.00018103331980794422,-6.663208883397301e-05,-0.0006069152451418272,-0.0005042353498619397,0.00018365176109766689,-0.0003640090143883081,0.00012020323620116633,-0.00012077955200293028,0.0001220168537740968,-0.0004438280040183717,-0.008672917668094453,-0.002304216076663657,-0.00044687290606410196,-0.017583195802640963,0.0475,-0.002780018662036699,-0.006687768872176348,-0.002294100565346264,-0.00277626923588842,-3.574650414544461e-05,0.00034337214620264514,-0.00035272880280265813,-0.0003191636185236598,0.0007470774994182642,-0.0001367150261201122,-0.0002872561144860055,3.71691164081527e-05,2.6682012863353177e-05,-2.668201286335306e-05,1.845745869657818e-05,-1.8484896542388738e-05,-1.3154297650561154e-05,-1.2978926429615053e-05,-1.2087101630620313e-05,-1.051105389161836e-05,-1.0430162129264219e-05,-5.565609980483987e-06,-7.4497100521436556e-06,-6.893544924448919e-06,-1.4320821186969947e-05,-1.229726454343433e-05,-1.7334462330425124e-05,-6.4011164700445745e-06,0.00012255575472489786,6.729446474847624e-05,-5.164284326158455e-05,-2.181841373996156e-05,-1.553827670563238e-05,-1.8321432910478152e-05,-1.8390815675260457e-05,-4.6246851393340846e-06,-2.980649494385223e-06,-1.702717652454115e-06,-1.1237540248026514e-06,-4.277225598485619e-06,-0.00010692232990410859,-0.00013988711225135664,-4.467223405987726e-05,-1.3169488135314925e-05,3.125256011577615e-05,-0.0001379566791445347
KXNASCARCUPSERIES-NCS26-KLAR,0.0011699892864153465,-0.0011901004321921852,7.705966491575686e-05,-0.002046761168589392,0.0011032345724126718,-0.0001390950872190002,0.002278042017248046,0.0012128519922783593,-0.002374001785374757,0.0017507548444874656,0.00419453484382859,0.0013028078703089204,-0.0008805043061781013,-0.0006878290462140743,0.0006878290462140717,-0.0016788666861559307,0.0002416007981787348,0.001149413667632125,0.0004679071045612206,0.00100937404982613,0.00035549457390294116,-0.0005753902491669281,-0.001687873228687484,0.0020622200065764486,-0.002416773672438238,-0.0008642571650959595,0.00120383465037758,0.0028791753107885202,0.0006341874996222736,-6.462169358999049e-05,0.0006021143845859313,-0.0006021143845859246,0.0016290611652883626,0.0002811592261672914,-0.0018780869465119172,0.002355343832697368,0.005041688539488685,-0.001339648625047363,0.0013377266054508284,-0.0003274067215886299,-0.00044189823586893157,0.00034053502928324227,-0.00040876281857276785,0.00040876281857277295,-0.0006065279112010124,0.0018453054558551364,-0.0008582977503364475,-0.0034774376369978545,0.00022240181689399255,0.004300582473410691,-0.00357392229511162,-0.0006804831761351027,0.00045540013422269444,0.0004563077463738306,0.0028127861401139407,-0.0013555824297014295,0.001334163557852919,0.000874042344856735,0.003353937546499153,0.0013512104645841388,0.0035896072328008644,0.0020458783198858974,-0.0023720412252045747,0.003813777617637166,-0.0003501773083101562,-0.002130220848912674,0.002130220848912678,0.000928472990077434,-0.0023342543278182613,0.0018844306481696509,0.0009512895571390377,0.003984425037282051,0.0016295718555736517,-1.297107431428808e-05,0.000132229031599689,7.228924980658567e-05,-0.00037368525321653597,-0.0005927458903959197,-0.000514608466360625,-3.585055530315884e-05,0.00021876217447483367,0.00032256831555269494,-0.00021083888753645208,-5.701069024597145e-05,5.57854631007334e-05,-0.00011504462315233471,-0.001757132188622452,0.0022001726475081957,-0.0009476872016433594,-0.0010050189059601462,0.0004056169727970318,0.00030779037831535366,-0.001554593462405871,0.00010959483404412003,-0.0007964346057925699,0.0007868827129742656,-1.2873086049590996e-05,0.00031624531195976904,0.0006282714770023295,6.84500592234816e-05,0.00035287200728199294,0.0006360110242237219,-0.00010601599865225908,-8.71182033736411e-06,0.0002761950944380621,0.0003930433338370967,-0.000871341598208184,0.0003857256843739118,0.003128515020778045,0.0026112734807742306,-0.0008769573080507232,0.0019026647009696635,-0.0005898701638425055,0.0006206806961047256,-0.0006270907221890271,-0.0008261020912036799,-0.012449662887751704,-0.0034821742345792148,-0.0008285567353792857,-0.024953823167986666,-0.002780018662036699,0.06510000000000002,-0.009667264928817029,-0.0034738533291775,-0.004155942232176478,0.00017787126045481046,-0.0017229642871635278,0.001730544014656762,0.0015945806470795043,-0.003746833472417006,0.000687839388260334,0.0013967522345473952,-0.00018500602889755824,-0.0001323057020981158,0.00013230570209811892,-8.785184272120452e-05,8.797905966724683e-05,6.600423653810807e-05,6.51653591785211e-05,6.0787744433521445e-05,5.290240186085468e-05,5.215547028328877e-05,2.8360265786435507e-05,3.73611248931441e-05,3.433706905567975e-05,5.111410901739949e-05,4.038662316401674e-05,6.843565357576023e-05,2.9612008455856048e-05,-0.0006345812043714605,-0.0003649452796915967,0.0002792137988004553,0.00014159549434247408,8.029455002047285e-05,9.431381828742084e-05,9.424848213597502e-05,2.360180883013959e-05,1.5221016774118512e-05,8.733437344368002e-06,5.561985474132824e-06,2.175121184348104e-05,0.0005294289247273381,0.0007023608633983268,0.00022222703562834085,6.585307047993067e-05,-0.00015697615856357202,0.0006849872840322342
KXNASCARCUPSERIES-NCS26-RBLA,-0.001950959266610841,0.0019873735217684815,-0.00012579327503387,0.0034264096584941156,-0.0018227997344514822,0.0002466261850919167,-0.003778020543463394,-0.002003882478291174,0.003979848394154262,-0.00290515829925768,-0.006980673246835115,-0.002156443523120607,0.001483548809912584,0.0011484483813594868,-0.0011484483813594668,0.0028026120782555126,-0.00039656268389839987,-0.0019090330773207011,-0.000773517421871809,-0.001671487163400673,-0.0005856885375306608,0.0009621444239156147,0.00281582258883098,-0.003431100445644729,0.004036035481764634,0.0014482279635320222,-0.001994398986679021,-0.004798126953168641,-0.001053336188971292,0.0001119334199699185,-0.0009935907932379642,0.0009935907932379548,-0.0025908110090235156,-0.00038282408010317586,0.003238014556086558,-0.003801253114186559,-0.00828266382084576,0.0022374993434677516,-0.0022342927755226866,0.0005129878186513741,0.000704365633797856,-0.0006015112627068993,0.00068178644044585,-0.0006817864404458593,0.000996413049392554,-0.0030661612023539977,0.0014103460408378037,0.005809887835969753,-0.00037121912947241727,-0.0071842149230565405,0.005971808407629677,0.0011660982968000116,-0.0007010905159515608,-0.000702517600663897,-0.004623378510809235,0.0023198768873175257,-0.0021576161655645237,-0.0013922754499837977,-0.0055255210867092225,-0.0021927542144337016,-0.005915906875717198,-0.003330981612553206,0.003972135445468186,-0.00638105085908644,0.0005820456573158297,0.0035518061483446506,-0.0035518061483446476,-0.0015561966293878985,0.003901337283064641,-0.0031553714221891666,-0.0015980628764601429,-0.006662463511465122,-0.00273199881053108,1.989644586984851e-05,-0.00021812748989551137,-0.00012059941726103179,0.0006163739538418267,0.0009828093874363051,0.0008536533121220949,5.7611648784571986e-05,-0.00036494785277608197,-0.0005361530735954931,0.00034425814374546145,9.230522671008001e-05,-9.585752967602015e-05,0.00019331503768206445,0.0029643845065460595,-0.003676926568464814,0.001606411330078183,0.0017035828349137665,-0.0006787676761048371,-0.0005032148584556388,0.0026263817620584685,-0.00017067978502139665,0.0013659808710438839,-0.0013366419242633568,2.937061812351709e-05,-0.0005175185739783581,-0.0010396323652208763,-0.00010556072657830703,-0.0005795847821854673,-0.0010526826446983289,0.00018597137285896503,2.2455959295450687e-05,-0.00045096770590035063,-0.000646830306266853,0.0014736921210295882,-0.0006228287931069963,-0.005197044576670952,-0.004332863960825166,0.0014859542854622752,-0.003149801478559712,0.0009937408433671688,-0.0010308941911947225,0.0010415187741392392,-0.0023668111650235785,-0.027524972900548172,-0.008197755674490666,-0.002370570179994992,-0.0543932304501063,-0.006687768872176348,-0.009667264928817029,0.1275,-0.008184981611093736,-0.009662491843070366,-0.00029940031896936526,0.0028791090695223028,-0.0029074889313990145,-0.0026699034683530724,0.006263550906534854,-0.0011510621184944636,-0.0023508108664549495,0.00030846755628664553,0.0002215515997626598,-0.00022155159976266556,0.00014843283898233564,-0.00014864805107978721,-0.00011012540494142434,-0.00010871110426900787,-0.00010150469943414904,-8.855970934408128e-05,-8.607928522830885e-05,-4.89563123901939e-05,-6.159549089067813e-05,-5.709455744832962e-05,-9.343740154436135e-05,-7.568579764595889e-05,-0.00012158339746080216,-5.048362828874035e-05,0.0010532777546178817,0.0005992075018913514,-0.00045887833350235217,-0.0002239098864490808,-0.0001326070934786398,-0.0001560147630290735,-0.00015621183837223534,-3.9640680203161164e-05,-2.567559410516292e-05,-1.4754430873816408e-05,-9.660776805495497e-06,-3.643993487855274e-05,-0.0008850134167654567,-0.0011735729008871716,-0.0003715130544505207,-0.00011005616957218366,0.00026226429484420944,-0.0011450471874484792
KXNASCARCUPSERIES-NCS26-TGIB,0.0009667619570379622,-0.000983348273349554,6.374182643009135e-05,-0.0016904073803715863,0.0009128869437274058,-0.00011387447875568577,0.0018839435724681583,0.0010035769267862254,-0.001960414254385867,0.001447833003780491,0.0034673023583921244,0.001077758587328031,-0.0007265304882084345,-0.0005682843728197569,0.0005682843728197612,-0.0013874397879807972,0.00020025098326856533,0.0009507474357581445,0.0003873506669250506,0.0008353757202160955,0.000294467303476291,-0.00047539458412389766,-0.0013950667338941962,0.0017052380281334008,-0.0019970475546115824,-0.0007136943826330104,0.0009962392262389363,0.0023799938343876917,0.0005245285642171255,-5.3065410001409675e-05,0.0004981519383503229,-0.0004981519383503265,0.001349202141608968,0.00023426990728191795,-0.0015493834370335924,0.0019494050996932057,0.004169070061147067,-0.0011069091131338865,0.0011053208404339398,-0.0002715961086050604,-0.00036621712921641725,0.00028053257552339457,-0.00033780122430656756,0.00033780122430658046,-0.000501960299680598,0.0015254548394620213,-0.000710309080163664,-0.0028732805220526786,0.0001836371599526863,0.0035531967212098165,-0.002953046460785646,-0.0005607675606435918,0.000379753212301186,0.00038051360287947325,0.0023285413056723333,-0.0011167800547460132,0.0011065264343836784,0.0007260740163291845,0.0027757825505201495,0.0011202288389026318,0.002970715052913171,0.0016955465503317555,-0.0019594410632246652,0.0031506131168658634,-0.00028943892576057675,-0.0017603032092094457,0.0017603032092094431,0.0007670172520921508,-0.0019285697715482233,0.001556802895011103,0.0007857990984003227,0.0032918855720401497,0.0013461857363556689,-1.0763758212142165e-05,0.00010932299453983931,5.973101150156626e-05,-0.00030895370972973076,-0.0004899334220547902,-0.00042533853451889745,-2.9680375108155743e-05,0.00018075900344344527,0.000266583742637823,-0.00017440896338406393,-4.718066293626477e-05,4.577818107105295e-05,-9.486992599935993e-05,-0.0014507913854002262,0.0018177512952671148,-0.0007822130169221995,-0.0008295332903437455,0.0003350625036919315,0.00025465936598091903,-0.0012834383065679286,9.095609101175236e-05,-0.0006568320474529026,0.000649355644832211,-9.697756601331346e-06,0.00026259930172236505,0.0005203023068791868,5.761433023298274e-05,0.0002927564702768648,0.0005266810308602607,-8.651252838517536e-05,-6.2549178228122196e-06,0.0002294636689103409,0.000325930653196812,-0.0007189994690391614,0.0003197460806595921,0.0025861853657069903,0.002158837206082391,-0.0007235337397428483,0.0015733496414071211,-0.0004868211522552787,0.0005132001819542107,-0.0005185013794615215,-0.0006367913235955896,-0.01056823800897537,-0.002896406701556376,-0.0006392139464574904,-0.021276971250339408,-0.002294100565346264,-0.0034738533291775,-0.008184981611093736,0.0564,-0.003470811505558202,0.00014669524790996119,-0.0014237604550790396,0.0014292887677255792,0.0013171196934571453,-0.0030958433281676944,0.0005680289463272423,0.0011535251695646374,-0.00015306044047217263,-0.00010932088068575204,0.00010932088068574563,-7.255299464809249e-05,7.265817392975854e-05,5.45646758997555e-05,5.387159688792582e-05,5.023513342672248e-05,4.368590245668799e-05,4.325506838770021e-05,2.319798855995959e-05,3.0990373854702824e-05,2.8423416172181944e-05,4.1913373929520746e-05,3.3046412080771214e-05,5.625382036220904e-05,2.4425571551432956e-05,-0.0005245974621892315,-0.00030198339569477363,0.0002310198583246352,0.00011753928683929738,6.648625156760213e-05,7.807135445143078e-05,7.798895621096684e-05,1.9455199180285735e-05,1.2529662822273677e-05,7.184165712349618e-06,4.544076748301272e-06,1.7947048806698506e-05,0.0004376911911506825,0.0005803633781831712,0.00018367660506837997,5.442152405592837e-05,-0.0001297116588387027,0.0005662234295722313
KXNASCARCUPSERIES-NCS26-TRED,0.0008348280463223547,-0.000848738965217767,5.536477122633171e-05,-0.001459092006614711,0.0007886192167246974,-9.794409209281545e-05,0.0016271761546994283,0.000866997302914689,-0.0016917166715721983,0.0012503183066534507,0.0029937669251884425,0.0009309175909816073,-0.0006268294238422093,-0.0004906057574593565,0.0004906057574593633,-0.0011972207176144385,0.00017279429556764196,0.000820383956728772,0.0003342336718782845,0.0007207724440501339,0.0002540830289262195,-0.0004101721899600798,-0.0012037553927909694,0.0014714625772438974,-0.001723381201993673,-0.0006159644108386134,0.000859563581181782,0.0020539056641528494,0.0004526860731800192,-4.576411213083782e-05,0.00043072940772457603,-0.00043072940772457624,0.001179984324075526,0.00021285913978772643,-0.001325026092389819,0.0016982342551296451,0.0036147771881609044,-0.0009553273032146167,0.0009539562445577662,-0.00023809107020035056,-0.00031969138447049476,0.0002381878350401883,-0.00029159362403608435,0.0002915936240360927,-0.0004344567980622602,0.0013178000913462123,-0.0006147618330554869,-0.002479519568847716,0.00015877893761141027,0.003066848399344066,-0.002548143418199235,-0.0004818732415970189,0.0003311009381304906,0.0003317521200158699,0.0020137186295076,-0.0009607890444070018,0.0009589293693399678,0.0006305609789989344,0.002399797724734312,0.0009703690572640479,0.0025681842431289955,0.0014680418346239607,-0.0016903490334299084,0.0027184183954682573,-0.00025008551991746145,-0.0015199392959641368,0.001519939295964135,0.0006613667114578649,-0.0016643191503539984,0.0013427558927469664,0.0006770896684210278,0.0028404349607435756,0.0011606689330483236,-9.493574449086176e-06,9.467515795938937e-05,5.1572952262105676e-05,-0.00026756482128925847,-0.0004237128553768064,-0.0003678026489701906,-2.587907441484952e-05,0.00015607146431104917,0.00023040085922997714,-0.00015144683639973472,-4.105871048580761e-05,3.965291304324922e-05,-8.20352182801451e-05,-0.0012492415771500065,0.0015688134648214722,-0.0006727622746642303,-0.0007134647533812654,0.0002891285210890144,0.00022094006758404208,-0.001104762906900442,7.97915267454764e-05,-0.0005632982199539186,0.0005582799245529447,-8.88085170071256e-06,0.00022590348296190865,0.00044837742229471343,4.9135373884375286e-05,0.00025198862628828423,0.0004538934384918185,-7.528709551333883e-05,-5.9123139974176685e-06,0.00019733272986082639,0.00028062987127768207,-0.000619349528995993,0.000277516290486958,0.0022344070443454894,0.0018655652931167015,-0.0006229887144135091,0.0013601532284902922,-0.0004198406773774945,0.00044321048133923207,-0.00044779013928785555,-0.000824451602321846,-0.012445118045014265,-0.003479655218682917,-0.0008270706124361654,-0.024948393325963773,-0.00277626923588842,-0.004155942232176478,-0.009662491843070366,-0.003470811505558202,0.0651,0.00012672846138842524,-0.0012283262275482152,0.0012318538655021385,0.0011364585470450303,-0.0026710766798322305,0.000490447878237262,0.000993644625331875,-0.00013182826951675436,-9.425129529046117e-05,9.425129529046512e-05,-6.240435460913059e-05,6.249456031791513e-05,4.705862067904388e-05,4.6462516185100966e-05,4.334401260462803e-05,3.771962967632311e-05,3.7192376889501384e-05,2.0212019136361233e-05,2.6648164656031773e-05,2.447347486864057e-05,3.54428491965822e-05,2.7768294688022454e-05,4.789661205095555e-05,2.0990038778020936e-05,-0.00045334980862095126,-0.00026149801051988345,0.00020002444978718345,0.0001024974279532183,5.736311681245669e-05,6.736030538863343e-05,6.729217284870696e-05,1.6841508386247356e-05,1.0860434081052854e-05,6.232868872503533e-06,3.957813103391368e-06,1.551862441928073e-05,0.00037714822125557484,0.000500753877264725,0.0001583502850006364,4.693900734424022e-05,-0.00011192024707680238,0.0004880423598521958
KXWTA-26USO-AND,5.452590699005236e-05,-5.455087507376026e-05,5.126652386828186e-06,-0.00022158863550053885,0.0001289670224782519,-9.809175431237893e-06,0.00026123271532106835,0.0001420422611859238,-0.00025233319604470736,0.000198949854790103,0.0004688605350335826,0.00015054921066061546,-9.135435368345638e-05,-5.971294798377732e-05,5.97129479837843e-05,-0.0002289740938723004,3.795475104777841e-05,0.0001641945256191147,6.9592816837279e-05,0.00014906746792422418,5.443770396905016e-05,-7.813315107733874e-05,-0.00023236955333624684,0.00028944758491340284,-0.00032632775208344116,-0.00011205249533400145,0.00017720954636505813,0.0003953848245894606,8.935819070345828e-05,-6.36270627855605e-06,-8.1983655585905e-06,8.198365558590968e-06,0.00033283474024688,9.9735185121756e-05,-0.0001897528610057914,0.0004393790536842072,0.0008172552445963484,7.768773951162379e-05,-7.757324599317876e-05,-4.53494121110578e-05,-5.726595411078352e-05,2.414036190906303e-05,-4.359266917870143e-05,4.359266917870156e-05,-1.6503545037607245e-05,3.676681672282081e-05,-2.3268006023528147e-05,-0.0005699575623910203,2.9121543853989388e-05,0.0006897825286869963,-0.0005936353985780487,-6.32331973637397e-05,6.47656745559381e-05,6.488977741458146e-05,0.00031603913075190355,-0.0001260091304298195,0.00016003316498975208,0.00011077864523078269,0.0003732085151046248,0.00015991012433910374,0.0003988304289780558,0.00023905463077891428,-0.00043223381011621003,0.0006905008551832722,-6.021614449690821e-05,-0.0001835322947618551,0.00018353229476185073,0.00011936536061972028,-0.0002961708393022854,0.00024110684858162727,0.00012430605320916074,0.0005070242794227482,0.00020987577561106685,2.8009724054585245e-06,-1.1047468860458641e-05,-4.590376704290674e-06,3.151170179637164e-05,4.5136556750261666e-05,3.8867610027254255e-05,4.4960409247925065e-06,-1.4399270813755888e-05,-2.3064004750686645e-05,2.167198092093748e-05,6.676806163899701e-06,-4.03124417841215e-05,7.369058090322237e-05,-0.0002893001159593047,0.0003740944242635331,-0.00015343296483656096,-0.00016261852892248533,6.707425528470313e-05,5.577913479660992e-05,-0.0002544815385517135,2.247963349926042e-05,-0.00012316563350958654,0.00012431264966330968,-8.22444162810407e-06,-3.729044333103726e-05,-5.4621760492223785e-05,-1.7266650313866227e-05,-3.833483273524814e-05,-5.4564611051455753e-05,-1.0175989395862788e-05,-8.5919776342818e-06,-3.375371863786993e-05,-4.046694439303074e-05,-0.00010761678127361817,0.00012047868168644756,0.0006188334534966687,0.0005297813511273364,-9.878939642871628e-05,0.0004048810912301909,-8.96650003701425e-05,-3.684839137092091e-05,3.7232465440226466e-05,0.00011353502103729422,-0.00010489592958016332,0.00026738913188642684,0.0001284311410215591,-0.0005080511134049933,-3.574650414544461e-05,0.00017787126045481046,-0.00029940031896936526,0.00014669524790996119,0.00012672846138842524,0.08190000000000001,-0.018659172610398046,-0.0014282605727617952,-0.008122416684789774,-0.015982871895064123,-0.030203991087431478,-0.000713438327950006,-0.0021269501370585935,6.781645835167958e-05,-6.78164583516782e-05,3.2439861079684056e-05,-3.248916561638185e-05,-1.3421015893727627e-05,-1.3111848056621039e-05,-1.1505399462398973e-05,-9.19236755167e-06,-1.4121712528777085e-05,8.954975621202685e-07,-9.80513244347002e-06,-8.68468801701529e-06,-6.287787561148862e-05,-5.224870052551527e-05,-7.899889812477082e-05,-3.070319222906763e-05,-4.156933244877545e-05,-2.6278450969428045e-05,-0.0002495815306012408,-0.00013751386467500068,-9.9997790831094e-05,-0.00011686457606541702,-0.00011602729207655084,-6.981570769338434e-05,-4.690164596944519e-05,-2.7547328907814195e-05,-2.043677836627432e-05,-6.230120305094223e-05,4.664903640985246e-06,1.2773993068912626e-05,2.6118434699504092e-06,1.0125809422849293e-06,-2.9132548755754306e-06,7.278995880117993e-06
KXWTA-26USO-GAU,-0.000499349983133029,0.0005096749672085757,-3.0674446182870305e-05,0.0021283237223685214,-0.0011257337128352087,0.0001567000129294022,-0.0023365521478565417,-0.0012372929784637493,0.0024762164582971683,-0.0017984139714297062,-0.004326591473612128,-0.0013330714632097276,0.0009242986913845794,0.0005482981346036238,-0.0005482981346036431,0.0021280793970860777,-0.0002967131171285704,-0.0014430109271720043,-0.0005822509864228172,-0.0012590628610022305,-0.0004394706214084725,0.0007308163492663509,0.0021361441468295194,-0.0025981167750118907,0.0030676904538202215,0.0011049217615585827,-0.001502806367366421,-0.0036411832110096764,-0.0007973799985247766,8.711377507411164e-05,4.837881535140508e-05,-4.837881535139555e-05,-0.001975787126655102,-0.0002642999638001811,0.0026138907304694876,-0.002929525185840883,-0.006479210079451564,-0.0007175413335404423,0.0007165167680555275,0.0003293789449682863,0.00044838322934199576,-0.00036545847735660567,0.00041433382045808387,-0.0004143338204580854,8.4408180950563e-05,-0.0002748476001098321,0.00011957365072181821,0.005287954803760002,-0.0003473232040715062,-0.006558143060664398,0.005425567133678841,0.0006989278559672903,-0.0004196199900931899,-0.0004204746187979715,-0.0027708532823386496,0.0013913273423732703,-0.001292674221074242,-0.000834059986999207,-0.003311666735703554,-0.0013138199389366029,-0.0035456655769263313,-0.0019958631541477,0.004051369540719347,-0.00651545586001415,0.0005994384906830198,0.0017091820241391478,-0.0017091820241391543,-0.0011273755514395777,0.0028326867019632714,-0.0022877485686066653,-0.0011546772400968697,-0.00483520961011753,-0.001978612136907085,-6.815707822885496e-06,8.175971596004864e-05,4.568385442554648e-05,-0.00023078555135301533,-0.00036913689628397726,-0.00032065113539581183,-2.1200822624719964e-05,0.000137722528388317,0.00020193346549184787,-0.00012752007834697745,-3.3934473961014455e-05,0.0003359156398620827,-0.0006766480608728744,0.0029139850356287873,-0.003616400419978562,0.0015786831650849546,0.0016742983115953462,-0.000669467434970475,-0.000495986801880262,0.0025817800680228912,-0.00016905558539312087,0.0013419501404660363,-0.0013160341140750005,-2.309254090280608e-05,0.00013226226310047667,0.00029429470486772285,1.2962739422688164e-05,0.0001530255685227265,0.0002989656859461587,-8.04381235755587e-05,-2.112834895862603e-05,0.00011335668741677203,0.0001740224697958628,0.0015044942534472102,-0.000558744328178223,-0.0050596767725688795,-0.004204298496077201,0.001526532766659936,-0.0030362160529463153,0.0009985204109563225,0.0003230967518972836,-0.00032642417946795695,-0.0011174508993155633,0.0010070532401330158,-0.0025926932289401265,-0.0012633335813969412,0.004870636939897723,0.00034337214620264514,-0.0017229642871635278,0.0028791090695223028,-0.0014237604550790396,-0.0012283262275482152,-0.018659172610398046,0.17710000000000004,-0.005444496876445623,-0.023209625509684514,-0.04358156431396386,-0.08010365007420839,-0.003366137900308047,-0.007496233859700056,-0.0006346552476530602,0.0006346552476530668,-0.00027476351288125,0.0002751530678413282,0.00010927722869706862,0.00010804556728271118,0.00010193009961495506,9.021259095160977e-05,7.992604769950195e-05,5.885674234888898e-05,5.753502582315944e-05,5.42302291584154e-05,0.00048000825405121743,0.00037994520041323204,0.000641475599273644,0.00027708180945267425,0.00036390857805485537,0.00020425195101577545,0.002266755861424226,0.00111957056146538,0.0008972959685243426,0.0010568627514822271,0.0010597123979919146,0.0006198645299226956,0.00040172889752061356,0.00023104450929224764,0.0001509554721841962,0.00056932735441417,-0.0001139803449657672,-0.00014409411373178554,-4.707636725358035e-05,-1.370430065770689e-05,3.2163672387803e-05,-0.00014606862149173341
KXWTA-26USO-NAV,0.0005045959203162616,-0.000516015228984327,3.2366102617343965e-05,-0.0021319462364673583,0.0011603658748624102,-0.0001381130123918951,0.002388401050578131,0.0012751914153891172,-0.002474000848887653,0.0018368107534809093,0.004390883681899134,0.0013687998438374933,-0.0009130646430438225,-0.0005512820641125737,0.0005512820641125937,-0.002163949976898974,0.000318068620904783,0.001491681061622183,0.0006109817193136868,0.0013177374283095144,0.00046636266356327605,-0.0007422013429124084,-0.0021794549288882497,0.0026685871919762067,-0.0031078594364579914,-0.0011036938125841469,0.0015709317576793795,0.003710032137771193,0.0008196675881042429,-8.06450747784495e-05,-4.9085170180816727e-05,4.908517018081957e-05,0.0020277822606163238,0.0002691194747942177,-0.002627719545107635,0.002996753134428705,0.006574313581662192,0.0007259647728675245,-0.000724925824220588,-0.0003622700933899609,-0.000482947335704455,0.0003456923838794062,-0.0004174510811803903,0.00041745108118039254,-9.448545688848351e-05,0.0002871314368642824,-0.00013375296804058883,-0.005357347406908303,0.00033448492084618394,0.006609316783399821,-0.00551310719117233,-0.0006859031884006026,0.000478298377035051,0.00047944022536934594,0.0028659347578434058,-0.0013496066261233712,0.0013699642007368134,0.0009014300871158644,0.0034130494088941256,0.0013853271383239382,0.003652649773454916,0.002095397055795676,-0.004100980171442399,0.006583689253564067,-0.0005973592459967928,-0.0017258301295780725,0.0017258301295780805,0.0011457995247833542,-0.0028559369166261173,0.0023186053511832262,0.0011822159546958546,0.004881992700810269,0.0020126135074190086,1.338433825006893e-05,-9.102899879433131e-05,-4.5872981913923784e-05,0.0002577186360702659,0.00039472243390021385,0.0003416451862462166,2.8956935865353338e-05,-0.00013938668604997299,-0.0002109193970355028,0.00015566942364337406,4.432590814955933e-05,-0.0003558222571770831,0.0006924467397358806,-0.0029373479508184534,0.003635700230732149,-0.001593418697274076,-0.0016896954551856957,0.0006695283942462519,0.0004947353869302811,-0.0026030122312842886,0.00016558986674426425,-0.0013579041278980817,0.0013237105506891552,1.7004762982673127e-05,-0.00015496803850290162,-0.00031971435791478,-2.6051856138001024e-05,-0.0001752482743770095,-0.0003237607080908761,6.419226575767263e-05,1.483043333599624e-05,-0.00013404044428514598,-0.00019645779057965942,-0.0014611606156410995,0.0006325194151442285,0.005200925068396711,0.004339956677886099,-0.0014686860778679346,0.0031598861931870894,-0.0009967221931477532,-0.0003291330719702358,0.0003325253649735373,0.0011251196892578812,-0.0010213096827322665,0.0026080637245743075,0.0012727185145407767,-0.0049125147617729795,-0.00035272880280265813,0.001730544014656762,-0.0029074889313990145,0.0014292887677255792,0.0012318538655021385,-0.0014282605727617952,-0.005444496876445623,0.029099999999999997,-0.00199820016271052,-0.004562306214490578,-0.009254773460783468,0.00023660483963423135,-0.00011584181491399462,0.0006413537356901295,-0.0006413537356901348,0.0002798398564797394,-0.0002802350879932134,-0.00011262595997073271,-0.0001111196583462321,-0.0001037604505634131,-9.075543895794972e-05,-8.709123230565924e-05,-5.1585114654146855e-05,-6.209389713736791e-05,-5.8449975174745604e-05,-0.0005001219568138113,-0.00039905892849425944,-0.0006617933748175396,-0.0002813199898273885,-0.00036719130126407456,-0.00020613862856299318,-0.0023077538484260213,-0.0011684436068120929,-0.000910945742109032,-0.0010718563952441368,-0.0010733761191480554,-0.0006335534348377643,-0.00041365275861113683,-0.00023898211804709757,-0.00016049821077911765,-0.0005784991551449038,0.00010643144668879138,0.0001417097253831504,4.435886789731239e-05,1.3236289143479037e-05,-3.1800638482632684e-05,0.00013742863051351
KXWTA-26USO-PEG,0.00046732987405123227,-0.0004753111222447906,3.175505798410876e-05,-0.0019721577494721063,0.0010659295879487897,-0.00013250940743566222,0.0021996925495414207,0.0011720241627182085,-0.0022848862011561008,0.0016894563863336202,0.004045428261327821,0.0012581288272844732,-0.0008471079669939631,-0.0005125521221935056,0.0005125521221935311,-0.00198763225653879,0.00028879920199731813,0.0013650748436679707,0.0005572727535272014,0.0012023477673225162,0.00042431779419662254,-0.0006816658860919923,-0.002000108586996914,0.0024457853066725288,-0.002857823488313983,-0.001018623442183968,0.0014337299683965868,0.0034075862806504345,0.0007515554541567206,-7.556535391931927e-05,-5.0019384715434135e-05,5.001938471544077e-05,0.0020430533873789626,0.00036284681417639005,-0.0022891386420015804,0.0029401284989278337,0.006245293303147038,0.0006705535534028649,-0.0006695900128747489,-0.00032707513248086685,-0.0004367448688799365,0.0003135151170147903,-0.0003849389641244267,0.000384938964124428,-9.189987844468874e-05,0.00026928520850178503,-0.00012999458253466214,-0.004938293618009225,0.00030886598007414604,0.006092762702338381,-0.005083043976795513,-0.00063048262131913,0.00042974886175683894,0.0004306304648214289,0.0026226603235609313,-0.0012535030317722584,0.0012477959494349414,0.0008193473793541336,0.0031258013326266585,0.0012629415116056707,0.0033452700434157797,0.0019112342565679717,-0.0037758619598899598,0.006063551756717875,-0.0005515269046418646,-0.001594394270152602,0.0015943942701526015,0.0010497624725461327,-0.002628929110171217,0.00212768401033276,0.001079512526715631,0.00449062982120869,0.0018432093616919075,1.0464083322899331e-05,-8.092373393460601e-05,-4.2074281211586885e-05,0.0002290459656990749,0.0003557957561659283,0.0003083684624988911,2.4247452924566355e-05,-0.0001278767961730055,-0.0001914172618360563,0.00013499965088455216,3.773493278342686e-05,-0.0003221529474791289,0.0006339328450395902,-0.0026793017266292457,0.003348552568602799,-0.0014464088758466553,-0.0015338120062964216,0.0006159439918362048,0.0004660881316279822,-0.0023709224250679116,0.00016416326916100397,-0.0012180878746759329,0.0011994012897792827,3.3918831043996625e-06,-0.00016339469783954396,-0.00031456065324534326,-3.9409499217906436e-05,-0.00018075540774004523,-0.0003179327188379512,4.247640335647966e-05,1.2830762623430468e-06,-0.00014309864047619712,-0.00020014328609635503,-0.001309099476743529,0.0006273890652218285,0.004853186320107938,0.004060121372636862,-0.0013097754856323295,0.0029712809778122476,-0.0009015675653130507,-0.000305228943102836,0.00030838013586896357,0.001031524105162382,-0.000934649591031463,0.0023995155660373937,0.0011663910569117324,-0.004518547731347881,-0.0003191636185236598,0.0015945806470795043,-0.0026699034683530724,0.0013171196934571453,0.0011364585470450303,-0.008122416684789774,-0.023209625509684514,-0.00199820016271052,0.09790000000000001,-0.019936789427193922,-0.037342362195826755,-0.0010871937722016615,-0.0028993228419123378,0.0005915537334711832,-0.0005915537334711817,0.00026135347790874706,-0.0002617292328403074,-0.00010494197464410136,-0.00010347543308321089,-9.609074782326404e-05,-8.331025741697886e-05,-8.429806356773564e-05,-4.226946724031557e-05,-6.002802566603221e-05,-5.5663209936626337e-05,-0.0004679615934172397,-0.00037480427459440305,-0.0006164485432745251,-0.0002601927505069421,-0.0003434915539609719,-0.00019758953766648576,-0.0021267148192373637,-0.0010768268164000703,-0.0008435201459233791,-0.0009919109566921946,-0.0009925552038218969,-0.0005843997219150024,-0.00038178401553919507,-0.000220628844998491,-0.00014861365700292393,-0.0005334017545261598,9.29871568197758e-05,0.00012958525180538534,3.956894351486732e-05,1.1966998007608975e-05,-2.904535810709227e-05,0.00012140493713035198
KXWTA-26USO-RYB,-0.0010893132858154344,0.0011105766940490004,-6.894819038295362e-05,0.0046302681171182134,-0.002462994573958323,0.00033320105368535584,-0.005104480141750549,-0.002707404711258035,0.005380825967805678,-0.003926434792665453,-0.009434574780962324,-0.0029140770593921892,0.0020051019387781798,0.0011959705085682875,-0.0011959705085683604,0.004638457147435553,-0.0006536803764754244,-0.003155546968604141,-0.0012771057403405009,-0.002759977667778254,-0.0009661343125115104,0.0015923388908244754,0.004658945315787812,-0.005674385637858917,0.006682168648974234,0.0024004682383623964,-0.003293459112960525,-0.00794066089979032,-0.0017421183962425374,0.00018640351517153192,0.00010898096513728295,-0.000108980965137296,-0.00444444762042125,-0.0006577813304367455,0.005592471433923715,-0.0065277855294521864,-0.0142601639128548,-0.0015645276605477524,0.0015622896178335134,0.0007284153954105793,0.000986778797828553,-0.0007799424432099362,0.0009019704391795447,-0.0009019704391795419,0.00019246244223007365,-0.0006072978908368489,0.00027251836656093755,0.011527126366964312,-0.0007474892325468451,-0.014276206379395506,0.011837327555323691,0.0015097925289519454,-0.0009369773574082644,-0.0009388775221068136,-0.006059833629623227,0.0030055474190427475,-0.002841424244132972,-0.0018419076474290744,-0.007237439316498737,-0.0028847802490894582,-0.007747977216344999,-0.004377950415416051,0.008826368919737211,-0.014189319193132238,0.0013016240338841708,0.0037249561237004255,-0.0037249561237004325,-0.0024550293357311842,0.006164339606160476,-0.0049806454302123646,-0.0025168195790269987,-0.010523807516749247,-0.004309160608006308,-1.723884638056952e-05,0.00018079935212361124,9.919946569668102e-05,-0.0005107265485228909,-0.0008108309080393688,-0.0007039372367497155,-4.876204469424753e-05,0.000299703253107694,0.00044168288902221136,-0.00028711062494734575,-7.745142428557822e-05,0.0007369622413611534,-0.0014758687307216407,0.006323733683407317,-0.007865188230191215,0.0034222011729906593,0.003629346998910609,-0.0014534833776162913,-0.001083781129929301,0.005600710540791379,-0.00037333887807759335,0.0029007570925621597,-0.002848694706047668,-3.817958021888539e-05,0.0003145894804755664,0.0006676643080450951,4.632970914025983e-05,0.0003584962041845198,0.00067720395085476,-0.00015384880984886827,-3.371937428646754e-05,0.00027166044852453583,0.0004041188932470311,0.003217109407047618,-0.0012870175226434993,-0.011113603303944146,-0.009252609080917221,0.003252280131146136,-0.006707500162253656,0.0021561731609774926,0.0007066294758276348,-0.0007139119609907439,-0.0024280071355401583,0.0021910692570431866,-0.005637892403121562,-0.002745069254570273,0.01059789493612121,0.0007470774994182642,-0.003746833472417006,0.006263550906534854,-0.0030958433281676944,-0.0026710766798322305,-0.015982871895064123,-0.04358156431396386,-0.004562306214490578,-0.019936789427193922,0.16000000000000003,-0.06935510715997278,-0.0027811809204039218,-0.006311027497879123,-0.0013827561745227875,0.0013827561745227892,-0.0006022033322876537,0.0006030609167707235,0.0002400924148074113,0.0002372046847999312,0.0002227882838153443,0.0001960448976680133,0.00018052859360110328,0.00012002066161335566,0.00012953868823799785,0.00012146941064984994,0.0010591510632945236,0.0008412062826842605,0.0014096542291862008,0.000604962653372858,0.0007959583562620713,0.0004501292510258467,0.004947276401089286,0.0024598949132649556,0.0019597486270768747,0.002307200426695329,0.002312098043843509,0.001354662818511047,0.0008798439790102101,0.0005066783937096796,0.0003338401069981275,0.0012421264937433332,-0.00023986857664645207,-0.00031098579979702164,-9.984045156142591e-05,-2.934879123639064e-05,6.948629241933184e-05,-0.00030885988026993873
KXWTA-26USO-SAB,0.00020364019578960582,-0.00020602531748655986,1.5121317253201035e-05,-0.0008526552395977413,0.00046678985493711286,-5.4088483367050434e-05,0.0009603308184970164,0.0005135056031169481,-0.000984141882866808,0.0007360419193331493,0.0017576910606550296,0.0005498015888943635,-0.00036369756091556905,-0.00022383935576890293,0.00022383935576893803,-0.0008610650615359753,0.00012772396714866817,0.0005952133717920317,0.00024441088473278207,0.0005266481906365452,0.0001869016950334186,-0.0002950065303318648,-0.0008674796748039284,0.0010638648715893626,-0.0012366768058072793,-0.0004385607323467897,0.0006276868974029126,0.0014781971250575955,0.00032727679381958736,-3.138546932365891e-05,-2.4551415813921312e-05,2.4551415813911646e-05,0.000985679210436193,0.00021836302632868582,-0.0009179572504095393,0.0013778966910884406,0.0028114254744097474,0.0002914759422283043,-0.00029105446264923886,-0.00014319738361562344,-0.00018998139049874473,0.0001292634953940191,-0.0001665524923996516,0.00016655249239965603,-4.470788373054095e-05,0.00012153865903551029,-6.317390529220002e-05,-0.002143777448154396,0.0001295080068088162,0.002635441358547093,-0.0022117599242895527,-0.0002671789685855341,0.00019422028087531047,0.00019458659285137453,0.0011431784099357896,-0.0005336393024095109,0.0005490434803954011,0.0003638580286828521,0.0013607133039079619,0.0005545901006437494,0.0014558842900833768,0.0008375623276403136,-0.0016357621053770645,0.0026246241380161886,-0.00023715813614088807,-0.0006923027501833583,0.0006923027501833588,0.00045311656140645425,-0.0011353973468287122,0.000918525210519552,0.00046626784013641944,0.0019395214953715123,0.0007956478045602035,5.288478998194425e-06,-3.57327981166936e-05,-1.803581679516267e-05,0.00010129759250082536,0.00015570761900776843,0.00013485939186055424,1.1230970188347153e-05,-5.51383113076826e-05,-8.317858718483036e-05,6.118856665639243e-05,1.7388657528186504e-05,-0.00014082997726971717,0.0002746734411946753,-0.001144264915694284,0.0014443715165516956,-0.0006146032109306003,-0.000651681869334456,0.0002643161647646517,0.00020539952871386445,-0.0010109113311407734,7.567499611481189e-05,-0.0005108456677030295,0.0005071800963508748,-6.3418527815574476e-06,-8.690668949447541e-05,-0.00015236252605750966,-2.8286441250175097e-05,-9.3579205457016e-05,-0.00015345770195013768,5.389355812214154e-06,-7.3605237578197904e-06,-7.710310712842226e-05,-0.00010189931898497784,-0.0005318462054722411,0.0003130474204795128,0.0021572592794931785,0.001814829317247173,-0.0005248703938151675,0.0013425391979144485,-0.000378688838502993,-0.0001339372443519451,0.000135323383851589,0.0004430509437931136,-0.0004024216098218244,0.0010342232660027813,0.0005009306283426979,-0.0019502988005416309,-0.0001367150261201122,0.000687839388260334,-0.0011510621184944636,0.0005680289463272423,0.000490447878237262,-0.030203991087431478,-0.08010365007420839,-0.009254773460783468,-0.037342362195826755,-0.06935510715997278,0.2304,-0.005896221048844434,-0.012588913741044951,0.0002564389936064712,-0.0002564389936064801,0.0001156790743863082,-0.00011584842378574274,-4.664663135906117e-05,-4.5899188383109746e-05,-4.207236831911181e-05,-3.581733134708429e-05,-4.0281774458659505e-05,-1.350487966778604e-05,-2.8495548777276447e-05,-2.6023257649157836e-05,-0.00021049589961326994,-0.00017014372274693596,-0.0002741506834132043,-0.0001135617389585733,-0.00015134620750011042,-8.955477329523301e-05,-0.0009258523659312318,-0.00047646921914854803,-0.00036864901960418126,-0.0004328923687847037,-0.0004324071642717067,-0.00025532512561974804,-0.00016771827922386752,-9.723431271370348e-05,-6.684805433378315e-05,-0.00023204031103254562,3.5712035816591276e-05,5.469899443174818e-05,1.573191812787048e-05,4.924209541936073e-06,-1.228487291592895e-05,4.760281177350967e-05
KXWTA-26USO-SWI,0.0004066482699536118,-0.0004167657227853325,2.5562192118374517e-05,-0.0017163411695488664,0.0009416229489596423,-0.00010671196671540695,0.0019332306008614025,0.0010345365137361042,-0.00199233679197115,0.0014874528089140267,0.0035492564129818234,0.0011097720951610825,-0.0007323286166224534,-0.0004437587736111364,0.0004437587736111451,-0.0017503820716563917,0.0002596861488027233,0.0012101925003203105,0.0004970051616150866,0.0010714661264928183,0.0003801082415802894,-0.0006002673846911583,-0.0017640549715275287,0.002162476672961943,-0.002512009133665799,-0.0008896518996867137,0.0012770721195371586,0.0030017636494343155,0.0006642010774193117,-6.408921033878596e-05,-3.864386465782676e-05,3.8643864657829307e-05,0.0015824679164821627,0.00017940841671499204,-0.002164573642817807,0.0023640301570742486,0.0052493382058673484,0.0005857045147106328,-0.000584867443206499,-0.0002920098648465643,-0.0003899613185273258,0.0002834408384049267,-0.00033693825652102074,0.0003369382565210128,-7.511649176547569e-05,0.0002307714764374719,-0.00010636846684937805,-0.00432717187944856,0.0002682239942364697,0.005334763958661909,-0.004454148397259006,-0.0005537312292044679,0.0003924258424690655,0.000393425193921062,0.0023233273198103544,-0.0010836824665400374,0.0011140598174866206,0.000734281743325494,0.0027654540244370293,0.0011258571231930064,0.0029595249620174126,0.0017022574247327548,-0.0033132709495119947,0.00531748903880519,-0.0004812721827178349,-0.001392011166994405,0.0013920111669944077,0.0009274858927067404,-0.0023064434251796754,0.0018753470819881605,0.0009586360028201851,0.003944167880959097,0.0016294714445834108,1.1926353566160755e-05,-7.510583125252612e-05,-3.707305743683533e-05,0.0002127232389627267,0.00032296468661752447,0.00027931354661725135,2.4755167864243077e-05,-0.00011274051579344705,-0.00017177982157608372,0.0001305256715713672,3.758318651302861e-05,-0.0002902869975258971,0.000561067446115687,-0.002380848958936426,0.0029347505067649432,-0.0012941781096475165,-0.0013723467734075815,0.0005403088505491775,0.0003953444372326248,-0.002111088902745567,0.00012918496010750003,-0.0011082590543418703,0.001075363749355932,1.8193183072548718e-05,-0.00011881169452519788,-0.00025224598032712526,-1.5975169893627912e-05,-0.00013567317233696523,-0.00025559062626361506,5.6992335888923885e-05,1.6460985999291957e-05,-0.00010213924393859611,-0.00015286763709217196,-0.0011887678971558404,0.000500110040685674,0.004185197888239217,0.003490128355038757,-0.001195787590396462,0.002537717412183325,-0.0008104873253186216,-0.0002653183482064312,0.00026805114033282197,0.0009102636181314236,-0.0008271552784956866,0.0021065661478789736,0.0010298820875039112,-0.003968880213367164,-0.0002872561144860055,0.0013967522345473952,-0.0023508108664549495,0.0011535251695646374,0.000993644625331875,-0.000713438327950006,-0.003366137900308047,0.00023660483963423135,-0.0010871937722016615,-0.0027811809204039218,-0.005896221048844434,0.019599999999999996,0.0001283170557683315,0.0005175653698410085,-0.0005175653698410086,0.0002250572473553437,-0.00022537278153360042,-9.070386369233726e-05,-8.94926386790154e-05,-8.367687644366469e-05,-7.338302899111669e-05,-6.931559228016493e-05,-4.302042230184896e-05,-4.939457902906135e-05,-4.683504084665094e-05,-0.0004026611007674839,-0.0003210655007085606,-0.0005332575579241776,-0.0002269477995810972,-0.00029478937084058984,-0.000163950782039503,-0.0018647659433778051,-0.0009463581286457054,-0.0007345336403593578,-0.0008644035321975205,-0.0008657784854874653,-0.0005118658236263287,-0.00033433292716862623,-0.00019321069446461597,-0.00012989130477840402,-0.00046722592201143686,8.785234390287356e-05,0.00011473258424927094,3.6280971405259926e-05,1.0767726020808128e-05,-2.5765447674726975e-05,0.00011289888766454667
KXWTA-26USO-ZHE,-5.145510833703705e-05,5.345582430864455e-05,-1.8385207083255503e-06,0.00022637619712631872,-0.0001131384411534059,2.0247508867528137e-05,-0.00023825492616533567,-0.00012409531964683438,0.00026726086584441874,-0.0001849708423828037,-0.00045039592534174797,-0.00013526350416418246,0.00010111812854197018,5.6516182638661e-05,-5.65161826386599e-05,0.00022288358682340844,-2.7417283430463102e-05,-0.00014571971714320075,-5.677174666410269e-05,-0.00012364434963796228,-4.169173960724067e-05,7.686697275057436e-05,0.00022221790442533807,-0.00026609650937668553,0.0003234907970253824,0.00011979669377790114,-0.00014801700190384293,-0.0003790430068164303,-8.130570774260306e-05,1.0961716859245335e-05,2.818901661954785e-06,-2.8189016619495843e-06,-0.00011315605406380034,2.8720254624079938e-05,0.0003441656403912663,-0.0002099213308723643,-0.0005828066344609726,-7.452085367615124e-05,7.441711828769415e-05,2.738137134820784e-05,4.051937890187974e-05,-4.9540496435068025e-05,4.3929820149885836e-05,-4.392982014989149e-05,3.4935168254158873e-06,-2.356162994982296e-05,5.032168842413575e-06,0.0005519313251646314,-4.156640269779626e-05,-0.0006954962209607578,0.0005604628487660337,8.120258803872882e-05,-3.157916286685239e-05,-3.16615457955795e-05,-0.00027892564380797597,0.00016040301487772632,-0.0001221802078335918,-7.392943626972239e-05,-0.0003361836332352115,-0.00012591654297349064,-0.00036043802757453503,-0.00019379943120087192,0.0004260730054159012,-0.0006880660653593728,6.533834457056367e-05,0.00017847938125113553,-0.00017847938125112228,-0.00011953136489342199,0.00030186532429932807,-0.00024303676279175985,-0.00012134810444384869,-0.0005145385827549005,-0.00020958706264596734,4.870499038232179e-07,7.310179250159774e-06,5.00090839391232e-06,-2.042951782409864e-05,-3.5670505383481404e-05,-3.117243796519339e-05,-9.641459982308114e-07,1.4710187034698025e-05,2.046315167753184e-05,-8.81142566442131e-06,-1.8201283051897778e-06,3.280971521618356e-05,-7.045065371361927e-05,0.00032277662419241964,-0.00038785788671248504,0.00017765142658395758,0.00018847903693475175,-7.326609325646735e-05,-4.9338228378389504e-05,0.0002874820193071799,-1.3825724817730364e-05,0.00015704932113306912,-0.0001506015215221029,-1.0640272547406752e-05,-3.2480274546401637e-06,1.3828662355360779e-05,-1.0532198201664205e-05,-1.6705639529848865e-07,1.4715643750711707e-05,-2.2336355709905264e-05,-1.0546846064889606e-05,-4.147916274831092e-06,2.1269297015681236e-06,0.00019612376615167764,-1.4874556610807704e-05,-0.00047463102561312695,-0.0003832631895216859,0.0002062907380133768,-0.0002608056963912964,0.0001176079885276368,3.223247938401128e-05,-3.256092689928709e-05,-0.00012166644588021201,0.00010805180559530811,-0.0002788844397596167,-0.00013753972088583464,0.0005201710054367355,3.71691164081527e-05,-0.00018500602889755824,0.00030846755628664553,-0.00015306044047217263,-0.00013182826951675436,-0.0021269501370585935,-0.007496233859700056,-0.00011584181491399462,-0.0028993228419123378,-0.006311027497879123,-0.012588913741044951,0.0001283170557683315,0.0384,-6.65506832956892e-05,6.655068329569031e-05,-2.6553056085608408e-05,2.658797632169689e-05,1.0226991870901486e-05,1.0220459838273027e-05,1.0257108274171255e-05,9.79581055342495e-06,4.362410224698918e-06,1.1375543115769493e-05,3.3837041771862343e-06,3.6389408026206617e-06,4.220692727601826e-05,3.166257038383896e-05,5.99420196235224e-05,2.829090992348845e-05,3.602138234581255e-05,1.7894184351873548e-05,0.00023313357712746496,0.00010581464238979994,9.115801560969154e-05,0.00010802078988944371,0.00010913192878155745,6.266355813248578e-05,3.950250884559934e-05,2.233665590794019e-05,1.2947850811471714e-05,5.8773250838593584e-05,-1.751170481099326e-05,-1.698986739114776e-05,-6.696766466882491e-06,-1.7650715382667768e-06,3.753451931121703e-06,-2.1443799400822405e-05
SENATEMI-26-D,-0.002866250414375795,0.0029159251730450616,-0.0001887751050775084,-0.0008916144044747075,0.0004876910278758776,-5.6724519294917764e-05,0.0010033727955685043,0.0005364048092918439,-0.0010303240697869143,0.0007695575636772185,0.0018379550056205995,0.0005745749077348413,-0.00038056919737601937,0.019035691104894645,-0.019035691104894628,0.0006391538134137226,-8.878287770406076e-05,-0.00043278705186733304,-0.0001744101092069583,-0.00037675995886005207,-0.00013150215862358592,0.00021908811623451365,0.0006409958702373116,-0.0007799473346663194,0.0009228346446710612,0.0003333901221948785,-0.00044969866417576875,-0.0010954965929765525,-0.00024000918850288486,2.6074893360767728e-05,0.011324643124289751,-0.01132464312428977,-0.0009199161075793981,-0.00016066057966708476,0.0010455633472674726,-0.0013269466450380768,-0.0028287766565838197,0.030591985990068613,-0.030548118415871572,0.01854317359158711,0.02517693190036094,-0.020102298887972898,-0.020824270620843202,0.020824270620843223,0.0010648096039230811,-0.0032536605189463254,0.0015069404564231103,-0.0017680404528756886,0.00011615115389257333,0.0021927498635219743,-0.0018140998409086153,-0.0002996668219727726,0.0001807477186741182,0.00018110182484173975,0.0011911385572682016,-0.0005976940907384176,0.0005559695921826367,0.0003590398195686196,0.00142355954559689,0.0005649957580624444,0.0015241014261292932,0.000858145259487628,0.002060352568808521,-0.0033123243440520045,0.0003038910981228866,-0.022628730989310605,0.022628730989310578,-0.0008701206712006985,0.002196767380734673,-0.0017685597363636969,-0.0008885943865847286,-0.003747206123631791,-0.0015265958131651467,3.107089275288656e-05,-0.00031538103315615756,-0.00017226849810162082,0.0008912195058684904,0.0014129049078958633,0.0012265728338990253,8.572041631734587e-05,-0.0005211672997107661,-0.0007687748877174203,0.00050318954356015,0.00013615575597380775,-0.0003195372480522169,0.0006422970056072523,-0.0002240546843307375,0.0002832882391341594,-0.00012024659680002395,-0.000127544474454517,5.2512984908247774e-05,4.058498302568126e-05,-0.00019798772477894075,1.517904556240254e-05,-9.98844671169078e-05,0.00010010782810362317,7.74220840416836e-05,-0.0011204058255251184,-0.002273254621595952,-0.0002168839454489064,-0.001258745570238638,-0.002302447098024022,0.00042798779931832627,6.227725267515268e-05,-0.0009746418987206982,-0.0014073068337504338,-0.0005061190413034498,0.00021835337910666337,0.0017990308964547078,0.0015005910772997412,-0.0005100648879577611,0.001091945071032727,-0.00034173299210962327,0.0018804792533030738,-0.001899879751485602,-8.615679699571741e-05,7.764405980261986e-05,-0.00019927853205268587,-9.743283516529208e-05,0.00037447889784484917,2.6682012863353177e-05,-0.0001323057020981158,0.0002215515997626598,-0.00010932088068575204,-9.425129529046117e-05,6.781645835167958e-05,-0.0006346552476530602,0.0006413537356901295,0.0005915537334711832,-0.0013827561745227875,0.0002564389936064712,0.0005175653698410085,-6.65506832956892e-05,0.23309999999999997,-0.23309999999999995,-0.023597399363122558,0.02363128740935013,5.512389792707485e-05,5.439875775227372e-05,5.073850701536827e-05,4.4228204805150064e-05,4.325844536359338e-05,2.4152776112064673e-05,3.091389150225996e-05,2.8709375960343243e-05,-0.0001197809557642207,-9.546672214838463e-05,-0.00015878576834558623,-6.775583879531827e-05,-0.0027613870813643204,-0.001582837633037347,0.0015732682037394316,0.0007868552167506814,-0.006057710287790814,-0.007128219896655557,-0.007138975342251611,0.001982023635951395,0.0012891731354376936,0.0007430209300587469,0.0004924373760796238,0.001815362352200518,-0.007329869190652037,-0.00973963661348708,-0.003079859134365615,-0.000912904224921026,0.0021764200787055227,-0.009488214250287638
SENATEMI-26-R,0.0028662504143757905,-0.00291592517304506,0.00018877510507750927,0.0008916144044747249,-0.0004876910278759075,5.672451929491856e-05,-0.0010033727955685062,-0.0005364048092918355,0.0010303240697869514,-0.0007695575636772235,-0.001837955005620607,-0.0005745749077348506,0.000380569197376049,-0.019035691104894628,0.019035691104894593,-0.0006391538134137389,8.878287770410176e-05,0.00043278705186733314,0.00017441010920694547,0.0003767599588600612,0.00013150215862358733,-0.00021908811623451294,-0.0006409958702373116,0.0007799473346663036,-0.0009228346446710578,-0.0003333901221948918,0.0004496986641757838,0.0010954965929765622,0.00024000918850287456,-2.6074893360773813e-05,-0.011324643124289744,0.011324643124289765,0.0009199161075794021,0.00016066057966708736,-0.0010455633472674672,0.001326946645038077,0.002828776656583818,-0.03059198599006857,0.030548118415871545,-0.018543173591587102,-0.025176931900360924,0.020102298887972884,0.02082427062084318,-0.020824270620843202,-0.0010648096039230755,0.00325366051894632,-0.0015069404564231046,0.0017680404528756942,-0.00011615115389257116,-0.002192749863521984,0.0018140998409086162,0.00029966682197277335,-0.00018074771867410933,-0.0001811018248417446,-0.001191138557268173,0.000597694090738415,-0.0005559695921826312,-0.00035903981956862587,-0.0014235595455968776,-0.0005649957580624524,-0.0015241014261293128,-0.0008581452594876304,-0.002060352568808519,0.0033123243440520015,-0.000303891098122884,0.022628730989310602,-0.022628730989310585,0.0008701206712007015,-0.0021967673807346856,0.001768559736363696,0.0008885943865847336,0.003747206123631797,0.001526595813165144,-3.107089275286912e-05,0.000315381033156146,0.00017226849810162253,-0.0008912195058684855,-0.001412904907895864,-0.0012265728338990319,-8.572041631734143e-05,0.0005211672997107648,0.0007687748877174144,-0.0005031895435601486,-0.00013615575597381008,0.0003195372480522165,-0.0006422970056072447,0.00022405468433073743,-0.000283288239134143,0.0001202465968000195,0.00012754447445451831,-5.251298490823334e-05,-4.0584983025690196e-05,0.00019798772477893676,-1.5179045562404066e-05,9.988446711691166e-05,-0.00010010782810362043,-7.742208404168467e-05,0.0011204058255251134,0.0022732546215959507,0.00021688394544890625,0.001258745570238644,0.0023024470980240195,-0.00042798779931833353,-6.227725267514937e-05,0.000974641898720713,0.0014073068337504295,0.000506119041303453,-0.0002183533791066696,-0.0017990308964547011,-0.0015005910772997392,0.0005100648879577637,-0.0010919450710327292,0.0003417329921096276,-0.001880479253303078,0.0018998797514856059,8.615679699571852e-05,-7.764405980262954e-05,0.00019927853205269248,9.743283516528706e-05,-0.00037447889784483974,-2.668201286335306e-05,0.00013230570209811892,-0.00022155159976266556,0.00010932088068574563,9.425129529046512e-05,-6.78164583516782e-05,0.0006346552476530668,-0.0006413537356901348,-0.0005915537334711817,0.0013827561745227892,-0.0002564389936064801,-0.0005175653698410086,6.655068329569031e-05,-0.23309999999999995,0.23309999999999997,0.02359739936312253,-0.02363128740935011,-5.512389792707784e-05,-5.4398757752283246e-05,-5.0738507015378054e-05,-4.422820480514722e-05,-4.325844536359068e-05,-2.4152776112064896e-05,-3.091389150225886e-05,-2.870937596034326e-05,0.00011978095576422172,9.546672214838346e-05,0.00015878576834558208,6.775583879532528e-05,0.0027613870813643178,0.0015828376330373406,-0.0015732682037394316,-0.0007868552167506792,0.006057710287790813,0.007128219896655567,0.007138975342251622,-0.001982023635951399,-0.0012891731354376934,-0.0007430209300587271,-0.0004924373760796239,-0.00181536235220053,0.007329869190652016,0.00973963661348707,0.003079859134365601,0.0009129042249210422,-0.0021764200787055157,0.00948821425028763
SENATEOHS-26-D,0.000771085992415842,-0.0007831876861396415,5.190258924159201e-05,-8.549867656362014e-05,3.5914452343930585e-05,-1.1564397939302475e-05,7.997165029164473e-05,3.93905093862379e-05,-0.00010226746745204963,6.250163090037103e-05,0.00015827033327099995,4.412090243686821e-05,-4.0866298824337804e-05,-0.024668691258368926,0.02466869125836897,-0.0009000636314434364,0.00012446136565347725,0.0006086744446109483,0.00024499611779981004,0.0005296217747555254,0.00018456390683188964,-0.0003087786380046817,-0.0009026233119273391,0.001097330222315816,-0.0012993612882370006,-0.0004696629934794332,0.0006322406812918459,0.001541486769553481,0.00033736513148226286,-3.713410096435268e-05,-0.009964015012408768,0.009964015012408772,-0.001268344445084552,-0.00019427625896345906,0.001567740498169441,-0.0018567664412774613,-0.004039162730329957,-0.02452446908335721,0.024489300755024722,-0.017168033061585916,-0.0233051435550068,0.01858471199597956,0.032979106879591866,-0.032979106879591935,-0.0009414984058276657,0.0028756463125681206,-0.0013324125163300601,-0.0004635520486274393,2.82376848669248e-05,0.0005701820138180315,-0.000478427915297397,0.00040407880135866887,-0.00025063251703419387,-0.00025115799481250343,-0.001619899857382461,0.0008027780229478405,-0.0007596790064707351,-0.0004922932670325486,-0.001934611635953772,-0.0007712556647064364,-0.0020711110542573083,-0.001170529835538017,-0.000574262904810176,0.0009241960409568542,-8.548361482503728e-05,0.03393228707756315,-0.03393228707756311,-0.00029705156815316015,0.0007346634138679633,-0.0005995156125470545,-0.00030823211596498276,-0.0012573975289697599,-0.0005221084639479194,-3.853586202886192e-05,0.0003887171695498467,0.00021211715497593888,-0.001098480476578443,-0.001740749729955014,-0.0015111291711195913,-0.00010587737166523317,0.0006417629977047997,0.000946947629921632,-0.0006207641029068625,-0.00016808878572798755,-0.0014947831198876115,0.002992946585631236,0.0007693380363010218,-0.0009576526447449476,0.00041617068593043235,0.00044136659741091566,-0.00017702124375747208,-0.00013222930557570112,0.0006813037455157855,-4.575885988350608e-05,0.0003524110192345691,-0.0003464423919157931,-9.228835442475709e-05,0.0013228105925755722,0.0026844427746541017,0.0002555737764129826,0.00148627300960138,0.002718891076903173,-0.0005057063190261983,-7.439644268402648e-05,0.0011506068818388177,0.0016617336567379302,-0.00029159153004613975,0.00012879285000616183,0.00104609684002869,0.0008734035266842956,-0.00029271770830985284,0.0006365902381812224,-0.0001994482951013847,0.0010660787052950596,-0.0010770723586303508,-5.763734367898336e-05,5.244752012656783e-05,-0.0001327537989085726,-6.523964447919176e-05,0.00025002850969690416,1.845745869657818e-05,-8.785184272120452e-05,0.00014843283898233564,-7.255299464809249e-05,-6.240435460913059e-05,3.2439861079684056e-05,-0.00027476351288125,0.0002798398564797394,0.00026135347790874706,-0.0006022033322876537,0.0001156790743863082,0.0002250572473553437,-2.6553056085608408e-05,-0.023597399363122558,0.02359739936312253,0.2484,-0.2487497537609754,-0.001182581507034706,-0.001167502731374419,-0.001091334852401935,-0.0009539819110537994,-0.0009165843353620333,-0.0005399035225830711,-0.0006559578147135342,-0.0006103679639686561,0.0007170070682909035,0.000571153931438203,0.0009508645008552872,0.0004057502126969826,0.0016037088767032388,0.0009188486796440136,0.0057510947023307465,0.002872727070811378,0.0022551805661780093,0.0026538085412520056,0.002657933952613141,0.00036790876270862316,0.00023961695681361657,0.00013821929367540588,9.203462994464703e-05,0.0003366089942034356,0.008154906817122751,0.010842286509032843,0.003427201743474138,0.0010160819708400451,-0.0024228644656474007,0.010557451271171948
SENATEOHS-26-R,-0.0007721944081362858,0.0007843153479329089,-5.1978235562621265e-05,8.561829620788616e-05,-3.596000494943649e-05,1.158285165528826e-05,-8.007546882263116e-05,-3.943991806969931e-05,0.00010241636166095677,-6.258554813269003e-05,-0.0001584868162593239,-4.417825500980396e-05,4.092574177562746e-05,0.024704115243594366,-0.024704115243594407,0.0009013459842818819,-0.00012463387225869127,-0.0006095343036862802,-0.00024533948042115524,-0.0005303643279624744,-0.00018482097548159002,0.0003092182074179442,0.0009039065353629708,-0.0010988860006962732,0.0013012176590273341,0.0004703395236810655,-0.0006331276160831938,-0.0015436835980136864,-0.0003378441319141753,3.718895294040592e-05,0.009978324989680765,-0.009978324989680772,0.0012701119111927877,0.00019452450495230394,-0.0015700275968595476,0.0018593759814534748,0.004044903433271605,0.024559687925462568,-0.02452446910118047,0.017192558310780624,0.023338478320712917,-0.018611494209162072,-0.033026459353070504,0.033026459353070574,0.0009428541140554064,-0.002879779737852856,0.00133433108003104,0.0004642161816547839,-2.828008236568282e-05,-0.0005710022882271988,0.0004791130594792069,-0.00040466782398546194,0.0002509722932180896,0.00025149847864791835,0.001622200341538772,-0.0008039495855366244,0.0007607458206016084,0.0004929776375761299,0.0019373634012269068,0.0007723413378580345,0.002074057661417579,0.0011721811404996247,0.000575083392961162,-0.0009255186771334255,8.560746216347045e-05,-0.03398100974344923,0.033981009743449184,0.0002974833807851848,-0.0007357212352312804,0.0006003843455194061,0.00030868261282126033,0.0012592105241200824,0.0005228679433395275,3.859027029844951e-05,-0.00038927503325643863,-0.00021242220311687204,0.0011000564865685115,0.001743248590207574,0.0015132984243113733,0.00010602880791749279,-0.0006426850928672012,-0.0009483077398938937,0.0006216528696123591,0.00016832911356439258,0.0014969300462083354,-0.002997244732521026,-0.0007704444058424127,0.0009590288245829904,-0.0004167693952419026,-0.00044200158468805613,0.00017727615183375176,0.00013241910840269784,-0.0006822836882024268,4.582437787351766e-05,-0.0003529185782854114,0.0003469415542540243,9.243938159819121e-05,-0.001324674745472439,-0.002688262824536561,-0.00025591543690479116,-0.0014883740022846805,-0.0027227613029499977,0.0005064608898896945,7.452199084735794e-05,-0.0011522258063905184,-0.0016640868419506758,0.0002920196321050035,-0.00012896773407436066,-0.0010475874657317166,-0.000874646002949826,0.0002931479687199563,-0.0006374925737822803,0.0001997405541637824,-0.0010676059969305703,0.0010786153949341756,5.772249727403998e-05,-5.252392310556453e-05,0.00013294668665333917,6.533606128277177e-05,-0.0002503892906128442,-1.8484896542388738e-05,8.797905966724683e-05,-0.00014864805107978721,7.265817392975854e-05,6.249456031791513e-05,-3.248916561638185e-05,0.0002751530678413282,-0.0002802350879932134,-0.0002617292328403074,0.0006030609167707235,-0.00011584842378574274,-0.00022537278153360042,2.658797632169689e-05,0.02363128740935013,-0.02363128740935011,-0.2487497537609754,0.24910000000000002,0.0011842804088032415,0.0011691799134112353,0.0010929023212137854,0.0009553517943481175,0.0009179024460849818,0.0005406765966095317,0.0006569009352380558,0.0006112455542440899,-0.0007180332560359623,-0.0005719706303586524,-0.0009522268144473578,-0.00040633243143201785,-0.0016060134341022258,-0.0009201706116979609,-0.005759349738257117,-0.002876845749618497,-0.002258417943613985,-0.0026576183225248246,-0.0026617498605547366,-0.00036843782531091444,-0.00023996172395554285,-0.00013841825382235012,-9.216726226350552e-05,-0.0003370927972977491,-0.008166608791915662,-0.01085785544445562,-0.003432121539139371,-0.001017540791465947,0.0024263433873327623,-0.010572603676966285
KXWTIMAX-26DEC31-T115,-0.006479315521695975,0.006590928769459359,-0.00042532513023089264,0.0014165657547485057,-0.0007533172250490726,0.00010221472785361507,-0.0015617909948004087,-0.0008282794139335427,0.0016443484280877073,-0.0012004303378713617,-0.002884802785418001,-0.0008911543963444129,0.0006133503546719932,0.0037353867780393927,-0.003735386778039397,0.00013407590718484707,-1.8545924153810233e-05,-9.06910880980739e-05,-3.65110836936433e-05,-7.89835119733026e-05,-2.751139090440844e-05,4.604476042612033e-05,0.00013450718927804112,-0.00016345305868098705,0.00019342420113842605,6.984354332576398e-05,-9.42911287300829e-05,-0.00022941830260638277,-5.018861473200764e-05,5.559190928036076e-06,-0.0010689682555071317,0.0010689682555071345,0.0012825942424936386,0.00021512640317517516,-0.0015062158693544942,0.0018603420306650491,0.003999150751829506,0.002435754948669508,-0.0024322624392352386,0.00044723006086432005,0.0006086125757176018,-0.0004924649094415737,0.0029362210784548617,-0.002936221078454874,0.0014750570455244701,-0.00451170939076379,0.0020875571149267516,-0.0012253996205286123,7.856636764104165e-05,0.0015158257499508893,-0.001259273270132886,-6.890195057938765e-05,4.136548219909278e-05,4.1453591492807734e-05,0.0002726347696436085,-0.00013667858122582305,0.0001272483638697703,8.206482524310298e-05,0.0003258177669662194,0.0001293191406429217,0.00034884461993791227,0.0001964683454763624,-0.0010336625683974063,0.0016612043295924802,-0.000152013014354572,0.00622870847424197,-0.006228708474241961,0.00018988183004819853,-0.0004762183819646157,0.00038506232564585667,0.00019490945065193374,0.0008131937581150052,0.0003333342210016492,0.00028630187186567426,-0.0029470066505450495,-0.001613606737083838,0.008328205578503863,0.013219660539444174,0.011477730412892176,0.0007962070495384083,-0.004883009056064762,-0.007196486951628438,0.00469241319065335,0.0012673871026129691,-0.0010606112345050603,0.0021236617949672654,-0.0018129728267853584,0.002263468396725603,-0.0009792500446592451,-0.001038496427704566,0.00041759365261060045,0.00031454844015451125,-0.0016047139161166494,0.00011040535479023385,-0.0008260371923695299,0.0008138480738740083,5.373314727538081e-05,-0.0008103855550944644,-0.0016393765460975662,-0.00015910121306372718,-0.0009096409493479034,-0.0016602370442192554,0.00030384049317294496,4.2807586596619096e-05,-0.0007052308387206449,-0.0010164421261780723,-0.00037046305688713744,0.00015969436293090218,0.0013164258787552563,0.0010980976465932253,-0.0003731609211324026,0.0007990884507427186,-0.00025052910472021133,-0.001318910614244748,0.0013325146973329545,4.305117983703731e-05,-3.850125050092366e-05,9.935452006858981e-05,4.867070684195542e-05,-0.00018619112417078744,-1.3154297650561154e-05,6.600423653810807e-05,-0.00011012540494142434,5.45646758997555e-05,4.705862067904388e-05,-1.3421015893727627e-05,0.00010927722869706862,-0.00011262595997073271,-0.00010494197464410136,0.0002400924148074113,-4.664663135906117e-05,-9.070386369233726e-05,1.0226991870901486e-05,5.512389792707485e-05,-5.512389792707784e-05,-0.001182581507034706,0.0011842804088032415,0.20797500000000002,0.1734300075194791,0.15086999723084557,0.11984994148459427,0.0881247615678932,0.06979365916850254,0.05639993877374458,0.05146503322107375,0.00048368005074259904,0.00038552746399092157,0.000640982188920278,0.0002732234185690998,0.0022030663770224645,0.001261420747349553,0.003949398227616781,0.001972594123445183,0.006843755132205776,0.008053101866661205,0.008065160472094737,-0.0007541716533547012,-0.0004906320269433284,-0.00028281379312326604,-0.0001875523405209592,-0.0006906453105722382,-0.0010387287419129083,-0.001382296629464985,-0.0004366720904082428,-0.0001295068312371769,0.0003089038795887318,-0.0013450012100210736
KXWTIMAX-26DEC31-T120,-0.006396844372460298,0.006507010893095036,-0.0004199164370101265,0.001398535354527967,-0.0007437417531508917,0.00010090684299131281,-0.0015419326805044549,-0.0008177517842113877,0.0016234094763385417,-0.0011851628168582586,-0.0028481024052683145,-0.000879824212281788,0.0006055378299886795,0.0036877847231436265,-0.0036877847231436274,0.00013241063775347542,-1.8333351731222546e-05,-8.959187352729393e-05,-3.607867652994874e-05,-7.804730840252184e-05,-2.7191473691857235e-05,4.547459976277237e-05,0.0001328472612701965,-0.00016145086233877357,0.00019100141672654015,6.89473876143257e-05,-9.317164276478833e-05,-0.00022656406295505397,-4.957046325082271e-05,5.483150309969549e-06,-0.0010554313668103958,0.0010554313668103947,0.001266694873779829,0.00021265468918702716,-0.0014867337736560152,0.0018371033806920773,0.003948706911415711,0.002404733416950413,-0.0024012854070258353,0.00044225805215472147,0.0006015969361967465,-0.0004856005871525943,0.002898841468433497,-0.0028988414684334943,0.0014562723012547416,-0.004454268369787721,0.0020609723054249005,-0.001209830337039826,7.755428781134691e-05,0.0014965376983342357,-0.0012432893149936877,-6.803896894253366e-05,4.077903507610382e-05,4.08655657321974e-05,0.0002690776076023808,-0.00013499320067471618,0.00012555341001436646,8.095435200691374e-05,0.00032158000143415176,0.00012760390455603235,0.0003443086728089158,0.00019387151860156542,-0.0010204906614078451,0.0016400425984883934,-0.00015008124704416352,0.0061494307283164315,-0.0061494307283164506,0.0001874240209115938,-0.00047013845047114936,0.00038010154517085647,0.00019235976689377133,0.0008027882323206877,0.00032901439293382434,0.0002826491290125416,-0.002909478371685204,-0.0015930647925487197,0.008222151150706567,0.013051341460353846,0.011331592479184046,0.0007860604680349772,-0.00482084686962189,-0.007104863835079753,0.004632642030162291,0.0012512396364480756,-0.0010470942026146604,0.002096616906282569,-0.0017898557588246307,0.0022346479099867333,-0.0009667547859998231,-0.0010252450232442342,0.0004122727019519489,0.0003105558283153678,-0.0015842476459065836,0.00010901353278663212,-0.0008154776924392732,0.0008034564406618758,5.30288557632501e-05,-0.0008001166864777335,-0.0016185562144812268,-0.00015710723817173892,-0.0008981065211071913,-0.001639150016162844,0.0002999355188761922,4.224203511597037e-05,-0.000696297296077688,-0.001003548090522774,-0.00036571050864748914,0.00015770922112673836,0.0012997407380016435,0.0010841919827856426,-0.00036836393507148294,0.0007889863905588496,-0.00024733358875118645,-0.0013021302981168401,0.0013155612924663886,4.249951134460775e-05,-3.800203339714098e-05,9.808700170155746e-05,4.804639110910332e-05,-0.00018380942911504065,-1.2978926429615053e-05,6.51653591785211e-05,-0.00010871110426900787,5.387159688792582e-05,4.6462516185100966e-05,-1.3111848056621039e-05,0.00010804556728271118,-0.0001111196583462321,-0.00010347543308321089,0.0002372046847999312,-4.5899188383109746e-05,-8.94926386790154e-05,1.0220459838273027e-05,5.439875775227372e-05,-5.4398757752283246e-05,-0.001167502731374419,0.0011691799134112353,0.1734300075194791,0.18548400000000004,0.1613559932361457,0.12817993951592044,0.09424971574524857,0.07464460397532928,0.06031991390770154,0.05504202313190279,0.00047751227798083684,0.0003806093424570509,0.0006328125703603651,0.0002697438899212256,0.002175017325913804,0.0012453564925891663,0.003899127825948428,0.00194748990845576,0.006756628768181526,0.007950580663933476,0.007962487136406328,-0.0007445650001541855,-0.0004843803966299994,-0.0002792094752666137,-0.0001851594348483433,-0.0006818500906798014,-0.0010254185397750016,-0.0013646699665257691,-0.00043108450225451313,-0.00012785292020836024,0.00030496589260504774,-0.0013277822117598028
KXWTIMAX-26DEC31-T125,-0.005980639922084956,0.006083117156995747,-0.0003926838197914391,0.001306951530299588,-0.0006963309544415048,9.354586448640623e-05,-0.0014428313281195193,-0.0007656070084152851,0.001516950238984151,-0.0011089810065316994,-0.0026639083208869125,-0.0008235396369458802,0.0005653855459983636,0.003447511152466792,-0.0034475111524668017,0.00012402894120206717,-1.7375074555180594e-05,-8.42195977400588e-05,-3.402704692057297e-05,-7.355212014891605e-05,-2.5708528892927093e-05,4.257501936572217e-05,0.00012452016091289925,-0.00015156359624029128,0.00017878469280498368,6.434838416465561e-05,-8.778060938995555e-05,-0.00021233978003310883,-4.6548816148135235e-05,5.030785075921794e-06,-0.0009869329887352615,0.0009869329887352567,0.001187326887295137,0.0002009617675639752,-0.001387513868707685,0.0017206393088010446,0.003694945616231379,0.002248097558875033,-0.0022448739545007984,0.00041652379922601417,0.0005655578226276816,-0.0004516303732525708,0.002710164521689513,-0.0027101645216895173,0.0013612255264240556,-0.004164093867793851,0.0019264644095452282,-0.0011309507687017216,7.262274989172166e-05,0.001399184983615567,-0.001162186291982839,-6.30021652908053e-05,3.8934325356966504e-05,3.9012398200346894e-05,0.0002524711106724637,-0.0001254423046329381,0.00011830614833850851,7.664514592450178e-05,0.00030156335836075126,0.00012012693692740118,0.0003228386329295315,0.00018232776477936996,-0.0009538603246040219,0.0015330728846545175,-0.0001403771736592362,0.005749184496029385,-0.005749184496029382,0.0001750070858709135,-0.0004394428236439684,0.00035504537232517694,0.00017946977371527368,0.000750247218781161,0.00030718885420301704,0.0002642070840654855,-0.0027200236474945226,-0.0014893637489530717,0.007686753428635317,0.012201614234934405,0.010593842682255482,0.0007348361439672457,-0.00450703450588756,-0.0066423232532013335,0.004330893811546464,0.0011697202304433308,-0.0009789869706295434,0.0019601588661479485,-0.0016728953957623168,0.002089200879229274,-0.0009034551655259846,-0.0009581175417432665,0.0003854565157863217,0.00029053360300951303,-0.0014806653487408942,0.00010213166705652361,-0.0007618307062809345,0.0007508570410506316,4.879858745821291e-05,-0.0007492308779295344,-0.0015143320642718996,-0.00014780900045314647,-0.000840756118812832,-0.001533567589623878,0.000279435583043631,3.870862876888842e-05,-0.0006521185957114681,-0.0009393222265784314,-0.000341720168894388,0.00014768065737491326,0.0012154907532455534,0.0010139734857327596,-0.00034415422367767,0.0007379708887150906,-0.00023118427807179178,-0.0012174625871541043,0.0012300211103968986,3.945019848655499e-05,-3.548261369141238e-05,9.145879943436572e-05,4.4598920990360536e-05,-0.0001717481103624756,-1.2087101630620313e-05,6.0787744433521445e-05,-0.00010150469943414904,5.023513342672248e-05,4.334401260462803e-05,-1.1505399462398973e-05,0.00010193009961495506,-0.0001037604505634131,-9.609074782326404e-05,0.0002227882838153443,-4.207236831911181e-05,-8.367687644366469e-05,1.0257108274171255e-05,5.073850701536827e-05,-5.0738507015378054e-05,-0.001091334852401935,0.0010929023212137854,0.15086999723084557,0.1613559932361457,0.168204,0.13361997523362593,0.09824954066893368,0.07781279771657838,0.06287979138704065,0.05737796448615348,0.0004463168396585264,0.0003557169000076697,0.0005915208667307896,0.0002521715535690891,0.002033462347319635,0.001164333900217216,0.0036453595809961157,0.001820778943725935,0.006316779668439791,0.00743301380190731,0.007444154167433265,-0.000696076496462806,-0.0004528293411397497,-0.0002610199033680817,-0.00017308991323293672,-0.0006374538995063371,-0.0009584879018794026,-0.001275753412210923,-0.00040295111643016897,-0.00011951698193581577,0.0002851008624889463,-0.0012411339831105042
KXWTIMAX-26DEC31-T130,-0.005229442808778973,0.00531823533706802,-0.0003434934297271891,0.0011417392806432575,-0.0006105792399607249,8.039584992651402e-05,-0.0012637254068951628,-0.0006712928546822673,0.0013249567329144678,-0.0009713128468884556,-0.002331246725251598,-0.0007217758742564279,0.0004930420930011094,0.0030140918324068726,-0.0030140918324068613,0.00010873155580809192,-1.5533211477402662e-05,-7.427434781701996e-05,-3.0173803909368047e-05,-6.512514095829839e-05,-2.288982242728919e-05,3.728112134020456e-05,0.00010927343520825987,-0.0001333697225700962,0.0001565760276443916,5.608858295891066e-05,-7.768572948154854e-05,-0.00018637397172390258,-4.099680835618645e-05,4.246262488835524e-06,-0.0008630505147051593,0.0008630505147051724,0.0010422390199329962,0.00017867087818092476,-0.0012098188667824632,0.0015085491115880676,0.0032349822620902626,0.0019654815319230506,-0.0019626627915239297,0.00036724061977891126,0.0004976322004180888,-0.0003926473254878376,0.002369663103154174,-0.002369663103154181,0.0011897571511703248,-0.003640476160957875,0.0016838053788553614,-0.0009885159457032684,6.37457961915888e-05,0.0012234566566812063,-0.001015690345712246,-5.39592321075586e-05,3.567424712022688e-05,3.573895255919229e-05,0.00022264112975587828,-0.00010814695879591987,0.0001053274030693466,6.893356655810815e-05,0.0002655895038751388,0.00010672876378530539,0.0002842540923165194,0.00016163873637483906,-0.0008336859245687267,0.0013401039286719146,-0.0001228440982560805,0.0050268121976935545,-0.005026812197693551,0.000152764803617985,-0.0003841186739370688,0.0003100680889519008,0.0001564888860345213,0.0006556461448123665,0.00026811408910454694,0.00023095739561969456,-0.0023781680978082827,-0.0013022184110459177,0.006720671904018786,0.010668251041753925,0.009262538553506422,0.0006424355820814226,-0.0039407063242742095,-0.005807628146002665,0.003786478739414013,0.0010226574784370356,-0.0008561157550844294,0.0017139256195721187,-0.001462004680702005,0.0018267338550567126,-0.0007893661736533067,-0.0008371296334585003,0.00033707542491764734,0.0002543353588141458,-0.0012939197803723242,8.963805159231974e-05,-0.0006652363804470646,0.0006560755617585187,4.134700241870576e-05,-0.0006570633492297274,-0.0013259095228995467,-0.00013078676470402203,-0.0007369415474464832,-0.0013427001970886992,0.00024270729353068613,3.251658204599251e-05,-0.000572073770012097,-0.000823101444752372,-0.00029855301187539315,0.00012941104140321087,0.0010631773597301931,0.0008869821776088414,-0.0003006302226614987,0.0006456461172005699,-0.00020205256037970172,-0.001064618644188644,0.0010756021131384744,3.4000143624942085e-05,-3.097297672011176e-05,7.954106281606844e-05,3.843941410840786e-05,-0.00015003357634090137,-1.051105389161836e-05,5.290240186085468e-05,-8.855970934408128e-05,4.368590245668799e-05,3.771962967632311e-05,-9.19236755167e-06,9.021259095160977e-05,-9.075543895794972e-05,-8.331025741697886e-05,0.0001960448976680133,-3.581733134708429e-05,-7.338302899111669e-05,9.79581055342495e-06,4.4228204805150064e-05,-4.422820480514722e-05,-0.0009539819110537994,0.0009553517943481175,0.11984994148459427,0.12817993951592044,0.13361997523362593,0.14110000000000003,0.1037492478322238,0.0821690922465304,0.06639958574648036,0.06058986260398914,0.0003900706008152778,0.0003108458618845823,0.0005170499703142389,0.0002204656188333958,0.0017780077725365444,0.0010181258794690002,0.00318736349462268,0.0015920746995618995,0.005523010927696399,0.006498988003679143,0.006508740051542623,-0.0006085933740157111,-0.00039591238354830607,-0.0002282093408099359,-0.00015132887385932564,-0.0005573454353630437,-0.0008380149584816934,-0.0011153987259986194,-0.0003522851171132832,-0.0001044927315529543,0.00024927137160794463,-0.0010851151203878496
KXWTIMAX-26DEC31-T135,-0.005015454074394108,0.005105342515529486,-0.00032865858513128165,0.001101001879285975,-0.000575846092361227,8.507626975609746e-05,-0.0011999195944065056,-0.0006332809351495735,0.001279044602118128,-0.0009223088566028643,-0.0022248048941799475,-0.0006826869511331331,0.0004804268573346636,0.0028931561630571043,-0.0028931561630570896,0.0001025821343114911,-1.2903055787468324e-05,-6.749899242268598e-05,-2.6466911338570052e-05,-5.7675242459373534e-05,-1.954463180001207e-05,3.541139258695878e-05,0.00010243625807647446,-0.00012292468106418205,0.00014866578804208946,5.4820031567305485e-05,-6.901524349607946e-05,-0.00017457637352426942,-3.759211179425586e-05,4.953823571145178e-06,-0.0008271042552200432,0.0008271042552200499,0.0009755509622165688,0.00015393310856861976,-0.0011804997887630959,0.001422835346259796,0.003077963796893464,0.0018864960956620552,-0.001883792789567147,0.00033315096978949946,0.0004577438658606223,-0.00039091083887634215,0.002273242505966833,-0.0022732425059668214,0.0011438976162035936,-0.003494897757461484,0.0016188436921502805,-0.0009501689797088688,5.977724407406857e-05,0.0011732916589243833,-0.0009769726822979729,-5.8142412909178495e-05,2.5085181177429018e-05,2.516858427975571e-05,0.00020303709577822285,-0.00011234686078467673,9.049850179831007e-05,5.5376111393343707e-05,0.00024410984746729478,9.291283349819232e-05,0.0002616725885903386,0.00014267203554640327,-0.000801684985691848,0.0012876304162861285,-0.00011724808452746741,0.004822529430160229,-0.004822529430160219,0.0001480981746851158,-0.00036917577762231974,0.00029970161279120226,0.0001527527890893835,0.000631040215059538,0.0002601250026823435,0.0002218918443154525,-0.0022820852621782666,-0.001249366331667317,0.006449153794545701,0.010236324327203953,0.008887450681185481,0.0006167565206910636,-0.0037807590041746444,-0.0055722624880284784,0.003634124725855271,0.0009816494016046476,-0.0008205910710405691,0.0016439903415272174,-0.00140663976362277,0.001752320200930555,-0.0007606110124314192,-0.0008066128498820087,0.0003231043794821276,0.00024223236637288856,-0.001245431413725913,8.40383548735606e-05,-0.0006432642938382072,0.0006319812104597132,4.722350682608927e-05,-0.0006190370704259998,-0.0012613950936777767,-0.00011658350287637156,-0.0006965111299808218,-0.0012776653126301976,0.0002421368878388621,3.879960435853059e-05,-0.0005379595495500137,-0.0007792930720485775,-0.00028779850216993034,0.00012243601798992668,0.0010174974068782507,0.0008484505044596426,-0.00029010497231515494,0.0006169987688945191,-0.00019431494816555948,-0.0010206125485908452,0.0010311331181032596,3.5430486703848445e-05,-3.0029506938588492e-05,7.873726299463483e-05,4.00475343686618e-05,-0.00014473262006621377,-1.0430162129264219e-05,5.215547028328877e-05,-8.607928522830885e-05,4.325506838770021e-05,3.7192376889501384e-05,-1.4121712528777085e-05,7.992604769950195e-05,-8.709123230565924e-05,-8.429806356773564e-05,0.00018052859360110328,-4.0281774458659505e-05,-6.931559228016493e-05,4.362410224698918e-06,4.325844536359338e-05,-4.325844536359068e-05,-0.0009165843353620333,0.0009179024460849818,0.0881247615678932,0.09424971574524857,0.09824954066893368,0.1037492478322238,0.109375,0.08662159068802139,0.07000019467326248,0.0638750160625061,0.0003752006519767398,0.00029924287274942624,0.000496905777684823,0.00021163144759041085,0.0017055140759492278,0.0009762706671849433,0.003057642529687524,0.0015269576725899247,0.005299065631702446,0.0062354135524854415,0.00624470102649714,-0.0005840095947712092,-0.00037995447365961576,-0.00021902693760914445,-0.00014526629053105168,-0.0005347864966825109,-0.0008044185574500514,-0.001070489873028032,-0.0003382488530984717,-0.00010030132660542325,0.0002391982190175558,-0.001041685965378698
KXWTIMAX-26DEC31-T150,-0.0029700675814842616,0.003014921809817445,-0.00019600413337291845,0.0006413445528474936,-0.00035834370754791355,3.620081204121246e-05,-0.0007320758254778343,-0.0003937671757456132,0.0007426565101951103,-0.000562641777571865,-0.0013371356704959382,-0.0004212674425722941,0.0002710495359898682,0.0017090816784676858,-0.0017090816784676938,6.371928052874783e-05,-1.1159804997336598e-05,-4.654860906608901e-05,-2.0030613326594664e-05,-4.257958291708026e-05,-1.582077710206504e-05,2.156189066046876e-05,6.480325702745761e-05,-8.156781232831827e-05,9.06614760773336e-05,3.064598780339637e-05,-5.053737081126779e-05,-0.00011071845312756098,-2.5308026282466728e-05,1.3721173665302723e-06,-0.0004908283839402726,0.0004908283839402829,0.0006199334545404537,0.00012182328644295433,-0.0006635512726197931,0.0008846899820103544,0.001865979247151648,0.0011146100257060274,-0.001113008951110967,0.00023026402038413325,0.00030485629668587075,-0.0002067713223745804,0.0013452138761786809,-0.0013452138761786848,0.0006723816708807825,-0.002063607304181371,0.0009516589235573521,-0.0005588939652209677,3.7836121486189945e-05,0.0006949766497526352,-0.0005734253393853402,-2.30379945485189e-05,3.1180878958490365e-05,3.1192874321768084e-05,0.00013902440039532124,-5.110846356268015e-05,7.2410772088239e-05,5.1987283823990097e-05,0.00016356212069397962,7.19276996519692e-05,0.0001745708337982837,0.00010659743039411542,-0.00047100245284240316,0.0007583293641608707,-7.044168708108717e-05,0.0028533019154552497,-0.002853301915455241,8.493545364568677e-05,-0.00021726447489371468,0.00017342549041292335,8.580162166395747e-05,0.0003698077529754685,0.00014883628084872758,0.00013072619103218192,-0.0013492446484667936,-0.0007390853256568394,0.0038129348559196525,0.006053637275887433,0.005256059561836706,0.00036416437376186433,-0.002236591704249444,-0.003295772216408095,0.0021475200190830377,0.0005798438304722296,-0.0004868394345851733,0.0009732094819733567,-0.0008251027105908434,0.0010371108424236115,-0.00044415007329692987,-0.00047105096412992735,0.00019166153999355273,0.00014645025625637474,-0.000729640343283646,5.318751502736229e-05,-0.00037164509410012796,0.0003693924361102564,1.4521065206003515e-05,-0.0003863494260032301,-0.0007651750370046924,-8.47522408876865e-05,-0.00043069256285023256,-0.0007745149897125025,0.0001267774833404458,9.452585096552172e-06,-0.0003375677769828767,-0.00047945205996922187,-0.00016786700121295946,7.544091135754875e-05,0.0006063338757629211,0.0005063361391123159,-0.00016868636958513198,0.000369261436388181,-0.00011412798692558084,-0.0006051671708211504,0.000611421171602384,1.596399551502363e-05,-1.7218627679435165e-05,4.226810000423483e-05,1.8059872740219185e-05,-8.423172070154327e-05,-5.565609980483987e-06,2.8360265786435507e-05,-4.89563123901939e-05,2.319798855995959e-05,2.0212019136361233e-05,8.954975621202685e-07,5.885674234888898e-05,-5.1585114654146855e-05,-4.226946724031557e-05,0.00012002066161335566,-1.350487966778604e-05,-4.302042230184896e-05,1.1375543115769493e-05,2.4152776112064673e-05,-2.4152776112064896e-05,-0.0005399035225830711,0.0005406765966095317,0.06979365916850254,0.07464460397532928,0.07781279771657838,0.0821690922465304,0.08662159068802139,0.089199,0.07207743203681614,0.0657713803558606,0.00022025985392971502,0.00017523385328147072,0.00029247040153068443,0.00012499384920373657,0.001009520556542417,0.0005784866406251671,0.0018094314696024479,0.0009041803827713028,0.0031343827099228894,0.003688327346257001,0.0036939421153086363,-0.0003452815625813815,-0.00022457975975092459,-0.00012943286440819267,-8.580110645967551e-05,-0.0003162571308160091,-0.0004752437272420016,-0.0006326643093971095,-0.00019966940225556688,-5.925379869999408e-05,0.00014143133384892558,-0.0006152675934234435
KXWTIMAX-26DEC31-T160,-0.0035895779605268864,0.0036538547892144497,-0.00023524460221393596,0.0007881227283607762,-0.00041194389649896356,6.105341455396631e-05,-0.0008585603639220688,-0.0004530375835611035,0.0009155718334775463,-0.0006599138970185788,-0.0015920831372899843,-0.0004884130873338711,0.00034399849463147747,0.002070517810926629,-0.0020705178109266323,7.348942119198023e-05,-9.257724121214718e-06,-4.837923515927666e-05,-1.8978689464537803e-05,-4.136441174350978e-05,-1.4020480504729121e-05,2.5376760824750744e-05,7.339998966780508e-05,-8.808231926099058e-05,0.00010646963603989754,3.92347200565192e-05,-4.949646579340023e-05,-0.00012503302859803278,-2.6925319290346658e-05,3.5476655853082073e-06,-0.0005921231201759079,0.0005921231201759137,0.0006988019806561338,0.00011050130563342949,-0.0008444903099563113,0.0010189589576455466,0.0022035608104861867,0.0013501369021453515,-0.001348202256019166,0.00023997226505118675,0.0003291609497429988,-0.0002784677828265445,0.0016269450428120864,-0.0016269450428120856,0.0008187137996936902,-0.002501313356329963,0.001158642632024482,-0.0006801527736839612,4.2720122663388396e-05,0.0008397329390533735,-0.000699396592437299,-4.1766996981103075e-05,1.7636178718574633e-05,1.7695167451163022e-05,0.00014490440217497844,-8.070021377737737e-05,6.438882604073697e-05,3.927035661372863e-05,0.00017428886793399712,6.615163437425836e-05,0.00018683975787807373,0.00010164428084132301,-0.0005737703886604697,0.0009215587583820692,-8.390892577667656e-05,0.0034515022534649916,-0.003451502253464988,0.00010591483522441275,-0.0002641843476759811,0.000214381727086409,0.00010919095735258652,0.000451530293035245,0.00018602253189159025,0.00015879449185298312,-0.0016332593409409172,-0.0008941657001021223,0.004615578036728306,0.007326049660570531,0.0063606758803608585,0.0004413926860847166,-0.0027058741657114316,-0.003988029963773844,0.0026008715409475166,0.0007025411732389845,-0.0005872439118565524,0.0011765670330609723,-0.0010067253273370437,0.0012541063825443578,-0.0005443700129710812,-0.0005772926053157271,0.0002312243831118351,0.00017335181583230539,-0.0008913494169596652,6.013378724742063e-05,-0.000460389478043335,0.00045228627671548287,3.389467935135291e-05,-0.0004429420719086461,-0.0009026931446538579,-8.334431636760713e-05,-0.000498401321406021,-0.0009143378731110087,0.00017338336693956035,2.7865767870197313e-05,-0.0003849156104213069,-0.0005576504071377828,-0.00020598235180445282,8.763814690012968e-05,0.000728269217030176,0.0006072823689108203,-0.00020761681804788913,0.0004416274785061597,-0.00013912129257719652,-0.0007304588616323774,0.000737988067854562,2.5406246297886166e-05,-2.1473114700503367e-05,5.6395790105410044e-05,2.8714998451517106e-05,-0.0001035692674994297,-7.4497100521436556e-06,3.73611248931441e-05,-6.159549089067813e-05,3.0990373854702824e-05,2.6648164656031773e-05,-9.80513244347002e-06,5.753502582315944e-05,-6.209389713736791e-05,-6.002802566603221e-05,0.00012953868823799785,-2.8495548777276447e-05,-4.939457902906135e-05,3.3837041771862343e-06,3.091389150225996e-05,-3.091389150225886e-05,-0.0006559578147135342,0.0006569009352380558,0.05639993877374458,0.06031991390770154,0.06287979138704065,0.06639958574648036,0.07000019467326248,0.07207743203681614,0.0736,0.06715994473274461,0.00026851927010418977,0.00021415759577360095,0.0003556229821481497,0.00015146238213234757,0.0012206182149622183,0.0006986929921593101,0.0021883513082074533,0.0010928446769759952,0.003792517984766929,0.00446265950737045,0.004469308362184522,-0.00041795871992179396,-0.0002719172706719011,-0.0001567465718336511,-0.00010395188443822694,-0.00038273679266557364,-0.0005754951032783241,-0.0007660736230975132,-0.0002420121635722059,-7.177223593711334e-05,0.00017117927687395127,-0.0007452841536637679
KXWTIMAX-26DEC31-T180,-0.0033416050416393266,0.003400372267850732,-0.00021914194912488633,0.0007318398543501941,-0.00038640014710642824,5.442818118206499e-05,-0.0008028315822902261,-0.00042488426135626263,0.000849850111355969,-0.0006171027122614783,-0.0014853939573757076,-0.0004575306113265013,0.00031794900575454754,0.001927242533663057,-0.0019272425336630543,6.861343074744845e-05,-9.038163919954633e-06,-4.574145118822191e-05,-1.8164442498025144e-05,-3.941990946122726e-05,-1.3545054636375609e-05,2.3608415372145803e-05,6.864806480807057e-05,-8.290317988638262e-05,9.927280296083103e-05,3.627228248857744e-05,-4.7115028716905534e-05,-0.0001171508971387776,-2.5426838453895076e-05,3.0793181083990973e-06,-0.0005508845695991999,0.000550884569599186,0.0006545840860983565,0.0001061195463569523,-0.0007824174640956023,0.000952504469039584,0.0020553576023161053,0.0012566036946796656,-0.0012548023172742526,0.00022351633217606863,0.000306604747084273,-0.00025958609599325937,0.0015144701393516057,-0.0015144701393516049,0.0007613915226046624,-0.0023276560812327835,0.0010775374708606445,-0.0006323147825318658,4.0282845922708975e-05,0.0007817261982188655,-0.0006498716436449592,-3.685369254889594e-05,1.9610175811522076e-05,1.966203593214962e-05,0.00013869986519130854,-7.212843498565868e-05,6.366603223777585e-05,4.027882930789078e-05,0.0001661177661850589,6.493990629216027e-05,0.0001779412846678489,9.905447753870186e-05,-0.0005336119874374665,0.0008573233001478601,-7.826611648895909e-05,0.0032126825301299184,-0.003212682530129904,9.844338020622296e-05,-0.00024584870387427517,0.00019934272189355506,0.00010138876401068469,0.0004201060310700816,0.00017288092348148853,0.0001477737200963863,-0.0015202255867202857,-0.0008323094467975933,0.004296140956028611,0.0068191219213412785,0.005920554690619628,0.00041081523187857247,-0.002518683933321625,-0.0037121040177263078,0.00242079854236776,0.0006538848909733938,-0.0005469615174484039,0.0010953565735588463,-0.0009361323069047899,0.0011674783085783079,-0.0005059135425545273,-0.0005365183661621346,0.00021535717445899044,0.00016182378919645947,-0.0008287242357889647,5.64792089648852e-05,-0.000427312969068529,0.0004204499194439286,2.9418213925218904e-05,-0.000415369666431768,-0.0008431012710430361,-8.002879755557803e-05,-0.0004667540055618342,-0.0008539005115714001,0.00015886532660675792,2.3794505882646174e-05,-0.00036124331560077915,-0.0005218681482344638,-0.000191460094263716,8.18786660117787e-05,0.0006782591403420655,0.0005656439168688366,-0.00019295737636244805,0.00041144439815429037,-0.00012929384643370017,-0.000680089631321821,0.0006871028564787514,2.282032845297347e-05,-1.996576946252734e-05,5.177520663476327e-05,2.580004394135836e-05,-9.625626419153006e-05,-6.893544924448919e-06,3.433706905567975e-05,-5.709455744832962e-05,2.8423416172181944e-05,2.447347486864057e-05,-8.68468801701529e-06,5.42302291584154e-05,-5.8449975174745604e-05,-5.5663209936626337e-05,0.00012146941064984994,-2.6023257649157836e-05,-4.683504084665094e-05,3.6389408026206617e-06,2.8709375960343243e-05,-2.870937596034326e-05,-0.0006103679639686561,0.0006112455542440899,0.05146503322107375,0.05504202313190279,0.05737796448615348,0.06058986260398914,0.0638750160625061,0.0657713803558606,0.06715994473274461,0.06767099999999998,0.0002497367004284556,0.00019911980582983774,0.0003308450343172231,0.00014096037498389157,0.0011362944553783376,0.0006505533713371166,0.002037020924238215,0.0010173400572416073,0.0035301081158178745,0.004153890532502872,0.004160090311559525,-0.00038905741296748,-0.00025312051779532226,-0.00014591216836783096,-9.678210520004118e-05,-0.00035626612481925795,-0.0005362414797529086,-0.0007132001295388364,-0.00022541587227639258,-6.683334998888567e-05,0.00015936749047229228,-0.0006943024688294852
KXALIENS-26DEC,0.0009571131263820705,-0.0009747440999661265,6.190329196166522e-05,-0.0006712718658563157,0.00035471114338898315,-4.970527008262286e-05,0.0007366707801747372,0.00038997095696994535,-0.0007800449725926605,0.0005665286450027342,0.0013633508401763466,0.00042001217369876673,-0.00029157295599107204,0.0009801351913272952,-0.0009801351913272958,0.00015544815414955765,-1.942020136321367e-05,-0.00010205448806134765,-3.9929542094329776e-05,-8.68911196037021e-05,-2.9428941308002177e-05,5.353948931432447e-05,0.00015504312645828823,-0.0001861049108486149,0.00022570762402179332,8.351956108359355e-05,-0.00010398031019192816,-0.0002650247776778124,-5.7072220711922424e-05,7.489804076255015e-06,-0.0001521635171840924,0.00015216351718409717,0.0002629858826416955,1.453504285138288e-05,-0.0004205528195287921,0.0004062939975117894,0.0009370496845075315,9.829196506758086e-05,-9.815450523595676e-05,2.0745423622735173e-05,3.16508764679806e-05,-4.108682524529243e-05,0.0028706641757117865,-0.0028706641757117865,-0.0020289406723382883,0.006209403499668148,-0.002871472698784419,0.0025567081038629716,-0.00016467048788821654,-0.003163904764931686,0.0026273455593595198,-5.399867783099113e-05,3.841736582881198e-05,3.8552301892928055e-05,0.00022367914363063954,-0.00010233748013713627,0.00010772056927963601,7.081017698343624e-05,0.00026598867457241105,0.00010878634615939559,0.0002847066787420683,0.00016455787960734369,-6.41792662764602e-05,0.00010235241225840872,-8.810444570200293e-06,0.003579458400609012,-0.0035794584006090154,-0.00028188567770963836,0.0007162184815563224,-0.0005742311808658556,-0.0002861505340981768,-0.0012203378467366933,-0.0004942398092659319,4.1932143495454666e-06,-3.7026840558665255e-05,-1.9717981315420614e-05,0.00010461309049164994,0.00016385583318099967,0.00014208353281840202,1.0650513838964225e-05,-5.958962996371667e-05,-8.867354990140671e-05,6.03646145555011e-05,1.6629433552183154e-05,0.0004807213371081396,-0.0009657368935538332,-0.0007848552692000084,0.0009719194256483557,-0.00042566464616094167,-0.0004514250481576623,0.0001796680260916394,0.0001325431695655202,-0.0006955603795175452,4.4589719067152457e-05,-0.000362734853112196,0.0003546096526217007,-1.1434662481505035e-05,0.00024323300725392997,0.00048492293143563364,5.156804086325296e-05,0.00027174423188387124,0.0004909085889981367,-8.326197171088065e-05,-8.21473300516274e-06,0.00021224260641362756,0.0003028605006214758,3.339402831573913e-05,-1.0860585972269475e-05,-0.00010750148882729104,-8.953084545847961e-05,3.284978094266642e-05,-6.468503129469449e-05,2.553239945507073e-05,-0.00018753955944749993,0.00018947325801562116,3.4782819530790513e-05,-3.5032617962182943e-05,7.912320123227911e-05,3.9677103258668495e-05,-0.0001542237764934445,-1.4320821186969947e-05,5.111410901739949e-05,-9.343740154436135e-05,4.1913373929520746e-05,3.54428491965822e-05,-6.287787561148862e-05,0.00048000825405121743,-0.0005001219568138113,-0.0004679615934172397,0.0010591510632945236,-0.00021049589961326994,-0.0004026611007674839,4.220692727601826e-05,-0.0001197809557642207,0.00011978095576422172,0.0007170070682909035,-0.0007180332560359623,0.00048368005074259904,0.00047751227798083684,0.0004463168396585264,0.0003900706008152778,0.0003752006519767398,0.00022025985392971502,0.00026851927010418977,0.0002497367004284556,0.029099999999999994,0.0058979275880674895,0.009253644022536877,0.004590417223363882,0.0009959999725033318,0.0005714153878612677,0.0013712170726558454,0.0006834524940340897,-5.737946767379408e-05,-6.762411961231948e-05,-6.785841082832722e-05,9.749087151432466e-05,6.317701092207564e-05,3.633757441169669e-05,2.3702749837986463e-05,8.954458918384183e-05,-0.000115730350093196,-0.00015449634538912784,-4.879600470902989e-05,-1.4470427931148738e-05,3.449681592237264e-05,-0.00015004165647396762
KXALIENS-26NOV,0.0007625236197160172,-0.0007767844574964924,4.9092327275105844e-05,-0.0005352093082819746,0.0002820055550824662,-4.0090965682379856e-05,0.0005861559572212228,0.0003100356808591185,-0.0006221412422726586,0.000450839817365162,0.0010856359726905886,0.00033405666446421857,-0.00023279395409878917,0.0007814668434961232,-0.0007814668434961293,0.00012321560066264967,-1.4771616548901161e-05,-7.997615737457185e-05,-3.0937690799135944e-05,-6.751714049751503e-05,-2.259594675526562e-05,4.251006893720255e-05,0.00012264912818004363,-0.00014649008233878048,0.0001792742611003662,6.690466776636715e-05,-8.087670457164125e-05,-0.00020967725027865966,-4.4869771710801876e-05,6.265236070323669e-06,-0.00012108142408928863,0.00012108142408930083,0.00019714635505544632,2.8545205094592648e-06,-0.0003451498969399178,0.0003112450961901997,0.0007336509279063132,7.826048705286459e-05,-7.81519308173031e-05,1.564166175723043e-05,2.4217152471641794e-05,-3.272152056441933e-05,0.0022877558079420243,-0.002287755807942009,-0.001616692489105404,0.004948361180098733,-0.002288042469460543,0.0020374175896418914,-0.0001313771093507347,-0.00252156149766033,0.0020936501935982137,-4.3544520257745435e-05,3.096393980292964e-05,3.108615747701259e-05,0.00017910341341479148,-8.12741717233006e-05,8.640094075745432e-05,5.67048194615349e-05,0.00021289547382711987,8.723301720825374e-05,0.00022789766390304554,0.00013199343603362266,-5.1460664808222435e-05,8.190823097890376e-05,-6.9365264726124005e-06,0.0028529179760688975,-0.002852917976068903,-0.00022388266513229463,0.0005705071571833222,-0.0004565411189852144,-0.0002266642470887566,-0.0009715770336727507,-0.00039242817181549494,3.4627760845692106e-06,-2.9729336700875368e-05,-1.5739673457357765e-05,8.398439034212063e-05,0.00013116863255112642,0.00011370726863273047,8.660497863402968e-06,-4.7542984844112566e-05,-7.089764061219245e-05,4.869430409105819e-05,1.346751378961099e-05,0.00038267537696187054,-0.0007693276080634689,-0.000626991223392385,0.0007747162317259945,-0.0003404212339018095,-0.00036102404228514765,0.000143285586156707,0.0001051016538406014,-0.0005558419125718849,3.492971649918612e-05,-0.00029087937217787475,0.0002837700723507559,-8.034079957792213e-06,0.00019546480602898513,0.00038798814559311355,4.236532237891553e-05,0.00021806829341533456,0.0003927352578762263,-6.503059495550375e-05,-5.461106674164953e-06,0.0001707011480805956,0.00024284982078468317,2.8267584545705425e-05,-7.074166679880677e-06,-8.426841430644004e-05,-6.992527243661735e-05,2.773435446508372e-05,-5.006304990261724e-05,2.2172348066828002e-05,-0.00014934097365672385,0.00015088065334269992,2.7937324280367282e-05,-2.8884155018455798e-05,6.305135340906856e-05,3.1947285308816575e-05,-0.0001240517339649348,-1.229726454343433e-05,4.038662316401674e-05,-7.568579764595889e-05,3.3046412080771214e-05,2.7768294688022454e-05,-5.224870052551527e-05,0.00037994520041323204,-0.00039905892849425944,-0.00037480427459440305,0.0008412062826842605,-0.00017014372274693596,-0.0003210655007085606,3.166257038383896e-05,-9.546672214838463e-05,9.546672214838346e-05,0.000571153931438203,-0.0005719706303586524,0.00038552746399092157,0.0003806093424570509,0.0003557169000076697,0.0003108458618845823,0.00029924287274942624,0.00017523385328147072,0.00021415759577360095,0.00019911980582983774,0.0058979275880674895,0.0196,0.008255488480882506,-0.0023879659563207736,0.0007939873074679069,0.0004557048476700144,0.001092523812767128,0.0005442245773247464,-4.560263341439449e-05,-5.3763039692339476e-05,-5.397271127122567e-05,7.75269139592305e-05,5.0180408032655173e-05,2.8843934703691316e-05,1.871386596163326e-05,7.127053099105816e-05,-9.191662642247522e-05,-0.00012308098293185204,-3.881607369620118e-05,-1.1519794728593668e-05,2.7477830124674002e-05,-0.00011926281482937967
KXALIENS-27,0.0012690706651341294,-0.001291961967709475,8.249284219795395e-05,-0.0008893255462355594,0.0004713959687612428,-6.502079783137646e-05,0.0009781409543107567,0.0005182630473032647,-0.0010330289922923798,0.000752099037334996,0.0018086797983333574,0.0005579314678654246,-0.00038570301345885707,0.0012983586573143678,-0.001298358657314376,0.00020737077553668935,-2.703360111538068e-05,-0.00013781016132389026,-5.456177477736401e-05,-0.00011840878911576719,-4.058837669359061e-05,7.131416137379025e-05,0.00020729655202837705,-0.0002501179099164071,0.0003003754704026031,0.00011009400560647924,-0.00014155240939819485,-0.0003541704588134938,-7.67728125328874e-05,9.410523516544835e-06,-0.0002022358998185403,0.00020223589981854687,0.000372452198062196,3.585271245291327e-05,-0.0005384049378330484,0.0005626687718188021,0.0012672678768033555,0.0001304031126509925,-0.00013021916058351602,3.053887853573219e-05,4.522704467150062e-05,-5.334260259062624e-05,0.003804907300106223,-0.003804907300106201,-0.0026896911209001472,0.008230561225479783,-0.003806593107149576,0.0033889408042749656,-0.00021804590830877888,-0.004193389617480888,0.0034826276086087384,-7.098161960873723e-05,4.956609946552265e-05,4.971640554159516e-05,0.0002940047100939333,-0.00013682694189571444,0.0001409023718367099,9.253739205919247e-05,0.0003499234765107206,0.00014242555480256764,0.0003745350388592609,0.00021550120940739558,-8.44514283598474e-05,0.00013499709516924774,-1.1844022786531871e-05,0.00474388184839075,-0.004743881848390752,-0.0003750843132473416,0.000949859349416526,-0.0007631989005550401,-0.0003818877788912819,-0.0016193488461672613,-0.0006578598192403225,5.2948954486469e-06,-4.861485334661775e-05,-2.6087721393117818e-05,0.00013736782783378996,0.00021595686572758142,0.00018732904731790735,1.3750834761794447e-05,-7.88779755003507e-05,-0.00011705806327922107,7.875887107997484e-05,2.158277342008082e-05,0.0006380986429873615,-0.0012806907477435165,-0.0010373273557104103,0.001287938275619961,-0.0005618567431930938,-0.0005958570471763306,0.00023794772830194665,0.00017671902896897147,-0.0009189442918115076,6.029418454612856e-05,-0.00047724803654838443,0.0004677309894011271,-1.6959281164857145e-05,0.00031963299076521757,0.0006401207156524353,6.620882133387835e-05,0.0003576200887169224,0.0006480952094987213,-0.00011260974176641303,-1.2703532395068859e-05,0.0002786731607530618,0.00039888958304949967,4.2112756941422254e-05,-1.6322911104098512e-05,-0.00014389901118129006,-0.00012010983362286538,4.164348201336312e-05,-8.72976141117334e-05,3.111942357550595e-05,-0.00024879207810818156,0.00025135769674130616,4.57724321660967e-05,-4.4632147583901916e-05,0.00010494309428962698,5.2064605960196295e-05,-0.00020228908319305596,-1.7334462330425124e-05,6.843565357576023e-05,-0.00012158339746080216,5.625382036220904e-05,4.789661205095555e-05,-7.899889812477082e-05,0.000641475599273644,-0.0006617933748175396,-0.0006164485432745251,0.0014096542291862008,-0.0002741506834132043,-0.0005332575579241776,5.99420196235224e-05,-0.00015878576834558623,0.00015878576834558208,0.0009508645008552872,-0.0009522268144473578,0.000640982188920278,0.0006328125703603651,0.0005915208667307896,0.0005170499703142389,0.000496905777684823,0.00029247040153068443,0.0003556229821481497,0.0003308450343172231,0.009253644022536877,0.008255488480882506,0.048399,0.007210086265840953,0.0013196568668548442,0.000756689823130962,0.0018179769218466984,0.0009067352983043997,-7.632084455915858e-05,-8.990780083532014e-05,-9.016926396093118e-05,0.00012952416107863958,8.404185292062812e-05,4.837200764967263e-05,3.172913997107598e-05,0.00011885357211634206,-0.00015375537717491028,-0.00020478729452345405,-6.473937158804955e-05,-1.918980943381876e-05,4.573614704201337e-05,-0.00019920792469083662
KXALIENS-27-29,0.0005413709249162948,-0.0005507877009051899,3.5433182599001306e-05,-0.00037894509580931886,0.00020172721145061102,-2.7216480287525156e-05,0.0004180777181011519,0.00022179036613358369,-0.0004399240629636012,0.00032137786187123066,0.0007721298060305326,0.0002386120601138201,-0.00016400332873675626,0.0005529985923098559,-0.0005529985923098629,8.9312828161906e-05,-1.2307223667685426e-05,-6.034153430657157e-05,-2.4266213756835997e-05,-5.249898580474003e-05,-1.826937132094484e-05,3.0669847096662334e-05,8.957430055245286e-05,-0.00010880739519820348,0.0001288935050127086,4.65942158040912e-05,-6.26787485446963e-05,-0.00015282460247676604,-3.3414560964704324e-05,3.7229772824261e-06,-8.676057667658568e-05,8.67605766765886e-05,0.0001740423754612912,2.5731669843333502e-05,-0.00021755667591794717,0.0002553642051267697,0.0005564877448442169,5.5653521827194754e-05,-5.557413401825708e-05,1.635830537311062e-05,2.278243132806934e-05,-2.081754569489967e-05,0.0016222376763448752,-0.0016222376763448706,-0.0011470030867420829,0.0035093478494216627,-0.0016232937487932646,0.001444905555628367,-9.288363739889128e-05,-0.0017877589674686928,0.0014848337905763915,-3.0193060267192e-05,1.9732133612706894e-05,1.9777757264081974e-05,0.00012311135358477243,-5.959318112016925e-05,5.8243519729866394e-05,3.7992754778671616e-05,0.00014683595438843932,5.902395726015339e-05,0.00015717563735416842,8.94496662098412e-05,-3.5604494685635405e-05,5.712124718902349e-05,-5.157848662256008e-06,0.002022324889275342,-0.0020223248892753337,-0.00016085648308954088,0.00040534651204418234,-0.0003267389677104657,-0.00016447220129150824,-0.0006916244453824767,-0.0002822578288817852,2.0651527286336414e-06,-2.040104177453824e-05,-1.1093316714752975e-05,5.7650945111285124e-05,9.12081781826048e-05,7.9165017577147e-05,5.601261136262712e-06,-3.356071029481989e-05,-4.9578416342138274e-05,3.268037481796621e-05,8.871815734667674e-06,0.0002727230703610094,-0.0005464977183348522,-0.00044034838765378637,0.0005489355923136489,-0.00023802937149465913,-0.00025243205994376824,0.00010132573516218655,7.60228574350908e-05,-0.00038985675075843556,2.6483554239256574e-05,-0.00020117575896081157,0.0001979347174183576,-8.17233769356211e-06,0.00013478552463403004,0.0002714909782273159,2.7087367382156333e-05,0.0001510836222498107,0.00027491456694241827,-4.9225516698985915e-05,-6.364834732169178e-06,0.00011738898685754056,0.00016869213438295308,1.7369506484391803e-05,-7.340697095894141e-06,-6.126638271860889e-05,-5.113412184567367e-05,1.7378155111588262e-05,-3.7222263458697286e-05,1.2125352983170054e-05,-0.00010621125155906217,0.00010730678078951626,1.936227821860199e-05,-1.7943217059699507e-05,4.481882732754247e-05,2.1933455724160813e-05,-8.497063228651299e-05,-6.4011164700445745e-06,2.9612008455856048e-05,-5.048362828874035e-05,2.4425571551432956e-05,2.0990038778020936e-05,-3.070319222906763e-05,0.00027708180945267425,-0.0002813199898273885,-0.0002601927505069421,0.000604962653372858,-0.0001135617389585733,-0.0002269477995810972,2.829090992348845e-05,-6.775583879531827e-05,6.775583879532528e-05,0.0004057502126969826,-0.00040633243143201785,0.0002732234185690998,0.0002697438899212256,0.0002521715535690891,0.0002204656188333958,0.00021163144759041085,0.00012499384920373657,0.00015146238213234757,0.00014096037498389157,0.004590417223363882,-0.0023879659563207736,0.007210086265840953,0.16000000000000003,0.0005623035413951547,0.0003221244984250678,0.0007754280382752429,0.0003871294509250367,-3.273138952887249e-05,-3.852996642661976e-05,-3.860618482039758e-05,5.540702149311547e-05,3.601326059133201e-05,2.0748430212818483e-05,1.370944812943186e-05,5.0774995201312065e-05,-6.554724807673323e-05,-8.724563638852451e-05,-2.7568253001683613e-05,-8.174582360597601e-06,1.9493205612617164e-05,-8.48883491455076e-05
KXTRUMPOUT27-27-28,0.002000145676534967,-0.0020340060859968152,0.00013207254470464012,0.00046814535274956615,-0.0002616455277736962,2.6603556954150414e-05,-0.000535103285437254,-0.0002878026946941266,0.0005395959769852337,-0.0004099914064506581,-0.000974519453607678,-0.0003073603639644647,0.00019760096732086212,0.00024264487293121606,-0.00024264487293120218,0.00031590362380178223,-4.366675762642301e-05,-0.00021356640161328117,-8.593866603739288e-05,-0.0001855713795876966,-6.47172596710212e-05,0.00010821130985560718,0.00031664083436804046,-0.0003851689233360524,0.00045644529537937096,0.00016517846635561917,-0.00022151292939980678,-0.0005416373892596085,-0.00011859541128168884,1.2930951098869538e-05,0.0013740694800612075,-0.0013740694800612222,0.0007357357748212367,9.501810357925072e-05,-0.0009747019147980522,0.0010915598072312642,0.0024105536564505113,0.0016031559756413622,-0.0016008637398778499,-0.0013387721018370694,-0.001826020665562431,0.0014986423155618515,0.0006374525806987655,-0.000637452580698736,0.00027859947647045714,-0.0008556076041300431,0.00039431944690806954,0.000323790138790032,-2.094171841469695e-05,-0.00040091780863713933,0.0003325518254637966,0.0002511471795418529,-0.00012880652073810487,-0.00012900433682657385,-0.0009463303927085445,0.0005047675762798181,-0.0004307061463471434,-0.00027206182002863455,-0.0011350713118619192,-0.0004400461914560381,-0.0012157663861521097,-0.0006715088356947127,-0.0008314399565741075,0.0013358037081649466,-0.00012196465235224491,-0.0012223950097964998,0.0012223950097965098,4.5283432216133984e-05,-0.00010966735262315236,9.07465178741819e-05,4.768439686340058e-05,0.00018834216427592916,7.973217122758262e-05,5.216789193374029e-06,-4.374113662241741e-05,-2.3099146726900958e-05,0.00012370053272758806,0.00019323534249890724,0.00016753763132753037,1.2762279003873718e-05,-6.999290270345419e-05,-0.00010434969495377558,7.193265016105776e-05,1.9918887371074334e-05,-0.0004034762199706832,0.0007998757201455303,-0.0013343636285824258,0.001654531531330551,-0.0007232232038702016,-0.0007669830981159079,0.0003056599869976889,0.0002262919892976825,-0.0011823049306620593,7.664286149821385e-05,-0.000615300507736822,0.0006021366465097547,-5.994981243371328e-05,0.00086484677178818,0.0017535288827908513,0.00016766257594399755,0.0009714973199102551,0.0017759392375040059,-0.0003286241556712267,-4.8257074753475175e-05,0.0007523080780021198,0.001086001190397758,-0.0004710055951550956,0.0001843638806043285,0.0016142121468999539,0.0013434761938797633,-0.0004758437356140522,0.0009731272577151819,-0.0003170445883898371,1.680887677010428e-05,-1.6979671270782213e-05,-0.00040954780102536476,0.0003661493231505084,-0.0009526617240653944,-0.00046270579949623196,0.0017862233720251392,0.00012255575472489786,-0.0006345812043714605,0.0010532777546178817,-0.0005245974621892315,-0.00045334980862095126,-4.156933244877545e-05,0.00036390857805485537,-0.00036719130126407456,-0.0003434915539609719,0.0007959583562620713,-0.00015134620750011042,-0.00029478937084058984,3.602138234581255e-05,-0.0027613870813643204,0.0027613870813643178,0.0016037088767032388,-0.0016060134341022258,0.0022030663770224645,0.002175017325913804,0.002033462347319635,0.0017780077725365444,0.0017055140759492278,0.001009520556542417,0.0012206182149622183,0.0011362944553783376,0.0009959999725033318,0.0007939873074679069,0.0013196568668548442,0.0005623035413951547,0.14759999999999998,0.003750487220700015,0.011685546613741318,0.005834556940412747,0.002029641784156227,0.0023881400859055765,0.002391522387964945,-0.0022872118809709194,-0.0014880113241972654,-0.0008577493780234304,-0.0005688884613653583,-0.002094496477482404,0.0009079931347385683,0.0012041113027260264,0.00038124655345220216,0.00011292603413047924,-0.00026906232097389366,0.0011748736872297513
KXTRUMPOUT27-27-DJT,0.001145995298427543,-0.0011652728267684707,7.637331973523659e-05,0.0002652924325280826,-0.00015999699241176155,8.456984701217349e-06,-0.00032079309255040667,-0.00017611441838274685,0.00030211416537937483,-0.00024456081697857664,-0.0005717056598160765,-0.00018604156593455463,0.00010725524528955378,0.00013863517988948456,-0.00013863517988947492,0.00017828844921146796,-2.3790407139430406e-05,-0.00011919170526366847,-4.746424693750601e-05,-0.00010235287130200094,-3.544454745067855e-05,6.085515381193058e-05,0.00017806631709710655,-0.0002160821973347392,0.0002588939606745439,9.485128387968475e-05,-0.00012225119502528857,-0.0003064074193879573,-6.683759440635282e-05,7.5436144967085246e-06,0.0007868934163314195,-0.0007868934163314442,0.0003641876397308693,1.630249451772036e-05,-0.0006023578836144795,0.0005667592243298554,0.001319445481309365,0.0009158973417917337,-0.0009145942187834909,-0.0007329919839808351,-0.001012063506607647,0.0008900944252446842,0.0003653000155936178,-0.000365300015593615,0.0001579138253842943,-0.0004883820693358351,0.00022353976522963893,0.0001851046182748683,-1.2071433802056226e-05,-0.00022944332721494678,0.00018994063576979297,0.00015288114705797452,-5.091543009088745e-05,-5.094040062602511e-05,-0.0005114447033334648,0.00031011017331187564,-0.00021886624683845198,-0.00013013711546276893,-0.0006185632397552373,-0.00022667380315409666,-0.0006632537132709009,-0.00035006523078700647,-0.0004771100904779991,0.000765998690693877,-6.95713185185856e-05,-0.0006976257873024087,0.0006976257873023926,2.771099755259032e-05,-6.359704770554071e-05,5.4557136177850354e-05,3.0245237723603463e-05,0.0001102150412469095,4.900372904079187e-05,4.0658417264410145e-06,-2.6601251836300787e-05,-1.3263908771135453e-05,7.53152179368588e-05,0.00011479000166571095,9.930584608412279e-05,8.6298020961298e-06,-4.028666282384069e-05,-6.119793696084865e-05,4.58561405083601e-05,1.3135116258941919e-05,-0.0002367345434413376,0.00046169589430419404,-0.0007739800443210397,0.0009481147215154467,-0.00042202020458806215,-0.0004475565049495804,0.00017553025601910462,0.00012595217828565916,-0.0006870155419278991,3.976025183164491e-05,-0.00036432231228950414,0.00035237157463430333,-3.848481868811051e-05,0.0004887308417330119,0.0009979519578822782,9.098834145823563e-05,0.0005502719447865538,0.001010880931412242,-0.00019344916588609725,-3.1818942488482616e-05,0.00042457371768323237,0.0006159050635763691,-0.0002822441530729733,9.116699602013887e-05,0.0009057705889802378,0.000750616947055951,-0.0002866007184791639,0.0005388384868414943,-0.00018849607672525838,9.186976146554406e-06,-9.277459349762632e-06,-0.00023481235216332721,0.0002064192711405588,-0.0005462204083050276,-0.0002650213975911651,0.0010190367070590663,6.729446474847624e-05,-0.0003649452796915967,0.0005992075018913514,-0.00030198339569477363,-0.00026149801051988345,-2.6278450969428045e-05,0.00020425195101577545,-0.00020613862856299318,-0.00019758953766648576,0.0004501292510258467,-8.955477329523301e-05,-0.000163950782039503,1.7894184351873548e-05,-0.001582837633037347,0.0015828376330373406,0.0009188486796440136,-0.0009201706116979609,0.001261420747349553,0.0012453564925891663,0.001164333900217216,0.0010181258794690002,0.0009762706671849433,0.0005784866406251671,0.0006986929921593101,0.0006505533713371166,0.0005714153878612677,0.0004557048476700144,0.000756689823130962,0.0003221244984250678,0.003750487220700015,0.04839899999999999,0.006689158346511898,0.003337748159691772,0.0011631585835806097,0.001368455417855944,0.0013702029103016954,-0.0013099365578058517,-0.0008523042498355182,-0.0004913375842358144,-0.0003259684546540191,-0.0011994595432058995,0.0005244211421613878,0.0006908679381350373,0.00021971697562407814,6.491891405357726e-05,-0.00015434167754004946,0.0006776727708221473
KXGREENLAND-29,0.0005050975335701902,-0.0005161808195804027,3.229296824212036e-05,0.0003958700600538534,-0.00020536516811952952,3.1441926406916965e-05,-0.00042864490888888494,-0.00022570196335447386,0.0004615077909624647,-0.0003302120615187201,-0.000797869624288048,-0.00024385612390981034,0.00017351439602716732,-0.003538058434932471,0.003538058434932461,-0.00010649914676037506,1.3521395079134978e-05,7.021266297201406e-05,2.7585418769933414e-05,5.983582628946464e-05,2.0391759406366243e-05,-3.655530771270953e-05,-0.00010621285550965046,0.00012789374862052816,-0.0001547459593950064,-5.717457493882824e-05,7.156642699969234e-05,0.00018209225557504856,3.935253361239739e-05,-4.9506323382979784e-06,0.0005042052912489143,-0.0005042052912489002,-0.0008797283692805223,-0.00012439222039988264,0.001121288546908778,-0.00129555396319634,-0.0028353924842460356,-0.0030308553765986414,0.0030265137423327445,-0.0002497655856958661,-0.0003330329411166166,0.0002359946071588872,0.005126568488168195,-0.005126568488168198,-0.0004781861014239988,0.0014635073159096487,-0.0006767542118403779,-0.002840115382252875,0.00018301571015243032,0.003514903660537216,-0.0029182391607231193,0.0001402268513030287,-0.00010254052126520242,-0.00010278459076563568,-0.0005978362034731661,0.000276121349340179,-0.0002878349068374186,-0.00019065151705061805,-0.0007112224093666525,-0.0002906281179322217,-0.0007610312468910923,-0.00043894899019428213,8.399107748127135e-05,-0.00013431681772738441,1.1819876639295182e-05,0.005450816719505522,-0.005450816719505508,-0.000312480915114103,0.0007808146375056586,-0.0006328747829272151,-0.00032174310465728944,-0.0013341593606708124,-0.00054874393217186,3.976204610108506e-05,-0.00041658235746381775,-0.0002287294935195236,0.0011772170617535302,0.0018710120684568919,0.0016246561028818258,0.00011183768667576874,-0.0006921442787251031,-0.0010191571956978346,0.000661634360737381,0.00017833597228092982,-0.0003742007945500232,0.000754164349435666,-0.0006059561725961786,0.0007661532044557823,-0.00032519954101399616,-0.00034487694464639966,0.00014110157409412887,0.0001095555303221707,-0.0005353288163248778,4.081812194422926e-05,-0.0002699345899855937,0.0002695261809316698,3.1283662101273485e-05,-0.0004850398479733792,-0.0009800424215521332,-9.589352603402325e-05,-0.0005442336071350473,-0.0009924872940514297,0.0001805574056326126,2.475547739888308e-05,-0.0004222083997280343,-0.0006080041514459734,1.0063989342179099e-05,3.1677160305363117e-06,-1.1814758164412064e-05,-8.498975479968015e-06,1.1052225357014152e-05,-4.23746921009643e-06,5.14836043523906e-06,0.000590064471440057,-0.0005961516934974325,0.00017947607758346786,-0.00015820430268578573,0.0004179799797787279,0.0002025737386084185,-0.0007802250738246058,-5.164284326158455e-05,0.0002792137988004553,-0.00045887833350235217,0.0002310198583246352,0.00020002444978718345,-0.0002495815306012408,0.002266755861424226,-0.0023077538484260213,-0.0021267148192373637,0.004947276401089286,-0.0009258523659312318,-0.0018647659433778051,0.00023313357712746496,0.0015732682037394316,-0.0015732682037394316,0.0057510947023307465,-0.005759349738257117,0.003949398227616781,0.003899127825948428,0.0036453595809961157,0.00318736349462268,0.003057642529687524,0.0018094314696024479,0.0021883513082074533,0.002037020924238215,0.0013712170726558454,0.001092523812767128,0.0018179769218466984,0.0007754280382752429,0.011685546613741318,0.006689158346511898,0.1539,0.012297804940998774,0.0037400352854929193,0.004401046193637244,0.004407781721800898,0.002214991164366615,0.0014410721125587263,0.0008307035183592516,0.0005510433209566807,0.0020283159274031913,7.232707118757814e-05,9.917254598998756e-05,3.0749624855376534e-05,9.214743230485542e-06,-2.2171019929675276e-05,9.426103979562827e-05
KXGREENLAND-29-27,0.0002507030828392125,-0.0002591928534802382,1.497886399087406e-05,0.00019897642074669534,-9.666350144306123e-05,1.947761187733692e-05,-0.00020554947397957165,-0.00010612389655011452,0.00023434837156731365,-0.00015924030759917622,-0.0003903650766275543,-0.0001159611964595364,8.988437775712076e-05,-0.001767546622272507,0.0017675466222725027,-5.036941056123174e-05,4.61625111667504e-06,3.0538153973503006e-05,1.097502785182317e-05,2.4121296471897045e-05,7.50960590552739e-06,-1.7315026523841096e-05,-4.9360686592255396e-05,5.7616994401390846e-05,-7.468094000838634e-05,-2.942393925906378e-05,2.906171457988284e-05,8.570447320429976e-05,1.77885194248951e-05,-3.162876514110459e-06,0.0002516820643807781,-0.00025168206438077456,-0.0003835450420049502,-2.3787654668952256e-05,0.0006042994156682409,-0.0005904577998632535,-0.0013570485392220338,-0.0015125639281922906,0.0015104025524372467,-0.00014438928497196625,-0.0001857252500920317,9.761664945699791e-05,0.002560570892641394,-0.0025605708926414003,-0.0002385549355390153,0.0007306902230082984,-0.0003376183636187544,-0.00141758889080751,9.201773743393906e-05,0.0017556813912015556,-0.0014561255625869913,6.609981690561639e-05,-6.460107742266587e-05,-6.480286984040075e-05,-0.00031723118886722444,0.00012563794000616755,-0.00016030766218069563,-0.00011000287512795127,-0.00037454760534924114,-0.00016030362345374272,-0.00040044412176654034,-0.00024011347239632895,4.3401894409617556e-05,-6.86519626129215e-05,5.501747238460759e-06,0.00272080290624009,-0.002720802906240094,-0.0001584798686889837,0.0003909855135917665,-0.00031956914282532244,-0.0001648710973969781,-0.0006695134974136804,-0.00027862922863915916,1.8961835392045643e-05,-0.00020671494189941327,-0.00011418590644047246,0.0005841104345640755,0.0009309243394018687,0.0008085478028414493,5.472481205087465e-05,-0.0003455014798093863,-0.000507754635628606,0.0003264976863091239,8.760549012568964e-05,-0.00018278030038475156,0.0003739476070666524,-0.0002938130574340575,0.00038210506410503453,-0.00015536663163907136,-0.00016477004651134982,7.00968813701818e-05,5.799848064316926e-05,-0.00025844220722910644,2.411139354307294e-05,-0.00012409348184006354,0.00012792969172251324,1.5598230387712186e-05,-0.00024201907514491788,-0.0004892412337575516,-4.778526740054218e-05,-0.000271590459599764,-0.000495467886189978,9.036883436404626e-05,1.2341021795223962e-05,-0.00021066960546435465,-0.0003034427889660003,9.80307408244271e-06,7.508749953329205e-06,2.6063305688854297e-06,4.307793394809005e-06,1.1336689664470458e-05,6.1913878346261465e-06,3.931627929340697e-06,0.00029476594489993515,-0.0002978071369983294,8.974828107480023e-05,-7.463127534275907e-05,0.0002096910110819578,0.00010092181011391828,-0.0003846566130857173,-2.181841373996156e-05,0.00014159549434247408,-0.0002239098864490808,0.00011753928683929738,0.0001024974279532183,-0.00013751386467500068,0.00111957056146538,-0.0011684436068120929,-0.0010768268164000703,0.0024598949132649556,-0.00047646921914854803,-0.0009463581286457054,0.00010581464238979994,0.0007868552167506814,-0.0007868552167506792,0.002872727070811378,-0.002876845749618497,0.001972594123445183,0.00194748990845576,0.001820778943725935,0.0015920746995618995,0.0015269576725899247,0.0009041803827713028,0.0010928446769759952,0.0010173400572416073,0.0006834524940340897,0.0005442245773247464,0.0009067352983043997,0.0003871294509250367,0.005834556940412747,0.003337748159691772,0.012297804940998774,0.0384,0.0018673168447401682,0.002197463868464206,0.0022009753378248163,0.0011068593321441366,0.000720283588801725,0.0004152621249040366,0.00027569731025259243,0.0010133958276154877,3.258470043228764e-05,4.8540536960392375e-05,1.4302463718036676e-05,4.411339186200814e-06,-1.0865063322907216e-05,4.326502916553629e-05
KXBTCMINY-27JAN01-45000.00,-0.0049472242835407795,0.005033876944189665,-0.00032417295963734334,0.0010388339192423288,-0.000553764953272564,7.424015716986766e-05,-0.0011473922629872792,-0.0006089214113913,0.0012051672232370348,-0.0008816155665409182,-0.0021175554627364773,-0.00065483644252532,0.0004492387793192587,0.0006009533237506587,-0.0006009533237506488,-0.0006300101345520945,9.010951296898084e-05,0.00043059633049611094,0.00017501282492664145,0.0003780737879170926,0.00013282696576452174,-0.0002163089165332024,-0.0006334890840377677,0.00077283499213876,-0.0009063792704194311,-0.0003241892221840588,0.0004510090696723047,0.0010786772427057423,0.0002371862942474084,-2.4743466468129355e-05,0.0006686106016649313,-0.0006686106016649536,0.00048264173823881867,6.627566833708931e-05,-0.0006253466396123593,0.0007129302481130514,0.0015669756109878716,-0.0024262839700913627,0.002422806904827263,-0.0010162602953489393,-0.0013720898201862025,0.001058957050189116,0.0013828985273052403,-0.0013828985273052295,0.00022037582527879523,-0.000673796318981478,0.00031188278972301813,-0.00236436228945633,0.00015199021265589865,0.0029254969616108488,-0.0024294107990288105,0.0003025036120967788,-0.0001815789389589374,-0.00018189705334412348,-0.0012029467506315316,0.0006062772499552006,-0.0005607776573750405,-0.0003621019694497396,-0.0014380151033672095,-0.0005700087573625558,-0.0015395401578343966,-0.0008657951632082475,-0.0006911203643394383,0.0011102558960013214,-0.00010128004549606546,0.005405982770801544,-0.005405982770801533,-3.253415368097182e-05,8.566032108768223e-05,-6.710400608481921e-05,-3.2154125593929426e-05,-0.00014516465198140342,-5.6868735198814485e-05,4.674457378618481e-06,-4.2420461310606594e-05,-2.2734805710947558e-05,0.0001199186732560483,0.0001885056950348768,0.00016352310391832926,1.2016925384681274e-05,-6.882030643315375e-05,-0.00010213605288717329,6.885169823998374e-05,1.8881541824112674e-05,-0.00032846442193044695,0.0006549649063414718,-0.0004909657301763808,0.0006074323276427384,-0.00026639336063011927,-0.0002825100218540563,0.00011221175216279947,8.264395359960109e-05,-0.00043515555044778236,2.7651653915819717e-05,-0.00022722646515431748,0.00022181232557750508,7.136413806368206e-05,-0.0010967781782784437,-0.002216931867248922,-0.00021636481005429846,-0.001230769233569253,-0.00224510995206411,0.00040929749449608273,5.659462337245131e-05,-0.000954626829837703,-0.0013750782743286926,-0.0003923794667429621,0.0001592326751559743,0.0013627357627112786,0.0011351346057187047,-0.00039596606408712155,0.0008236513968710474,-0.000264705708060512,9.07714980696086e-05,-9.170909758675566e-05,5.27759121917788e-05,-4.6080221956173716e-05,0.00012073003927058219,5.961428216915933e-05,-0.00022418011268605248,-1.553827670563238e-05,8.029455002047285e-05,-0.0001326070934786398,6.648625156760213e-05,5.736311681245669e-05,-9.9997790831094e-05,0.0008972959685243426,-0.000910945742109032,-0.0008435201459233791,0.0019597486270768747,-0.00036864901960418126,-0.0007345336403593578,9.115801560969154e-05,-0.006057710287790814,0.006057710287790813,0.0022551805661780093,-0.002258417943613985,0.006843755132205776,0.006756628768181526,0.006316779668439791,0.005523010927696399,0.005299065631702446,0.0031343827099228894,0.003792517984766929,0.0035301081158178745,-5.737946767379408e-05,-4.560263341439449e-05,-7.632084455915858e-05,-3.273138952887249e-05,0.002029641784156227,0.0011631585835806097,0.0037400352854929193,0.0018673168447401682,0.12040000000000001,0.07480614852502042,0.05778479699108061,0.008178318934333016,0.005320203264366028,0.0030666057445019814,0.0020333728382134642,0.007489750570162066,0.0006346537013837722,0.00084618880392177,0.00026690498356661394,7.922795301310767e-05,-0.00018913557702464405,0.0008220342952256739
KXBTCMINY-27JAN01-50000.00,-0.005821619458948723,0.005923241344272258,-0.0003815823888264431,0.001222283154836715,-0.0006516506664190512,8.728671434827211e-05,-0.0013501277991630884,-0.0007165449220250348,0.0014180659224034863,-0.001037434692612331,-0.002491727102662953,-0.0007705810567470719,0.0005285416217739823,0.0007069017413895456,-0.0007069017413895317,-0.0007409983194244288,0.00010583717456668413,0.0005062291970087983,0.00020567042065971087,0.00044430657301315765,0.00015604669923980572,-0.0002544007967969028,-0.000745001370045765,0.000908753676699695,-0.0010662232752447983,-0.0003815371191365212,0.0005300337484423251,0.0012687452445146337,0.00027892744815496864,-2.915947959938959e-05,0.0007864195638866304,-0.0007864195638866555,0.0005728761673461295,8.122287258551189e-05,-0.0007321085426789337,0.0008439836753058682,0.0018491803360039766,-0.0028550333300449136,0.0028509414851606548,-0.0011937192884957809,-0.0016123640665556354,0.0012476036930743498,0.0016272487850049278,-0.0016272487850049538,0.0002592876559949335,-0.000792831644896238,0.0003669525418010418,-0.0027822166277622585,0.00017885074523931442,0.0034425069041846943,-0.002858794621865815,0.0003556422396925687,-0.00021473290833909521,-0.00021511369166039612,-0.0014170093859242386,0.0007124347289305601,-0.0006611931232135253,-0.00042726943477522497,-0.0016936720524606008,-0.0006719441894111663,-0.0018132193931848823,-0.0010204561627567606,-0.0008130761532075464,0.0013062640123829667,-0.00011922612517757233,0.0063612311894326095,-0.0063612311894326,-3.8557151325437936e-05,0.00010092252105364724,-7.936167211426313e-05,-3.8286801048246445e-05,-0.000171182934079007,-6.743233511762633e-05,5.40226371684939e-06,-4.976849261150237e-05,-2.674559271373285e-05,0.00014068470454212817,0.0002214204700336524,0.00019209696361801958,1.4016510540330377e-05,-8.095739800549711e-05,-0.00012004193253581312,8.058464788375234e-05,2.2057830582793396e-05,-0.000386201066729183,0.0007704970454800399,-0.0005769684202573515,0.0007147230610505557,-0.000312864405722487,-0.0003317928847166496,0.00013201265135999208,9.752834614437153e-05,-0.0005112882540526853,3.285647070621988e-05,-0.00026646544064259253,0.0002604470678328793,8.386661421549434e-05,-0.0012908132599088256,-0.0026089134703707337,-0.0002547524855696369,-0.0014484712339894797,-0.0026420659241412564,0.00048144712891249925,6.648572250767009e-05,-0.001123528340306407,-0.0016182806939371184,-0.00046064419222669015,0.00018860281727400003,0.001605132056233063,0.0013373220691414013,-0.0004647280857183678,0.0009707713363256433,-0.000310874982832215,0.00010677163731624089,-0.00010787430835434526,6.186229493302978e-05,-5.4261186339174235e-05,0.0001418194241332247,6.988612571190046e-05,-0.0002637937139620532,-1.8321432910478152e-05,9.431381828742084e-05,-0.0001560147630290735,7.807135445143078e-05,6.736030538863343e-05,-0.00011686457606541702,0.0010568627514822271,-0.0010718563952441368,-0.0009919109566921946,0.002307200426695329,-0.0004328923687847037,-0.0008644035321975205,0.00010802078988944371,-0.007128219896655557,0.007128219896655567,0.0026538085412520056,-0.0026576183225248246,0.008053101866661205,0.007950580663933476,0.00743301380190731,0.006498988003679143,0.0062354135524854415,0.003688327346257001,0.00446265950737045,0.004153890532502872,-6.762411961231948e-05,-5.3763039692339476e-05,-8.990780083532014e-05,-3.852996642661976e-05,0.0023881400859055765,0.001368455417855944,0.004401046193637244,0.002197463868464206,0.07480614852502042,0.1411,0.08494371877999618,0.009623547424125255,0.00626037026548681,0.0036085292105945245,0.002392714390423712,0.008813287277364672,0.0007469900333904789,0.000995798211485005,0.00031413814962586817,9.324116471472437e-05,-0.0002225713981665243,0.0009675119857008602
KXBTCMINY-27JAN01-55000.00,-0.005830558142144101,0.005931910750072733,-0.0003823071348611788,0.0012239723038288486,-0.0006526529822397965,8.733834709071279e-05,-0.0013521135523247147,-0.0007176327662489669,0.0014201203158322037,-0.001039014614274456,-0.0024954237628977086,-0.000771760133940412,0.000529242461258207,0.0007076491557255273,-0.0007076491557255399,-0.0007416806764004145,0.00010574918732867316,0.0005064115098379124,0.00020563983615004593,0.0004442463572636115,0.00015596282650360492,-0.0002546164197355716,-0.0007455755892372157,0.0009092989039613218,-0.001067416745304024,-0.0003821856785690542,0.0005299805797046586,0.0012699611200810892,0.0002791287141212129,-2.9258520380862767e-05,0.0007871658824382778,-0.0007871658824382674,0.0005799379359296625,8.540103375107757e-05,-0.0007285139664795447,0.000851608606964166,0.0018586047364387078,-0.0028593168115385067,0.002855218407186704,-0.0011927760931769442,-0.0016119685693347337,0.0012514390152772899,0.0016296616179658904,-0.0016296616179659095,0.0002596382038320778,-0.0007939814851614624,0.00036744926278382915,-0.0027864538341859707,0.00017911887832900672,0.0034477259090072445,-0.002863192915910644,0.00035577965523411954,-0.00021638920331712203,-0.00021677863556615517,-0.0014209972628685167,0.0007122804615504836,-0.0006638356440409599,-0.0004293860285679709,-0.0016981440605554484,-0.0006744637282487917,-0.0018179729627957463,-0.0010240699585163208,-0.0008140814514925653,0.0013079923993961585,-0.00011946543386919632,0.006370717756366748,-0.0063707177563667484,-3.8961934776818636e-05,0.00010123195515273828,-7.998686657212923e-05,-3.8916096851142427e-05,-0.00017190323093288544,-6.818513515408142e-05,5.287769927653178e-06,-4.965782258161185e-05,-2.6777150266214813e-05,0.00014036434897730634,0.00022125694871526387,0.00019198176906299507,1.3882606210600422e-05,-8.10483630636385e-05,-0.00012004330477549849,8.01633544542593e-05,2.189065697913702e-05,-0.00038639753722518125,0.0007713940741899052,-0.0005768935038993312,0.0007157326246975598,-0.0003125835341163724,-0.00033149538317990253,0.00013217433801604217,9.802231893178093e-05,-0.0005111052258715834,3.330093011141807e-05,-0.0002657287080771345,0.0002601377026508826,8.385742352962858e-05,-0.0012930292751869464,-0.0026131114761390535,-0.00025532714889359924,-0.0014509104067232216,-0.002646307344272547,0.00048194650549164054,6.644862909457755e-05,-0.0011254758114973675,-0.0016209739804009336,-0.0004600209876104776,0.0001903975780448027,0.0016094919190286058,0.0013412932639461496,-0.0004639412054435731,0.0009741610322195399,-0.0003106050980320209,0.00010688089956433603,-0.00010798445945637723,6.166001602680312e-05,-5.438486829264781e-05,0.00014173132581322886,6.966724750541698e-05,-0.00026418228314715217,-1.8390815675260457e-05,9.424848213597502e-05,-0.00015621183837223534,7.798895621096684e-05,6.729217284870696e-05,-0.00011602729207655084,0.0010597123979919146,-0.0010733761191480554,-0.0009925552038218969,0.002312098043843509,-0.0004324071642717067,-0.0008657784854874653,0.00010913192878155745,-0.007138975342251611,0.007138975342251622,0.002657933952613141,-0.0026617498605547366,0.008065160472094737,0.007962487136406328,0.007444154167433265,0.006508740051542623,0.00624470102649714,0.0036939421153086363,0.004469308362184522,0.004160090311559525,-6.785841082832722e-05,-5.397271127122567e-05,-9.016926396093118e-05,-3.860618482039758e-05,0.002391522387964945,0.0013702029103016954,0.004407781721800898,0.0022009753378248163,0.05778479699108061,0.08494371877999618,0.17709999999999998,0.009638025890908208,0.006269801018782396,0.0036139703549761372,0.002396333890341031,0.008826531623773344,0.0007483540498200135,0.0009973940766047425,0.0003146980652588739,9.339764954879878e-05,-0.0002229228994087322,0.0009692444279455099
KXBTCMAXY-26DEC31-119999.99,0.0023636114629067605,-0.0024062759603252757,0.0001546580451660242,0.0009678823483079049,-0.0005126126828894693,7.108874805704916e-05,-0.001064147331616354,-0.0005636850471579589,0.001123439182947095,-0.0008177862778064383,-0.0019671038015024542,-0.0006067026185892421,0.00041985831876955465,0.002730198184465547,-0.002730198184465556,-0.0009768788974126616,0.00013710596108151057,0.0006636988453172653,0.0002682900511936395,0.000579805141682774,0.00020277716042584227,-0.0003352582748394039,-0.0009808080995200583,0.0011941856443502025,-0.0014081045822330026,-0.000506625831556665,0.0006919317063917381,0.0016727733720955582,0.00036683867481208856,-3.946185296838015e-05,0.0005249284992438132,-0.0005249284992438097,-1.3216565379716179e-05,8.763280837115479e-06,5.880771299604669e-05,-2.872543350596718e-05,-8.705493128474622e-05,0.004325949390163356,-0.00431975000826564,6.678081063262248e-05,8.287423692114222e-05,-2.907031008258277e-05,-0.003023026636610433,0.003023026636610423,0.0009283164198538961,-0.002840155120528182,0.0013137941720200866,-0.0006078959160684851,3.845963385874676e-05,0.0007509077552216208,-0.000625275769466436,-3.498092531822871e-05,1.7604287788489975e-05,1.7618145424768978e-05,0.000132067478230854,-7.143263114961485e-05,5.98351058537597e-05,3.778027992255872e-05,0.0001585370674032439,6.118515448211889e-05,0.0001697963509324159,9.338217742634388e-05,-0.00021869010110611565,0.00035169309312070075,-3.232868001908987e-05,0.0007779814560193702,-0.0007779814560193727,0.0005349859097999627,-0.0013490940981584,0.0010869593846220798,0.0005466701881476964,0.0023016170577754816,0.0009386857610477464,-3.5013625628180594e-05,0.00035783588876808466,0.00019569016967322807,-0.0010112131582991363,-0.0016041522396062539,-0.0013926921113387963,-9.696358993853722e-05,0.0005921238011023913,0.0008730428783463599,-0.0005703595084803866,-0.0001541914003472744,-0.000932945322402061,0.0018693885381279095,-0.0005128958536453729,0.0006424013451158215,-0.00027658200921846566,-0.00029330371015418954,0.00011825087993920503,8.989129689546197e-05,-0.00045373361535480173,3.2024818912697396e-05,-0.000232308208544708,0.00022938455547120932,-7.016278507746881e-06,0.00010053250399085307,0.000204263595016784,1.9355955836535406e-05,0.00011298627147090875,0.00020690404288556752,-3.877698111402814e-05,-5.656477261117494e-06,8.744486826476499e-05,0.00012635581033266802,-0.00036972220504097515,0.0001559772257252695,0.0013030251155895412,0.0010866211029970578,-0.0003720524633759629,0.0007901404425737973,-0.00025162511912136767,-0.0009163014922110916,0.0009257538769587395,1.4815283865483804e-05,-1.3836430576617852e-05,3.538922161270686e-05,1.6750077856361827e-05,-6.746964723974636e-05,-4.6246851393340846e-06,2.360180883013959e-05,-3.9640680203161164e-05,1.9455199180285735e-05,1.6841508386247356e-05,-6.981570769338434e-05,0.0006198645299226956,-0.0006335534348377643,-0.0005843997219150024,0.001354662818511047,-0.00025532512561974804,-0.0005118658236263287,6.266355813248578e-05,0.001982023635951395,-0.001982023635951399,0.00036790876270862316,-0.00036843782531091444,-0.0007541716533547012,-0.0007445650001541855,-0.000696076496462806,-0.0006085933740157111,-0.0005840095947712092,-0.0003452815625813815,-0.00041795871992179396,-0.00038905741296748,9.749087151432466e-05,7.75269139592305e-05,0.00012952416107863958,5.540702149311547e-05,-0.0022872118809709194,-0.0013099365578058517,0.002214991164366615,0.0011068593321441366,0.008178318934333016,0.009623547424125255,0.009638025890908208,0.1056,0.03393012254942632,0.006420730835960076,0.004186958776712577,0.036381102060551264,-8.214194018852038e-06,-1.3533094453137278e-05,-3.6843169598997013e-06,-1.192216921281509e-06,3.05961378527319e-06,-1.1105737065774977e-05
KXBTCMAXY-26DEC31-129999.99,0.0015372714358171408,-0.0015658422954623124,0.00010038790760676238,0.0006303615382670842,-0.0003324079022702079,4.714999836465281e-05,-0.0006909898039535014,-0.00036555697793403476,0.0007317303705089985,-0.0005309750635268898,-0.001278473678861611,-0.0003936351776484974,0.00027399248486744635,0.0017755076388525893,-0.001775507638852586,-0.0006349213070570691,8.876390932410621e-05,0.00043084870076762997,0.00017397012705645533,0.00037603340008260583,0.0001313782351305166,-0.00021790877386266826,-0.0006373063086138678,0.0007755974072399763,-0.0009154862494965988,-0.00032974780205487545,0.0004487928602748938,0.0010871340925956707,0.0002382658545476703,-2.5811691259040007e-05,0.0003407538208619267,-0.0003407538208619127,-1.420714406334705e-06,1.045056609296299e-05,4.372031748807769e-05,-1.1347184465406422e-05,-4.894717361505779e-05,0.0028140895385526743,-0.0028100581393371077,5.032060570978903e-05,6.0910422758488425e-05,-1.3367672593272455e-05,-0.0019665912605954035,0.0019665912605953953,0.0006038927445290658,-0.0018475975752139705,0.000854654770422654,-0.00039583843297919744,2.4839111914731884e-05,0.0004885557510725985,-0.00040734629295814917,-2.3038936619102472e-05,1.027466984097674e-05,1.0275106459123373e-05,8.422792443139946e-05,-4.7544073024456915e-05,3.745312263964953e-05,2.328600137150332e-05,0.00010137950535503666,3.8451887258132296e-05,0.00010860695494165065,5.887407088037095e-05,-0.0001421629110199467,0.00022866865850331304,-2.104360884347746e-05,0.0005061429985003332,-0.0005061429985003331,0.00034736380211119273,-0.0008773717248307428,0.000706153668984548,0.00035445259699249835,0.0014964261583636025,0.0006093906375761367,-2.2868935694866673e-05,0.00023295821559425042,0.0001273256929395596,-0.0006583088102578906,-0.0010440153029978316,-0.0009063664694609723,-6.321232750420899e-05,0.00038524151629464336,0.000568127984863553,-0.00037149098253445466,-0.0001004719998791314,-0.0006065685013890102,0.001215861560451498,-0.00033315581469530294,0.0004177504000278157,-0.0001795521638161208,-0.00019040295667852023,7.680332191311882e-05,5.859143225142261e-05,-0.0002946661199491185,2.0976810247934858e-05,-0.0001505697347133691,0.00014874984273491304,-4.694657113290816e-06,6.504293999876522e-05,0.0001325034797637738,1.2366507937749617e-05,7.315684208507343e-05,0.0001342309439497205,-2.5504514869620827e-05,-3.812925019168201e-06,5.655655135468371e-05,8.185353385868086e-05,-0.00024186012325545266,0.00010015659082485189,0.0008464299207250549,0.0007056346093500762,-0.00024332228253833648,0.0005127225331490255,-0.0001650883812416968,-0.0005961757937317036,0.0006023257899027865,9.403785239641439e-06,-8.96671735746483e-06,2.2795065069304885e-05,1.0633964901052096e-05,-4.380667028721471e-05,-2.980649494385223e-06,1.5221016774118512e-05,-2.567559410516292e-05,1.2529662822273677e-05,1.0860434081052854e-05,-4.690164596944519e-05,0.00040172889752061356,-0.00041365275861113683,-0.00038178401553919507,0.0008798439790102101,-0.00016771827922386752,-0.00033433292716862623,3.950250884559934e-05,0.0012891731354376936,-0.0012891731354376934,0.00023961695681361657,-0.00023996172395554285,-0.0004906320269433284,-0.0004843803966299994,-0.0004528293411397497,-0.00039591238354830607,-0.00037995447365961576,-0.00022457975975092459,-0.0002719172706719011,-0.00025312051779532226,6.317701092207564e-05,5.0180408032655173e-05,8.404185292062812e-05,3.601326059133201e-05,-0.0014880113241972654,-0.0008523042498355182,0.0014410721125587263,0.000720283588801725,0.005320203264366028,0.00626037026548681,0.006269801018782396,0.03393012254942632,0.0651,0.002257816215547407,0.0024763802752097337,0.006770015686857879,-4.530823041404555e-06,-8.51433803130763e-06,-2.1255633833430004e-06,-7.254272168268809e-07,1.93645187140568e-06,-6.315317805529346e-06
KXBTCMAXY-26DEC31-139999.99,0.0008859989985862574,-0.0009027209567819739,5.779558383900775e-05,0.00036353971330832296,-0.00019132809673842635,2.7414300452628938e-05,-0.0003979667393877321,-0.0002104164254253404,0.0004220130539114949,-0.00030579564705749627,-0.0007366214098905391,-0.00022662520327827837,0.00015815841274112504,0.001023215339736756,-0.0010232153397367522,-0.0003657696672860614,5.1018445454983343e-05,0.0002480297070550969,0.00010008498558884422,0.00021635040260354927,7.554422722944806e-05,-0.0001255343442668195,-0.0003670841695837119,0.00044662279694632884,-0.0005275040278701734,-0.00019012649525899553,0.0002582255998500824,0.0006262664613518026,0.00013721130557932995,-1.4923132997245384e-05,0.00019614332416180566,-0.0001961433241618122,1.7192733584667727e-06,7.690363079779247e-06,2.7120408618970973e-05,-3.9404625685589015e-06,-2.5491396079422194e-05,0.001622042532226395,-0.001619719250713201,3.154926190564976e-05,3.769782802329094e-05,-5.654054311360178e-06,-0.0011335748486147124,0.0011335748486147135,0.0003480831325433435,-0.001064967413937335,0.0004926219545694854,-0.00022829339737158374,1.4260424012061111e-05,0.00028163552252211604,-0.00023499491278544758,-1.3388011037834334e-05,5.491415865094143e-06,5.488616646492686e-06,4.7935211941871464e-05,-2.779865527577265e-05,2.1050620300480092e-05,1.2948757627825763e-05,5.779717190060179e-05,2.1670563019140936e-05,6.192803350803105e-05,3.325189677100291e-05,-8.189535882209271e-05,0.00013175181529964024,-1.2138880750802542e-05,0.00029176544869883686,-0.0002917654486988445,0.00019999815433166258,-0.0005056372848836537,0.00040670994687421976,0.00020391342526014238,0.0008622655709949182,0.00035083126120471976,-1.3218962205655752e-05,0.00013434675388470887,7.33996343312056e-05,-0.0003796434111571336,-0.0006019607977556167,-0.0005225849431050962,-3.648877350894824e-05,0.00022207412954158606,0.0003275455771068634,-0.00021431043731083788,-5.7978590741300874e-05,-0.0003495101286178329,0.0007007526416539425,-0.00019182962800220923,0.00024074735315557028,-0.00010333962658129302,-0.00010958334482980258,4.4231925425066416e-05,3.382785445047937e-05,-0.0001696423086792541,1.2157941654552425e-05,-8.655677310934767e-05,8.555899300910684e-05,-2.760548223100097e-06,3.7350857463064595e-05,7.622926702910722e-05,7.037834923352516e-06,4.2033069704015436e-05,7.722871718108298e-05,-1.4811478134458913e-05,-2.25339713822408e-06,3.246968681380036e-05,4.704582920265891e-05,-0.00013969408753201651,5.747309339539675e-05,0.0004876916696618154,0.0004065314675110351,-0.00014050842415964707,0.00029532009457017435,-9.550126442929415e-05,-0.0003436767894040999,0.00034722207838079025,5.3445405130172635e-06,-5.1501717801582266e-06,1.3066491158432008e-05,6.0438305317519556e-06,-2.5214710839787707e-05,-1.702717652454115e-06,8.733437344368002e-06,-1.4754430873816408e-05,7.184165712349618e-06,6.232868872503533e-06,-2.7547328907814195e-05,0.00023104450929224764,-0.00023898211804709757,-0.000220628844998491,0.0005066783937096796,-9.723431271370348e-05,-0.00019321069446461597,2.233665590794019e-05,0.0007430209300587469,-0.0007430209300587271,0.00013821929367540588,-0.00013841825382235012,-0.00028281379312326604,-0.0002792094752666137,-0.0002610199033680817,-0.0002282093408099359,-0.00021902693760914445,-0.00012943286440819267,-0.0001567465718336511,-0.00014591216836783096,3.633757441169669e-05,2.8843934703691316e-05,4.837200764967263e-05,2.0748430212818483e-05,-0.0008577493780234304,-0.0004913375842358144,0.0008307035183592516,0.0004152621249040366,0.0030666057445019814,0.0036085292105945245,0.0036139703549761372,0.006420730835960076,0.002257816215547407,0.05639999999999999,0.007981628060784639,0.009349618257201629,-2.311743340088621e-06,-4.800904246998473e-06,-1.1250690780529797e-06,-3.996305047742341e-07,1.0962910396642072e-06,-3.304635291307213e-06
KXBTCMAXY-26DEC31-199999.99,0.0005869301977520816,-0.0005993871907319687,3.795257568245994e-05,0.00024247160968258165,-0.00012475191994503946,1.9966649175533667e-05,-0.0002613432118642079,-0.0001372578064418689,0.00028160372074489314,-0.0002007363667673717,-0.0004860592383463636,-0.00014819367290252653,0.00010657149135176133,0.0006777072441573853,-0.0006777072441573846,-0.00024176544766842944,3.319437943698858e-05,0.00016315529013253806,6.554332302245421e-05,0.00014180072186470547,4.930531562396151e-05,-8.30041339046438e-05,-0.0002423942817724618,0.00029434915647298464,-0.000349066466933275,-0.00012634139098756982,0.00016930852639134643,0.0004137541233489805,9.042782658979143e-05,-1.0122479708543517e-05,0.00012911532802129363,-0.00012911532802130281,1.1260488881870249e-05,1.1878583347765652e-05,2.576732306039905e-05,7.70898076213724e-06,-6.094783579117752e-06,0.001075472001226234,-0.0010739339685840873,2.99274295778589e-05,3.416304185251518e-05,3.5059620051394323e-06,-0.0007516656106080551,0.0007516656106080516,0.00023083368445196554,-0.0007061767376339477,0.0003266837044656471,-0.0001519668370338413,9.161664657856814e-06,0.0001868255951042551,-0.0001567138551769045,-9.226404454230875e-06,2.070382026744307e-06,2.0565344187206106e-06,2.9520481385545577e-05,-1.9865579108281362e-05,1.1989950517782735e-05,6.868890176303075e-06,3.596714155346493e-05,1.2561027225537033e-05,3.857425274600364e-05,1.9535378302820265e-05,-5.423975242203888e-05,8.727808310255172e-05,-8.038989805092907e-06,0.00019349927021723983,-0.0001934992702172423,0.00013163726273984533,-0.00033491505197714554,0.00026828675962527985,0.00013344760842782488,0.0005705105833156204,0.00023077165801280877,-8.865426831973517e-06,8.929816446202069e-05,4.870611527413157e-05,-0.0002523198337003568,-0.0003997182891279441,-0.0003469778859034571,-2.4354653194541845e-05,0.00014731929600379713,0.00021742760713935666,-0.00014263536858171965,-3.8636645405941765e-05,-0.0002312863216474446,0.0004643356541790711,-0.00012667249854802451,0.00015939199873778311,-6.814663951925783e-05,-7.225569234102115e-05,2.91262335829381e-05,2.2501974615526576e-05,-0.00011195905112103071,8.166867065219668e-06,-5.6843282625399115e-05,5.616081211851823e-05,-1.9624859418602924e-06,2.4353664154475416e-05,5.0103185877545694e-05,4.415484073561412e-06,2.7470197320027853e-05,5.0778048897523536e-05,-1.0141943800812766e-05,-1.6297566053612541e-06,2.1151238026570636e-05,3.079259104039943e-05,-9.570713813273891e-05,3.4996506276045584e-05,0.00032020804044814526,0.0002663539331673347,-9.622952152283198e-05,0.00019255023466831862,-6.623282722660389e-05,-0.00022801014210663566,0.00023036206788902737,3.1716381612684113e-06,-3.4049105845764234e-06,8.299238865497274e-06,3.593543335135286e-06,-1.6637987303373588e-05,-1.1237540248026514e-06,5.561985474132824e-06,-9.660776805495497e-06,4.544076748301272e-06,3.957813103391368e-06,-2.043677836627432e-05,0.0001509554721841962,-0.00016049821077911765,-0.00014861365700292393,0.0003338401069981275,-6.684805433378315e-05,-0.00012989130477840402,1.2947850811471714e-05,0.0004924373760796238,-0.0004924373760796239,9.203462994464703e-05,-9.216726226350552e-05,-0.0001875523405209592,-0.0001851594348483433,-0.00017308991323293672,-0.00015132887385932564,-0.00014526629053105168,-8.580110645967551e-05,-0.00010395188443822694,-9.678210520004118e-05,2.3702749837986463e-05,1.871386596163326e-05,3.172913997107598e-05,1.370944812943186e-05,-0.0005688884613653583,-0.0003259684546540191,0.0005510433209566807,0.00027569731025259243,0.0020333728382134642,0.002392714390423712,0.002396333890341031,0.004186958776712577,0.0024763802752097337,0.007981628060784639,0.0196,0.007188379698609113,-4.6382580160589136e-07,-2.803379661999638e-06,-3.897199047096075e-07,-1.991016302653548e-07,6.560507473555196e-07,-9.95762109605906e-07
KXBTCMAXY-26DEC31-99999.99,0.002164934158995986,-0.0022031544668304377,0.00014186615196856998,0.0008856706306414092,-0.0004704856684325543,6.42173843051653e-05,-0.0009757792803105931,-0.0005173301879122295,0.0010279637573730096,-0.0007499216323622601,-0.0018026234940231622,-0.0005566345026189436,0.000383660626556488,0.0025009666979233054,-0.0025009666979233314,-0.0008952745675558172,0.00012603601531940083,0.0006088319622050884,0.00024632484808775884,0.0005322702906941808,0.00018629792355922861,-0.0003072476954173514,-0.0008990656429517186,0.0010950461791096096,-0.001290146665156827,-0.0004637806269702725,0.0006351610173567164,0.0015331105992289471,0.0003363654904335763,-3.5988051200669364e-05,0.00048157502555050446,-0.0004815750255504891,-2.0196833143338994e-05,2.691611805163238e-06,4.7716381332919955e-05,-3.45906988236982e-05,-8.839817692489051e-05,0.003961790448205702,-0.003956111497025177,5.317837844206719e-05,6.777738283821459e-05,-3.305789827365369e-05,-0.002768457963195607,0.002768457963195577,0.0008501668349452135,-0.0026010311577167383,0.0012031940949699406,-0.0005562886294649715,3.541474838203688e-05,0.0006875999031723449,-0.0005719814482728067,-3.170560039417447e-05,1.7468763764179677e-05,1.7491144232991394e-05,0.00012287238394035748,-6.418810549548853e-05,5.647880876658377e-05,3.6077332154947414e-05,0.00014719013287289338,5.757716472386666e-05,0.0001576118350510178,8.765968116951169e-05,-0.0002004115384581302,0.0003222352576064092,-2.958484890790475e-05,0.0007124191945111672,-0.0007124191945111504,0.000490674126321724,-0.001235786272270506,0.0009964899125206545,0.0005019365591034011,0.0021087615358085284,0.0008610392963217993,-3.19548094294571e-05,0.0003275001195474534,0.00017918744901209094,-0.0009254971981262846,-0.0014685335866069936,-0.0012749814726569842,-8.863960496077795e-05,0.0005422133817975386,0.0007993142621594881,-0.0005217930855365572,-0.00014101057957084144,-0.0008547771024613848,0.0017122478664667842,-0.00047031565629531043,0.0005884735435570141,-0.00025375122715076356,-0.00026909740228617533,0.00010842441858595865,8.217092706920613e-05,-0.0004161387956567222,2.914198424167255e-05,-0.00021342931261320242,0.00021062514912208914,-6.26341129549434e-06,9.249633188570405e-05,0.00018751480951928758,1.799962250358961e-05,0.00010388593452320268,0.00018992140921850615,-3.517583938443215e-05,-5.014734268569913e-06,8.047824208656402e-05,0.00011613024650704054,-0.00033737859584540296,0.00014399805536039937,0.0011943234444128123,0.0009961577102377299,-0.0003395882988021542,0.0007246883787360376,-0.00022910088084529006,-0.0008390398071349814,0.0008476951842894427,1.3818843959872428e-05,-1.272190799789293e-05,3.265114905860954e-05,1.562234580698933e-05,-6.189541580003445e-05,-4.277225598485619e-06,2.175121184348104e-05,-3.643993487855274e-05,1.7947048806698506e-05,1.551862441928073e-05,-6.230120305094223e-05,0.00056932735441417,-0.0005784991551449038,-0.0005334017545261598,0.0012421264937433332,-0.00023204031103254562,-0.00046722592201143686,5.8773250838593584e-05,0.001815362352200518,-0.00181536235220053,0.0003366089942034356,-0.0003370927972977491,-0.0006906453105722382,-0.0006818500906798014,-0.0006374538995063371,-0.0005573454353630437,-0.0005347864966825109,-0.0003162571308160091,-0.00038273679266557364,-0.00035626612481925795,8.954458918384183e-05,7.127053099105816e-05,0.00011885357211634206,5.0774995201312065e-05,-0.002094496477482404,-0.0011994595432058995,0.0020283159274031913,0.0010133958276154877,0.007489750570162066,0.008813287277364672,0.008826531623773344,0.036381102060551264,0.006770015686857879,0.009349618257201629,0.007188379698609113,0.18240000000000003,-8.464790999686585e-06,-1.2729065719230376e-05,-3.6885452484828703e-06,-1.1499719169286966e-06,2.8644999733417495e-06,-1.1224861206594966e-05
KXVENEZUELALEADER-26DEC31-DFIG,0.0009637925984312654,-0.0009866454278982272,6.277265692173726e-05,-0.00020652367405876075,9.176154227738549e-05,-2.4425532269524708e-05,0.00019878672052604378,9.982203514997495e-05,-0.0002532522185542407,0.000158650178854677,0.00039572835862814804,0.0001123175483188255,-9.737589135356384e-05,-0.006750078411358742,0.00675007841135874,-5.78543127360374e-05,4.161867726831973e-06,3.294142499145399e-05,1.0976159304417874e-05,2.2520196210494156e-05,6.885110080212243e-06,-1.8289729471603745e-05,-5.4549907245356324e-05,6.493271408167815e-05,-9.107462982438426e-05,-3.91426841679544e-05,2.7170188030091015e-05,0.00010525237839741689,2.227538921692243e-05,-3.1598754419328884e-06,-0.002548236614256203,0.002548236614256213,0.00031781273553020467,6.309362116490903e-05,-0.00028753103016078234,0.00044376310932132224,0.0008875774407526684,-0.007708977660523832,0.007697929061723774,-0.00559248309689421,-0.007762851392199896,0.007011573140902176,0.005583193740958121,-0.005583193740958113,-5.3029966301270916e-05,0.00015727188998369018,-7.506518534461498e-05,-0.00040932787809821786,1.3427479808772119e-05,0.00048053741195234936,-0.00043301485218072774,-0.00015142872062867934,8.637505501305639e-05,8.654892686835977e-05,0.0005864406415467942,-0.0002994025995108109,0.000271785556935172,0.00017389155240774348,0.0007015583706874532,0.0002766096124308549,0.000751232231482898,0.00042093100338089847,-4.5481623778161984e-05,7.425793804619702e-05,-7.422746700238931e-06,0.006423019713167746,-0.0064230197131677465,-0.00015483652169130015,0.0003537217943890361,-0.0003043933813225252,-0.00016959504382341308,-0.0006134687811671818,-0.00027389054842024736,-2.2841647099578705e-05,0.0002165513739908951,0.00011684651043178163,-0.0006118160991553899,-0.0009639425895543284,-0.0008362929621024448,-6.0612346081959153e-05,0.0003530700268385335,0.0005231650685309654,-0.00034906793336470605,-9.530597650325869e-05,-0.0007630067370570052,0.0015239619291101362,0.000299038615871371,-0.0003900776152280154,0.00015789279882447412,0.000167577942952087,-7.363945491688338e-05,-6.000712933767773e-05,0.0002631925727856001,-2.5513291891022025e-05,0.00012610354976035936,-0.00013289975727618785,-2.56133024237091e-06,-3.202604806222242e-05,-4.91102228645172e-05,-1.2427390760857006e-05,-3.355544408571549e-05,-4.891866414418194e-05,-7.41284499293719e-06,-2.933886395670952e-06,-2.8440623247997894e-05,-3.563812747923687e-05,-0.00013015026873018052,6.50417138590476e-05,0.0004910797587564227,0.0004115865666551629,-0.00012908141874852513,0.0003021013963832091,-9.167364845117154e-05,-0.00019583072979691564,0.0001978543935548481,0.0003474235011423404,-0.0003100653807145743,0.0007978673891311801,0.0003928933378368947,-0.001494476526807705,-0.00010692232990410859,0.0005294289247273381,-0.0008850134167654567,0.0004376911911506825,0.00037714822125557484,4.664903640985246e-06,-0.0001139803449657672,0.00010643144668879138,9.29871568197758e-05,-0.00023986857664645207,3.5712035816591276e-05,8.785234390287356e-05,-1.751170481099326e-05,-0.007329869190652037,0.007329869190652016,0.008154906817122751,-0.008166608791915662,-0.0010387287419129083,-0.0010254185397750016,-0.0009584879018794026,-0.0008380149584816934,-0.0008044185574500514,-0.0004752437272420016,-0.0005754951032783241,-0.0005362414797529086,-0.000115730350093196,-9.191662642247522e-05,-0.00015375537717491028,-6.554724807673323e-05,0.0009079931347385683,0.0005244211421613878,7.232707118757814e-05,3.258470043228764e-05,0.0006346537013837722,0.0007469900333904789,0.0007483540498200135,-8.214194018852038e-06,-4.530823041404555e-06,-2.311743340088621e-06,-4.6382580160589136e-07,-8.464790999686585e-06,0.022470999999999998,0.0019142618959909644,0.001007604608077447,-8.543484252268279e-05,6.781477692291001e-05,0.0074618989621477085
KXVENEZUELALEADER-26DEC31-DROD,0.001284244014473187,-0.0013079652535177766,8.437516174610574e-05,-0.0002787943807661135,0.00014125266426977452,-2.3876129575468654e-05,0.00029634260806584724,0.00015497832718780013,-0.0003281219268100532,0.00022967458012112545,0.0005576286121043576,0.00016849449667551754,-0.00012373391755050249,-0.00895471463001752,0.008954714630017522,-9.302713595643878e-05,1.1431818995075674e-05,6.063093927723859e-05,2.356125337194017e-05,5.0605517246922656e-05,1.7242914152772803e-05,-3.143837022420403e-05,-9.210053736449082e-05,0.00011128741508301697,-0.00013683565673849505,-5.163831135622876e-05,6.0527501193315127e-05,0.000161167905160712,3.4936934805976095e-05,-4.1922004699427834e-06,-0.0033466178794437553,0.0033466178794437683,0.0003785647592237666,7.155218957108277e-05,-0.0003980952706910543,0.0005393599674826685,0.001127187780014444,-0.010248862484266905,0.010234166059068895,-0.007978692246169998,-0.010873693400302325,0.008876781081618178,0.007434433233301726,-0.007434433233301731,-6.818291076429988e-05,0.00020623615438092845,-9.649242215303583e-05,-0.0005201990009282831,2.9374800951680746e-05,0.0006354143669929975,-0.0005385856131109523,-0.00019675198077294702,0.00012134230949770733,0.00012156790255776267,0.0007886209685427557,-0.0003927623323869157,0.0003693457432213917,0.00023927481614953864,0.0009420794804400939,0.0003750584609493976,0.001008517711896598,0.0005692660696992654,-6.288740293236623e-05,0.00010166635467805706,-9.669992329287924e-06,0.008536186811997241,-0.008536186811997248,-0.00018937381833568462,0.0004633042879032809,-0.00038080203871035726,-0.00019798264854020893,-0.0007943250194155697,-0.0003331427648526774,-2.8311041155283297e-05,0.00028431304271339317,0.0001550184069053317,-0.0008034173299139012,-0.0012725846357947291,-0.00110466365817321,-7.760698475074482e-05,0.0004689332857841528,0.0006921610494598571,-0.0004543315442038686,-0.00012309983475523558,-0.0010130220485188289,0.0020272753494499085,0.00041031560094906787,-0.0005165742212842592,0.00022069406870325916,0.00023408813100129285,-9.585564101312742e-05,-7.330421680936305e-05,0.0003628143426229781,-2.6894379068132264e-05,0.00018437083091434416,-0.0001840124687969386,-9.75102098462773e-07,-2.7252306339677494e-05,-4.810338611535489e-05,-8.375200401918893e-06,-2.946575066281528e-05,-4.839956850329705e-05,1.7557314773586288e-06,-1.3073499803815405e-06,-2.405471340033844e-05,-3.210763362579324e-05,-0.00017729315115200917,8.053250499367808e-05,0.0006431365549061542,0.000537335466928605,-0.00017775212886902736,0.00039218241395626036,-0.00012140402346397025,-0.0002557946234139448,0.0002584350293059795,0.00045552293292659024,-0.0004103716265239449,0.001056783155668759,0.0005150023139939224,-0.001985857530433729,-0.00013988711225135664,0.0007023608633983268,-0.0011735729008871716,0.0005803633781831712,0.000500753877264725,1.2773993068912626e-05,-0.00014409411373178554,0.0001417097253831504,0.00012958525180538534,-0.00031098579979702164,5.469899443174818e-05,0.00011473258424927094,-1.698986739114776e-05,-0.00973963661348708,0.00973963661348707,0.010842286509032843,-0.01085785544445562,-0.001382296629464985,-0.0013646699665257691,-0.001275753412210923,-0.0011153987259986194,-0.001070489873028032,-0.0006326643093971095,-0.0007660736230975132,-0.0007132001295388364,-0.00015449634538912784,-0.00012308098293185204,-0.00020478729452345405,-8.724563638852451e-05,0.0012041113027260264,0.0006908679381350373,9.917254598998756e-05,4.8540536960392375e-05,0.00084618880392177,0.000995798211485005,0.0009973940766047425,-1.3533094453137278e-05,-8.51433803130763e-06,-4.800904246998473e-06,-2.803379661999638e-06,-1.2729065719230376e-05,0.0019142618959909644,0.1275,-0.008949994889769594,0.001166354588903897,-0.02031669538601949,0.010113600266432599
KXVENEZUELALEADER-26DEC31-DRON,0.0004054165090668396,-0.00041425321541314376,2.6561037992632368e-05,-8.751435060542759e-05,3.997490172704715e-05,-9.820249918740079e-06,8.610639325007003e-05,4.362251636984282e-05,-0.00010598196606708246,6.805327362340572e-05,0.00016885171291923843,4.8613031397946116e-05,-4.0737594723651836e-05,-0.0028349077873543807,0.0028349077873543746,-2.5700771936653787e-05,2.1418708976130807e-06,1.512911852131389e-05,5.257046806242042e-06,1.1024754031406947e-05,3.459549144443194e-06,-8.333729064036977e-06,-2.4585473644262313e-05,2.9240063463676352e-05,-3.964366838601297e-05,-1.6496939446160573e-05,1.3274687394281268e-05,4.589818665044392e-05,9.721254901758064e-06,-1.400867079075818e-06,-0.0010669356914818034,0.0010669356914818125,0.00013221936790293025,2.7381252100177428e-05,-0.0001200130236157058,0.00018452667186265873,0.00037096093506740094,-0.0032396787519336553,0.0032350340632552868,-0.0024024004374645753,-0.0033153788899096667,0.0029036712481406795,0.002347460583148317,-0.0023474605831483213,-2.2206003650759085e-05,6.594911525156138e-05,-3.142733368343349e-05,-0.00016954702792061746,6.864597979482544e-06,0.00020163851197724166,-0.00017816891389108784,-6.288982119667589e-05,3.7171989635380826e-05,3.724116696388989e-05,0.00024751911093730765,-0.00012507512601136382,0.00011524602306699844,7.417130906098255e-05,0.00029592809262617105,0.00011717283866756269,0.0003168381487090574,0.0001780908003227653,-1.9198171662905375e-05,3.133331497627175e-05,-3.1474745011139963e-06,0.0026989087624402757,-0.002698908762440284,-6.362494745711594e-05,0.00014803899358605183,-0.00012582564699789158,-6.887025764407824e-05,-0.0002559457952044393,-0.00011238619681612892,-9.440522285881405e-06,9.07207343752805e-05,4.907639162030192e-05,-0.00025632734871822334,-0.00040439477111804364,-0.0003508919972371558,-2.5236169139178588e-05,0.00014834254588067902,0.0002195931039738046,-0.00014593257822407285,-3.976974190088228e-05,-0.00032046023257280623,0.0006405069447315646,0.00012737879306194336,-0.00016373270444734696,6.77825953402222e-05,7.192474999808118e-05,-3.0740325828936505e-05,-2.439703617675208e-05,0.00011233515897230922,-9.82491692572242e-06,5.5200133791761897e-05,-5.688837095470094e-05,-1.3171217488918477e-06,-1.267678516456591e-05,-1.963190814863741e-05,-4.987948848928254e-06,-1.3284173243571693e-05,-1.9595074752574632e-05,-2.566788266235984e-06,-1.4607562069294685e-06,-1.1294490966469608e-05,-1.4139397064826268e-05,-5.493951800535062e-05,2.6974068523268917e-05,0.00020575297614944217,0.00017233617751005764,-5.462926383664911e-05,0.00012635353000718956,-3.844384089535942e-05,-8.190035552314216e-05,8.274662672465973e-05,0.00014514319584075358,-0.00013008185550789179,0.00033470461776557113,0.0001641257067676447,-0.0006278620397255272,-4.467223405987726e-05,0.00022222703562834085,-0.0003715130544505207,0.00018367660506837997,0.0001583502850006364,2.6118434699504092e-06,-4.707636725358035e-05,4.435886789731239e-05,3.956894351486732e-05,-9.984045156142591e-05,1.573191812787048e-05,3.6280971405259926e-05,-6.696766466882491e-06,-0.003079859134365615,0.003079859134365601,0.003427201743474138,-0.003432121539139371,-0.0004366720904082428,-0.00043108450225451313,-0.00040295111643016897,-0.0003522851171132832,-0.0003382488530984717,-0.00019966940225556688,-0.0002420121635722059,-0.00022541587227639258,-4.879600470902989e-05,-3.881607369620118e-05,-6.473937158804955e-05,-2.7568253001683613e-05,0.00038124655345220216,0.00021971697562407814,3.0749624855376534e-05,1.4302463718036676e-05,0.00026690498356661394,0.00031413814962586817,0.0003146980652588739,-3.6843169598997013e-06,-2.1255633833430004e-06,-1.1250690780529797e-06,-3.897199047096075e-07,-3.6885452484828703e-06,0.001007604608077447,-0.008949994889769594,0.035630999999999996,0.0003973295767992053,-0.0008575580847561054,0.004382682621910961
KXVENEZUELALEADER-26DEC31-JROD,0.00012028149941163886,-0.0001226810895040375,7.890223108815603e-06,-2.603818747396743e-05,1.264821605292055e-05,-2.5187287815854317e-06,2.6811695298101414e-05,1.3846265853502203e-05,-3.103007192861546e-05,2.095071572756417e-05,5.1316891745881816e-05,1.5204428605467836e-05,-1.1793867438364672e-05,-0.0008397513177747387,0.0008397513177747493,-8.244729399222014e-06,8.86751796626002e-07,5.171297174162103e-06,1.932003702394279e-06,4.113894974875458e-06,1.365468920908654e-06,-2.7403304515270555e-06,-8.053576412698228e-06,9.676642446330879e-06,-1.2362022112067908e-05,-4.859105838827634e-06,4.9312789786154155e-06,1.446400454530383e-05,3.1081311519902086e-06,-4.00347412165372e-07,-0.00031480055055089053,0.0003148005505508937,3.700981129668027e-05,7.257599889278657e-06,-3.6627538452909674e-05,5.226938403149726e-05,0.00010743408854244235,-0.0009604785447969097,0.0009591013977202055,-0.000732282691328353,-0.001003314923458601,0.0008445107185075156,0.000696390103364708,-0.0006963901033647093,-6.469598551247794e-06,1.9421221269244415e-05,-9.156069221038005e-06,-4.941583394279653e-05,2.4367878101087223e-06,5.964857370257198e-05,-5.150396309684679e-05,-1.8538585514003053e-05,1.1210248490682369e-05,1.1231216831584634e-05,7.367075118866171e-05,-3.693527788229605e-05,3.441020373913163e-05,2.2224067835607878e-05,8.803961196946649e-05,3.4962317235765836e-05,9.425420498236325e-05,5.310011794643366e-05,-5.8102818297122e-06,9.428858951172894e-06,-9.164767152146825e-07,0.0008000544890584456,-0.0008000544890584323,-1.822886689937317e-05,4.3622082692330424e-05,-3.638495951010959e-05,-1.935835908612716e-05,-7.506231579106236e-05,-3.212648809915374e-05,-2.715430166797357e-06,2.6752342043093116e-05,1.45372139440289e-05,-7.559296756613212e-05,-0.00011953103351127762,-0.00010374055439583235,-7.362410554259951e-06,4.3960539856610146e-05,6.496781590978779e-05,-4.287186752945015e-05,-1.1645145090447382e-05,-9.496899359778309e-05,0.0001899478763524274,3.813836152165781e-05,-4.846835189935291e-05,2.041495918483886e-05,2.165767080415213e-05,-9.040333548700963e-06,-7.034060312042563e-06,3.3682907058486475e-05,-2.698105640870751e-06,1.6862497079936263e-05,-1.7069643085972415e-05,-2.0662576338335449e-07,-3.056520435711649e-06,-5.059029363766648e-06,-1.0696874408103063e-06,-3.25370675232611e-06,-5.070239042686963e-06,-2.2050437937740074e-07,-2.426600902373847e-07,-2.70972866002097e-06,-3.504137074037114e-06,-1.6477672481290216e-05,7.736757303703581e-06,6.057967035695699e-05,5.0667910576365294e-05,-1.6463166487975178e-05,3.705226851454138e-05,-1.1387259721544469e-05,-2.4105345519246966e-05,2.4354274764640508e-05,4.2846087306477765e-05,-3.8506382584117056e-05,9.912832475804067e-05,4.84446170105263e-05,-0.00018612541807958997,-1.3169488135314925e-05,6.585307047993067e-05,-0.00011005616957218366,5.442152405592837e-05,4.693900734424022e-05,1.0125809422849293e-06,-1.370430065770689e-05,1.3236289143479037e-05,1.1966998007608975e-05,-2.934879123639064e-05,4.924209541936073e-06,1.0767726020808128e-05,-1.7650715382667768e-06,-0.000912904224921026,0.0009129042249210422,0.0010160819708400451,-0.001017540791465947,-0.0001295068312371769,-0.00012785292020836024,-0.00011951698193581577,-0.0001044927315529543,-0.00010030132660542325,-5.925379869999408e-05,-7.177223593711334e-05,-6.683334998888567e-05,-1.4470427931148738e-05,-1.1519794728593668e-05,-1.918980943381876e-05,-8.174582360597601e-06,0.00011292603413047924,6.491891405357726e-05,9.214743230485542e-06,4.411339186200814e-06,7.922795301310767e-05,9.324116471472437e-05,9.339764954879878e-05,-1.192216921281509e-06,-7.254272168268809e-07,-3.996305047742341e-07,-1.991016302653548e-07,-1.1499719169286966e-06,-8.543484252268279e-05,0.001166354588903897,0.0003973295767992053,0.056399999999999985,-0.012104579752151562,0.00015953261297043265
KXVENEZUELALEADER-26DEC31-NMAD,-0.00028697873886447635,0.00029225543171131584,-1.8832553163185195e-05,6.224667889395868e-05,-3.190793587253765e-05,5.124157020942647e-06,-6.67255079938311e-05,-3.5016305166085305e-05,7.311463026819703e-05,-5.165652321365527e-05,-0.00012509797561981422,-3.799218019251316e-05,2.747460743696366e-05,0.0020008404737499553,-0.0020008404737499406,2.1021686592521743e-05,-2.679045735549938e-06,-1.3848454214324552e-05,-5.4383993018117636e-06,-1.1682146263456361e-05,-4.014584253177008e-06,7.117042595016569e-06,2.0873379278234418e-05,-2.5297290805428863e-05,3.0801816558497365e-05,1.150585755026089e-05,-1.396246057531477e-05,-3.6378198833582435e-05,-7.917569341969582e-06,9.117589489090661e-07,0.0007474015871761396,-0.0007474015871761529,-8.308385281300853e-05,-1.5124040200532193e-05,8.99690392354333e-05,-0.00011893642699083249,-0.00025022353729727616,0.002290272475557558,-0.002286988511912093,0.0017889112512588538,0.0024359605612989475,-0.001978871654976795,-0.001661467366789674,0.001661467366789677,1.516530380160282e-05,-4.601387935133729e-05,2.1462846858838323e-05,0.00011603910565221936,-6.6526348219002085e-06,-0.00014194739178396949,0.0001200286239795275,4.401011443019158e-05,-2.713053855858066e-05,-2.7182113324692842e-05,-0.00017629351849218061,8.776722850018401e-05,-8.256924750778516e-05,-5.3481989981092334e-05,-0.00021059474564867628,-8.384643333024113e-05,-0.00022544869638011612,-0.00012726696830184502,1.4129967574014684e-05,-2.2804279699951653e-05,2.142828814077799e-06,-0.0019075344666134122,0.0019075344666133953,4.20891210356812e-05,-0.00010343629756953129,8.476405582394486e-05,4.3856532058195924e-05,0.00017720781004528066,7.401403321724346e-05,6.289863453331357e-06,-6.34731555744571e-05,-3.463659320944799e-05,0.00017936477175714175,0.0002842230027800649,0.0002467288108087803,1.7291806570667997e-05,-0.00010478178898502273,-0.0001546162765356726,0.00010135765054822395,2.7445774670410985e-05,0.00022638709261843884,-0.000453061138304856,-9.165938386257074e-05,0.00011541412718699668,-4.929627161592022e-05,-5.228712386741357e-05,2.1400543703170483e-05,1.63800849337356e-05,-8.104417556185476e-05,6.011322355190407e-06,-4.1171236718726505e-05,4.108108117437198e-05,3.7806018631546575e-08,5.698878473307832e-06,1.0352727809317396e-05,1.6050689583263907e-06,6.212503979565687e-06,1.0427936993437753e-05,-7.029095955137094e-07,1.0938374094805775e-07,5.009994302026851e-06,6.804009560778721e-06,3.9729532687941295e-05,-1.785024344988763e-05,-0.00014349301709359495,-0.00011984829529727784,3.986823691489209e-05,-8.741988598516166e-05,2.7139838461953038e-05,5.709823863776732e-05,-5.76875243645486e-05,-0.00010180734882182135,9.170154994474605e-05,-0.00023618374531096694,-0.00011509950065743108,0.0004437942558078597,3.125256011577615e-05,-0.00015697615856357202,0.00026226429484420944,-0.0001297116588387027,-0.00011192024707680238,-2.9132548755754306e-06,3.2163672387803e-05,-3.1800638482632684e-05,-2.904535810709227e-05,6.948629241933184e-05,-1.228487291592895e-05,-2.5765447674726975e-05,3.753451931121703e-06,0.0021764200787055227,-0.0021764200787055157,-0.0024228644656474007,0.0024263433873327623,0.0003089038795887318,0.00030496589260504774,0.0002851008624889463,0.00024927137160794463,0.0002391982190175558,0.00014143133384892558,0.00017117927687395127,0.00015936749047229228,3.449681592237264e-05,2.7477830124674002e-05,4.573614704201337e-05,1.9493205612617164e-05,-0.00026906232097389366,-0.00015434167754004946,-2.2171019929675276e-05,-1.0865063322907216e-05,-0.00018913557702464405,-0.0002225713981665243,-0.0002229228994087322,3.05961378527319e-06,1.93645187140568e-06,1.0962910396642072e-06,6.560507473555196e-07,2.8644999733417495e-06,6.781477692291001e-05,-0.02031669538601949,-0.0008575580847561054,-0.012104579752151562,0.12040000000000002,0.002876000669775809
KXVENEZUELALEADER-26DEC31-VLOP,0.0012483652518604275,-0.0012765867085578909,8.152857057866207e-05,-0.0002684942859339925,0.00012192039414141045,-3.0425152361192565e-05,0.0002627843965907667,0.0001328864398643745,-0.00032666259657558366,0.00020843805505631565,0.0005176781320425297,0.0001485242948398787,-0.00012538568375305268,-0.008735035127909558,0.008735035127909567,-7.775965807566166e-05,6.318427243919957e-06,4.546887534469878e-05,1.567234304780537e-05,3.2602312439985814e-05,1.0217352182244589e-05,-2.4977725035655108e-05,-7.407197852024664e-05,8.829405921191046e-05,-0.00012071601768899633,-5.068590338898594e-05,3.925972450200574e-05,0.0001398652484106925,2.968280933699203e-05,-4.164304125829681e-06,-0.003291206894467094,0.003291206894467107,0.0004060147614391217,8.13796549170094e-05,-0.00037290871290789307,0.0005678357415887799,0.0011421116156089045,-0.00997998241644299,0.009965676731918104,-0.007341750001246308,-0.010153249779917313,0.008993615446753651,0.0072301661543630906,-0.007230166154363081,-6.836908683607405e-05,0.00020320613853129244,-9.677005688110414e-05,-0.0005252428587437385,1.9661703251569026e-05,0.0006214796917736296,-0.0005533755908231936,-0.00019484157304892487,0.00011335296418604152,0.00011357378545846459,0.0007611718679473541,-0.000386313054302639,0.0003536898594911006,0.00022702537586738813,0.0009102732340678753,0.00035976338147581,0.0009746554538202314,0.0005471056914582915,-5.918345933049697e-05,9.652665062916647e-05,-9.62039750497043e-06,0.008314564669019767,-0.008314564669019763,-0.00019749812702177922,0.0004566769944186146,-0.00038978576654169836,-0.0002146400773703973,-0.0007903834154394891,-0.00034902625660247896,-2.922273023160589e-05,0.0002797314871973649,0.00015121062093891136,-0.0007903479490599346,-0.0012463891813217901,-0.001081440855095337,-7.79586534515166e-05,0.00045700461705393855,0.0006767093912147771,-0.0004502417322597276,-0.00012276819316077144,-0.000987477777740913,0.0019730925422523195,0.00038999746629395007,-0.0005046074959274773,0.00020681329250843937,0.0002194704281627314,-9.493756811469959e-05,-7.627472446695445e-05,0.0003436261592363652,-3.149327838787329e-05,0.0001669753447965403,-0.00017374927553020646,-3.3592260600160674e-06,-3.9314975997288966e-05,-6.103508850259121e-05,-1.5138307278645115e-05,-4.127327312968087e-05,-6.088058853592011e-05,-8.01734995742385e-06,-3.8138566346019457e-06,-3.493969507031736e-05,-4.39374643211611e-05,-0.00016913875596421293,8.328401660596954e-05,0.0006342136518213177,0.0005312816008781432,-0.00016806801828469904,0.0003896086586318903,-0.00011856060216959411,-0.0002527096723035396,0.0002553207834150703,0.0004483225718941511,-0.00040102155071284587,0.0010319470977447746,0.0005069722310579537,-0.0019344616860188413,-0.0001379566791445347,0.0006849872840322342,-0.0011450471874484792,0.0005662234295722313,0.0004880423598521958,7.278995880117993e-06,-0.00014606862149173341,0.00013742863051351,0.00012140493713035198,-0.00030885988026993873,4.760281177350967e-05,0.00011289888766454667,-2.1443799400822405e-05,-0.009488214250287638,0.00948821425028763,0.010557451271171948,-0.010572603676966285,-0.0013450012100210736,-0.0013277822117598028,-0.0012411339831105042,-0.0010851151203878496,-0.001041685965378698,-0.0006152675934234435,-0.0007452841536637679,-0.0006943024688294852,-0.00015004165647396762,-0.00011926281482937967,-0.00019920792469083662,-8.48883491455076e-05,0.0011748736872297513,0.0006776727708221473,9.426103979562827e-05,4.326502916553629e-05,0.0008220342952256739,0.0009675119857008602,0.0009692444279455099,-1.1105737065774977e-05,-6.315317805529346e-06,-3.304635291307213e-06,-9.95762109605906e-07,-1.1224861206594966e-05,0.0074618989621477085,0.010113600266432599,0.004382682621910961,0.00015953261297043265,0.002876000669775809,0.028159
