mode,seed,violation,n_violated_pairs,edge0,var0,obj0,edge1,var1,obj1,var_ratio,edge_diff,violated,portfolio0,portfolio1
none,frozen,True,1,0.06039796699875066,0.01960722891010952,-0.04079073808864114,0.004389557896774664,0.057397326716905096,0.05300776882013043,0.34160526337430713,0.056008409101976,KXRATECUTCOUNT-26DEC31-T0+KXRATECUTCOUNT-26DEC31-T1,"KXATP-26USO-MUS, KXRATECUTCOUNT-26DEC31-T0, KXRATECUTCOUNT-26DEC31-T1","KXNFLNFCCHAMP-27-ATL, KXWNBA-26-WSH, KXNASCARCUPSERIES-NCS26-CELL"
none,0,True,1,0.0862637006968347,0.01959986146192988,-0.06666383923490482,0.005668476745634109,0.05717493040916789,0.051506453663533784,0.3428051651600625,0.08059522395120058,SENATEOHS-26-D+SENATEOHS-26-R,"KXWTA-26USO-SWI, SENATEOHS-26-D, SENATEOHS-26-R","KXNFLNFCCHAMP-27-ATL, KXOSCARPIC-27-SOC, KXWTA-26USO-SWI"
none,1,True,1,0.06835734839971451,0.019610543958221413,-0.0487468044414931,0.06682361119006075,0.11478669634400829,0.04796308515394754,0.17084335191118213,0.00153373720965376,KXRATECUTCOUNT-26DEC31-T0+KXRATECUTCOUNT-26DEC31-T1,"KXNFLNFCCHAMP-27-NO, KXRATECUTCOUNT-26DEC31-T0, KXRATECUTCOUNT-26DEC31-T1","KXFEDDECISION-26SEP-H26, KXOSCARPIC-27-BEH, KXRATECUTCOUNT-26DEC31-T0"
none,2,True,1,0.03896223962996882,0.01959799925593351,-0.019364240374035314,0.004062486819192721,0.05685938800607054,0.05279690118687781,0.3446748187624029,0.034899752810776105,SENATETX-26-D+SENATETX-26-R,"SENATETX-26-D, SENATETX-26-R, KXNASCARCUPSERIES-NCS26-BWAL","KXINXY-26DEC31H1600-B8900, KXNFLAFCCHAMP-27-TEN, KXWNBA-26-WSH"
none,3,True,3,0.06074838539129861,0.0010946459619916235,-0.05965373942930698,0.005359976235163089,0.05788242116573933,0.05252244493057624,0.018911544125931375,0.05538840915613552,KXFEDDECISION-26SEP-H0+KXFEDDECISION-26SEP-H25;KXFEDDECISION-26SEP-H0+KXFEDDECISION-26SEP-H26;KXFEDDECISION-26SEP-H25+KXFEDDECISION-26SEP-H26,"KXFEDDECISION-26SEP-H0, KXFEDDECISION-26SEP-H25, KXFEDDECISION-26SEP-H26","KXNFLNFCCHAMP-27-ATL, KXNASCARCUPSERIES-NCS26-BWAL, KXALIENS-26NOV"
none,4,True,1,0.168095616224338,0.08025143696966938,-0.08784417925466861,0.08114088054437475,0.11665979111693689,0.03551891057256214,0.6879100005350371,0.08695473567996324,SENATETX-26-D+SENATETX-26-R,"SENATETX-26-D, SENATETX-26-R, KXRATECUTCOUNT-26DEC31-T0","KXOSCARPIC-27-BEH, KXRATECUTCOUNT-26DEC31-T0, KXWTA-26USO-SWI"
none,5,True,1,0.052697941116367414,0.019600000000000097,-0.03309794111636732,0.005514217041985549,0.05909090649325507,0.05357668945126952,0.33169232227360296,0.047183724074381865,SENATEME-26-D+SENATEME-26-R,"SENATEME-26-D, SENATEME-26-R, KXINXY-26DEC31H1600-B6700","KXNBA-27-CLE, KXNFLNFCCHAMP-27-NO, KXINXY-26DEC31H1600-B6700"
none,6,True,1,0.09374561990315564,0.04023599999999988,-0.05350961990315575,0.03519602317619382,0.078260131505398,0.043064108329204175,0.5141315153198357,0.05854959672696181,CONTROLH-2026-D+CONTROLH-2026-R,"CONTROLH-2026-D, CONTROLH-2026-R, KXGOVCA-26-XBEC","KXGOVCA-26-XBEC, KXWNBA-26-WSH, KXNASCARCUPSERIES-NCS26-BWAL"
none,7,True,1,0.10523003847020368,0.04023600000000002,-0.06499403847020366,0.09887959127555077,0.13788633875550102,0.039006747479950254,0.291805557846787,0.006350447194652914,SENATEMI-26-D+SENATEMI-26-R,"KXGOVCA-26-XBEC, SENATEMI-26-D, SENATEMI-26-R","KXGOVCA-26-XBEC, KXOSCARPIC-27-BEH, KXRATECUTCOUNT-26DEC31-T0"
none,8,True,1,0.07949497412107835,0.019599999999999906,-0.05989497412107844,0.005353614476193456,0.057509248165083036,0.05215563368888958,0.3408147493727821,0.0741413596448849,CONTROLH-2026-D+CONTROLH-2026-R,"CONTROLH-2026-D, CONTROLH-2026-R, KXOSCARPIC-27-AVEN","KXNFLAFCCHAMP-27-TEN, KXOSCARPIC-27-AVEN, KXWNBA-26-WSH"
none,9,True,3,0.0827900729902462,0.0010946459619916235,-0.08169542702825458,0.035280857206630836,0.07894247706379554,0.0436616198571647,0.013866374640195427,0.04750921578361536,KXFEDDECISION-26SEP-H0+KXFEDDECISION-26SEP-H25;KXFEDDECISION-26SEP-H0+KXFEDDECISION-26SEP-H26;KXFEDDECISION-26SEP-H25+KXFEDDECISION-26SEP-H26,"KXFEDDECISION-26SEP-H0, KXFEDDECISION-26SEP-H25, KXFEDDECISION-26SEP-H26","KXGOVCA-26-XBEC, KXNFLAFCCHAMP-27-TEN, KXOSCARPIC-27-BEH"
none,10,True,3,0.04540256150350483,0.0010946459619916235,-0.044307915541513206,0.0032422650593845366,0.05852520576182604,0.055282940702441496,0.018703837906121863,0.042160296444120296,KXFEDDECISION-26SEP-H0+KXFEDDECISION-26SEP-H25;KXFEDDECISION-26SEP-H0+KXFEDDECISION-26SEP-H26;KXFEDDECISION-26SEP-H25+KXFEDDECISION-26SEP-H26,"KXFEDDECISION-26SEP-H0, KXFEDDECISION-26SEP-H25, KXFEDDECISION-26SEP-H26","KXINXY-26DEC31H1600-B8900, KXOSCARPIC-27-PRO, KXBTCMAXY-26DEC31-199999.99"
none,11,True,1,0.11185062507743959,0.04023600000000002,-0.07161462507743957,0.03480378723638376,0.07856926301990932,0.04376547578352556,0.5121086599705572,0.07704683784105583,SENATEMI-26-D+SENATEMI-26-R,"KXGOVCA-26-XBEC, SENATEMI-26-D, SENATEMI-26-R","KXNBA-27-ORL, KXGOVCA-26-XBEC, KXOSCARPIC-27-BEH"
none,12,True,1,0.09621098994574973,0.04020501759601747,-0.05600597234973226,0.03549120461177767,0.07837858043972787,0.0428873758279502,0.5129592469071906,0.06071978533397206,SENATETX-26-D+SENATETX-26-R,"KXGOVCA-26-XBEC, SENATETX-26-D, SENATETX-26-R","KXFEDDECISION-26SEP-H26, KXGOVCA-26-XBEC, KXNASCARCUPSERIES-NCS26-BWAL"
none,13,True,1,0.11185159706272663,0.040236000000000105,-0.07161559706272652,0.03561084337480642,0.07840870447191843,0.04279786109711201,0.5131573116912086,0.07624075368792022,CONTROLS-2026-D+CONTROLS-2026-R,"KXGOVCA-26-XBEC, CONTROLS-2026-D, CONTROLS-2026-R","KXGOVCA-26-XBEC, KXNASCARCUPSERIES-NCS26-BWAL, KXBTCMAXY-26DEC31-199999.99"
none,14,True,1,0.10921738479061,0.04023600000000002,-0.06898138479060997,0.035152320314722,0.0782061984281867,0.0430538781134647,0.514486074105072,0.074065064475888,SENATEMI-26-D+SENATEMI-26-R,"KXGOVCA-26-XBEC, SENATEMI-26-D, SENATEMI-26-R","KXNBA-27-HOU, KXGOVCA-26-XBEC, KXNFLNFCCHAMP-27-ATL"
none,15,True,1,0.12112598975867911,0.04023600000000002,-0.08088998975867909,0.03052525272005822,0.0773637115319159,0.04683845881185768,0.5200888013678211,0.09060073703862088,SENATEMI-26-D+SENATEMI-26-R,"KXGOVCA-26-XBEC, SENATEMI-26-D, SENATEMI-26-R","KXGOVCA-26-XBEC, KXNFLNFCCHAMP-27-ATL, KXNASCARCUPSERIES-NCS26-BWAL"
none,16,True,1,0.053059758388475625,0.01960059721324936,-0.033459161175226265,0.005260455002931166,0.05864957789440749,0.05338912289147632,0.3341984361513771,0.04779930338554446,SENATETX-26-D+SENATETX-26-R,"KXNBA-27-TOR, SENATETX-26-D, SENATETX-26-R","KXNBA-27-TOR, KXATP-26USO-MUS, KXOSCARPIC-27-BEH"
none,17,True,1,0.09740925381011191,0.01960059721324936,-0.07780865659686255,0.004826367770566581,0.05786197308118294,0.05303560531061636,0.3387474738503791,0.09258288603954533,SENATETX-26-D+SENATETX-26-R,"KXNBA-27-TOR, SENATETX-26-D, SENATETX-26-R","KXNBA-27-TOR, KXNFLNFCCHAMP-27-ATL, KXNASCARCUPSERIES-NCS26-BWAL"
none,18,True,1,0.14895108128601597,0.08025143696966938,-0.06869964431634659,0.07300233301404073,0.11598737321291566,0.04298504019887493,0.6918980467154252,0.07594874827197524,SENATETX-26-D+SENATETX-26-R,"SENATETX-26-D, SENATETX-26-R, KXRATECUTCOUNT-26DEC31-T0","KXFEDDECISION-26SEP-H26, KXRATECUTCOUNT-26DEC31-T0, KXBTCMAXY-26DEC31-199999.99"
none,19,True,1,0.06070233354063152,0.019599978294814524,-0.041102355245817,0.004434892442216735,0.05878370674919982,0.05434881430698309,0.33342535506373666,0.05626744109841479,SENATEOHS-26-D+SENATEOHS-26-R,"KXNBA-27-IND, SENATEOHS-26-D, SENATEOHS-26-R","KXNBA-27-IND, KXINXY-26DEC31H1600-B8900, KXOSCARPIC-27-AVEN"
none,20,True,1,0.07213335771933492,0.019600000000000062,-0.05253335771933486,0.004792838554712929,0.057957077716656126,0.0531642391619432,0.3381813019597307,0.067340519164622,CONTROLS-2026-D+CONTROLS-2026-R,"CONTROLS-2026-D, CONTROLS-2026-R, KXOSCARPIC-27-AVEN","KXOSCARPIC-27-AVEN, KXWNBA-26-WSH, KXNASCARCUPSERIES-NCS26-CELL"
none,21,True,1,0.09787724149778632,0.04020501759601747,-0.05767222390176885,0.03512343748055598,0.07865117808111408,0.0435277406005581,0.5111813780405611,0.06275380401723034,SENATETX-26-D+SENATETX-26-R,"KXGOVCA-26-XBEC, SENATETX-26-D, SENATETX-26-R","KXGOVCA-26-XBEC, KXOSCARPIC-27-AVEN, KXNASCARCUPSERIES-NCS26-BWAL"
none,22,True,1,0.08822821905912548,0.04023600000000027,-0.04799221905912521,0.035080392655519516,0.0780606044898828,0.04298021183436329,0.5154456625456332,0.05314782640360596,SENATEME-26-D+SENATEME-26-R,"KXGOVCA-26-XBEC, SENATEME-26-D, SENATEME-26-R","KXGOVCA-26-XBEC, KXWNBA-26-WSH, KXNASCARCUPSERIES-NCS26-CELL"
none,23,True,1,0.02040976252033683,0.01959799925593351,-0.0008117632644033222,0.005065020629941696,0.058227021031312304,0.053162000401370604,0.33657911582655825,0.015344741890395135,SENATETX-26-D+SENATETX-26-R,"SENATETX-26-D, SENATETX-26-R, KXNASCARCUPSERIES-NCS26-BWAL","KXNBA-27-CLE, KXWNBA-26-WSH, KXNASCARCUPSERIES-NCS26-BWAL"
none,24,True,1,0.0860688146198963,0.01959999999999988,-0.06646881461989641,0.0048161375273366,0.057397326716905096,0.0525811891895685,0.3414793183081668,0.08125267709255969,CONTROLH-2026-D+CONTROLH-2026-R,"CONTROLH-2026-D, CONTROLH-2026-R, KXNBA-27-CLE","KXNFLNFCCHAMP-27-ATL, KXWNBA-26-WSH, KXNASCARCUPSERIES-NCS26-CELL"
none,25,True,3,0.054967640138749496,0.0010946459619916235,-0.05387299417675787,0.004227829484605022,0.057958912492239195,0.05373108300763417,0.018886585598689394,0.05073981065414447,KXFEDDECISION-26SEP-H0+KXFEDDECISION-26SEP-H25;KXFEDDECISION-26SEP-H0+KXFEDDECISION-26SEP-H26;KXFEDDECISION-26SEP-H25+KXFEDDECISION-26SEP-H26,"KXFEDDECISION-26SEP-H0, KXFEDDECISION-26SEP-H25, KXFEDDECISION-26SEP-H26","KXNFLNFCCHAMP-27-NO, KXWNBA-26-WSH, KXBTCMAXY-26DEC31-199999.99"
none,26,True,1,0.16952708967612373,0.0802534383315362,-0.08927365134458753,0.1105786854100668,0.1364633535030245,0.025884668092957697,0.5880951645362981,0.058948404266056936,SENATEOHS-26-D+SENATEOHS-26-R,"KXRATECUTCOUNT-26DEC31-T0, SENATEOHS-26-D, SENATEOHS-26-R","KXFEDDECISION-26SEP-H26, KXGOVCA-26-XBEC, KXRATECUTCOUNT-26DEC31-T0"
none,27,True,1,0.09372087535367635,0.01960071497633883,-0.07412016037733751,0.0055237944401339105,0.05657830566123999,0.051054511221106075,0.3464351706411502,0.08819708091354243,SENATETX-26-D+SENATETX-26-R,"SENATETX-26-D, SENATETX-26-R, KXALIENS-26NOV","KXWNBA-26-WSH, KXWTA-26USO-SWI, KXALIENS-26NOV"
none,28,True,1,0.04270637813198659,0.01959999999999989,-0.023106378131986703,0.004987292126847464,0.05874457566826857,0.053757283541421105,0.33364782666371373,0.037719086005139124,CONTROLH-2026-D+CONTROLH-2026-R,"CONTROLH-2026-D, CONTROLH-2026-R, KXATP-26USO-MUS","KXNBA-27-IND, KXATP-26USO-MUS, KXNFLNFCCHAMP-27-NO"
none,29,True,1,0.08675572980114013,0.04023599999999988,-0.04651972980114025,0.03474534360092596,0.07899428916222404,0.044248945561298075,0.5093532763788853,0.05201038620021417,CONTROLH-2026-D+CONTROLH-2026-R,"CONTROLH-2026-D, CONTROLH-2026-R, KXGOVCA-26-XBEC","KXGOVCA-26-XBEC, KXWTA-26USO-SWI, KXBTCMAXY-26DEC31-199999.99"
none,30,True,1,0.10393096959778736,0.04020501759601747,-0.06372595200176989,0.03370012454229214,0.0771455733245287,0.043445448782236565,0.5211578041799858,0.07023084505549522,SENATETX-26-D+SENATETX-26-R,"KXGOVCA-26-XBEC, SENATETX-26-D, SENATETX-26-R","KXGOVCA-26-XBEC, KXNFLNFCCHAMP-27-ATL, KXNASCARCUPSERIES-NCS26-CELL"
none,31,True,1,0.0788720505543459,0.019600000000000097,-0.059272050554345805,0.004114350861091486,0.057069315593365984,0.0529549647322745,0.34344200199727815,0.07475769969325441,CONTROLS-2026-D+CONTROLS-2026-R,"CONTROLS-2026-D, CONTROLS-2026-R, KXOSCARPIC-27-BEH","KXNFLAFCCHAMP-27-TEN, KXOSCARPIC-27-BEH, KXWNBA-26-WSH"
none,32,True,1,0.05845733064552515,0.0195999999999998,-0.03885733064552535,0.0035368062184340764,0.05860797746101638,0.055071171242582304,0.33442546303593085,0.05492052442709107,CONTROLH-2026-D+CONTROLH-2026-R,"CONTROLH-2026-D, CONTROLH-2026-R, KXALIENS-26NOV","KXNBA-27-CLE, KXMLBAL-26-SEA, KXALIENS-26NOV"
none,33,True,1,0.05656327125329405,0.01960074344716395,-0.0369625278061301,0.004901344382641188,0.05880400686888305,0.053902662486241856,0.33332326300260934,0.051661926870652866,SENATEOHS-26-D+SENATEOHS-26-R,"KXOSCARPIC-27-PRO, SENATEOHS-26-D, SENATEOHS-26-R","KXNBA-27-IND, KXINXY-26DEC31H1600-B6700, KXOSCARPIC-27-SOC"
none,34,True,3,0.045489079132429874,0.0010946459619916235,-0.04439443317043825,0.00512817375862536,0.058066765787100905,0.05293859202847555,0.018851505627247987,0.04036090537380452,KXFEDDECISION-26SEP-H0+KXFEDDECISION-26SEP-H25;KXFEDDECISION-26SEP-H0+KXFEDDECISION-26SEP-H26;KXFEDDECISION-26SEP-H25+KXFEDDECISION-26SEP-H26,"KXFEDDECISION-26SEP-H0, KXFEDDECISION-26SEP-H25, KXFEDDECISION-26SEP-H26","KXNBA-27-HOU, KXNFLNFCCHAMP-27-ATL, KXALIENS-26NOV"
none,35,True,1,0.10127203411774705,0.04020501759601747,-0.06106701652172958,0.035517003709543304,0.07854776280068877,0.04303075909114547,0.5118543948608161,0.06575503040820374,SENATETX-26-D+SENATETX-26-R,"KXGOVCA-26-XBEC, SENATETX-26-D, SENATETX-26-R","KXGOVCA-26-XBEC, KXMLBAL-26-SEA, KXOSCARPIC-27-AVEN"
none,36,True,1,0.07210698687419917,0.019608994286290884,-0.052497992587908285,0.07968248002768748,0.1149885162804693,0.03530603625278182,0.17053002265428358,-0.007575493153488308,KXRATECUTCOUNT-26DEC31-T0+KXRATECUTCOUNT-26DEC31-T1,"KXNBA-27-TOR, KXRATECUTCOUNT-26DEC31-T0, KXRATECUTCOUNT-26DEC31-T1","KXFEDDECISION-26SEP-H26, KXOSCARPIC-27-SOC, KXRATECUTCOUNT-26DEC31-T0"
none,37,True,1,0.10648736771487449,0.04023599999999988,-0.06625136771487461,0.03569200886587985,0.0780606044898828,0.042368595624002955,0.5154456625456282,0.07079535884899464,CONTROLH-2026-D+CONTROLH-2026-R,"CONTROLH-2026-D, CONTROLH-2026-R, KXGOVCA-26-XBEC","KXGOVCA-26-XBEC, KXWNBA-26-WSH, KXNASCARCUPSERIES-NCS26-CELL"
none,38,True,3,0.07312055291708064,0.0010946459619916235,-0.07202590695508901,0.005781889473729231,0.058648522161072004,0.05286663268734278,0.018664510573434285,0.0673386634433514,KXFEDDECISION-26SEP-H0+KXFEDDECISION-26SEP-H25;KXFEDDECISION-26SEP-H0+KXFEDDECISION-26SEP-H26;KXFEDDECISION-26SEP-H25+KXFEDDECISION-26SEP-H26,"KXFEDDECISION-26SEP-H0, KXFEDDECISION-26SEP-H25, KXFEDDECISION-26SEP-H26","KXNFLNFCCHAMP-27-NO, KXINXY-26DEC31H1600-B8900, KXOSCARPIC-27-BEH"
none,39,True,3,0.031106685700671405,0.013397404063044571,-0.017709281637626834,0.03275685287155512,0.0773637115319159,0.04460685866036078,0.1731742673374397,-0.001650167170883718,KXBALANCEPOWERCOMBO-27FEB-DD+KXBALANCEPOWERCOMBO-27FEB-DR;KXBALANCEPOWERCOMBO-27FEB-DD+KXBALANCEPOWERCOMBO-27FEB-RR;KXBALANCEPOWERCOMBO-27FEB-DR+KXBALANCEPOWERCOMBO-27FEB-RR,"KXBALANCEPOWERCOMBO-27FEB-DD, KXBALANCEPOWERCOMBO-27FEB-DR, KXBALANCEPOWERCOMBO-27FEB-RR","KXGOVCA-26-XBEC, KXNFLNFCCHAMP-27-ATL, KXNASCARCUPSERIES-NCS26-BWAL"
none,40,True,3,0.04593339243148076,0.047498660814540905,0.0015652683830601477,0.005216347059167303,0.0587825330766655,0.0535661860174982,0.8080403876537965,0.04071704537231345,KXF1-26-GR+KXF1-26-KA;KXF1-26-GR+KXF1-26-LN;KXF1-26-KA+KXF1-26-LN,"KXF1-26-GR, KXF1-26-KA, KXF1-26-LN","KXNBA-27-TOR, KXOSCARPIC-27-AVEN, KXBTCMAXY-26DEC31-199999.99"
none,41,True,1,0.03954555438325677,0.01959999999999998,-0.01994555438325679,0.0037067572683502532,0.058299549681468985,0.054592792413118735,0.3361947065987374,0.03583879711490652,SENATEMI-26-D+SENATEMI-26-R,"KXNBA-27-ORL, SENATEMI-26-D, SENATEMI-26-R","KXFEDDECISION-26SEP-H26, KXNBA-27-ORL, KXINXY-26DEC31H1600-B8900"
none,42,True,3,0.06589508544391884,0.03015850947891248,-0.03573657596500636,0.03537990734870733,0.07899336668141,0.043613459332702664,0.3817853415533671,0.03051517809521151,KXVENEZUELALEADER-26DEC31-DROD+KXVENEZUELALEADER-26DEC31-JROD;KXVENEZUELALEADER-26DEC31-DROD+KXVENEZUELALEADER-26DEC31-NMAD;KXVENEZUELALEADER-26DEC31-JROD+KXVENEZUELALEADER-26DEC31-NMAD,"KXVENEZUELALEADER-26DEC31-DROD, KXVENEZUELALEADER-26DEC31-JROD, KXVENEZUELALEADER-26DEC31-NMAD","KXFEDDECISION-26SEP-H26, KXGOVCA-26-XBEC, KXOSCARPIC-27-PRO"
none,43,True,1,0.06949982267303922,0.04020501759601747,-0.029294805077021757,0.03581274548402144,0.0791494855708876,0.043336740086866166,0.5079630942137858,0.03368707718901778,SENATETX-26-D+SENATETX-26-R,"KXGOVCA-26-XBEC, SENATETX-26-D, SENATETX-26-R","KXNBA-27-HOU, KXGOVCA-26-XBEC, KXBTCMAXY-26DEC31-199999.99"
none,44,True,1,0.07706704840425657,0.04023599999999988,-0.03683104840425669,0.035007734518905015,0.078260131505398,0.04325239698649298,0.5141315153198357,0.04205931388535156,CONTROLH-2026-D+CONTROLH-2026-R,"CONTROLH-2026-D, CONTROLH-2026-R, KXGOVCA-26-XBEC","KXGOVCA-26-XBEC, KXWNBA-26-WSH, KXNASCARCUPSERIES-NCS26-BWAL"
none,45,True,1,0.08658141390910835,0.01959999999999988,-0.06698141390910847,0.0037400951314423975,0.057397326716905096,0.0536572315854627,0.3414793183081668,0.08284131877766596,CONTROLH-2026-D+CONTROLH-2026-R,"CONTROLH-2026-D, CONTROLH-2026-R, KXNASCARCUPSERIES-NCS26-CELL","KXNFLNFCCHAMP-27-ATL, KXWNBA-26-WSH, KXNASCARCUPSERIES-NCS26-CELL"
none,46,True,1,0.089549297622936,0.04024598649426191,-0.04930331112867409,0.09724715246086274,0.1364633535030245,0.03921620104216175,0.2949215702321863,-0.007697854837926746,KXRATECUTCOUNT-26DEC31-T0+KXRATECUTCOUNT-26DEC31-T1,"KXGOVCA-26-XBEC, KXRATECUTCOUNT-26DEC31-T0, KXRATECUTCOUNT-26DEC31-T1","KXFEDDECISION-26SEP-H26, KXGOVCA-26-XBEC, KXRATECUTCOUNT-26DEC31-T0"
none,47,True,1,0.035189157136336094,0.019600000000000107,-0.015589157136335987,0.034670235514173996,0.07826851301715201,0.04359827750297802,0.25041998684330313,0.0005189216221620982,KXGOVCA-26-SHIL+KXGOVCA-26-XBEC,"KXGOVCA-26-SHIL, KXGOVCA-26-XBEC, KXINXY-26DEC31H1600-B8900","KXFEDDECISION-26SEP-H26, KXGOVCA-26-XBEC, KXMLBAL-26-SEA"
none,48,True,1,0.1626295396690537,0.08025599999999998,-0.08237353966905371,0.08005157246457506,0.1149885162804693,0.03493694381589424,0.6979479568572483,0.08257796720447863,SENATEME-26-D+SENATEME-26-R,"SENATEME-26-D, SENATEME-26-R, KXRATECUTCOUNT-26DEC31-T0","KXFEDDECISION-26SEP-H26, KXOSCARPIC-27-SOC, KXRATECUTCOUNT-26DEC31-T0"
none,49,True,3,0.07544073184854187,0.0010946459619916235,-0.07434608588655026,0.03528590659327306,0.07925657271443683,0.043970666121163765,0.013811421873308312,0.04015482525526881,KXFEDDECISION-26SEP-H0+KXFEDDECISION-26SEP-H25;KXFEDDECISION-26SEP-H0+KXFEDDECISION-26SEP-H26;KXFEDDECISION-26SEP-H25+KXFEDDECISION-26SEP-H26,"KXFEDDECISION-26SEP-H0, KXFEDDECISION-26SEP-H25, KXFEDDECISION-26SEP-H26","KXNBA-27-HOU, KXGOVCA-26-XBEC, KXATP-26USO-MUS"
none,50,True,3,0.07769355567087166,0.013397404063044571,-0.06429615160782709,0.0035869484220539816,0.05657830566123999,0.05299135723918601,0.2367940132965613,0.07410660724881768,KXBALANCEPOWERCOMBO-27FEB-DD+KXBALANCEPOWERCOMBO-27FEB-DR;KXBALANCEPOWERCOMBO-27FEB-DD+KXBALANCEPOWERCOMBO-27FEB-RR;KXBALANCEPOWERCOMBO-27FEB-DR+KXBALANCEPOWERCOMBO-27FEB-RR,"KXBALANCEPOWERCOMBO-27FEB-DD, KXBALANCEPOWERCOMBO-27FEB-DR, KXBALANCEPOWERCOMBO-27FEB-RR","KXWNBA-26-WSH, KXWTA-26USO-SWI, KXALIENS-26NOV"
none,51,True,1,0.17197197690960014,0.08025599999999998,-0.09171597690960016,0.11084637367962606,0.1364633535030245,0.02561697982339843,0.588113936377954,0.06112560322997408,SENATEME-26-D+SENATEME-26-R,"SENATEME-26-D, SENATEME-26-R, KXRATECUTCOUNT-26DEC31-T0","KXFEDDECISION-26SEP-H26, KXGOVCA-26-XBEC, KXRATECUTCOUNT-26DEC31-T0"
none,52,True,1,0.07271440235707056,0.019599007244006705,-0.05311539511306386,0.004571805668570201,0.058304662027483314,0.05373285635891312,0.336148200889463,0.06814259668850037,SENATEOHS-26-D+SENATEOHS-26-R,"KXNBA-27-HOU, SENATEOHS-26-D, SENATEOHS-26-R","KXNBA-27-HOU, KXNFLNFCCHAMP-27-ATL, KXINXY-26DEC31H1600-B6300"
none,53,True,1,0.09276757543367392,0.04023599999999988,-0.05253157543367404,0.03518996813900867,0.07829113644649419,0.04310116830748552,0.5139279083973703,0.05757760729466525,CONTROLH-2026-D+CONTROLH-2026-R,"CONTROLH-2026-D, CONTROLH-2026-R, KXGOVCA-26-XBEC","KXFEDDECISION-26SEP-H26, KXGOVCA-26-XBEC, KXNASCARCUPSERIES-NCS26-CELL"
none,54,True,1,0.0755723019406282,0.019607130289208727,-0.05596517165141947,0.08040250143078184,0.11478669634400829,0.034384194913226446,0.17081361267204195,-0.004830199490153647,KXRATECUTCOUNT-26DEC31-T0+KXRATECUTCOUNT-26DEC31-T1,"KXOSCARPIC-27-PRO, KXRATECUTCOUNT-26DEC31-T0, KXRATECUTCOUNT-26DEC31-T1","KXFEDDECISION-26SEP-H26, KXOSCARPIC-27-BEH, KXRATECUTCOUNT-26DEC31-T0"
none,55,True,3,0.04849436809587357,0.013397404063044571,-0.035096964032829,0.0046175188940893175,0.0579942654226131,0.05337674652852378,0.23101256590484653,0.04387684920178425,KXBALANCEPOWERCOMBO-27FEB-DD+KXBALANCEPOWERCOMBO-27FEB-DR;KXBALANCEPOWERCOMBO-27FEB-DD+KXBALANCEPOWERCOMBO-27FEB-RR;KXBALANCEPOWERCOMBO-27FEB-DR+KXBALANCEPOWERCOMBO-27FEB-RR,"KXBALANCEPOWERCOMBO-27FEB-DD, KXBALANCEPOWERCOMBO-27FEB-DR, KXBALANCEPOWERCOMBO-27FEB-RR","KXNFLNFCCHAMP-27-ATL, KXOSCARPIC-27-BEH, KXNASCARCUPSERIES-NCS26-BWAL"
none,56,True,1,0.14555342356185139,0.08025599999999977,-0.06529742356185161,0.06845164477291048,0.11478669634400829,0.04633505157109781,0.699175100914811,0.07710177878894091,CONTROLH-2026-D+CONTROLH-2026-R,"CONTROLH-2026-D, CONTROLH-2026-R, KXRATECUTCOUNT-26DEC31-T0","KXFEDDECISION-26SEP-H26, KXOSCARPIC-27-BEH, KXRATECUTCOUNT-26DEC31-T0"
none,57,True,1,0.0971277690672736,0.040207858848257505,-0.0569199102190161,0.03533167618200357,0.07803665493763365,0.04270497875563008,0.5152432389675256,0.061796092885270035,SENATEOHS-26-D+SENATEOHS-26-R,"KXGOVCA-26-XBEC, SENATEOHS-26-D, SENATEOHS-26-R","KXGOVCA-26-XBEC, KXMLBAL-26-SEA, KXINXY-26DEC31H1600-B6700"
none,58,True,1,0.07114242845454784,0.01960722891010952,-0.05153519954443832,0.07539320697946669,0.11658752629239377,0.04119431931292708,0.16817604364411928,-0.004250778524918855,KXRATECUTCOUNT-26DEC31-T0+KXRATECUTCOUNT-26DEC31-T1,"KXATP-26USO-MUS, KXRATECUTCOUNT-26DEC31-T0, KXRATECUTCOUNT-26DEC31-T1","KXINXY-26DEC31H1600-B6700, KXOSCARPIC-27-BEH, KXRATECUTCOUNT-26DEC31-T0"
none,59,True,3,0.06291301836289713,0.0010946459619916235,-0.06181837240090551,0.09256939081703723,0.13815116656802992,0.04558177575099269,0.007923537594252496,-0.0296563724541401,KXFEDDECISION-26SEP-H0+KXFEDDECISION-26SEP-H25;KXFEDDECISION-26SEP-H0+KXFEDDECISION-26SEP-H26;KXFEDDECISION-26SEP-H25+KXFEDDECISION-26SEP-H26,"KXFEDDECISION-26SEP-H0, KXFEDDECISION-26SEP-H25, KXFEDDECISION-26SEP-H26","KXGOVCA-26-XBEC, KXOSCARPIC-27-SOC, KXRATECUTCOUNT-26DEC31-T0"
none,60,True,3,0.022364613883767596,0.0010946459619916235,-0.021269967921775972,0.00490146382252292,0.05892494725216396,0.05402348342964104,0.018576952768530882,0.017463150061244676,KXFEDDECISION-26SEP-H0+KXFEDDECISION-26SEP-H25;KXFEDDECISION-26SEP-H0+KXFEDDECISION-26SEP-H26;KXFEDDECISION-26SEP-H25+KXFEDDECISION-26SEP-H26,"KXFEDDECISION-26SEP-H0, KXFEDDECISION-26SEP-H25, KXFEDDECISION-26SEP-H26","KXNFLNFCCHAMP-27-NO, KXOSCARPIC-27-SOC, KXBTCMAXY-26DEC31-199999.99"
none,61,True,1,0.07812279820013047,0.01960795549578552,-0.058514842704344955,0.07980935848645981,0.11622993300696394,0.03642057452050412,0.16869970573424237,-0.0016865602863293389,KXRATECUTCOUNT-26DEC31-T0+KXRATECUTCOUNT-26DEC31-T1,"KXNFLAFCCHAMP-27-TEN, KXRATECUTCOUNT-26DEC31-T0, KXRATECUTCOUNT-26DEC31-T1","KXFEDDECISION-26SEP-H26, KXNFLAFCCHAMP-27-TEN, KXRATECUTCOUNT-26DEC31-T0"
none,62,True,1,0.0812221981349821,0.019604292913947496,-0.06161790522103461,0.0047409177908282335,0.05819057217465823,0.053449654383829995,0.33689809502311596,0.07648128034415387,SENATETX-26-D+SENATETX-26-R,"SENATETX-26-D, SENATETX-26-R, KXNFLAFCCHAMP-27-TEN","KXNBA-27-TOR, KXINXY-26DEC31H1600-B8900, KXNFLAFCCHAMP-27-TEN"
none,63,True,3,0.06447571797652193,0.03015850947891248,-0.034317208497609455,0.005180081655268582,0.05892494725216396,0.05374486559689538,0.5118122439694663,0.059295636321253356,KXVENEZUELALEADER-26DEC31-DROD+KXVENEZUELALEADER-26DEC31-JROD;KXVENEZUELALEADER-26DEC31-DROD+KXVENEZUELALEADER-26DEC31-NMAD;KXVENEZUELALEADER-26DEC31-JROD+KXVENEZUELALEADER-26DEC31-NMAD,"KXVENEZUELALEADER-26DEC31-DROD, KXVENEZUELALEADER-26DEC31-JROD, KXVENEZUELALEADER-26DEC31-NMAD","KXNFLNFCCHAMP-27-NO, KXOSCARPIC-27-SOC, KXBTCMAXY-26DEC31-199999.99"
none,64,True,1,0.06485924093854972,0.01959318137864971,-0.04526605955990001,0.004975851634825869,0.05795335797942602,0.052977506344600155,0.3380853510784564,0.059883389303723854,KXRATECUTCOUNT-26DEC31-T0+KXRATECUTCOUNT-26DEC31-T1,"KXINXY-26DEC31H1600-B8900, KXRATECUTCOUNT-26DEC31-T0, KXRATECUTCOUNT-26DEC31-T1","KXNBA-27-HOU, KXINXY-26DEC31H1600-B8900, KXWNBA-26-WSH"
none,65,True,1,0.06319979590562047,0.019596768000911924,-0.04360302790470855,0.004406129272478999,0.0571061621901691,0.0527000329176901,0.3431638066598272,0.05879366663314147,SENATEOHS-26-D+SENATEOHS-26-R,"KXOSCARPIC-27-BEH, SENATEOHS-26-D, SENATEOHS-26-R","KXNFLNFCCHAMP-27-ATL, KXOSCARPIC-27-BEH, KXWTA-26USO-SWI"
none,66,True,1,0.06914513772001306,0.019603569493445487,-0.04954156822656757,0.002266797260972321,0.05678865483961884,0.05452185757864652,0.34520221598503115,0.06687834045904073,SENATETX-26-D+SENATETX-26-R,"SENATETX-26-D, SENATETX-26-R, KXBTCMAXY-26DEC31-199999.99","KXWNBA-26-WSH, KXWTA-26USO-SWI, KXBTCMAXY-26DEC31-199999.99"
none,67,True,1,0.09573830388882215,0.04020501759601747,-0.055533286292804684,0.03505645963839528,0.0782667741871454,0.043210314548750114,0.5136920233850749,0.06068184425042687,SENATETX-26-D+SENATETX-26-R,"KXGOVCA-26-XBEC, SENATETX-26-D, SENATETX-26-R","KXGOVCA-26-XBEC, KXMLBAL-26-SEA, KXWNBA-26-WSH"
none,68,True,3,0.03616485519731669,0.0010946459619916235,-0.03507020923532507,0.0056343609509565545,0.05840127704965559,0.05276691609869903,0.01874352783520303,0.03053049424636014,KXFEDDECISION-26SEP-H0+KXFEDDECISION-26SEP-H25;KXFEDDECISION-26SEP-H0+KXFEDDECISION-26SEP-H26;KXFEDDECISION-26SEP-H25+KXFEDDECISION-26SEP-H26,"KXFEDDECISION-26SEP-H0, KXFEDDECISION-26SEP-H25, KXFEDDECISION-26SEP-H26","KXATP-26USO-MUS, KXNFLNFCCHAMP-27-ATL, KXINXY-26DEC31H1600-B6700"
none,69,True,3,0.021895766116252997,0.0010946459619916235,-0.020801120154261374,0.03432936486846776,0.0773637115319159,0.043034346663448145,0.014149346512932415,-0.01243359875221476,KXFEDDECISION-26SEP-H0+KXFEDDECISION-26SEP-H25;KXFEDDECISION-26SEP-H0+KXFEDDECISION-26SEP-H26;KXFEDDECISION-26SEP-H25+KXFEDDECISION-26SEP-H26,"KXFEDDECISION-26SEP-H0, KXFEDDECISION-26SEP-H25, KXFEDDECISION-26SEP-H26","KXGOVCA-26-XBEC, KXNFLNFCCHAMP-27-ATL, KXNASCARCUPSERIES-NCS26-BWAL"
none,70,True,1,0.16184448039749935,0.08025599999999977,-0.08158848039749958,0.08102924142598968,0.1149885162804693,0.033959274854479624,0.6979479568572465,0.08081523897150968,CONTROLH-2026-D+CONTROLH-2026-R,"CONTROLH-2026-D, CONTROLH-2026-R, KXRATECUTCOUNT-26DEC31-T0","KXFEDDECISION-26SEP-H26, KXOSCARPIC-27-SOC, KXRATECUTCOUNT-26DEC31-T0"
none,71,True,1,0.03805127473213436,0.019601313226457473,-0.01844996150567689,0.0048719825486804105,0.058386264706907394,0.05351428215822698,0.3357178837326536,0.03317929218345395,SENATETX-26-D+SENATETX-26-R,"SENATETX-26-D, SENATETX-26-R, KXNFLNFCCHAMP-27-NO","KXNFLNFCCHAMP-27-NO, KXMLBAL-26-SEA, KXWNBA-26-WSH"
none,72,True,1,0.05833813875782938,0.019600000000000093,-0.03873813875782929,0.004384110298989843,0.05717493040916789,0.05279082011017805,0.342807588216273,0.05395402845883954,SENATEME-26-D+SENATEME-26-R,"SENATEME-26-D, SENATEME-26-R, KXOSCARPIC-27-SOC","KXNFLNFCCHAMP-27-ATL, KXOSCARPIC-27-SOC, KXWTA-26USO-SWI"
none,73,True,3,0.07218428708228442,0.03015850947891248,-0.042025777603371936,0.0020176987582522198,0.05685938800607054,0.05484168924781832,0.5304051017167585,0.07016658832403219,KXVENEZUELALEADER-26DEC31-DROD+KXVENEZUELALEADER-26DEC31-JROD;KXVENEZUELALEADER-26DEC31-DROD+KXVENEZUELALEADER-26DEC31-NMAD;KXVENEZUELALEADER-26DEC31-JROD+KXVENEZUELALEADER-26DEC31-NMAD,"KXVENEZUELALEADER-26DEC31-DROD, KXVENEZUELALEADER-26DEC31-JROD, KXVENEZUELALEADER-26DEC31-NMAD","KXINXY-26DEC31H1600-B8900, KXNFLAFCCHAMP-27-TEN, KXWNBA-26-WSH"
none,74,True,1,0.03409630869065803,0.019600000000000208,-0.014496308690657822,0.03536778976996923,0.0782061984281867,0.04283840865821747,0.25061952113678077,-0.0012714810793112014,KXGOVCA-26-SHIL+KXGOVCA-26-XBEC,"KXNBA-27-HOU, KXGOVCA-26-SHIL, KXGOVCA-26-XBEC","KXNBA-27-HOU, KXGOVCA-26-XBEC, KXNFLNFCCHAMP-27-ATL"
none,75,True,1,0.08388695030860613,0.019600000000000062,-0.06428695030860607,0.00531780995012638,0.05838156916007345,0.05306375920994707,0.3357223911926694,0.07856914035847976,CONTROLS-2026-D+CONTROLS-2026-R,"KXNBA-27-ORL, CONTROLS-2026-D, CONTROLS-2026-R","KXNBA-27-ORL, KXINXY-26DEC31H1600-B6300, KXOSCARPIC-27-SOC"
none,76,True,1,0.047022456570585,0.0195999999999999,-0.0274224565705851,0.005201476906087379,0.058720230264630066,0.053518753358542684,0.33378615703089115,0.04182097966449762,SENATEMI-26-D+SENATEMI-26-R,"SENATEMI-26-D, SENATEMI-26-R, KXALIENS-26NOV","KXINXY-26DEC31H1600-B6700, KXOSCARPIC-27-PRO, KXALIENS-26NOV"
none,77,True,1,0.15225834061412713,0.08025599999999977,-0.07200234061412736,0.07968187864489423,0.11588774126789553,0.036205862623001295,0.6925322654660554,0.0725764619692329,CONTROLH-2026-D+CONTROLH-2026-R,"CONTROLH-2026-D, CONTROLH-2026-R, KXRATECUTCOUNT-26DEC31-T0","KXFEDDECISION-26SEP-H26, KXRATECUTCOUNT-26DEC31-T0, KXWTA-26USO-SWI"
none,78,True,3,0.05981713797787021,0.0010946459619916235,-0.058722492015878584,0.004776072004205434,0.0571061621901691,0.052330090185963664,0.01916861368386735,0.055041065973664774,KXFEDDECISION-26SEP-H0+KXFEDDECISION-26SEP-H25;KXFEDDECISION-26SEP-H0+KXFEDDECISION-26SEP-H26;KXFEDDECISION-26SEP-H25+KXFEDDECISION-26SEP-H26,"KXFEDDECISION-26SEP-H0, KXFEDDECISION-26SEP-H25, KXFEDDECISION-26SEP-H26","KXNFLNFCCHAMP-27-ATL, KXOSCARPIC-27-BEH, KXWTA-26USO-SWI"
none,79,True,3,0.08615712496093113,0.047498660814540905,-0.03865846414639022,0.0053899772484540705,0.05750368597006628,0.05211370872161221,0.8260107158916121,0.08076714771247706,KXF1-26-GR+KXF1-26-KA;KXF1-26-GR+KXF1-26-LN;KXF1-26-KA+KXF1-26-LN,"KXF1-26-GR, KXF1-26-KA, KXF1-26-LN","KXNFLAFCCHAMP-27-TEN, KXOSCARPIC-27-PRO, KXWNBA-26-WSH"
none,80,True,3,0.04688038807445756,0.0010946459619916235,-0.04578574211246594,0.003986898100174545,0.057509248165083036,0.05352235006490849,0.019034259652454335,0.042893489974283015,KXFEDDECISION-26SEP-H0+KXFEDDECISION-26SEP-H25;KXFEDDECISION-26SEP-H0+KXFEDDECISION-26SEP-H26;KXFEDDECISION-26SEP-H25+KXFEDDECISION-26SEP-H26,"KXFEDDECISION-26SEP-H0, KXFEDDECISION-26SEP-H25, KXFEDDECISION-26SEP-H26","KXNFLAFCCHAMP-27-TEN, KXOSCARPIC-27-AVEN, KXWNBA-26-WSH"
none,81,True,1,0.08650805086818975,0.019600000000000086,-0.06690805086818966,0.003773009640244393,0.05678865483961884,0.05301564519937445,0.34513936023584174,0.08273504122794535,CONTROLS-2026-D+CONTROLS-2026-R,"CONTROLS-2026-D, CONTROLS-2026-R, KXWTA-26USO-SWI","KXWNBA-26-WSH, KXWTA-26USO-SWI, KXBTCMAXY-26DEC31-199999.99"
none,82,True,3,0.07213334126285151,0.0010946459619916235,-0.07103869530085988,0.004266091221310251,0.05657830566123999,0.05231221443992974,0.019347450391069786,0.06786725004154126,KXFEDDECISION-26SEP-H0+KXFEDDECISION-26SEP-H25;KXFEDDECISION-26SEP-H0+KXFEDDECISION-26SEP-H26;KXFEDDECISION-26SEP-H25+KXFEDDECISION-26SEP-H26,"KXFEDDECISION-26SEP-H0, KXFEDDECISION-26SEP-H25, KXFEDDECISION-26SEP-H26","KXWNBA-26-WSH, KXWTA-26USO-SWI, KXALIENS-26NOV"
none,83,True,1,0.07675815126493524,0.040236000000000105,-0.03652215126493513,0.03424000081134105,0.0771455733245287,0.042905572513187655,0.5215594137947371,0.04251815045359419,CONTROLS-2026-D+CONTROLS-2026-R,"KXGOVCA-26-XBEC, CONTROLS-2026-D, CONTROLS-2026-R","KXGOVCA-26-XBEC, KXNFLNFCCHAMP-27-ATL, KXNASCARCUPSERIES-NCS26-CELL"
none,84,True,3,0.07393043456419646,0.03015850947891248,-0.04377192508528398,0.03522782672507182,0.07840870447191843,0.04318087774684661,0.38463216146765383,0.03870260783912464,KXVENEZUELALEADER-26DEC31-DROD+KXVENEZUELALEADER-26DEC31-JROD;KXVENEZUELALEADER-26DEC31-DROD+KXVENEZUELALEADER-26DEC31-NMAD;KXVENEZUELALEADER-26DEC31-JROD+KXVENEZUELALEADER-26DEC31-NMAD,"KXVENEZUELALEADER-26DEC31-DROD, KXVENEZUELALEADER-26DEC31-JROD, KXVENEZUELALEADER-26DEC31-NMAD","KXGOVCA-26-XBEC, KXNASCARCUPSERIES-NCS26-BWAL, KXBTCMAXY-26DEC31-199999.99"
none,85,True,1,0.05480531583192333,0.04023600000000027,-0.014569315831923058,0.026414308348240524,0.07851521992879346,0.05210091158055293,0.5124611513091456,0.028391007483682805,SENATEME-26-D+SENATEME-26-R,"KXGOVCA-26-XBEC, SENATEME-26-D, SENATEME-26-R","KXNBA-27-TOR, KXGOVCA-26-XBEC, KXMLBAL-26-SEA"
none,86,True,1,0.06333588869367164,0.01960000000000009,-0.04373588869367155,0.0037705029331118085,0.05870518375131463,0.054934680818202825,0.33387170855352566,0.059565385760559836,SENATEME-26-D+SENATEME-26-R,"KXNBA-27-TOR, SENATEME-26-D, SENATEME-26-R","KXNBA-27-TOR, KXINXY-26DEC31H1600-B6300, KXNASCARCUPSERIES-NCS26-BWAL"
none,87,True,3,0.09280298315105158,0.03015850947891248,-0.0626444736721391,0.08115057482330174,0.11478669634400829,0.03363612152070655,0.262735233606945,0.011652408327749844,KXVENEZUELALEADER-26DEC31-DROD+KXVENEZUELALEADER-26DEC31-JROD;KXVENEZUELALEADER-26DEC31-DROD+KXVENEZUELALEADER-26DEC31-NMAD;KXVENEZUELALEADER-26DEC31-JROD+KXVENEZUELALEADER-26DEC31-NMAD,"KXVENEZUELALEADER-26DEC31-DROD, KXVENEZUELALEADER-26DEC31-JROD, KXVENEZUELALEADER-26DEC31-NMAD","KXFEDDECISION-26SEP-H26, KXOSCARPIC-27-BEH, KXRATECUTCOUNT-26DEC31-T0"
none,88,True,3,0.07223432164692607,0.0010946459619916235,-0.07113967568493446,0.004138529374464413,0.057735837377153806,0.053597308002689394,0.018959558078996134,0.06809579227246165,KXFEDDECISION-26SEP-H0+KXFEDDECISION-26SEP-H25;KXFEDDECISION-26SEP-H0+KXFEDDECISION-26SEP-H26;KXFEDDECISION-26SEP-H25+KXFEDDECISION-26SEP-H26,"KXFEDDECISION-26SEP-H0, KXFEDDECISION-26SEP-H25, KXFEDDECISION-26SEP-H26","KXNFLNFCCHAMP-27-ATL, KXOSCARPIC-27-AVEN, KXNASCARCUPSERIES-NCS26-CELL"
none,89,True,3,0.09286707329821517,0.03015850947891248,-0.06270856381930269,0.0054064399409379585,0.05872926188599672,0.05332282194505876,0.5135175977088758,0.08746063335727722,KXVENEZUELALEADER-26DEC31-DROD+KXVENEZUELALEADER-26DEC31-JROD;KXVENEZUELALEADER-26DEC31-DROD+KXVENEZUELALEADER-26DEC31-NMAD;KXVENEZUELALEADER-26DEC31-JROD+KXVENEZUELALEADER-26DEC31-NMAD,"KXVENEZUELALEADER-26DEC31-DROD, KXVENEZUELALEADER-26DEC31-JROD, KXVENEZUELALEADER-26DEC31-NMAD","KXNBA-27-TOR, KXMLBAL-26-SEA, KXINXY-26DEC31H1600-B6700"
none,90,True,1,0.09047360341233796,0.019600000000000062,-0.0708736034123379,0.00441080070798569,0.058111402269138,0.05370060156115231,0.3372832049246434,0.08606280270435226,CONTROLS-2026-D+CONTROLS-2026-R,"KXNBA-27-IND, CONTROLS-2026-D, CONTROLS-2026-R","KXNBA-27-IND, KXNFLNFCCHAMP-27-NO, KXWNBA-26-WSH"
none,91,True,1,0.060597491842663255,0.01960149762852892,-0.040995994214134336,0.005068954544928943,0.05867161526460281,0.053602660719673866,0.3340882561376268,0.05552853729773431,SENATEOHS-26-D+SENATEOHS-26-R,"KXNFLAFCCHAMP-27-TEN, SENATEOHS-26-D, SENATEOHS-26-R","KXNBA-27-TOR, KXINXY-26DEC31H1600-B6300, KXNFLAFCCHAMP-27-TEN"
none,92,True,3,0.06404184953735269,0.0010946459619916235,-0.06294720357536107,0.005122300260209385,0.058274138679143474,0.05315183841893409,0.018784421130936445,0.0589195492771433,KXFEDDECISION-26SEP-H0+KXFEDDECISION-26SEP-H25;KXFEDDECISION-26SEP-H0+KXFEDDECISION-26SEP-H26;KXFEDDECISION-26SEP-H25+KXFEDDECISION-26SEP-H26,"KXFEDDECISION-26SEP-H0, KXFEDDECISION-26SEP-H25, KXFEDDECISION-26SEP-H26","KXATP-26USO-MUS, KXNFLNFCCHAMP-27-NO, KXOSCARPIC-27-PRO"
none,93,True,3,0.0630713016447536,0.047498660814540905,-0.015572640830212689,0.005207974221012723,0.05736759260614834,0.05215961838513562,0.8279702643378879,0.05786332742374087,KXF1-26-GR+KXF1-26-KA;KXF1-26-GR+KXF1-26-LN;KXF1-26-KA+KXF1-26-LN,"KXF1-26-GR, KXF1-26-KA, KXF1-26-LN","KXINXY-26DEC31H1600-B8900, KXWNBA-26-WSH, KXWTA-26USO-SWI"
none,94,True,3,0.059749041640400055,0.03015850947891248,-0.029590532161487576,0.004386120193112651,0.058528547286047124,0.05414242709293447,0.515278626881315,0.055362921447287404,KXVENEZUELALEADER-26DEC31-DROD+KXVENEZUELALEADER-26DEC31-JROD;KXVENEZUELALEADER-26DEC31-DROD+KXVENEZUELALEADER-26DEC31-NMAD;KXVENEZUELALEADER-26DEC31-JROD+KXVENEZUELALEADER-26DEC31-NMAD,"KXVENEZUELALEADER-26DEC31-DROD, KXVENEZUELALEADER-26DEC31-JROD, KXVENEZUELALEADER-26DEC31-NMAD","KXNFLNFCCHAMP-27-NO, KXINXY-26DEC31H1600-B8900, KXOSCARPIC-27-PRO"
none,95,True,1,0.08738940556180881,0.01960722891010952,-0.06778217665169929,0.07931694209912005,0.11647545664878205,0.037158514549662,0.16833785824281244,0.008072463462688764,KXRATECUTCOUNT-26DEC31-T0+KXRATECUTCOUNT-26DEC31-T1,"KXATP-26USO-MUS, KXRATECUTCOUNT-26DEC31-T0, KXRATECUTCOUNT-26DEC31-T1","KXFEDDECISION-26SEP-H26, KXATP-26USO-MUS, KXRATECUTCOUNT-26DEC31-T0"
none,96,True,1,0.09887825766054414,0.040236000000000105,-0.05864225766054404,0.029539924713431396,0.0774350939489139,0.04789516923548251,0.5196093650579791,0.06933833294711275,CONTROLS-2026-D+CONTROLS-2026-R,"KXGOVCA-26-XBEC, CONTROLS-2026-D, CONTROLS-2026-R","KXGOVCA-26-XBEC, KXNFLNFCCHAMP-27-ATL, KXMLBAL-26-SEA"
none,97,True,1,0.07307309447768304,0.019599999999999885,-0.053473094477683156,0.0045605015652184985,0.05810221740009351,0.05354171583487501,0.33733652306303097,0.06851259291246453,CONTROLH-2026-D+CONTROLH-2026-R,"CONTROLH-2026-D, CONTROLH-2026-R, KXWNBA-26-WSH","KXNBA-27-CLE, KXNFLNFCCHAMP-27-NO, KXWNBA-26-WSH"
none,98,True,1,0.07848980026591378,0.04024598649426191,-0.03824381377165187,0.03515716237749136,0.07836998629964768,0.04321282392215632,0.5135382611958277,0.04333263788842241,KXRATECUTCOUNT-26DEC31-T0+KXRATECUTCOUNT-26DEC31-T1,"KXGOVCA-26-XBEC, KXRATECUTCOUNT-26DEC31-T0, KXRATECUTCOUNT-26DEC31-T1","KXGOVCA-26-XBEC, KXNFLNFCCHAMP-27-ATL, KXINXY-26DEC31H1600-B6700"
none,99,True,1,0.05328021783227965,0.01959318137864971,-0.03368703645362994,0.004499285676204844,0.05706477862798707,0.05256549295178223,0.3433498183946403,0.048780932156074805,KXRATECUTCOUNT-26DEC31-T0+KXRATECUTCOUNT-26DEC31-T1,"KXINXY-26DEC31H1600-B8900, KXRATECUTCOUNT-26DEC31-T0, KXRATECUTCOUNT-26DEC31-T1","KXINXY-26DEC31H1600-B6700, KXWNBA-26-WSH, KXWTA-26USO-SWI"
cap,frozen,True,1,0.0017955421490133301,0.01959999999999998,0.01780445785098665,0.005144598654087996,0.05855271737341708,0.05340811871932909,0.3347410825530426,-0.0033490565050746657,SENATEMI-26-D+SENATEMI-26-R,"KXATP-26USO-MUS, SENATEMI-26-D, SENATEMI-26-R","KXATP-26USO-MUS, KXOSCARPIC-27-SOC, KXWNBA-26-WSH"
cap,0,True,1,0.0018487541804698068,0.019599999999999784,0.017751245819529977,0.005075815106733283,0.0574752092564881,0.05239939414975482,0.3410165922586395,-0.003227060926263476,CONTROLH-2026-D+CONTROLH-2026-R,"CONTROLH-2026-D, CONTROLH-2026-R, KXNFLNFCCHAMP-27-ATL","KXNBA-27-ORL, KXNFLNFCCHAMP-27-ATL, KXOSCARPIC-27-SOC"
cap,1,True,3,0.050000000000000155,0.047498660814540905,-0.0025013391854592504,0.004554912009458883,0.05955213712730452,0.05499722511784563,0.7975979218512861,0.04544508799054127,KXF1-26-GR+KXF1-26-KA;KXF1-26-GR+KXF1-26-LN;KXF1-26-KA+KXF1-26-LN,"KXF1-26-GR, KXF1-26-KA, KXF1-26-LN","KXNFLNFCCHAMP-27-NO, KXNFLAFCCHAMP-27-TEN, KXOSCARPIC-27-BEH"
cap,2,True,1,0.0014805835734759513,0.01959999999999998,0.018119416426524027,0.004062486819192721,0.05685938800607054,0.05279690118687781,0.3447100063389251,-0.00258190324571677,SENATEMI-26-D+SENATEMI-26-R,"KXWNBA-26-WSH, SENATEMI-26-D, SENATEMI-26-R","KXINXY-26DEC31H1600-B8900, KXNFLAFCCHAMP-27-TEN, KXWNBA-26-WSH"
cap,3,True,3,0.05000000000000004,0.047498660814540905,-0.0025013391854591324,0.004814738436283314,0.0573722376386125,0.05255749920232919,0.82790322932382,0.045185261563716723,KXF1-26-GR+KXF1-26-KA;KXF1-26-GR+KXF1-26-LN;KXF1-26-KA+KXF1-26-LN,"KXF1-26-GR, KXF1-26-KA, KXF1-26-LN","KXNBA-27-ORL, KXNFLNFCCHAMP-27-ATL, KXOSCARPIC-27-BEH"
cap,4,True,1,0.001706882772961115,0.019600000000000062,0.017893117227038947,0.004494263466772137,0.0573722376386125,0.05287797417184037,0.3416286483971635,-0.0027873806938110215,CONTROLS-2026-D+CONTROLS-2026-R,"KXNBA-27-ORL, CONTROLS-2026-D, CONTROLS-2026-R","KXNBA-27-ORL, KXNFLNFCCHAMP-27-ATL, KXOSCARPIC-27-BEH"
cap,5,True,1,0.0019424976112167001,0.019600000000000093,0.017657502388783393,0.005514217041985549,0.05909090649325507,0.05357668945126952,0.3316923222736029,-0.0035717194307688487,CONTROLS-2026-D+CONTROLS-2026-R,"CONTROLS-2026-D, CONTROLS-2026-R, KXINXY-26DEC31H1600-B6700","KXNBA-27-CLE, KXNFLNFCCHAMP-27-NO, KXINXY-26DEC31H1600-B6700"
cap,6,True,1,0.001892290019517063,0.019599999999999885,0.017707709980482822,0.004728902306864308,0.05829711301792179,0.05356821071105748,0.3362087586391186,-0.0028366122873472455,CONTROLH-2026-D+CONTROLH-2026-R,"CONTROLH-2026-D, CONTROLH-2026-R, KXWNBA-26-WSH","KXNBA-27-HOU, KXOSCARPIC-27-AVEN, KXWNBA-26-WSH"
cap,7,True,1,0.0017672370727658503,0.01959999999999998,0.01783276292723413,0.004644248350077977,0.057793328604533095,0.05314908025445512,0.3391394902016879,-0.002877011277312127,SENATEMI-26-D+SENATEMI-26-R,"KXOSCARPIC-27-BEH, SENATEMI-26-D, SENATEMI-26-R","KXINXY-26DEC31H1600-B8900, KXNFLAFCCHAMP-27-TEN, KXOSCARPIC-27-BEH"
cap,8,True,3,0.04999999999999989,0.047498660814540905,-0.0025013391854589867,0.005353614476193456,0.057509248165083036,0.05215563368888958,0.8259308255638074,0.04464638552380644,KXF1-26-GR+KXF1-26-KA;KXF1-26-GR+KXF1-26-LN;KXF1-26-KA+KXF1-26-LN,"KXF1-26-GR, KXF1-26-KA, KXF1-26-LN","KXNFLAFCCHAMP-27-TEN, KXOSCARPIC-27-AVEN, KXWNBA-26-WSH"
cap,9,True,3,0.04999999999999996,0.047498660814540905,-0.002501339185459056,0.004094973901836361,0.057793328604533095,0.05369835470269674,0.8218710007095055,0.045905026098163604,KXF1-26-GR+KXF1-26-KA;KXF1-26-GR+KXF1-26-LN;KXF1-26-KA+KXF1-26-LN,"KXF1-26-GR, KXF1-26-KA, KXF1-26-LN","KXINXY-26DEC31H1600-B8900, KXNFLAFCCHAMP-27-TEN, KXOSCARPIC-27-BEH"
cap,10,True,1,0.001535745918244718,0.019599999999999767,0.01806425408175505,0.0032422650593845366,0.05852520576182604,0.055282940702441496,0.33489843811508935,-0.0017065191411398187,CONTROLH-2026-D+CONTROLH-2026-R,"CONTROLH-2026-D, CONTROLH-2026-R, KXINXY-26DEC31H1600-B8900","KXINXY-26DEC31H1600-B8900, KXOSCARPIC-27-PRO, KXBTCMAXY-26DEC31-199999.99"
cap,11,True,1,0.001689800953083534,0.01959999999999998,0.017910199046916445,0.0043039643229779954,0.057793328604533095,0.053489364281555096,0.3391394902016879,-0.0026141633698944615,SENATEMI-26-D+SENATEMI-26-R,"KXOSCARPIC-27-PRO, SENATEMI-26-D, SENATEMI-26-R","KXINXY-26DEC31H1600-B8900, KXNFLAFCCHAMP-27-TEN, KXOSCARPIC-27-BEH"
cap,12,True,3,0.03967552207144165,0.047498660814540905,0.007823138743099256,0.0051931954615517875,0.05794431729161439,0.0527511218300626,0.819729406345337,0.03448232660988986,KXF1-26-GR+KXF1-26-KA;KXF1-26-GR+KXF1-26-LN;KXF1-26-KA+KXF1-26-LN,"KXF1-26-GR, KXF1-26-KA, KXF1-26-LN","KXFEDDECISION-26SEP-H26, KXNBA-27-HOU, KXWNBA-26-WSH"
cap,13,True,3,0.039868643585998786,0.047498660814540905,0.007630017228542119,0.004202970003769405,0.058681134521122516,0.054478164517353114,0.8094366477772097,0.035665673582229385,KXF1-26-GR+KXF1-26-KA;KXF1-26-GR+KXF1-26-LN;KXF1-26-KA+KXF1-26-LN,"KXF1-26-GR, KXF1-26-KA, KXF1-26-LN","KXOSCARPIC-27-PRO, KXWNBA-26-WSH, KXBTCMAXY-26DEC31-199999.99"
cap,14,True,1,0.001858117112880111,0.019599999999999885,0.017741882887119774,0.004705593857048437,0.057640557048310094,0.05293496319126166,0.3400383515303747,-0.0028474767441683257,CONTROLH-2026-D+CONTROLH-2026-R,"CONTROLH-2026-D, CONTROLH-2026-R, KXNBA-27-HOU","KXNBA-27-HOU, KXNFLNFCCHAMP-27-ATL, KXOSCARPIC-27-SOC"
cap,15,True,1,0.001975658804911542,0.01959999999999988,0.01762434119508834,0.0053620908464870574,0.058293373506908594,0.05293128266042153,0.33623032637966993,-0.0033864320415755156,CONTROLH-2026-D+CONTROLH-2026-R,"CONTROLH-2026-D, CONTROLH-2026-R, KXOSCARPIC-27-SOC","KXNBA-27-CLE, KXNFLNFCCHAMP-27-ATL, KXOSCARPIC-27-SOC"
cap,16,True,3,0.05000000000000017,0.047498660814540905,-0.0025013391854592643,0.005260455002931166,0.05864957789440749,0.05338912289147632,0.8098721682201591,0.044739544997069,KXF1-26-GR+KXF1-26-KA;KXF1-26-GR+KXF1-26-LN;KXF1-26-KA+KXF1-26-LN,"KXF1-26-GR, KXF1-26-KA, KXF1-26-LN","KXNBA-27-TOR, KXATP-26USO-MUS, KXOSCARPIC-27-BEH"
cap,17,True,1,0.00195202664628576,0.01960000000000009,0.01764797335371433,0.005019241233398638,0.058218426309752574,0.05319918507635393,0.33666317079265945,-0.003067214587112878,SENATEME-26-D+SENATEME-26-R,"KXNBA-27-TOR, SENATEME-26-D, SENATEME-26-R","KXNBA-27-ORL, KXNFLNFCCHAMP-27-ATL, KXOSCARPIC-27-AVEN"
cap,18,True,3,0.04954081744566783,0.047498660814540905,-0.002042156631126925,0.004051634146802825,0.05867728203161591,0.05462564788481308,0.8094897917894042,0.045489183298865005,KXF1-26-GR+KXF1-26-KA;KXF1-26-GR+KXF1-26-LN;KXF1-26-KA+KXF1-26-LN,"KXF1-26-GR, KXF1-26-KA, KXF1-26-LN","KXFEDDECISION-26SEP-H26, KXNBA-27-HOU, KXOSCARPIC-27-PRO"
cap,19,True,3,0.031688459608796765,0.047498660814540905,0.01581020120574414,0.004343324305023228,0.05878370674919982,0.054440382444176594,0.808024254360031,0.027345135303773537,KXF1-26-GR+KXF1-26-KA;KXF1-26-GR+KXF1-26-LN;KXF1-26-KA+KXF1-26-LN,"KXF1-26-GR, KXF1-26-KA, KXF1-26-LN","KXNBA-27-IND, KXINXY-26DEC31H1600-B8900, KXOSCARPIC-27-AVEN"
cap,20,True,1,0.0013604716153570555,0.019600000000000062,0.018239528384643006,0.0025596192299053126,0.057957077716656126,0.05539745848675082,0.3381813019597307,-0.0011991476145482571,CONTROLS-2026-D+CONTROLS-2026-R,"CONTROLS-2026-D, CONTROLS-2026-R, KXOSCARPIC-27-AVEN","KXOSCARPIC-27-AVEN, KXWNBA-26-WSH, KXNASCARCUPSERIES-NCS26-CELL"
cap,21,True,1,0.0016670944822639554,0.019600000000000183,0.017932905517736228,0.004519063854902385,0.05852626611147043,0.05400720225656805,0.33489237059254023,-0.00285196937263843,KXGOVCA-26-SHIL+KXGOVCA-26-XBEC,"KXGOVCA-26-SHIL, KXGOVCA-26-XBEC, KXOSCARPIC-27-AVEN","KXINXY-26DEC31H1600-B8900, KXOSCARPIC-27-AVEN, KXBTCMAXY-26DEC31-199999.99"
cap,22,True,3,0.0500000000000002,0.047498660814540905,-0.002501339185459292,0.0033179794968139567,0.05770929813510144,0.054391318638287486,0.8230677265099164,0.04668202050318624,KXF1-26-GR+KXF1-26-KA;KXF1-26-GR+KXF1-26-LN;KXF1-26-KA+KXF1-26-LN,"KXF1-26-GR, KXF1-26-KA, KXF1-26-LN","KXATP-26USO-MUS, KXNFLNFCCHAMP-27-NO, KXWNBA-26-WSH"
cap,23,True,1,0.0018063510400051393,0.01959999999999988,0.017793648959994742,0.004981300548240777,0.0583029610633527,0.05332166051511192,0.3361750354103334,-0.0031749495082356374,CONTROLH-2026-D+CONTROLH-2026-R,"CONTROLH-2026-D, CONTROLH-2026-R, KXMLBAL-26-SEA","KXNBA-27-CLE, KXMLBAL-26-SEA, KXWNBA-26-WSH"
cap,24,True,1,0.0018805115543028897,0.01959999999999988,0.01771948844569699,0.005103740453700576,0.058691454679818546,0.053587714226117966,0.33394980763254917,-0.0032232288993976864,CONTROLH-2026-D+CONTROLH-2026-R,"CONTROLH-2026-D, CONTROLH-2026-R, KXNBA-27-CLE","KXNBA-27-CLE, KXNFLNFCCHAMP-27-ATL, KXINXY-26DEC31H1600-B6300"
cap,25,True,1,0.001990163583510212,0.019599999999999878,0.017609836416489666,0.004227829484605022,0.057958912492239195,0.05373108300763417,0.3381705963276028,-0.0022376659010948097,CONTROLH-2026-D+CONTROLH-2026-R,"CONTROLH-2026-D, CONTROLH-2026-R, KXBTCMAXY-26DEC31-199999.99","KXNFLNFCCHAMP-27-NO, KXWNBA-26-WSH, KXBTCMAXY-26DEC31-199999.99"
cap,26,True,3,0.04546008884161226,0.047498660814540905,0.0020385719729286433,0.0029477823551449685,0.0579317450174091,0.05498396266226413,0.8199073029867658,0.0425123064864673,KXF1-26-GR+KXF1-26-KA;KXF1-26-GR+KXF1-26-LN;KXF1-26-KA+KXF1-26-LN,"KXF1-26-GR, KXF1-26-KA, KXF1-26-LN","KXNFLNFCCHAMP-27-ATL, KXOSCARPIC-27-BEH, KXNASCARCUPSERIES-NCS26-CELL"
cap,27,True,1,0.0019178265285783036,0.0195999999999999,0.017682173471421595,0.004713019094053698,0.05806037383020218,0.05334735473614849,0.33757963834887084,-0.002795192565475394,SENATEMI-26-D+SENATEMI-26-R,"SENATEMI-26-D, SENATEMI-26-R, KXALIENS-26NOV","KXNFLAFCCHAMP-27-TEN, KXWNBA-26-WSH, KXALIENS-26NOV"
cap,28,True,1,0.0016434803116012857,0.019599999999999895,0.01795651968839861,0.0039503191808073455,0.05874457566826857,0.054794256487461224,0.33364782666371384,-0.00230683886920606,CONTROLH-2026-D+CONTROLH-2026-R,"CONTROLH-2026-D, CONTROLH-2026-R, KXNFLNFCCHAMP-27-NO","KXNBA-27-IND, KXATP-26USO-MUS, KXNFLNFCCHAMP-27-NO"
cap,29,True,1,0.001824049603816904,0.019599999999999878,0.017775950396182974,0.005102333943058035,0.05844239927660803,0.05334006533354999,0.3353729525585188,-0.003278284339241131,CONTROLH-2026-D+CONTROLH-2026-R,"CONTROLH-2026-D, CONTROLH-2026-R, KXBTCMAXY-26DEC31-199999.99","KXINXY-26DEC31H1600-B8900, KXOSCARPIC-27-BEH, KXBTCMAXY-26DEC31-199999.99"
cap,30,True,1,0.001972412535105588,0.01959999999999988,0.017627587464894293,0.004812718227436976,0.05819653389504857,0.05338381566761159,0.33678981699058663,-0.002840305692331388,CONTROLH-2026-D+CONTROLH-2026-R,"CONTROLH-2026-D, CONTROLH-2026-R, KXNBA-27-IND","KXNBA-27-IND, KXNFLNFCCHAMP-27-ATL, KXOSCARPIC-27-SOC"
cap,31,True,1,0.0018544145979702796,0.01959999999999998,0.0177455854020297,0.0038151261442166094,0.057069315593365984,0.05325418944914938,0.3434420019972761,-0.00196071154624633,SENATEMI-26-D+SENATEMI-26-R,"KXOSCARPIC-27-BEH, SENATEMI-26-D, SENATEMI-26-R","KXNFLAFCCHAMP-27-TEN, KXOSCARPIC-27-BEH, KXWNBA-26-WSH"
cap,32,True,3,0.0478922814673224,0.047498660814540905,-0.00039362065278149283,0.0035368062184340764,0.05860797746101638,0.055071171242582304,0.8104470222698789,0.04435547524888832,KXF1-26-GR+KXF1-26-KA;KXF1-26-GR+KXF1-26-LN;KXF1-26-KA+KXF1-26-LN,"KXF1-26-GR, KXF1-26-KA, KXF1-26-LN","KXNBA-27-CLE, KXMLBAL-26-SEA, KXALIENS-26NOV"
cap,33,True,3,0.04261869085660923,0.047498660814540905,0.004879969957931676,0.004901344382641188,0.05880400686888305,0.053902662486241856,0.8077453109691999,0.037717346473968044,KXF1-26-GR+KXF1-26-KA;KXF1-26-GR+KXF1-26-LN;KXF1-26-KA+KXF1-26-LN,"KXF1-26-GR, KXF1-26-KA, KXF1-26-LN","KXNBA-27-IND, KXINXY-26DEC31H1600-B6700, KXOSCARPIC-27-SOC"
cap,34,True,1,0.0018323021982123086,0.01959999999999998,0.01776769780178767,0.00512817375862536,0.058066765787100905,0.05293859202847555,0.33754247777226765,-0.0032958715604130516,SENATEMI-26-D+SENATEMI-26-R,"KXOSCARPIC-27-PRO, SENATEMI-26-D, SENATEMI-26-R","KXNBA-27-HOU, KXNFLNFCCHAMP-27-ATL, KXALIENS-26NOV"
cap,35,True,1,0.001834148743546933,0.01960000000000009,0.017765851256453156,0.0051105739927016815,0.05923877812767517,0.05412820413497349,0.33086435303842576,-0.0032764252491547484,SENATEME-26-D+SENATEME-26-R,"KXNBA-27-IND, SENATEME-26-D, SENATEME-26-R","KXNBA-27-IND, KXMLBAL-26-SEA, KXINXY-26DEC31H1600-B6300"
cap,36,True,1,0.0018046870420220518,0.019599999999999954,0.017795312957977902,0.004732649222436942,0.05803563740208712,0.05330298817965018,0.3377235243270557,-0.0029279621804148906,CONTROLH-2026-D+CONTROLH-2026-R,"CONTROLH-2026-D, CONTROLH-2026-R, KXNBA-27-TOR","KXNBA-27-TOR, KXNFLNFCCHAMP-27-ATL, KXMLBAL-26-SEA"
cap,37,True,3,0.05000000000000005,0.047498660814540905,-0.0025013391854591463,0.004430817740038985,0.05812140420048023,0.053690586460441246,0.8172318179151709,0.045569182259961066,KXF1-26-GR+KXF1-26-KA;KXF1-26-GR+KXF1-26-LN;KXF1-26-KA+KXF1-26-LN,"KXF1-26-GR, KXF1-26-KA, KXF1-26-LN","KXNFLNFCCHAMP-27-NO, KXOSCARPIC-27-SOC, KXWNBA-26-WSH"
cap,38,True,3,0.04025513546715497,0.047498660814540905,0.007243525347385933,0.00545684022321696,0.058648522161072004,0.05319168193785505,0.8098867467468459,0.034798295243938016,KXF1-26-GR+KXF1-26-KA;KXF1-26-GR+KXF1-26-LN;KXF1-26-KA+KXF1-26-LN,"KXF1-26-GR, KXF1-26-KA, KXF1-26-LN","KXNFLNFCCHAMP-27-NO, KXINXY-26DEC31H1600-B8900, KXOSCARPIC-27-BEH"
cap,39,True,1,0.0018025473004040261,0.01959999999999988,0.017797452699595855,0.004580586576198992,0.057911162371171256,0.05333057579497226,0.33844943181035086,-0.0027780392757949662,CONTROLH-2026-D+CONTROLH-2026-R,"CONTROLH-2026-D, CONTROLH-2026-R, KXNBA-27-CLE","KXFEDDECISION-26SEP-H26, KXNFLNFCCHAMP-27-ATL, KXNFLAFCCHAMP-27-TEN"
cap,40,True,3,0.04593339243148076,0.047498660814540905,0.0015652683830601477,0.005216347059167303,0.0587825330766655,0.0535661860174982,0.8080403876537965,0.04071704537231345,KXF1-26-GR+KXF1-26-KA;KXF1-26-GR+KXF1-26-LN;KXF1-26-KA+KXF1-26-LN,"KXF1-26-GR, KXF1-26-KA, KXF1-26-LN","KXNBA-27-TOR, KXOSCARPIC-27-AVEN, KXBTCMAXY-26DEC31-199999.99"
cap,41,True,3,0.03549472929423603,0.047498660814540905,0.012003931520304878,0.0037067572683502532,0.058299549681468985,0.054592792413118735,0.8147346089988542,0.03178797202588578,KXF1-26-GR+KXF1-26-KA;KXF1-26-GR+KXF1-26-LN;KXF1-26-KA+KXF1-26-LN,"KXF1-26-GR, KXF1-26-KA, KXF1-26-LN","KXFEDDECISION-26SEP-H26, KXNBA-27-ORL, KXINXY-26DEC31H1600-B8900"
cap,42,True,1,0.0017955421490133856,0.01959999999999998,0.017804457850986593,0.004280086273332158,0.05876108243913011,0.054480996165797956,0.33355410054441015,-0.0024845441243187723,SENATEMI-26-D+SENATEMI-26-R,"KXFEDDECISION-26SEP-H26, SENATEMI-26-D, SENATEMI-26-R","KXFEDDECISION-26SEP-H26, KXNBA-27-TOR, KXOSCARPIC-27-PRO"
cap,43,True,1,0.0019947929835868253,0.019600000000000208,0.017605207016413382,0.005255115155751815,0.05874891477878708,0.05349379962303527,0.3336231839141534,-0.00326032217216499,KXGOVCA-26-SHIL+KXGOVCA-26-XBEC,"KXNBA-27-HOU, KXGOVCA-26-SHIL, KXGOVCA-26-XBEC","KXNBA-27-TOR, KXNFLNFCCHAMP-27-NO, KXBTCMAXY-26DEC31-199999.99"
cap,44,True,1,0.0017204112136327172,0.019599999999999767,0.01787958878636705,0.003878185929650897,0.05685938800607054,0.05298120207641964,0.3447100063389214,-0.00215777471601818,CONTROLH-2026-D+CONTROLH-2026-R,"CONTROLH-2026-D, CONTROLH-2026-R, KXINXY-26DEC31H1600-B8900","KXINXY-26DEC31H1600-B8900, KXNFLAFCCHAMP-27-TEN, KXWNBA-26-WSH"
cap,45,True,1,0.0016298156089339412,0.01959999999999989,0.017970184391065947,0.003612802406392158,0.05804765313220289,0.05443485072581074,0.3376536163376167,-0.0019829867974582166,CONTROLH-2026-D+CONTROLH-2026-R,"CONTROLH-2026-D, CONTROLH-2026-R, KXNBA-27-ORL","KXNBA-27-ORL, KXATP-26USO-MUS, KXWNBA-26-WSH"
cap,46,True,1,0.0019943967298926557,0.019599999999999885,0.01760560327010723,0.004742115066763298,0.057146746902191466,0.052404631835428164,0.3429766533088214,-0.002747718336870642,CONTROLH-2026-D+CONTROLH-2026-R,"CONTROLH-2026-D, CONTROLH-2026-R, KXWNBA-26-WSH","KXFEDDECISION-26SEP-H26, KXNFLAFCCHAMP-27-TEN, KXWNBA-26-WSH"
cap,47,True,1,0.0018753076920991207,0.019599999999999968,0.017724692307900847,0.005224235897824427,0.05857672615921128,0.05335249026138685,0.3346038825510196,-0.003348928205725306,CONTROLS-2026-D+CONTROLS-2026-R,"CONTROLS-2026-D, CONTROLS-2026-R, KXINXY-26DEC31H1600-B8900","KXFEDDECISION-26SEP-H26, KXNFLNFCCHAMP-27-NO, KXINXY-26DEC31H1600-B8900"
cap,48,True,1,0.001977931178206046,0.019600000000000097,0.01762206882179405,0.004456989573821804,0.058737190723274754,0.05428020114945295,0.3336897757391987,-0.002479058395615758,SENATEME-26-D+SENATEME-26-R,"SENATEME-26-D, SENATEME-26-R, KXOSCARPIC-27-PRO","KXFEDDECISION-26SEP-H26, KXNBA-27-CLE, KXOSCARPIC-27-PRO"
cap,49,True,1,0.0017009861894451417,0.01959999999999998,0.017899013810554837,0.004182838596403622,0.058697845796331555,0.05451500719992793,0.3339134466366553,-0.0024818524069584805,SENATEMI-26-D+SENATEMI-26-R,"KXNBA-27-HOU, SENATEMI-26-D, SENATEMI-26-R","KXNBA-27-HOU, KXINXY-26DEC31H1600-B8900, KXOSCARPIC-27-AVEN"
cap,50,True,3,0.050000000000000044,0.047498660814540905,-0.0025013391854591394,0.004225897833298006,0.058921987612619964,0.05469608977932196,0.806127945425378,0.04577410216670204,KXF1-26-GR+KXF1-26-KA;KXF1-26-GR+KXF1-26-LN;KXF1-26-KA+KXF1-26-LN,"KXF1-26-GR, KXF1-26-KA, KXF1-26-LN","KXNFLNFCCHAMP-27-NO, KXINXY-26DEC31H1600-B6300, KXALIENS-26NOV"
cap,51,True,1,0.0017973512266001059,0.0195999999999998,0.017802648773399696,0.004956152001027059,0.058763150491350544,0.053806998490323485,0.3335423617711709,-0.003158800774426953,CONTROLH-2026-D+CONTROLH-2026-R,"CONTROLH-2026-D, CONTROLH-2026-R, KXALIENS-26NOV","KXNBA-27-IND, KXOSCARPIC-27-AVEN, KXALIENS-26NOV"
cap,52,True,1,0.0019375473677664228,0.019599999999999885,0.017662452632233462,0.004571805668570201,0.058304662027483314,0.05373285635891312,0.3361652279325614,-0.002634258300803778,CONTROLH-2026-D+CONTROLH-2026-R,"CONTROLH-2026-D, CONTROLH-2026-R, KXNBA-27-HOU","KXNBA-27-HOU, KXNFLNFCCHAMP-27-ATL, KXINXY-26DEC31H1600-B6300"
cap,53,True,1,0.0019138873380406887,0.01959999999999988,0.017686112661959193,0.00531798809429683,0.05917323701088242,0.05385524891658559,0.33123082308975743,-0.0034041007562561412,CONTROLH-2026-D+CONTROLH-2026-R,"CONTROLH-2026-D, CONTROLH-2026-R, KXOSCARPIC-27-SOC","KXFEDDECISION-26SEP-H26, KXINXY-26DEC31H1600-B6300, KXOSCARPIC-27-SOC"
cap,54,True,1,-6.164203909956104e-05,0.019607130289208727,0.019668772328308288,0.004814192583230268,0.0583225165114499,0.05350832392821964,0.33618457264887475,-0.004875834622329829,KXRATECUTCOUNT-26DEC31-T0+KXRATECUTCOUNT-26DEC31-T1,"KXOSCARPIC-27-PRO, KXRATECUTCOUNT-26DEC31-T0, KXRATECUTCOUNT-26DEC31-T1","KXMLBAL-26-SEA, KXOSCARPIC-27-PRO, KXALIENS-26NOV"
cap,55,True,3,0.03153829485368215,0.047498660814540905,0.015960365960858758,0.004582086238076606,0.05841872004345217,0.05383663380537557,0.8130726037682978,0.02695620861560554,KXF1-26-GR+KXF1-26-KA;KXF1-26-GR+KXF1-26-LN;KXF1-26-KA+KXF1-26-LN,"KXF1-26-GR, KXF1-26-KA, KXF1-26-LN","KXNFLNFCCHAMP-27-ATL, KXINXY-26DEC31H1600-B6700, KXOSCARPIC-27-BEH"
cap,56,True,3,0.04999999999999998,0.047498660814540905,-0.002501339185459077,0.0048185870730817065,0.0578492795375812,0.05303069246449949,0.82107609972366,0.045181412926918275,KXF1-26-GR+KXF1-26-KA;KXF1-26-GR+KXF1-26-LN;KXF1-26-KA+KXF1-26-LN,"KXF1-26-GR, KXF1-26-KA, KXF1-26-LN","KXNBA-27-IND, KXNFLAFCCHAMP-27-TEN, KXWNBA-26-WSH"
cap,57,True,1,0.0018377605052007397,0.01959999999999998,0.01776223949479924,0.003652816218412007,0.05797374124986853,0.054320925031456524,0.3380840976869752,-0.0018150557132112673,SENATEMI-26-D+SENATEMI-26-R,"KXNBA-27-ORL, SENATEMI-26-D, SENATEMI-26-R","KXNFLNFCCHAMP-27-ATL, KXMLBAL-26-SEA, KXINXY-26DEC31H1600-B6700"
cap,58,True,1,0.0016334915200384229,0.019599999999999923,0.0179665084799615,0.004203731944977349,0.057793328604533095,0.05358959665955575,0.3391394902016869,-0.0025702404249389257,SENATEMI-26-D+SENATEMI-26-R,"KXINXY-26DEC31H1600-B8900, SENATEMI-26-D, SENATEMI-26-R","KXINXY-26DEC31H1600-B8900, KXNFLAFCCHAMP-27-TEN, KXOSCARPIC-27-BEH"
cap,59,True,1,0.0019725296532093,0.01959999999999989,0.01762747034679059,0.003193593591166402,0.0574752092564881,0.0542816156653217,0.3410165922586413,-0.0012210639379571023,CONTROLH-2026-D+CONTROLH-2026-R,"CONTROLH-2026-D, CONTROLH-2026-R, KXNBA-27-ORL","KXNBA-27-ORL, KXNFLNFCCHAMP-27-ATL, KXOSCARPIC-27-SOC"
cap,60,True,1,0.0018371716500073139,0.019600000000000086,0.017762828349992772,0.004837162280429071,0.05892494725216396,0.05408778497173489,0.33262651752785904,-0.0029999906304217575,CONTROLS-2026-D+CONTROLS-2026-R,"CONTROLS-2026-D, CONTROLS-2026-R, KXOSCARPIC-27-SOC","KXNFLNFCCHAMP-27-NO, KXOSCARPIC-27-SOC, KXBTCMAXY-26DEC31-199999.99"
cap,61,True,1,0.0019780319517426932,0.019599999999999868,0.017621968048257174,0.003249496579679347,0.0577275692382895,0.054478072658610155,0.33952581511087765,-0.001271464627936654,CONTROLH-2026-D+CONTROLH-2026-R,"CONTROLH-2026-D, CONTROLH-2026-R, KXNFLAFCCHAMP-27-TEN","KXNBA-27-CLE, KXNFLAFCCHAMP-27-TEN, KXWNBA-26-WSH"
cap,62,True,1,0.001834015043275461,0.01960000000000005,0.01776598495672459,0.0047409177908282335,0.05819057217465823,0.053449654383829995,0.33682432166452864,-0.0029069027475527726,CONTROLS-2026-D+CONTROLS-2026-R,"CONTROLS-2026-D, CONTROLS-2026-R, KXNFLAFCCHAMP-27-TEN","KXNBA-27-TOR, KXINXY-26DEC31H1600-B8900, KXNFLAFCCHAMP-27-TEN"
cap,63,True,3,0.046620260349234124,0.047498660814540905,0.0008784004653067806,0.005180081655268582,0.05892494725216396,0.05374486559689538,0.8060874558151864,0.041440178693965546,KXF1-26-GR+KXF1-26-KA;KXF1-26-GR+KXF1-26-LN;KXF1-26-KA+KXF1-26-LN,"KXF1-26-GR, KXF1-26-KA, KXF1-26-LN","KXNFLNFCCHAMP-27-NO, KXOSCARPIC-27-SOC, KXBTCMAXY-26DEC31-199999.99"
cap,64,True,1,0.0018278371741674224,0.019599999999999968,0.017772162825832546,0.004975851634825869,0.05795335797942602,0.052977506344600155,0.3382030081321284,-0.0031480144606584465,CONTROLS-2026-D+CONTROLS-2026-R,"CONTROLS-2026-D, CONTROLS-2026-R, KXINXY-26DEC31H1600-B8900","KXNBA-27-HOU, KXINXY-26DEC31H1600-B8900, KXWNBA-26-WSH"
cap,65,True,3,0.0500000000000002,0.047498660814540905,-0.002501339185459292,0.0037655349687492727,0.0571061621901691,0.05334062722141983,0.8317606890893092,0.04623446503125092,KXF1-26-GR+KXF1-26-KA;KXF1-26-GR+KXF1-26-LN;KXF1-26-KA+KXF1-26-LN,"KXF1-26-GR, KXF1-26-KA, KXF1-26-LN","KXNFLNFCCHAMP-27-ATL, KXOSCARPIC-27-BEH, KXWTA-26USO-SWI"
cap,66,True,1,0.001517275965540233,0.019600000000000083,0.01808272403445985,0.003249334905703845,0.058788572348314604,0.05553923744261076,0.3333981285320665,-0.0017320589401636118,CONTROLS-2026-D+CONTROLS-2026-R,"CONTROLS-2026-D, CONTROLS-2026-R, KXBTCMAXY-26DEC31-199999.99","KXNBA-27-HOU, KXOSCARPIC-27-SOC, KXBTCMAXY-26DEC31-199999.99"
cap,67,True,1,0.001988661438943367,0.01959999999999988,0.017611338561056514,0.004186517735414782,0.05685938800607054,0.05267287027065576,0.3447100063389234,-0.002197856296471415,CONTROLH-2026-D+CONTROLH-2026-R,"CONTROLH-2026-D, CONTROLH-2026-R, KXMLBAL-26-SEA","KXINXY-26DEC31H1600-B8900, KXNFLAFCCHAMP-27-TEN, KXWNBA-26-WSH"
cap,68,True,1,0.00045143195500690556,0.019600000000000208,0.019148568044993302,0.005089645377052445,0.05797374124986853,0.05288409587281609,0.33808409768697917,-0.0046382134220455395,KXGOVCA-26-SHIL+KXGOVCA-26-XBEC,"KXGOVCA-26-SHIL, KXGOVCA-26-XBEC, KXINXY-26DEC31H1600-B6700","KXNFLNFCCHAMP-27-ATL, KXMLBAL-26-SEA, KXINXY-26DEC31H1600-B6700"
cap,69,True,1,0.001588370001384648,0.01959999999999998,0.01801162999861533,0.0030956375692219075,0.05785447481916795,0.05475883724994604,0.3387810547284795,-0.0015072675678372595,SENATEMI-26-D+SENATEMI-26-R,"KXOSCARPIC-27-AVEN, SENATEMI-26-D, SENATEMI-26-R","KXNFLNFCCHAMP-27-ATL, KXOSCARPIC-27-AVEN, KXNASCARCUPSERIES-NCS26-BWAL"
cap,70,True,1,0.0019118851415987487,0.019599999999999878,0.01768811485840113,0.005284251230486106,0.05832675356268486,0.05304250233219875,0.33603790375432757,-0.0033723660888873574,CONTROLH-2026-D+CONTROLH-2026-R,"CONTROLH-2026-D, CONTROLH-2026-R, KXBTCMAXY-26DEC31-199999.99","KXNFLNFCCHAMP-27-ATL, KXMLBAL-26-SEA, KXBTCMAXY-26DEC31-199999.99"
cap,71,True,1,0.0019220970796777065,0.01960000000000009,0.017677902920322383,0.0048719825486804105,0.058386264706907394,0.05351428215822698,0.3356953916882665,-0.002949885469002704,SENATEME-26-D+SENATEME-26-R,"KXNFLNFCCHAMP-27-NO, SENATEME-26-D, SENATEME-26-R","KXNFLNFCCHAMP-27-NO, KXMLBAL-26-SEA, KXWNBA-26-WSH"
cap,72,True,3,0.036198289953723733,0.047498660814540905,0.011300370860817172,0.0044335550486970035,0.0582533533691905,0.053819798320493495,0.8153807131670188,0.03176473490502673,KXF1-26-GR+KXF1-26-KA;KXF1-26-GR+KXF1-26-LN;KXF1-26-KA+KXF1-26-LN,"KXF1-26-GR, KXF1-26-KA, KXF1-26-LN","KXNFLNFCCHAMP-27-ATL, KXMLBAL-26-SEA, KXOSCARPIC-27-SOC"
cap,73,True,3,0.04999999999999994,0.047498660814540905,-0.0025013391854590353,0.0020176987582522198,0.05685938800607054,0.05484168924781832,0.8353705954321872,0.047982301241747724,KXF1-26-GR+KXF1-26-KA;KXF1-26-GR+KXF1-26-LN;KXF1-26-KA+KXF1-26-LN,"KXF1-26-GR, KXF1-26-KA, KXF1-26-LN","KXINXY-26DEC31H1600-B8900, KXNFLAFCCHAMP-27-TEN, KXWNBA-26-WSH"
cap,74,True,1,0.001830119318239412,0.019600000000000208,0.017769880681760795,0.004609244634955115,0.058066765787100905,0.05345752115214579,0.3375424777722716,-0.0027791253167157026,KXGOVCA-26-SHIL+KXGOVCA-26-XBEC,"KXNBA-27-HOU, KXGOVCA-26-SHIL, KXGOVCA-26-XBEC","KXNBA-27-HOU, KXNFLNFCCHAMP-27-ATL, KXALIENS-26NOV"
cap,75,True,1,0.001860780557530771,0.019600000000000062,0.01773921944246929,0.00531780995012638,0.05838156916007345,0.05306375920994707,0.3357223911926694,-0.003457029392595609,CONTROLS-2026-D+CONTROLS-2026-R,"KXNBA-27-ORL, CONTROLS-2026-D, CONTROLS-2026-R","KXNBA-27-ORL, KXINXY-26DEC31H1600-B6300, KXOSCARPIC-27-SOC"
cap,76,True,1,0.0018492403497849391,0.0195999999999999,0.01775075965021496,0.005201476906087379,0.058720230264630066,0.053518753358542684,0.33378615703089115,-0.0033522365563024396,SENATEMI-26-D+SENATEMI-26-R,"SENATEMI-26-D, SENATEMI-26-R, KXALIENS-26NOV","KXINXY-26DEC31H1600-B6700, KXOSCARPIC-27-PRO, KXALIENS-26NOV"
cap,77,True,1,0.0016176825266421176,0.01959999999999988,0.017982317473357764,0.0029721173848328876,0.05753334557021214,0.05456122818537926,0.3406720017017013,-0.00135443485819077,CONTROLH-2026-D+CONTROLH-2026-R,"CONTROLH-2026-D, CONTROLH-2026-R, KXNBA-27-CLE","KXNFLNFCCHAMP-27-ATL, KXMLBAL-26-SEA, KXALIENS-26NOV"
cap,78,True,3,0.0500000000000001,0.047498660814540905,-0.002501339185459195,0.004453052237082807,0.0575486347031649,0.05309558246608209,0.8253655548830718,0.04554694776291729,KXF1-26-GR+KXF1-26-KA;KXF1-26-GR+KXF1-26-LN;KXF1-26-KA+KXF1-26-LN,"KXF1-26-GR, KXF1-26-KA, KXF1-26-LN","KXNBA-27-HOU, KXNFLNFCCHAMP-27-ATL, KXOSCARPIC-27-BEH"
cap,79,True,3,0.04999999999999998,0.047498660814540905,-0.002501339185459077,0.0053899772484540705,0.05750368597006628,0.05211370872161221,0.8260107158916121,0.04461002275154591,KXF1-26-GR+KXF1-26-KA;KXF1-26-GR+KXF1-26-LN;KXF1-26-KA+KXF1-26-LN,"KXF1-26-GR, KXF1-26-KA, KXF1-26-LN","KXNFLAFCCHAMP-27-TEN, KXOSCARPIC-27-PRO, KXWNBA-26-WSH"
cap,80,True,1,0.0016630938922312655,0.01959999999999988,0.017936906107768616,0.003986898100174545,0.057509248165083036,0.05352235006490849,0.3408147493727817,-0.0023238042079432794,CONTROLH-2026-D+CONTROLH-2026-R,"CONTROLH-2026-D, CONTROLH-2026-R, KXMLBAL-26-SEA","KXNFLAFCCHAMP-27-TEN, KXOSCARPIC-27-AVEN, KXWNBA-26-WSH"
cap,81,True,3,0.043320980542032206,0.047498660814540905,0.004177680272508699,0.004493895859543365,0.058889405125808675,0.05439550926626531,0.8065739620406575,0.03882708468248884,KXF1-26-GR+KXF1-26-KA;KXF1-26-GR+KXF1-26-LN;KXF1-26-KA+KXF1-26-LN,"KXF1-26-GR, KXF1-26-KA, KXF1-26-LN","KXNBA-27-IND, KXATP-26USO-MUS, KXBTCMAXY-26DEC31-199999.99"
cap,82,True,1,0.001953303358111603,0.019600000000000093,0.01764669664188849,0.00356588310280637,0.05657830566123999,0.05301242255843362,0.3464225337067213,-0.001612579744694767,CONTROLS-2026-D+CONTROLS-2026-R,"CONTROLS-2026-D, CONTROLS-2026-R, KXINXY-26DEC31H1600-B6300","KXWNBA-26-WSH, KXWTA-26USO-SWI, KXALIENS-26NOV"
cap,83,True,1,0.0018875490170782022,0.019600000000000086,0.017712450982921884,0.004639367744883459,0.05819653389504857,0.05355716615016511,0.3367898169905902,-0.0027518187278052567,CONTROLS-2026-D+CONTROLS-2026-R,"CONTROLS-2026-D, CONTROLS-2026-R, KXOSCARPIC-27-SOC","KXNBA-27-IND, KXNFLNFCCHAMP-27-ATL, KXOSCARPIC-27-SOC"
cap,84,True,1,0.001983730958703467,0.019600000000000208,0.01761626904129674,0.00542535452378921,0.059384813127933034,0.05395945860414382,0.33005071444404177,-0.0034416235650857434,KXGOVCA-26-SHIL+KXGOVCA-26-XBEC,"KXGOVCA-26-SHIL, KXGOVCA-26-XBEC, KXBTCMAXY-26DEC31-199999.99","KXNBA-27-CLE, KXNFLAFCCHAMP-27-TEN, KXBTCMAXY-26DEC31-199999.99"
cap,85,True,1,0.0017721463725784911,0.01959999999999998,0.017827853627421487,0.004185471542883949,0.05811742505032985,0.0539319535074459,0.3372482518457472,-0.002413325170305458,SENATEMI-26-D+SENATEMI-26-R,"KXNBA-27-TOR, SENATEMI-26-D, SENATEMI-26-R","KXNBA-27-TOR, KXMLBAL-26-SEA, KXWNBA-26-WSH"
cap,86,True,1,0.0014850892400517061,0.01959999999999998,0.018114910759948272,0.0036166849727677294,0.058835976083308796,0.055219291110541066,0.33312951198850443,-0.0021315957327160233,SENATEMI-26-D+SENATEMI-26-R,"KXNBA-27-TOR, SENATEMI-26-D, SENATEMI-26-R","KXNBA-27-TOR, KXINXY-26DEC31H1600-B6300, KXOSCARPIC-27-SOC"
cap,87,True,1,0.0018099275794702038,0.019599999999999895,0.01779007242052969,0.0050284224527854665,0.05880969067120971,0.053781268218424244,0.33327840660782587,-0.0032184948733152627,CONTROLH-2026-D+CONTROLH-2026-R,"KXFEDDECISION-26SEP-H26, CONTROLH-2026-D, CONTROLH-2026-R","KXFEDDECISION-26SEP-H26, KXINXY-26DEC31H1600-B6700, KXOSCARPIC-27-AVEN"
cap,88,True,3,0.05000000000000002,0.047498660814540905,-0.0025013391854591116,0.004098902312395496,0.0585988701193108,0.05449996780691531,0.8105729806365002,0.04590109768760452,KXF1-26-GR+KXF1-26-KA;KXF1-26-GR+KXF1-26-LN;KXF1-26-KA+KXF1-26-LN,"KXF1-26-GR, KXF1-26-KA, KXF1-26-LN","KXNBA-27-TOR, KXNFLNFCCHAMP-27-NO, KXOSCARPIC-27-AVEN"
cap,89,True,1,0.0019968082093834716,0.01960000000000009,0.017603191790616618,0.0054064399409379585,0.05872926188599672,0.05332282194505876,0.33373482605735716,-0.003409631731554487,SENATEME-26-D+SENATEME-26-R,"KXNBA-27-ORL, SENATEME-26-D, SENATEME-26-R","KXNBA-27-TOR, KXMLBAL-26-SEA, KXINXY-26DEC31H1600-B6700"
cap,90,True,3,0.04999999999999999,0.047498660814540905,-0.002501339185459084,0.00441080070798569,0.058111402269138,0.05370060156115231,0.8173724769978,0.0455891992920143,KXF1-26-GR+KXF1-26-KA;KXF1-26-GR+KXF1-26-LN;KXF1-26-KA+KXF1-26-LN,"KXF1-26-GR, KXF1-26-KA, KXF1-26-LN","KXNBA-27-IND, KXNFLNFCCHAMP-27-NO, KXWNBA-26-WSH"
cap,91,True,1,0.0018701453452973499,0.019600000000000176,0.017729854654702826,0.005068954544928943,0.05867161526460281,0.053602660719673866,0.33406273053172714,-0.003198809199631593,KXGOVCA-26-SHIL+KXGOVCA-26-XBEC,"KXGOVCA-26-SHIL, KXGOVCA-26-XBEC, KXNFLAFCCHAMP-27-TEN","KXNBA-27-TOR, KXINXY-26DEC31H1600-B6300, KXNFLAFCCHAMP-27-TEN"
cap,92,True,1,0.0019562293844926776,0.019599999999999885,0.017643770615507207,0.005100443766238576,0.058274138679143474,0.0531736949129049,0.3363413075552637,-0.003144214381745898,CONTROLH-2026-D+CONTROLH-2026-R,"CONTROLH-2026-D, CONTROLH-2026-R, KXNBA-27-HOU","KXATP-26USO-MUS, KXNFLNFCCHAMP-27-NO, KXOSCARPIC-27-PRO"
cap,93,True,3,0.050000000000000086,0.047498660814540905,-0.002501339185459181,0.005090489956098225,0.05795335797942602,0.0528628680233278,0.8196015290676231,0.04490951004390186,KXF1-26-GR+KXF1-26-KA;KXF1-26-GR+KXF1-26-LN;KXF1-26-KA+KXF1-26-LN,"KXF1-26-GR, KXF1-26-KA, KXF1-26-LN","KXNBA-27-HOU, KXINXY-26DEC31H1600-B8900, KXWNBA-26-WSH"
cap,94,True,1,0.0018126053010406942,0.01959999999999988,0.017787394698959187,0.004386120193112651,0.058528547286047124,0.05414242709293447,0.3348793180225133,-0.002573514892071957,CONTROLH-2026-D+CONTROLH-2026-R,"CONTROLH-2026-D, CONTROLH-2026-R, KXOSCARPIC-27-PRO","KXNFLNFCCHAMP-27-NO, KXINXY-26DEC31H1600-B8900, KXOSCARPIC-27-PRO"
cap,95,True,3,0.050000000000000155,0.047498660814540905,-0.0025013391854592504,0.004809783044952172,0.05772196616253618,0.05291218311758401,0.8228870908657543,0.045190216955047983,KXF1-26-GR+KXF1-26-KA;KXF1-26-GR+KXF1-26-LN;KXF1-26-KA+KXF1-26-LN,"KXF1-26-GR, KXF1-26-KA, KXF1-26-LN","KXMLBAL-26-SEA, KXWNBA-26-WSH, KXALIENS-26NOV"
cap,96,True,3,0.050000000000000044,0.047498660814540905,-0.0025013391854591394,0.004717793461584786,0.05719675377625389,0.0524789603146691,0.8304432975400905,0.04528220653841526,KXF1-26-GR+KXF1-26-KA;KXF1-26-GR+KXF1-26-LN;KXF1-26-KA+KXF1-26-LN,"KXF1-26-GR, KXF1-26-KA, KXF1-26-LN","KXNFLNFCCHAMP-27-ATL, KXNFLAFCCHAMP-27-TEN, KXWNBA-26-WSH"
cap,97,True,1,0.0016855177945042064,0.019599999999999885,0.01791448220549568,0.0045605015652184985,0.05810221740009351,0.05354171583487501,0.33733652306303097,-0.002874983770714292,CONTROLH-2026-D+CONTROLH-2026-R,"CONTROLH-2026-D, CONTROLH-2026-R, KXWNBA-26-WSH","KXNBA-27-CLE, KXNFLNFCCHAMP-27-NO, KXWNBA-26-WSH"
cap,98,True,3,0.031629788507831436,0.047498660814540905,0.01586887230670947,0.004355092096551008,0.0581655382915915,0.05381044619504049,0.8166117293787237,0.027274696411280427,KXF1-26-GR+KXF1-26-KA;KXF1-26-GR+KXF1-26-LN;KXF1-26-KA+KXF1-26-LN,"KXF1-26-GR, KXF1-26-KA, KXF1-26-LN","KXNBA-27-HOU, KXNFLNFCCHAMP-27-ATL, KXWNBA-26-WSH"
cap,99,True,1,0.001873094051101188,0.019599999999999767,0.01772690594889858,0.004577394441476975,0.05787628999349853,0.05329889555202155,0.3386533587795885,-0.002704300390375787,CONTROLH-2026-D+CONTROLH-2026-R,"CONTROLH-2026-D, CONTROLH-2026-R, KXINXY-26DEC31H1600-B8900","KXNFLNFCCHAMP-27-NO, KXINXY-26DEC31H1600-B8900, KXWNBA-26-WSH"
match,frozen,True,1,0.0026504606711835674,0.01959999999999989,0.01694953932881632,0.007549313924367206,0.05855271737341708,0.05100340344904987,0.3347410825530411,-0.004898853253183639,CONTROLH-2026-D+CONTROLH-2026-R,"CONTROLH-2026-D, CONTROLH-2026-R, KXATP-26USO-MUS","KXATP-26USO-MUS, KXOSCARPIC-27-SOC, KXWNBA-26-WSH"
match,0,True,1,0.001888326817946217,0.01959999999999989,0.01771167318205367,0.005300120999775941,0.05820669506872042,0.05290657406894448,0.3367310234133649,-0.003411794181829724,CONTROLH-2026-D+CONTROLH-2026-R,"CONTROLH-2026-D, CONTROLH-2026-R, KXINXY-26DEC31H1600-B6300","KXNBA-27-ORL, KXNFLNFCCHAMP-27-ATL, KXINXY-26DEC31H1600-B6300"
match,1,True,1,0.0022559104152653393,0.0195999999999999,0.01734408958473456,0.005135302724652187,0.05885929559025248,0.05372399286560029,0.33299752916590797,-0.0028793923093868475,CONTROLH-2026-D+CONTROLH-2026-R,"CONTROLH-2026-D, CONTROLH-2026-R, KXOSCARPIC-27-BEH","KXINXY-26DEC31H1600-B6700, KXNFLAFCCHAMP-27-TEN, KXOSCARPIC-27-BEH"
match,2,True,1,0.0014213991894726462,0.019599999999999868,0.01817860081052722,0.003847975670767268,0.057069315593365984,0.05322133992259871,0.34344200199727415,-0.002426576481294622,CONTROLH-2026-D+CONTROLH-2026-R,"CONTROLH-2026-D, CONTROLH-2026-R, KXNFLAFCCHAMP-27-TEN","KXNFLAFCCHAMP-27-TEN, KXOSCARPIC-27-BEH, KXWNBA-26-WSH"
match,3,True,1,0.00249090403750157,0.0195999999999999,0.01710909596249833,0.005446030359366416,0.0573722376386125,0.05192620727924609,0.3416286483971607,-0.002955126321864846,CONTROLH-2026-D+CONTROLH-2026-R,"CONTROLH-2026-D, CONTROLH-2026-R, KXOSCARPIC-27-BEH","KXNBA-27-ORL, KXNFLNFCCHAMP-27-ATL, KXOSCARPIC-27-BEH"
match,4,True,1,0.001890149857562827,0.019600000000000062,0.017709850142437235,0.004209413961109316,0.0573722376386125,0.05316282367750319,0.3416286483971635,-0.002319264103546489,CONTROLS-2026-D+CONTROLS-2026-R,"KXNBA-27-ORL, CONTROLS-2026-D, CONTROLS-2026-R","KXNBA-27-ORL, KXNFLNFCCHAMP-27-ATL, KXOSCARPIC-27-BEH"
match,5,True,1,0.0019566140707987408,0.01959999999999988,0.01764338592920114,0.005341601758038356,0.05909090649325507,0.05374930473521671,0.3316923222735993,-0.003384987687239615,CONTROLH-2026-D+CONTROLH-2026-R,"CONTROLH-2026-D, CONTROLH-2026-R, KXNBA-27-CLE","KXNBA-27-CLE, KXNFLNFCCHAMP-27-NO, KXINXY-26DEC31H1600-B6700"
match,6,True,1,0.0019656064588257083,0.01959999999999998,0.01763439354117427,0.004845325188591473,0.05829711301792179,0.05345178782933031,0.3362087586391202,-0.002879718729765765,SENATEMI-26-D+SENATEMI-26-R,"KXWNBA-26-WSH, SENATEMI-26-D, SENATEMI-26-R","KXNBA-27-HOU, KXOSCARPIC-27-AVEN, KXWNBA-26-WSH"
match,7,True,1,0.0026871634380862333,0.0195999999999999,0.016912836561913665,0.005700816592699835,0.057793328604533095,0.052092512011833264,0.3391394902016865,-0.0030136531546136013,CONTROLH-2026-D+CONTROLH-2026-R,"CONTROLH-2026-D, CONTROLH-2026-R, KXOSCARPIC-27-BEH","KXINXY-26DEC31H1600-B8900, KXNFLAFCCHAMP-27-TEN, KXOSCARPIC-27-BEH"
match,8,True,1,0.002127120060256813,0.01959999999999998,0.017472879939743165,0.005685245768702621,0.057509248165083036,0.051824002396380416,0.3408147493727834,-0.0035581257084458077,SENATEMI-26-D+SENATEMI-26-R,"KXOSCARPIC-27-AVEN, SENATEMI-26-D, SENATEMI-26-R","KXNFLAFCCHAMP-27-TEN, KXOSCARPIC-27-AVEN, KXWNBA-26-WSH"
match,9,True,1,0.0024864292874351296,0.01959999999999998,0.01711357071256485,0.006636302446588239,0.05890506398490734,0.052268761538319095,0.3327387948347173,-0.004149873159153109,SENATEMI-26-D+SENATEMI-26-R,"KXNBA-27-IND, SENATEMI-26-D, SENATEMI-26-R","KXNBA-27-IND, KXNFLAFCCHAMP-27-TEN, KXOSCARPIC-27-BEH"
match,10,True,1,0.0018661245060032049,0.01959999999999988,0.017733875493996677,0.004033616036007211,0.05852520576182604,0.05449158972581883,0.3348984381150913,-0.0021674915300040065,CONTROLH-2026-D+CONTROLH-2026-R,"CONTROLH-2026-D, CONTROLH-2026-R, KXOSCARPIC-27-PRO","KXINXY-26DEC31H1600-B8900, KXOSCARPIC-27-PRO, KXBTCMAXY-26DEC31-199999.99"
match,11,True,1,0.0025023293246192457,0.019599999999999767,0.01709767067538052,0.00513474079695447,0.057793328604533095,0.05265858780757862,0.3391394902016842,-0.002632411472335224,CONTROLH-2026-D+CONTROLH-2026-R,"CONTROLH-2026-D, CONTROLH-2026-R, KXINXY-26DEC31H1600-B8900","KXINXY-26DEC31H1600-B8900, KXNFLAFCCHAMP-27-TEN, KXOSCARPIC-27-BEH"
match,12,True,1,0.002174096033131137,0.019599999999999895,0.017425903966868758,0.005962596400598909,0.05871427755341485,0.05275168115281594,0.3338199977368188,-0.0037885003674677717,CONTROLH-2026-D+CONTROLH-2026-R,"KXFEDDECISION-26SEP-H26, CONTROLH-2026-D, CONTROLH-2026-R","KXFEDDECISION-26SEP-H26, KXNBA-27-HOU, KXOSCARPIC-27-SOC"
match,13,True,1,0.0016710895440023785,0.019599999999999878,0.0179289104559975,0.004628385366019529,0.058681134521122516,0.05405274915510298,0.33400853885919296,-0.002957295822017151,CONTROLH-2026-D+CONTROLH-2026-R,"CONTROLH-2026-D, CONTROLH-2026-R, KXBTCMAXY-26DEC31-199999.99","KXOSCARPIC-27-PRO, KXWNBA-26-WSH, KXBTCMAXY-26DEC31-199999.99"
match,14,True,1,0.0024020513497368806,0.01959999999999988,0.017197948650263,0.005491302252676258,0.057640557048310094,0.052149254795633836,0.34003835153037465,-0.0030892509029393778,CONTROLH-2026-D+CONTROLH-2026-R,"CONTROLH-2026-D, CONTROLH-2026-R, KXOSCARPIC-27-SOC","KXNBA-27-HOU, KXNFLNFCCHAMP-27-ATL, KXOSCARPIC-27-SOC"
match,15,True,1,0.002177176082972309,0.019599999999999784,0.017422823917027475,0.005975830032068783,0.058293373506908594,0.052317543474839814,0.33623032637966827,-0.003798653949096474,CONTROLH-2026-D+CONTROLH-2026-R,"CONTROLH-2026-D, CONTROLH-2026-R, KXNFLNFCCHAMP-27-ATL","KXNBA-27-CLE, KXNFLNFCCHAMP-27-ATL, KXOSCARPIC-27-SOC"
match,16,True,1,0.0024170405374786506,0.01959999999999989,0.017182959462521238,0.005553769947998662,0.05864957789440749,0.05309580794640882,0.3341882534139916,-0.0031367294105200116,CONTROLH-2026-D+CONTROLH-2026-R,"CONTROLH-2026-D, CONTROLH-2026-R, KXATP-26USO-MUS","KXNBA-27-TOR, KXATP-26USO-MUS, KXOSCARPIC-27-BEH"
match,17,True,1,0.001890591780195825,0.019599999999999954,0.01770940821980413,0.004702268823534566,0.058218426309752574,0.053516157486218005,0.3366631707926571,-0.002811677043338741,CONTROLH-2026-D+CONTROLH-2026-R,"CONTROLH-2026-D, CONTROLH-2026-R, KXNBA-27-TOR","KXNBA-27-ORL, KXNFLNFCCHAMP-27-ATL, KXOSCARPIC-27-AVEN"
match,18,True,1,0.002595592954447279,0.01959999999999988,0.017004407045552603,0.006187719564623568,0.05867728203161591,0.05248956246699234,0.3340304683751235,-0.003592126610176289,CONTROLH-2026-D+CONTROLH-2026-R,"CONTROLH-2026-D, CONTROLH-2026-R, KXOSCARPIC-27-PRO","KXFEDDECISION-26SEP-H26, KXNBA-27-HOU, KXOSCARPIC-27-PRO"
match,19,True,1,0.0016171778886058842,0.019599999999999767,0.017982822111393883,0.0028056937176646236,0.05685938800607054,0.05405369428840591,0.3447100063389214,-0.0011885158290587394,CONTROLH-2026-D+CONTROLH-2026-R,"CONTROLH-2026-D, CONTROLH-2026-R, KXINXY-26DEC31H1600-B8900","KXINXY-26DEC31H1600-B8900, KXNFLAFCCHAMP-27-TEN, KXWNBA-26-WSH"
match,20,True,1,0.001953795959664148,0.01959999999999998,0.01764620404033583,0.0018524246921239745,0.05657830566123999,0.054725880969116014,0.3464225337067193,0.00010137126754017345,SENATEMI-26-D+SENATEMI-26-R,"KXWNBA-26-WSH, SENATEMI-26-D, SENATEMI-26-R","KXWNBA-26-WSH, KXWTA-26USO-SWI, KXALIENS-26NOV"
match,21,True,1,0.001906337503032169,0.01959999999999998,0.01769366249696781,0.0044121801646803335,0.05871003174546279,0.05429785158078246,0.3338441390216877,-0.0025058426616481645,SENATEMI-26-D+SENATEMI-26-R,"KXOSCARPIC-27-AVEN, SENATEMI-26-D, SENATEMI-26-R","KXATP-26USO-MUS, KXOSCARPIC-27-AVEN, KXBTCMAXY-26DEC31-199999.99"
match,22,True,1,0.001529585633580171,0.019599999999999895,0.018070414366419724,0.0045423019765567195,0.058506789985385825,0.05396448800882911,0.3350038517733702,-0.0030127163429765486,CONTROLH-2026-D+CONTROLH-2026-R,"CONTROLH-2026-D, CONTROLH-2026-R, KXNFLNFCCHAMP-27-NO","KXATP-26USO-MUS, KXNFLNFCCHAMP-27-NO, KXOSCARPIC-27-BEH"
match,23,True,1,0.002128401663778763,0.01959999999999988,0.01747159833622112,0.005538751983677537,0.0583029610633527,0.05276420907967516,0.3361750354103334,-0.0034103503198987736,CONTROLH-2026-D+CONTROLH-2026-R,"CONTROLH-2026-D, CONTROLH-2026-R, KXMLBAL-26-SEA","KXNBA-27-CLE, KXMLBAL-26-SEA, KXWNBA-26-WSH"
match,24,True,1,0.002313855468380706,0.01959999999999988,0.017286144531619176,0.006006802260305005,0.058691454679818546,0.05268465241951354,0.33394980763254917,-0.0036929467919242995,CONTROLH-2026-D+CONTROLH-2026-R,"CONTROLH-2026-D, CONTROLH-2026-R, KXNBA-27-CLE","KXNBA-27-CLE, KXNFLNFCCHAMP-27-ATL, KXINXY-26DEC31H1600-B6300"
match,25,True,1,0.001990163583510212,0.019599999999999878,0.017609836416489666,0.004617958836810786,0.058560768621696464,0.05394280978488568,0.3346950605552363,-0.0026277952533005737,CONTROLH-2026-D+CONTROLH-2026-R,"CONTROLH-2026-D, CONTROLH-2026-R, KXBTCMAXY-26DEC31-199999.99","KXNBA-27-HOU, KXNFLNFCCHAMP-27-ATL, KXBTCMAXY-26DEC31-199999.99"
match,26,True,1,0.0017729131932462047,0.019599999999999784,0.01782708680675358,0.0030394652768336618,0.0579317450174091,0.054892279740575436,0.3383291836644965,-0.001266552083587457,CONTROLH-2026-D+CONTROLH-2026-R,"CONTROLH-2026-D, CONTROLH-2026-R, KXNFLNFCCHAMP-27-ATL","KXNFLNFCCHAMP-27-ATL, KXOSCARPIC-27-BEH, KXNASCARCUPSERIES-NCS26-CELL"
match,27,True,1,0.0019178265285783036,0.0195999999999999,0.017682173471421595,0.002758342324800645,0.05657830566123999,0.05381996333643935,0.3464225337067179,-0.0008405157962223415,SENATEMI-26-D+SENATEMI-26-R,"SENATEMI-26-D, SENATEMI-26-R, KXALIENS-26NOV","KXWNBA-26-WSH, KXWTA-26USO-SWI, KXALIENS-26NOV"
match,28,True,1,0.002128688181745955,0.019599999999999895,0.01747131181825394,0.0034175240880210886,0.05826114472615937,0.05484362063813828,0.33641632158318124,-0.0012888359062751334,CONTROLH-2026-D+CONTROLH-2026-R,"CONTROLH-2026-D, CONTROLH-2026-R, KXNFLNFCCHAMP-27-NO","KXATP-26USO-MUS, KXNFLNFCCHAMP-27-NO, KXINXY-26DEC31H1600-B8900"
match,29,True,1,0.001824049603816904,0.019599999999999878,0.017775950396182974,0.004669921420963931,0.05810471300795987,0.05343479158699594,0.33732203439873865,-0.002845871817147027,CONTROLH-2026-D+CONTROLH-2026-R,"CONTROLH-2026-D, CONTROLH-2026-R, KXBTCMAXY-26DEC31-199999.99","KXINXY-26DEC31H1600-B8900, KXNFLAFCCHAMP-27-TEN, KXBTCMAXY-26DEC31-199999.99"
match,30,True,1,0.0022125515143653247,0.019599999999999784,0.01738744848563446,0.006366733627805033,0.05819653389504857,0.05182980026724354,0.33678981699058497,-0.004154182113439708,CONTROLH-2026-D+CONTROLH-2026-R,"CONTROLH-2026-D, CONTROLH-2026-R, KXNFLNFCCHAMP-27-ATL","KXNBA-27-IND, KXNFLNFCCHAMP-27-ATL, KXOSCARPIC-27-SOC"
match,31,True,1,0.002209505532094539,0.019599999999999885,0.017390494467905346,0.0048617904247313555,0.0575486347031649,0.05268684427843355,0.3405814942630077,-0.0026522848926368164,CONTROLH-2026-D+CONTROLH-2026-R,"CONTROLH-2026-D, CONTROLH-2026-R, KXNBA-27-HOU","KXNBA-27-HOU, KXNFLNFCCHAMP-27-ATL, KXOSCARPIC-27-BEH"
match,32,True,1,0.0020909773922433463,0.01959999999999988,0.017509022607756535,0.004952586056851047,0.05860797746101638,0.05365539140416534,0.3344254630359322,-0.0028616086646077003,CONTROLH-2026-D+CONTROLH-2026-R,"CONTROLH-2026-D, CONTROLH-2026-R, KXMLBAL-26-SEA","KXNBA-27-CLE, KXMLBAL-26-SEA, KXALIENS-26NOV"
match,33,True,1,0.001518417316904698,0.019599999999999892,0.018081582683095194,0.004219337834368755,0.05880400686888305,0.054584669034514297,0.33331062020488783,-0.0027009205174640567,CONTROLH-2026-D+CONTROLH-2026-R,"CONTROLH-2026-D, CONTROLH-2026-R, KXINXY-26DEC31H1600-B6700","KXNBA-27-IND, KXINXY-26DEC31H1600-B6700, KXOSCARPIC-27-SOC"
match,34,True,1,0.0027956697591911828,0.01959999999999988,0.0168043302408087,0.0061794454257611195,0.05829068663519816,0.05211124120943704,0.3362458247003158,-0.0033837756665699367,CONTROLH-2026-D+CONTROLH-2026-R,"CONTROLH-2026-D, CONTROLH-2026-R, KXOSCARPIC-27-PRO","KXNBA-27-HOU, KXOSCARPIC-27-PRO, KXWNBA-26-WSH"
match,35,True,1,0.0020317028081716544,0.01959999999999989,0.017568297191828234,0.004487626215323164,0.05813466885175453,0.053647042636431365,0.3371482178728941,-0.002455923407151509,CONTROLH-2026-D+CONTROLH-2026-R,"CONTROLH-2026-D, CONTROLH-2026-R, KXINXY-26DEC31H1600-B6300","KXMLBAL-26-SEA, KXINXY-26DEC31H1600-B6300, KXWNBA-26-WSH"
match,36,True,1,0.00270520323633781,0.01959999999999988,0.01689479676366207,0.0061959825606619015,0.05803563740208712,0.05183965484142522,0.33772352432705444,-0.0034907793243240913,CONTROLH-2026-D+CONTROLH-2026-R,"CONTROLH-2026-D, CONTROLH-2026-R, KXMLBAL-26-SEA","KXNBA-27-TOR, KXNFLNFCCHAMP-27-ATL, KXMLBAL-26-SEA"
match,37,True,1,0.0016786465044562049,0.019599999999999885,0.01792135349554368,0.004433539203662379,0.05855271737341708,0.0541191781697547,0.334741082553041,-0.002754892699206174,CONTROLH-2026-D+CONTROLH-2026-R,"CONTROLH-2026-D, CONTROLH-2026-R, KXWNBA-26-WSH","KXATP-26USO-MUS, KXOSCARPIC-27-SOC, KXWNBA-26-WSH"
match,38,True,1,0.0026829098065184187,0.019599999999999968,0.01691709019348155,0.005981706212140166,0.058648522161072004,0.05266681594893184,0.33419426914408223,-0.0032987964056217477,CONTROLS-2026-D+CONTROLS-2026-R,"CONTROLS-2026-D, CONTROLS-2026-R, KXINXY-26DEC31H1600-B8900","KXNFLNFCCHAMP-27-NO, KXINXY-26DEC31H1600-B8900, KXOSCARPIC-27-BEH"
match,39,True,1,0.0023207574129542295,0.019599999999999784,0.017279242587045555,0.005477632229996372,0.057911162371171256,0.05243353014117488,0.33844943181034914,-0.0031568748170421428,CONTROLH-2026-D+CONTROLH-2026-R,"CONTROLH-2026-D, CONTROLH-2026-R, KXNFLNFCCHAMP-27-ATL","KXFEDDECISION-26SEP-H26, KXNFLNFCCHAMP-27-ATL, KXNFLAFCCHAMP-27-TEN"
match,40,True,1,0.0023979331516011983,0.019599999999999906,0.017202066848398707,0.006428294991658166,0.0587825330766655,0.05235423808500733,0.3334323815960286,-0.004030361840056968,CONTROLH-2026-D+CONTROLH-2026-R,"CONTROLH-2026-D, CONTROLH-2026-R, KXOSCARPIC-27-AVEN","KXNBA-27-TOR, KXOSCARPIC-27-AVEN, KXBTCMAXY-26DEC31-199999.99"
match,41,True,1,0.001843434631046758,0.019599999999999767,0.01775656536895301,0.004688392932504042,0.058299549681468985,0.05361115674896494,0.33619470659873374,-0.0028449583014572843,CONTROLH-2026-D+CONTROLH-2026-R,"CONTROLH-2026-D, CONTROLH-2026-R, KXINXY-26DEC31H1600-B8900","KXFEDDECISION-26SEP-H26, KXNBA-27-ORL, KXINXY-26DEC31H1600-B8900"
match,42,True,1,0.0030760473976648925,0.019599999999999895,0.016523952602335003,0.004864380636885667,0.058740404591197413,0.05387602395431175,0.33367151854682775,-0.0017883332392207747,CONTROLH-2026-D+CONTROLH-2026-R,"KXFEDDECISION-26SEP-H26, CONTROLH-2026-D, CONTROLH-2026-R","KXFEDDECISION-26SEP-H26, KXINXY-26DEC31H1600-B6300, KXOSCARPIC-27-PRO"
match,43,True,1,0.002172932176244813,0.01959999999999989,0.017427067823755076,0.005644983112536899,0.05872977538081404,0.05308479226827714,0.3337319080978957,-0.0034720509362920864,CONTROLH-2026-D+CONTROLH-2026-R,"CONTROLH-2026-D, CONTROLH-2026-R, KXATP-26USO-MUS","KXNBA-27-TOR, KXATP-26USO-MUS, KXBTCMAXY-26DEC31-199999.99"
match,44,True,1,0.0019276406995856615,0.0195999999999999,0.017672359300414237,0.003926368116889782,0.057069315593365984,0.0531429474764762,0.34344200199727465,-0.0019987274173041206,CONTROLH-2026-D+CONTROLH-2026-R,"CONTROLH-2026-D, CONTROLH-2026-R, KXOSCARPIC-27-BEH","KXNFLAFCCHAMP-27-TEN, KXOSCARPIC-27-BEH, KXWNBA-26-WSH"
match,45,True,1,0.002027319160036418,0.01959999999999989,0.01757268083996347,0.00484160376373504,0.057593974232998786,0.052752370469263746,0.3403133793251927,-0.0028142846036986226,CONTROLH-2026-D+CONTROLH-2026-R,"CONTROLH-2026-D, CONTROLH-2026-R, KXNBA-27-ORL","KXNBA-27-ORL, KXOSCARPIC-27-BEH, KXWNBA-26-WSH"
match,46,True,1,0.0027148068803405263,0.019599999999999892,0.016885193119659365,0.00656753292863713,0.057146746902191466,0.05057921397355433,0.3429766533088215,-0.0038527260482966036,CONTROLH-2026-D+CONTROLH-2026-R,"CONTROLH-2026-D, CONTROLH-2026-R, KXINXY-26DEC31H1600-B6700","KXFEDDECISION-26SEP-H26, KXNFLAFCCHAMP-27-TEN, KXWNBA-26-WSH"
match,47,True,1,0.0027423750242400804,0.019599999999999767,0.016857624975759686,0.007680996447890751,0.05857672615921128,0.05089572971132053,0.33460388255101614,-0.004938621423650671,CONTROLH-2026-D+CONTROLH-2026-R,"CONTROLH-2026-D, CONTROLH-2026-R, KXINXY-26DEC31H1600-B8900","KXFEDDECISION-26SEP-H26, KXNFLNFCCHAMP-27-NO, KXINXY-26DEC31H1600-B8900"
match,48,True,1,0.002484288243853848,0.01959999999999988,0.017115711756146033,0.006143405929716118,0.058636968721454304,0.05249356279173818,0.33426011656752924,-0.0036591176858622697,CONTROLH-2026-D+CONTROLH-2026-R,"CONTROLH-2026-D, CONTROLH-2026-R, KXNBA-27-CLE","KXNBA-27-CLE, KXNFLNFCCHAMP-27-ATL, KXOSCARPIC-27-PRO"
match,49,True,1,0.001490825096802064,0.019599999999999767,0.018109174903197703,0.004317313543267105,0.058697845796331555,0.054380532253064454,0.3339134466366517,-0.0028264884464650405,CONTROLH-2026-D+CONTROLH-2026-R,"CONTROLH-2026-D, CONTROLH-2026-R, KXINXY-26DEC31H1600-B8900","KXNBA-27-HOU, KXINXY-26DEC31H1600-B8900, KXOSCARPIC-27-AVEN"
match,50,True,1,0.001988934029988596,0.019599999999999895,0.0176110659700113,0.0038832720558119524,0.05822637611774639,0.05434310406193444,0.33661720523984584,-0.0018943380258233562,CONTROLH-2026-D+CONTROLH-2026-R,"CONTROLH-2026-D, CONTROLH-2026-R, KXNFLNFCCHAMP-27-NO","KXNFLNFCCHAMP-27-NO, KXWNBA-26-WSH, KXALIENS-26NOV"
match,51,True,1,0.0018916219521132663,0.019599999999999906,0.01770837804788664,0.005080892962541311,0.05871398260650504,0.053633089643963724,0.3338216746657615,-0.0031892710104280443,CONTROLH-2026-D+CONTROLH-2026-R,"CONTROLH-2026-D, CONTROLH-2026-R, KXOSCARPIC-27-AVEN","KXINXY-26DEC31H1600-B6700, KXOSCARPIC-27-AVEN, KXALIENS-26NOV"
match,52,True,1,0.0022816517028988806,0.019599999999999784,0.017318348297100904,0.005914042575601457,0.058304662027483314,0.05239061945188186,0.33616522793255965,-0.003632390872702576,CONTROLH-2026-D+CONTROLH-2026-R,"CONTROLH-2026-D, CONTROLH-2026-R, KXNFLNFCCHAMP-27-ATL","KXNBA-27-HOU, KXNFLNFCCHAMP-27-ATL, KXINXY-26DEC31H1600-B6300"
match,53,True,1,0.0027960409569701937,0.01959999999999988,0.016803959043029688,0.006511290107066983,0.05917323701088242,0.05266194690381543,0.33123082308975743,-0.0037152491500967895,CONTROLH-2026-D+CONTROLH-2026-R,"CONTROLH-2026-D, CONTROLH-2026-R, KXOSCARPIC-27-SOC","KXFEDDECISION-26SEP-H26, KXINXY-26DEC31H1600-B6300, KXOSCARPIC-27-SOC"
match,54,True,1,0.002203225351494014,0.01959999999999988,0.017396774648505867,0.005376828877396475,0.0583225165114499,0.052945687634053426,0.33606231644946255,-0.003173603525902461,CONTROLH-2026-D+CONTROLH-2026-R,"CONTROLH-2026-D, CONTROLH-2026-R, KXOSCARPIC-27-PRO","KXMLBAL-26-SEA, KXOSCARPIC-27-PRO, KXALIENS-26NOV"
match,55,True,1,0.002561939067027074,0.01959999999999989,0.017038060932972814,0.005149817331785652,0.0580045468611778,0.052854729529392144,0.337904544740407,-0.002587878264758578,CONTROLH-2026-D+CONTROLH-2026-R,"CONTROLH-2026-D, CONTROLH-2026-R, KXATP-26USO-MUS","KXATP-26USO-MUS, KXNFLNFCCHAMP-27-ATL, KXOSCARPIC-27-BEH"
match,56,True,1,0.002109370611903239,0.019599999999999885,0.017490629388096646,0.004937013822403153,0.057069315593365984,0.05213230177096283,0.3434420019972744,-0.002827643210499914,CONTROLH-2026-D+CONTROLH-2026-R,"CONTROLH-2026-D, CONTROLH-2026-R, KXNBA-27-HOU","KXNFLAFCCHAMP-27-TEN, KXOSCARPIC-27-BEH, KXWNBA-26-WSH"
match,57,True,1,0.001733171037958229,0.01959999999999998,0.01786682896204175,0.0023021514660032,0.05706477862798707,0.054762627161983865,0.34346930753512606,-0.0005689804280449712,SENATEMI-26-D+SENATEMI-26-R,"KXNBA-27-ORL, SENATEMI-26-D, SENATEMI-26-R","KXINXY-26DEC31H1600-B6700, KXWNBA-26-WSH, KXWTA-26USO-SWI"
match,58,True,1,0.0015652900839995126,0.019599999999999868,0.018034709916000355,0.004004205628367799,0.05685938800607054,0.05285518237770274,0.3447100063389232,-0.0024389155443682864,CONTROLH-2026-D+CONTROLH-2026-R,"CONTROLH-2026-D, CONTROLH-2026-R, KXNFLAFCCHAMP-27-TEN","KXINXY-26DEC31H1600-B8900, KXNFLAFCCHAMP-27-TEN, KXWNBA-26-WSH"
match,59,True,1,0.0015459677281488525,0.01959999999999989,0.018054032271851036,0.0037598622109293114,0.05793114570015814,0.05417128348922883,0.3383326837940715,-0.002213894482780459,CONTROLH-2026-D+CONTROLH-2026-R,"CONTROLH-2026-D, CONTROLH-2026-R, KXNBA-27-ORL","KXNBA-27-ORL, KXATP-26USO-MUS, KXNFLNFCCHAMP-27-ATL"
match,60,True,1,0.002417020552369673,0.01960000000000001,0.017182979447630337,0.0053478100701829165,0.05904215760692602,0.053694347536743105,0.3319661881343714,-0.0029307895178132433,CONTROLS-2026-D+CONTROLS-2026-R,"CONTROLS-2026-D, CONTROLS-2026-R, KXNFLNFCCHAMP-27-NO","KXNBA-27-CLE, KXNFLNFCCHAMP-27-NO, KXBTCMAXY-26DEC31-199999.99"
match,61,True,1,0.0014456498172171553,0.01959999999999988,0.018154350182782726,0.002589092800148886,0.0577275692382895,0.05513847643814061,0.33952581511087787,-0.0011434429829317305,CONTROLH-2026-D+CONTROLH-2026-R,"CONTROLH-2026-D, CONTROLH-2026-R, KXNBA-27-CLE","KXNBA-27-CLE, KXNFLAFCCHAMP-27-TEN, KXWNBA-26-WSH"
match,62,True,1,0.0026738819096161458,0.01959999999999998,0.016926118090383833,0.006292678756849496,0.058325999301636525,0.05203332054478703,0.33604224933442395,-0.00361879684723335,SENATEMI-26-D+SENATEMI-26-R,"KXOSCARPIC-27-AVEN, SENATEMI-26-D, SENATEMI-26-R","KXINXY-26DEC31H1600-B8900, KXNFLAFCCHAMP-27-TEN, KXOSCARPIC-27-AVEN"
match,63,True,1,0.001683170618281972,0.019599999999999895,0.017916829381717923,0.004744012743350973,0.05892494725216396,0.05418093450881299,0.3326265175278558,-0.0030608421250690014,CONTROLH-2026-D+CONTROLH-2026-R,"CONTROLH-2026-D, CONTROLH-2026-R, KXNFLNFCCHAMP-27-NO","KXNFLNFCCHAMP-27-NO, KXOSCARPIC-27-SOC, KXBTCMAXY-26DEC31-199999.99"
match,64,True,1,0.002149603860809663,0.019599999999999767,0.017450396139190104,0.00542719897286232,0.05795335797942602,0.052526159006563704,0.33820300813212495,-0.0032775951120526566,CONTROLH-2026-D+CONTROLH-2026-R,"CONTROLH-2026-D, CONTROLH-2026-R, KXINXY-26DEC31H1600-B8900","KXNBA-27-HOU, KXINXY-26DEC31H1600-B8900, KXWNBA-26-WSH"
match,65,True,1,0.0016875764574539667,0.01959999999999998,0.017912423542546012,0.0033951037660622484,0.057733708290276395,0.05433860452421414,0.33948971199726385,-0.0017075273086082816,SENATEMI-26-D+SENATEMI-26-R,"KXNBA-27-IND, SENATEMI-26-D, SENATEMI-26-R","KXNFLNFCCHAMP-27-ATL, KXINXY-26DEC31H1600-B6300, KXWTA-26USO-SWI"
match,66,True,1,0.0017840321431348526,0.019599999999999954,0.0178159678568651,0.003954978933726448,0.05886177133039924,0.054906792396672795,0.33298352321037794,-0.0021709467905915956,CONTROLH-2026-D+CONTROLH-2026-R,"CONTROLH-2026-D, CONTROLH-2026-R, KXNBA-27-TOR","KXNBA-27-TOR, KXOSCARPIC-27-SOC, KXBTCMAXY-26DEC31-199999.99"
match,67,True,1,0.0024596777112668756,0.019599999999999767,0.01714032228873289,0.006313313655643516,0.058169956863370446,0.05185664320772693,0.33694369150103093,-0.0038536359443766405,CONTROLH-2026-D+CONTROLH-2026-R,"CONTROLH-2026-D, CONTROLH-2026-R, KXINXY-26DEC31H1600-B8900","KXNBA-27-HOU, KXINXY-26DEC31H1600-B8900, KXOSCARPIC-27-SOC"
match,68,True,1,0.0024604661243160485,0.019599999999999892,0.017139533875683843,0.0060204093200362276,0.05797374124986853,0.0519533319298323,0.33808409768697373,-0.003559943195720179,CONTROLH-2026-D+CONTROLH-2026-R,"CONTROLH-2026-D, CONTROLH-2026-R, KXINXY-26DEC31H1600-B6700","KXNFLNFCCHAMP-27-ATL, KXMLBAL-26-SEA, KXINXY-26DEC31H1600-B6700"
match,69,True,1,0.0014935888465940038,0.01959999999999998,0.018106411153405975,0.004009643509002483,0.05872444475376185,0.05471480124475937,0.3337622021320928,-0.002516054662408479,SENATEMI-26-D+SENATEMI-26-R,"KXOSCARPIC-27-AVEN, SENATEMI-26-D, SENATEMI-26-R","KXNBA-27-TOR, KXOSCARPIC-27-AVEN, KXNASCARCUPSERIES-NCS26-BWAL"
match,70,True,1,0.002385922941822327,0.019599999999999885,0.017214077058177558,0.005340495899506057,0.058788572348314604,0.05344807644880854,0.33339812853206313,-0.00295457295768373,CONTROLH-2026-D+CONTROLH-2026-R,"CONTROLH-2026-D, CONTROLH-2026-R, KXNBA-27-HOU","KXNBA-27-HOU, KXOSCARPIC-27-SOC, KXBTCMAXY-26DEC31-199999.99"
match,71,True,1,0.00197116125982889,0.01959999999999998,0.01762883874017109,0.004717541808259902,0.058386264706907394,0.05366872289864749,0.3356953916882646,-0.002746380548431012,SENATEMI-26-D+SENATEMI-26-R,"KXNFLNFCCHAMP-27-NO, SENATEMI-26-D, SENATEMI-26-R","KXNFLNFCCHAMP-27-NO, KXMLBAL-26-SEA, KXWNBA-26-WSH"
match,72,True,1,0.001426632347132084,0.019600000000000062,0.018173367652867978,0.0035347787340724197,0.05803563740208712,0.0545008586680147,0.33772352432705754,-0.0021081463869403357,CONTROLS-2026-D+CONTROLS-2026-R,"KXNBA-27-CLE, CONTROLS-2026-D, CONTROLS-2026-R","KXNBA-27-TOR, KXNFLNFCCHAMP-27-ATL, KXMLBAL-26-SEA"
match,73,True,1,0.0017816675949409548,0.019599999999999767,0.017818332405058812,0.0032890573944239707,0.057746811704901445,0.054457754310477474,0.3394126778835853,-0.0015073897994830159,CONTROLH-2026-D+CONTROLH-2026-R,"CONTROLH-2026-D, CONTROLH-2026-R, KXINXY-26DEC31H1600-B8900","KXNFLNFCCHAMP-27-ATL, KXINXY-26DEC31H1600-B8900, KXNFLAFCCHAMP-27-TEN"
match,74,True,1,0.0022171957101773387,0.019599999999999895,0.017382804289822557,0.005188768602520044,0.057911162371171256,0.05272239376865121,0.3384494318103511,-0.0029715728923427054,CONTROLH-2026-D+CONTROLH-2026-R,"KXFEDDECISION-26SEP-H26, CONTROLH-2026-D, CONTROLH-2026-R","KXFEDDECISION-26SEP-H26, KXNFLNFCCHAMP-27-ATL, KXNFLAFCCHAMP-27-TEN"
match,75,True,1,0.002534196437391934,0.01959999999999988,0.017065803562607947,0.005466082830559948,0.05838156916007345,0.0529154863295135,0.33572239119266634,-0.0029318863931680136,CONTROLH-2026-D+CONTROLH-2026-R,"CONTROLH-2026-D, CONTROLH-2026-R, KXOSCARPIC-27-SOC","KXNBA-27-ORL, KXINXY-26DEC31H1600-B6300, KXOSCARPIC-27-SOC"
match,76,True,1,0.002645461453565246,0.01959999999999998,0.016954538546434732,0.006559006854190953,0.05877655188525993,0.05221754503106898,0.33346631218282297,-0.003913545400625707,SENATEMI-26-D+SENATEMI-26-R,"KXOSCARPIC-27-PRO, SENATEMI-26-D, SENATEMI-26-R","KXNBA-27-CLE, KXOSCARPIC-27-PRO, KXALIENS-26NOV"
match,77,True,1,0.0020416694293615215,0.019599999999999895,0.017558330570638374,0.004840216928334168,0.05816752894443257,0.0533273120160984,0.3369577555670926,-0.0027985474989726464,CONTROLH-2026-D+CONTROLH-2026-R,"KXFEDDECISION-26SEP-H26, CONTROLH-2026-D, CONTROLH-2026-R","KXFEDDECISION-26SEP-H26, KXNBA-27-HOU, KXNFLNFCCHAMP-27-ATL"
match,78,True,1,0.0024519264786683655,0.01959999999999998,0.017148073521331613,0.0051642508118848116,0.0575486347031649,0.05238438389128009,0.3405814942630094,-0.002712324333216446,SENATEMI-26-D+SENATEMI-26-R,"KXNBA-27-HOU, SENATEMI-26-D, SENATEMI-26-R","KXNBA-27-HOU, KXNFLNFCCHAMP-27-ATL, KXOSCARPIC-27-BEH"
match,79,True,1,0.0019437796786468467,0.019599999999999885,0.017656220321353038,0.005447333856927319,0.05750368597006628,0.052056352113138964,0.3408477155743151,-0.0035035541782804727,CONTROLH-2026-D+CONTROLH-2026-R,"CONTROLH-2026-D, CONTROLH-2026-R, KXWNBA-26-WSH","KXNFLAFCCHAMP-27-TEN, KXOSCARPIC-27-PRO, KXWNBA-26-WSH"
match,80,True,1,0.0020596874040828446,0.019599999999999906,0.01754031259591706,0.005951122735673227,0.05872331137724274,0.05277218864156951,0.3337686438369953,-0.0038914353315903823,CONTROLH-2026-D+CONTROLH-2026-R,"CONTROLH-2026-D, CONTROLH-2026-R, KXOSCARPIC-27-AVEN","KXNBA-27-TOR, KXMLBAL-26-SEA, KXOSCARPIC-27-AVEN"
match,81,True,1,0.0029172955796765952,0.01959999999999988,0.016682704420323286,0.00605134364812206,0.058111402269138,0.05206005862101594,0.3372832049246403,-0.003134048068445465,CONTROLH-2026-D+CONTROLH-2026-R,"CONTROLH-2026-D, CONTROLH-2026-R, KXNBA-27-IND","KXNBA-27-IND, KXNFLNFCCHAMP-27-NO, KXWNBA-26-WSH"
match,82,True,1,0.0028116538605763887,0.01959999999999989,0.0167883461394235,0.0066842908275492295,0.0588364983662619,0.052152207538712664,0.3331265548467607,-0.003872636966972841,CONTROLH-2026-D+CONTROLH-2026-R,"CONTROLH-2026-D, CONTROLH-2026-R, KXINXY-26DEC31H1600-B6300","KXINXY-26DEC31H1600-B6300, KXWNBA-26-WSH, KXALIENS-26NOV"
match,83,True,1,0.0020706685004893213,0.01959999999999988,0.01752933149951056,0.0037700816153962216,0.05819653389504857,0.05442645227965235,0.33678981699058663,-0.0016994131149069003,CONTROLH-2026-D+CONTROLH-2026-R,"CONTROLH-2026-D, CONTROLH-2026-R, KXNBA-27-IND","KXNBA-27-IND, KXNFLNFCCHAMP-27-ATL, KXOSCARPIC-27-SOC"
match,84,True,1,0.001983730958703571,0.019599999999999878,0.017616269041296307,0.003175239589373921,0.05743634294389221,0.05426110335451829,0.34124735307654447,-0.0011915086306703501,CONTROLH-2026-D+CONTROLH-2026-R,"CONTROLH-2026-D, CONTROLH-2026-R, KXBTCMAXY-26DEC31-199999.99","KXNFLAFCCHAMP-27-TEN, KXWNBA-26-WSH, KXBTCMAXY-26DEC31-199999.99"
match,85,True,1,0.001895733011302289,0.01959999999999998,0.01770426698869769,0.004477689379481127,0.05811742505032985,0.053639735670848725,0.3372482518457472,-0.002581956368178838,SENATEMI-26-D+SENATEMI-26-R,"KXNBA-27-TOR, SENATEMI-26-D, SENATEMI-26-R","KXNBA-27-TOR, KXMLBAL-26-SEA, KXWNBA-26-WSH"
match,86,True,1,0.001925612490911291,0.019599999999999954,0.017674387509088663,0.004216053495208035,0.058835976083308796,0.054619922588100764,0.33312951198850405,-0.002290441004296744,CONTROLH-2026-D+CONTROLH-2026-R,"CONTROLH-2026-D, CONTROLH-2026-R, KXNBA-27-TOR","KXNBA-27-TOR, KXINXY-26DEC31H1600-B6300, KXOSCARPIC-27-SOC"
match,87,True,1,0.003089656782674706,0.01959999999999998,0.016510343217325273,0.006609365480841678,0.058917955579533096,0.05230859009869142,0.33266598963268545,-0.003519708698166972,SENATEMI-26-D+SENATEMI-26-R,"KXFEDDECISION-26SEP-H26, SENATEMI-26-D, SENATEMI-26-R","KXFEDDECISION-26SEP-H26, KXINXY-26DEC31H1600-B6700, KXALIENS-26NOV"
match,88,True,1,0.00187558084073643,0.019599999999999906,0.017724419159263476,0.004289125464132532,0.0585988701193108,0.054309744655178266,0.3344774389010084,-0.002413544623396102,CONTROLH-2026-D+CONTROLH-2026-R,"CONTROLH-2026-D, CONTROLH-2026-R, KXOSCARPIC-27-AVEN","KXNBA-27-TOR, KXNFLNFCCHAMP-27-NO, KXOSCARPIC-27-AVEN"
match,89,True,1,0.001955410288125896,0.019599999999999892,0.017644589711873996,0.005361540019734146,0.05894758324770097,0.053586043227966826,0.33249878824785095,-0.0034061297316082505,CONTROLH-2026-D+CONTROLH-2026-R,"CONTROLH-2026-D, CONTROLH-2026-R, KXINXY-26DEC31H1600-B6700","KXNBA-27-TOR, KXINXY-26DEC31H1600-B6700, KXBTCMAXY-26DEC31-199999.99"
match,90,True,1,0.002473447538904841,0.01959999999999988,0.01712655246109504,0.005137136727720062,0.058111402269138,0.052974265541417945,0.3372832049246403,-0.0026636891888152207,CONTROLH-2026-D+CONTROLH-2026-R,"CONTROLH-2026-D, CONTROLH-2026-R, KXNBA-27-IND","KXNBA-27-IND, KXNFLNFCCHAMP-27-NO, KXWNBA-26-WSH"
match,91,True,1,0.0014877774152955714,0.019599999999999954,0.018112222584704383,0.004296788875705306,0.05842261780379988,0.054125828928094574,0.3354865073972284,-0.002809011460409735,CONTROLH-2026-D+CONTROLH-2026-R,"CONTROLH-2026-D, CONTROLH-2026-R, KXNBA-27-TOR","KXNBA-27-TOR, KXNFLAFCCHAMP-27-TEN, KXOSCARPIC-27-SOC"
match,92,True,1,0.0020924977006659858,0.019599999999999885,0.0175075022993339,0.005624140492618085,0.05850308780578946,0.05287894731317137,0.3350250514137866,-0.003531642791952099,CONTROLH-2026-D+CONTROLH-2026-R,"CONTROLH-2026-D, CONTROLH-2026-R, KXNBA-27-HOU","KXNBA-27-HOU, KXATP-26USO-MUS, KXINXY-26DEC31H1600-B8900"
match,93,True,1,0.0018415607566354304,0.019599999999999767,0.017758439243364336,0.005483947267893738,0.05795335797942602,0.052469410711532286,0.33820300813212495,-0.0036423865112583075,CONTROLH-2026-D+CONTROLH-2026-R,"CONTROLH-2026-D, CONTROLH-2026-R, KXINXY-26DEC31H1600-B8900","KXNBA-27-HOU, KXINXY-26DEC31H1600-B8900, KXWNBA-26-WSH"
match,94,True,1,0.002375815314064545,0.01959999999999988,0.017224184685935336,0.004810579239811978,0.05793593996340219,0.05312536072359021,0.3383046863895035,-0.002434763925747433,CONTROLH-2026-D+CONTROLH-2026-R,"CONTROLH-2026-D, CONTROLH-2026-R, KXOSCARPIC-27-PRO","KXNFLNFCCHAMP-27-NO, KXOSCARPIC-27-PRO, KXWNBA-26-WSH"
match,95,True,1,0.0015637069877208302,0.019599999999999885,0.018036293012279055,0.004568706433913432,0.05772196616253618,0.05315325972862275,0.33955877290820796,-0.0030049994461926015,CONTROLH-2026-D+CONTROLH-2026-R,"CONTROLH-2026-D, CONTROLH-2026-R, KXWNBA-26-WSH","KXMLBAL-26-SEA, KXWNBA-26-WSH, KXALIENS-26NOV"
match,96,True,1,0.00259426900984629,0.01959999999999988,0.01700573099015359,0.006772594732642859,0.05787646937270009,0.05110387464005724,0.3386523091756709,-0.004178325722796569,CONTROLH-2026-D+CONTROLH-2026-R,"CONTROLH-2026-D, CONTROLH-2026-R, KXMLBAL-26-SEA","KXNFLNFCCHAMP-27-ATL, KXMLBAL-26-SEA, KXWNBA-26-WSH"
match,97,True,1,0.0016617818533792815,0.01959999999999988,0.0179382181466206,0.0034345860023547274,0.057122851801261025,0.0536882657989063,0.34312012411759873,-0.001772804148975446,CONTROLH-2026-D+CONTROLH-2026-R,"CONTROLH-2026-D, CONTROLH-2026-R, KXNBA-27-CLE","KXNFLAFCCHAMP-27-TEN, KXOSCARPIC-27-SOC, KXWNBA-26-WSH"
match,98,True,1,0.002336386506304633,0.019599999999999784,0.01726361349369515,0.005704024029256002,0.05830838935678643,0.05260436532753043,0.3361437387691891,-0.0033676375229513694,CONTROLH-2026-D+CONTROLH-2026-R,"CONTROLH-2026-D, CONTROLH-2026-R, KXNFLNFCCHAMP-27-ATL","KXNBA-27-HOU, KXNFLNFCCHAMP-27-ATL, KXINXY-26DEC31H1600-B6700"
match,99,True,1,0.0018109276992868129,0.019599999999999895,0.017789072300713082,0.004308532609111983,0.05787628999349853,0.053567757384386544,0.33865335877959074,-0.0024976049098251706,CONTROLH-2026-D+CONTROLH-2026-R,"CONTROLH-2026-D, CONTROLH-2026-R, KXNFLNFCCHAMP-27-NO","KXNFLNFCCHAMP-27-NO, KXINXY-26DEC31H1600-B8900, KXWNBA-26-WSH"
