mode,seed,violation,n_violated_pairs,edge0,var0,obj0,edge1,var1,obj1,var_ratio,edge_diff,violated,portfolio0,portfolio1
none,frozen,True,3,0.03806281179347392,0.0010946459619916235,-0.03587351986949067,0.004389557896774664,0.057397326716905096,0.11040509553703554,0.01907137535151476,0.03367325389669926,KXFEDDECISION-26SEP-H0+KXFEDDECISION-26SEP-H25;KXFEDDECISION-26SEP-H0+KXFEDDECISION-26SEP-H26;KXFEDDECISION-26SEP-H25+KXFEDDECISION-26SEP-H26,"KXFEDDECISION-26SEP-H0, KXFEDDECISION-26SEP-H25, KXFEDDECISION-26SEP-H26","KXNFLNFCCHAMP-27-ATL, KXWNBA-26-WSH, KXNASCARCUPSERIES-NCS26-CELL"
none,0,True,1,0.0862637006968347,0.01959986146192988,-0.04706397777297494,0.005668476745634109,0.05717493040916789,0.10868138407270167,0.3428051651600625,0.08059522395120058,SENATEOHS-26-D+SENATEOHS-26-R,"KXWTA-26USO-SWI, SENATEOHS-26-D, SENATEOHS-26-R","KXNFLNFCCHAMP-27-ATL, KXOSCARPIC-27-SOC, KXWTA-26USO-SWI"
none,1,True,3,0.042326631896611,0.0010946459619916235,-0.04013733997262775,0.0019946996476629605,0.05737033265514149,0.11274596566262002,0.019080348872502522,0.04033193224894804,KXFEDDECISION-26SEP-H0+KXFEDDECISION-26SEP-H25;KXFEDDECISION-26SEP-H0+KXFEDDECISION-26SEP-H26;KXFEDDECISION-26SEP-H25+KXFEDDECISION-26SEP-H26,"KXFEDDECISION-26SEP-H0, KXFEDDECISION-26SEP-H25, KXFEDDECISION-26SEP-H26","KXNFLNFCCHAMP-27-ATL, KXNFLAFCCHAMP-27-TEN, KXOSCARPIC-27-BEH"
none,2,True,1,0.03896223962996882,0.01959799925593351,0.00023375888189819394,0.004062486819192721,0.05685938800607054,0.10965628919294836,0.3446748187624029,0.034899752810776105,SENATETX-26-D+SENATETX-26-R,"SENATETX-26-D, SENATETX-26-R, KXNASCARCUPSERIES-NCS26-BWAL","KXINXY-26DEC31H1600-B8900, KXNFLAFCCHAMP-27-TEN, KXWNBA-26-WSH"
none,3,True,3,0.06074838539129861,0.0010946459619916235,-0.05855909346731536,0.004814738436283314,0.0573722376386125,0.10992973684094169,0.01907971533003112,0.05593364695501529,KXFEDDECISION-26SEP-H0+KXFEDDECISION-26SEP-H25;KXFEDDECISION-26SEP-H0+KXFEDDECISION-26SEP-H26;KXFEDDECISION-26SEP-H25+KXFEDDECISION-26SEP-H26,"KXFEDDECISION-26SEP-H0, KXFEDDECISION-26SEP-H25, KXFEDDECISION-26SEP-H26","KXNBA-27-ORL, KXNFLNFCCHAMP-27-ATL, KXOSCARPIC-27-BEH"
none,4,True,1,0.09205880349840627,0.01960216683619667,-0.052854469826012926,0.004750567967879364,0.0571061621901691,0.10946175641245884,0.3432583469874852,0.08730823553052691,SENATETX-26-D+SENATETX-26-R,"SENATETX-26-D, SENATETX-26-R, KXWTA-26USO-SWI","KXNFLNFCCHAMP-27-ATL, KXOSCARPIC-27-BEH, KXWTA-26USO-SWI"
none,5,True,1,0.052697941116367414,0.019600000000000097,-0.01349794111636722,0.0029376622455650134,0.05706477862798707,0.11119189501040913,0.3434693075351281,0.0497602788708024,SENATEME-26-D+SENATEME-26-R,"SENATEME-26-D, SENATEME-26-R, KXINXY-26DEC31H1600-B6700","KXINXY-26DEC31H1600-B6700, KXWNBA-26-WSH, KXWTA-26USO-SWI"
none,6,True,1,0.06363790992267267,0.019599999999999885,-0.024437909922672897,0.0036583323376483713,0.05678865483961884,0.10991897734158931,0.34513936023583824,0.0599795775850243,CONTROLH-2026-D+CONTROLH-2026-R,"CONTROLH-2026-D, CONTROLH-2026-R, KXWNBA-26-WSH","KXWNBA-26-WSH, KXWTA-26USO-SWI, KXBTCMAXY-26DEC31-199999.99"
none,7,True,1,0.07499727554296945,0.01959999999999998,-0.03579727554296949,0.004644248350077977,0.057793328604533095,0.1109424088589882,0.3391394902016879,0.07035302719289147,SENATEMI-26-D+SENATEMI-26-R,"KXOSCARPIC-27-BEH, SENATEMI-26-D, SENATEMI-26-R","KXINXY-26DEC31H1600-B8900, KXNFLAFCCHAMP-27-TEN, KXOSCARPIC-27-BEH"
none,8,True,1,0.07949497412107835,0.019599999999999906,-0.04029497412107854,0.004908338479052147,0.057069315593365984,0.10923029270767982,0.3434420019972748,0.07458663564202621,CONTROLH-2026-D+CONTROLH-2026-R,"CONTROLH-2026-D, CONTROLH-2026-R, KXOSCARPIC-27-AVEN","KXNFLAFCCHAMP-27-TEN, KXOSCARPIC-27-BEH, KXWNBA-26-WSH"
none,9,True,3,0.0827900729902462,0.0010946459619916235,-0.08060078106626295,0.0028962819373664593,0.0571061621901691,0.11131604244297173,0.01916861368386735,0.07989379105287973,KXFEDDECISION-26SEP-H0+KXFEDDECISION-26SEP-H25;KXFEDDECISION-26SEP-H0+KXFEDDECISION-26SEP-H26;KXFEDDECISION-26SEP-H25+KXFEDDECISION-26SEP-H26,"KXFEDDECISION-26SEP-H0, KXFEDDECISION-26SEP-H25, KXFEDDECISION-26SEP-H26","KXNFLNFCCHAMP-27-ATL, KXOSCARPIC-27-BEH, KXWTA-26USO-SWI"
none,10,True,3,0.04540256150350483,0.0010946459619916235,-0.04321326957952158,0.0020440034389028923,0.05780132241455735,0.11355864139021181,0.01893807816611364,0.04335855806460194,KXFEDDECISION-26SEP-H0+KXFEDDECISION-26SEP-H25;KXFEDDECISION-26SEP-H0+KXFEDDECISION-26SEP-H26;KXFEDDECISION-26SEP-H25+KXFEDDECISION-26SEP-H26,"KXFEDDECISION-26SEP-H0, KXFEDDECISION-26SEP-H25, KXFEDDECISION-26SEP-H26","KXNBA-27-ORL, KXINXY-26DEC31H1600-B8900, KXWNBA-26-WSH"
none,11,True,3,0.0559500353480239,0.0010946459619916235,-0.05376074342404065,0.0031567565742292927,0.05685938800607054,0.11056201943791177,0.019251806964133252,0.052793278773794604,KXFEDDECISION-26SEP-H0+KXFEDDECISION-26SEP-H25;KXFEDDECISION-26SEP-H0+KXFEDDECISION-26SEP-H26;KXFEDDECISION-26SEP-H25+KXFEDDECISION-26SEP-H26,"KXFEDDECISION-26SEP-H0, KXFEDDECISION-26SEP-H25, KXFEDDECISION-26SEP-H26","KXINXY-26DEC31H1600-B8900, KXNFLAFCCHAMP-27-TEN, KXWNBA-26-WSH"
none,12,True,1,0.06612322226181577,0.019599826160296485,-0.026923569941222802,0.00429576526179001,0.05657830566123999,0.10886084606068996,0.3464194611561814,0.06182745700002576,SENATETX-26-D+SENATETX-26-R,"KXFEDDECISION-26SEP-H26, SENATETX-26-D, SENATETX-26-R","KXWNBA-26-WSH, KXWTA-26USO-SWI, KXALIENS-26NOV"
none,13,True,1,0.08179135089353064,0.01960000000000009,-0.04259135089353046,0.004493699497298966,0.05791470435151147,0.11133570920572397,0.33842873272802204,0.07729765139623167,CONTROLS-2026-D+CONTROLS-2026-R,"CONTROLS-2026-D, CONTROLS-2026-R, KXNASCARCUPSERIES-NCS26-BWAL","KXWNBA-26-WSH, KXNASCARCUPSERIES-NCS26-BWAL, KXBTCMAXY-26DEC31-199999.99"
none,14,True,1,0.07907550190349,0.01959999999999998,-0.03987550190349004,0.004705593857048437,0.057640557048310094,0.11057552023957175,0.3400383515303763,0.07436990804644156,SENATEMI-26-D+SENATEMI-26-R,"KXNBA-27-HOU, SENATEMI-26-D, SENATEMI-26-R","KXNBA-27-HOU, KXNFLNFCCHAMP-27-ATL, KXOSCARPIC-27-SOC"
none,15,True,1,0.09575556055060819,0.01959999999999998,-0.05655556055060823,0.002838271332709634,0.0565340784575755,0.11022988558244137,0.3466935436952117,0.09291728921789855,SENATEMI-26-D+SENATEMI-26-R,"KXOSCARPIC-27-SOC, SENATEMI-26-D, SENATEMI-26-R","KXNFLNFCCHAMP-27-ATL, KXWNBA-26-WSH, KXWTA-26USO-SWI"
none,16,True,1,0.053059758388475625,0.01960059721324936,-0.013858563961976905,0.005260455002931166,0.05864957789440749,0.11203870078588381,0.3341984361513771,0.04779930338554446,SENATETX-26-D+SENATETX-26-R,"KXNBA-27-TOR, SENATETX-26-D, SENATETX-26-R","KXNBA-27-TOR, KXATP-26USO-MUS, KXOSCARPIC-27-BEH"
none,17,True,1,0.09740925381011191,0.01960059721324936,-0.05820805938361319,0.004339648820802955,0.057594388867870314,0.11084912891493767,0.34032129862886307,0.09306960498930895,SENATETX-26-D+SENATETX-26-R,"KXNBA-27-TOR, SENATETX-26-D, SENATETX-26-R","KXNBA-27-TOR, KXNFLNFCCHAMP-27-ATL, KXWTA-26USO-SWI"
none,18,True,1,0.08029328307950001,0.01959799925593351,-0.041097284567632994,0.003928761084597731,0.057856242068788095,0.11178372305297846,0.3387361251813157,0.07636452199490228,SENATETX-26-D+SENATETX-26-R,"SENATETX-26-D, SENATETX-26-R, KXNASCARCUPSERIES-NCS26-BWAL","KXNFLNFCCHAMP-27-ATL, KXOSCARPIC-27-PRO, KXNASCARCUPSERIES-NCS26-BWAL"
none,19,True,1,0.06070233354063152,0.019599978294814524,-0.021502376951002475,0.001536775271229491,0.0565340784575755,0.11153138164392151,0.34669315976420856,0.059165558269402035,SENATEOHS-26-D+SENATEOHS-26-R,"KXNBA-27-IND, SENATEOHS-26-D, SENATEOHS-26-R","KXNFLNFCCHAMP-27-ATL, KXWNBA-26-WSH, KXWTA-26USO-SWI"
none,20,True,1,0.07213335771933492,0.019600000000000062,-0.032933357719334796,0.0029695017132307967,0.05657830566123999,0.11018710960924918,0.34642253370672077,0.06916385600610413,CONTROLS-2026-D+CONTROLS-2026-R,"CONTROLS-2026-D, CONTROLS-2026-R, KXOSCARPIC-27-AVEN","KXWNBA-26-WSH, KXWTA-26USO-SWI, KXALIENS-26NOV"
none,21,True,1,0.06754433598005034,0.019600997728031297,-0.02834234052398775,0.004308312370930229,0.05825242451499453,0.11219653665905883,0.3364838097508865,0.06323602360912012,SENATETX-26-D+SENATETX-26-R,"SENATETX-26-D, SENATETX-26-R, KXOSCARPIC-27-AVEN","KXINXY-26DEC31H1600-B8900, KXNASCARCUPSERIES-NCS26-BWAL, KXBTCMAXY-26DEC31-199999.99"
none,22,True,1,0.058040812054864874,0.019600000000000086,-0.0188408120548647,0.003567586988506087,0.05770929813510144,0.1118510092816968,0.3396333109807563,0.05447322506635879,SENATEME-26-D+SENATEME-26-R,"SENATEME-26-D, SENATEME-26-R, KXNASCARCUPSERIES-NCS26-CELL","KXATP-26USO-MUS, KXNFLNFCCHAMP-27-NO, KXWNBA-26-WSH"
none,23,True,1,0.02040976252033683,0.01959799925593351,0.018786235991530186,0.002702412749608689,0.05657830566123999,0.11045419857287128,0.3463871713174946,0.01770734977072814,SENATETX-26-D+SENATETX-26-R,"SENATETX-26-D, SENATETX-26-R, KXNASCARCUPSERIES-NCS26-BWAL","KXWNBA-26-WSH, KXWTA-26USO-SWI, KXALIENS-26NOV"
none,24,True,3,0.06557867558906916,0.0010946459619916235,-0.06338938366508591,0.0031889347233593143,0.0565340784575755,0.10987922219179169,0.019362586104822978,0.06238974086570984,KXFEDDECISION-26SEP-H0+KXFEDDECISION-26SEP-H25;KXFEDDECISION-26SEP-H0+KXFEDDECISION-26SEP-H26;KXFEDDECISION-26SEP-H25+KXFEDDECISION-26SEP-H26,"KXFEDDECISION-26SEP-H0, KXFEDDECISION-26SEP-H25, KXFEDDECISION-26SEP-H26","KXNFLNFCCHAMP-27-ATL, KXWNBA-26-WSH, KXWTA-26USO-SWI"
none,25,True,3,0.054967640138749496,0.0010946459619916235,-0.05277834821476625,0.004227829484605022,0.057958912492239195,0.11168999549987337,0.018886585598689394,0.05073981065414447,KXFEDDECISION-26SEP-H0+KXFEDDECISION-26SEP-H25;KXFEDDECISION-26SEP-H0+KXFEDDECISION-26SEP-H26;KXFEDDECISION-26SEP-H25+KXFEDDECISION-26SEP-H26,"KXFEDDECISION-26SEP-H0, KXFEDDECISION-26SEP-H25, KXFEDDECISION-26SEP-H26","KXNFLNFCCHAMP-27-NO, KXWNBA-26-WSH, KXBTCMAXY-26DEC31-199999.99"
none,26,True,3,0.08150510175721867,0.0010946459619916235,-0.07931580983323543,0.002954990632953746,0.0571061621901691,0.11125733374738445,0.01916861368386735,0.07855011112426492,KXFEDDECISION-26SEP-H0+KXFEDDECISION-26SEP-H25;KXFEDDECISION-26SEP-H0+KXFEDDECISION-26SEP-H26;KXFEDDECISION-26SEP-H25+KXFEDDECISION-26SEP-H26,"KXFEDDECISION-26SEP-H0, KXFEDDECISION-26SEP-H25, KXFEDDECISION-26SEP-H26","KXNFLNFCCHAMP-27-ATL, KXOSCARPIC-27-BEH, KXWTA-26USO-SWI"
none,27,True,3,0.06020726243191481,0.0010946459619916235,-0.05801797050793156,0.0055237944401339105,0.05657830566123999,0.10763281688234606,0.019347450391069786,0.05468346799178089,KXFEDDECISION-26SEP-H0+KXFEDDECISION-26SEP-H25;KXFEDDECISION-26SEP-H0+KXFEDDECISION-26SEP-H26;KXFEDDECISION-26SEP-H25+KXFEDDECISION-26SEP-H26,"KXFEDDECISION-26SEP-H0, KXFEDDECISION-26SEP-H25, KXFEDDECISION-26SEP-H26","KXWNBA-26-WSH, KXWTA-26USO-SWI, KXALIENS-26NOV"
none,28,True,1,0.04270637813198659,0.01959999999999989,-0.003506378131986815,0.004089033250498721,0.05826114472615937,0.11243325620182001,0.33641632158318113,0.03861734488148787,CONTROLH-2026-D+CONTROLH-2026-R,"CONTROLH-2026-D, CONTROLH-2026-R, KXATP-26USO-MUS","KXATP-26USO-MUS, KXNFLNFCCHAMP-27-NO, KXINXY-26DEC31H1600-B8900"
none,29,True,1,0.05721042610755975,0.019599999999999878,-0.01801042610755999,0.003255470528269959,0.0571061621901691,0.11095685385206824,0.34322040298785905,0.05395495557928979,CONTROLH-2026-D+CONTROLH-2026-R,"CONTROLH-2026-D, CONTROLH-2026-R, KXBTCMAXY-26DEC31-199999.99","KXNFLNFCCHAMP-27-ATL, KXOSCARPIC-27-BEH, KXWTA-26USO-SWI"
none,30,True,1,0.07390338213289303,0.019599985149414467,-0.0347034118340641,0.0034750734979268408,0.0565340784575755,0.10959308341722415,0.3466932810114302,0.07042830863496619,SENATETX-26-D+SENATETX-26-R,"KXNBA-27-IND, SENATETX-26-D, SENATETX-26-R","KXNFLNFCCHAMP-27-ATL, KXWNBA-26-WSH, KXWTA-26USO-SWI"
none,31,True,1,0.0788720505543459,0.019600000000000097,-0.03967205055434571,0.004114350861091486,0.057069315593365984,0.11002428032564049,0.34344200199727815,0.07475769969325441,CONTROLS-2026-D+CONTROLS-2026-R,"CONTROLS-2026-D, CONTROLS-2026-R, KXOSCARPIC-27-BEH","KXNFLAFCCHAMP-27-TEN, KXOSCARPIC-27-BEH, KXWNBA-26-WSH"
none,32,True,1,0.05845733064552515,0.0195999999999998,-0.019257330645525546,0.0011699713017693757,0.05696683223177533,0.11276369316178128,0.34405985434217606,0.05728735934375577,CONTROLH-2026-D+CONTROLH-2026-R,"CONTROLH-2026-D, CONTROLH-2026-R, KXALIENS-26NOV","KXNFLNFCCHAMP-27-ATL, KXWTA-26USO-SWI, KXALIENS-26NOV"
none,33,True,3,0.03188581228354524,0.0010946459619916235,-0.029696520359561995,0.003746645379047696,0.05773831415510378,0.11172998293115988,0.01895874477822561,0.028139166904497546,KXFEDDECISION-26SEP-H0+KXFEDDECISION-26SEP-H25;KXFEDDECISION-26SEP-H0+KXFEDDECISION-26SEP-H26;KXFEDDECISION-26SEP-H25+KXFEDDECISION-26SEP-H26,"KXFEDDECISION-26SEP-H0, KXFEDDECISION-26SEP-H25, KXFEDDECISION-26SEP-H26","KXNFLNFCCHAMP-27-ATL, KXOSCARPIC-27-PRO, KXNASCARCUPSERIES-NCS26-CELL"
none,34,True,3,0.045489079132429874,0.0010946459619916235,-0.04329978720844663,0.002618157525194117,0.05657830566123999,0.11053845379728586,0.019347450391069786,0.042870921607235754,KXFEDDECISION-26SEP-H0+KXFEDDECISION-26SEP-H25;KXFEDDECISION-26SEP-H0+KXFEDDECISION-26SEP-H26;KXFEDDECISION-26SEP-H25+KXFEDDECISION-26SEP-H26,"KXFEDDECISION-26SEP-H0, KXFEDDECISION-26SEP-H25, KXFEDDECISION-26SEP-H26","KXWNBA-26-WSH, KXWTA-26USO-SWI, KXALIENS-26NOV"
none,35,True,3,0.04033246678471906,0.0010946459619916235,-0.03814317486073581,0.002774650454689765,0.057232030323947566,0.11168941019320537,0.01912645691225096,0.03755781633002929,KXFEDDECISION-26SEP-H0+KXFEDDECISION-26SEP-H25;KXFEDDECISION-26SEP-H0+KXFEDDECISION-26SEP-H26;KXFEDDECISION-26SEP-H25+KXFEDDECISION-26SEP-H26,"KXFEDDECISION-26SEP-H0, KXFEDDECISION-26SEP-H25, KXFEDDECISION-26SEP-H26","KXOSCARPIC-27-AVEN, KXWNBA-26-WSH, KXWTA-26USO-SWI"
none,36,True,1,0.07210698687419917,0.019608994286290884,-0.0328889983016174,0.004732649222436942,0.05803563740208712,0.1113386255817373,0.33787850300384037,0.06737433765176223,KXRATECUTCOUNT-26DEC31-T0+KXRATECUTCOUNT-26DEC31-T1,"KXNBA-27-TOR, KXRATECUTCOUNT-26DEC31-T0, KXRATECUTCOUNT-26DEC31-T1","KXNBA-27-TOR, KXNFLNFCCHAMP-27-ATL, KXMLBAL-26-SEA"
none,37,True,1,0.07638976259336575,0.01959999999999988,-0.03718976259336598,0.00451671915644053,0.057397326716905096,0.11027793427736966,0.3414793183081668,0.07187304343692522,CONTROLH-2026-D+CONTROLH-2026-R,"CONTROLH-2026-D, CONTROLH-2026-R, KXOSCARPIC-27-SOC","KXNFLNFCCHAMP-27-ATL, KXWNBA-26-WSH, KXNASCARCUPSERIES-NCS26-CELL"
none,38,True,3,0.07312055291708064,0.0010946459619916235,-0.07093126099309739,0.005781889473729231,0.058648522161072004,0.11151515484841477,0.018664510573434285,0.0673386634433514,KXFEDDECISION-26SEP-H0+KXFEDDECISION-26SEP-H25;KXFEDDECISION-26SEP-H0+KXFEDDECISION-26SEP-H26;KXFEDDECISION-26SEP-H25+KXFEDDECISION-26SEP-H26,"KXFEDDECISION-26SEP-H0, KXFEDDECISION-26SEP-H25, KXFEDDECISION-26SEP-H26","KXNFLNFCCHAMP-27-NO, KXINXY-26DEC31H1600-B8900, KXOSCARPIC-27-BEH"
none,39,True,3,0.031106685700671405,0.013397404063044571,-0.004311877574582262,0.005229543204338081,0.057884826545176106,0.11054010988601413,0.23144932554282757,0.025877142496333324,KXBALANCEPOWERCOMBO-27FEB-DD+KXBALANCEPOWERCOMBO-27FEB-DR;KXBALANCEPOWERCOMBO-27FEB-DD+KXBALANCEPOWERCOMBO-27FEB-RR;KXBALANCEPOWERCOMBO-27FEB-DR+KXBALANCEPOWERCOMBO-27FEB-RR,"KXBALANCEPOWERCOMBO-27FEB-DD, KXBALANCEPOWERCOMBO-27FEB-DR, KXBALANCEPOWERCOMBO-27FEB-RR","KXATP-26USO-MUS, KXNFLNFCCHAMP-27-ATL, KXNASCARCUPSERIES-NCS26-BWAL"
none,40,True,3,-0.0011874136625868725,0.013397404063044571,0.027982221788676015,0.005216347059167303,0.0587825330766655,0.11234871909416369,0.22791471142577976,-0.006403760721754175,KXBALANCEPOWERCOMBO-27FEB-DD+KXBALANCEPOWERCOMBO-27FEB-DR;KXBALANCEPOWERCOMBO-27FEB-DD+KXBALANCEPOWERCOMBO-27FEB-RR;KXBALANCEPOWERCOMBO-27FEB-DR+KXBALANCEPOWERCOMBO-27FEB-RR,"KXBALANCEPOWERCOMBO-27FEB-DD, KXBALANCEPOWERCOMBO-27FEB-DR, KXBALANCEPOWERCOMBO-27FEB-RR","KXNBA-27-TOR, KXOSCARPIC-27-AVEN, KXBTCMAXY-26DEC31-199999.99"
none,41,True,1,0.03954555438325677,0.01959999999999998,-0.0003455543832568131,0.0037067572683502532,0.058299549681468985,0.11289234209458772,0.3361947065987374,0.03583879711490652,SENATEMI-26-D+SENATEMI-26-R,"KXNBA-27-ORL, SENATEMI-26-D, SENATEMI-26-R","KXFEDDECISION-26SEP-H26, KXNBA-27-ORL, KXINXY-26DEC31H1600-B8900"
none,42,True,3,0.06589508544391884,0.03015850947891248,-0.00557806648609388,0.004212197659891486,0.058638202574312584,0.11306420748873368,0.5143150395971363,0.06168288778402735,KXVENEZUELALEADER-26DEC31-DROD+KXVENEZUELALEADER-26DEC31-JROD;KXVENEZUELALEADER-26DEC31-DROD+KXVENEZUELALEADER-26DEC31-NMAD;KXVENEZUELALEADER-26DEC31-JROD+KXVENEZUELALEADER-26DEC31-NMAD,"KXVENEZUELALEADER-26DEC31-DROD, KXVENEZUELALEADER-26DEC31-JROD, KXVENEZUELALEADER-26DEC31-NMAD","KXFEDDECISION-26SEP-H26, KXATP-26USO-MUS, KXOSCARPIC-27-PRO"
none,43,True,1,0.039494615656625945,0.019599032506189495,-0.000296550644246954,0.005255115155751815,0.05874891477878708,0.11224271440182235,0.3336067156301969,0.034239500500874126,SENATETX-26-D+SENATETX-26-R,"KXNBA-27-HOU, SENATETX-26-D, SENATETX-26-R","KXNBA-27-TOR, KXNFLNFCCHAMP-27-NO, KXBTCMAXY-26DEC31-199999.99"
none,44,True,1,0.04678745961788923,0.019599999999999767,-0.0075874596178896955,0.003878185929650897,0.05685938800607054,0.10984059008249017,0.3447100063389214,0.04290927368823833,CONTROLH-2026-D+CONTROLH-2026-R,"CONTROLH-2026-D, CONTROLH-2026-R, KXINXY-26DEC31H1600-B8900","KXINXY-26DEC31H1600-B8900, KXNFLAFCCHAMP-27-TEN, KXWNBA-26-WSH"
none,45,True,1,0.08658141390910835,0.01959999999999988,-0.04738141390910859,0.0022914582704741324,0.0565340784575755,0.11077669864467687,0.34669354369521,0.08428995563863423,CONTROLH-2026-D+CONTROLH-2026-R,"CONTROLH-2026-D, CONTROLH-2026-R, KXNASCARCUPSERIES-NCS26-CELL","KXNFLNFCCHAMP-27-ATL, KXWNBA-26-WSH, KXWTA-26USO-SWI"
none,46,True,1,0.05954369435282865,0.019602025240693807,-0.020339643871441035,0.004742115066763298,0.057146746902191466,0.10955137873761964,0.34301209260858395,0.054801579286065355,KXRATECUTCOUNT-26DEC31-T0+KXRATECUTCOUNT-26DEC31-T1,"KXWNBA-26-WSH, KXRATECUTCOUNT-26DEC31-T0, KXRATECUTCOUNT-26DEC31-T1","KXFEDDECISION-26SEP-H26, KXNFLAFCCHAMP-27-TEN, KXWNBA-26-WSH"
none,47,True,1,0.035189157136336094,0.019600000000000107,0.00401084286366412,0.0016705048956427958,0.05657830566123999,0.11148610642683718,0.3464225337067216,0.033518652240693295,KXGOVCA-26-SHIL+KXGOVCA-26-XBEC,"KXGOVCA-26-SHIL, KXGOVCA-26-XBEC, KXINXY-26DEC31H1600-B8900","KXWNBA-26-WSH, KXWTA-26USO-SWI, KXALIENS-26NOV"
none,48,True,1,0.0871675885777265,0.019607130289208727,-0.04795332799930904,0.0026483732431225766,0.0565340784575755,0.11041978367202843,0.34681966743160725,0.08451921533460392,KXRATECUTCOUNT-26DEC31-T0+KXRATECUTCOUNT-26DEC31-T1,"KXOSCARPIC-27-PRO, KXRATECUTCOUNT-26DEC31-T0, KXRATECUTCOUNT-26DEC31-T1","KXNFLNFCCHAMP-27-ATL, KXWNBA-26-WSH, KXWTA-26USO-SWI"
none,49,True,3,0.07544073184854187,0.0010946459619916235,-0.07325143992455863,0.004579111553919379,0.05850308780578946,0.11242706405765954,0.018710909168170392,0.0708616202946225,KXFEDDECISION-26SEP-H0+KXFEDDECISION-26SEP-H25;KXFEDDECISION-26SEP-H0+KXFEDDECISION-26SEP-H26;KXFEDDECISION-26SEP-H25+KXFEDDECISION-26SEP-H26,"KXFEDDECISION-26SEP-H0, KXFEDDECISION-26SEP-H25, KXFEDDECISION-26SEP-H26","KXNBA-27-HOU, KXATP-26USO-MUS, KXINXY-26DEC31H1600-B8900"
none,50,True,3,0.07769355567087166,0.013397404063044571,-0.05089874754478252,0.0035869484220539816,0.05657830566123999,0.109569662900426,0.2367940132965613,0.07410660724881768,KXBALANCEPOWERCOMBO-27FEB-DD+KXBALANCEPOWERCOMBO-27FEB-DR;KXBALANCEPOWERCOMBO-27FEB-DD+KXBALANCEPOWERCOMBO-27FEB-RR;KXBALANCEPOWERCOMBO-27FEB-DR+KXBALANCEPOWERCOMBO-27FEB-RR,"KXBALANCEPOWERCOMBO-27FEB-DD, KXBALANCEPOWERCOMBO-27FEB-DR, KXBALANCEPOWERCOMBO-27FEB-RR","KXWNBA-26-WSH, KXWTA-26USO-SWI, KXALIENS-26NOV"
none,51,True,1,0.0957693281362002,0.01959999999999999,-0.05656932813620023,0.0033213427803715813,0.05696683223177533,0.11061232168317908,0.3440598543421794,0.09244798535582863,SENATEME-26-D+SENATEME-26-R,"SENATEME-26-D, SENATEME-26-R, KXALIENS-26NOV","KXNFLNFCCHAMP-27-ATL, KXWTA-26USO-SWI, KXALIENS-26NOV"
none,52,True,1,0.07271440235707056,0.019599007244006705,-0.033516387869057154,0.0035604648080602777,0.0575486347031649,0.11153680459826953,0.3405642435324161,0.06915393754901028,SENATEOHS-26-D+SENATEOHS-26-R,"KXNBA-27-HOU, SENATEOHS-26-D, SENATEOHS-26-R","KXNBA-27-HOU, KXNFLNFCCHAMP-27-ATL, KXOSCARPIC-27-BEH"
none,53,True,1,0.06268146277171449,0.01959999999999988,-0.02348146277171473,0.0025534140139450885,0.056952706109367625,0.11135199820479016,0.34414519236999097,0.060128048757769406,CONTROLH-2026-D+CONTROLH-2026-R,"CONTROLH-2026-D, CONTROLH-2026-R, KXOSCARPIC-27-SOC","KXOSCARPIC-27-SOC, KXWNBA-26-WSH, KXWTA-26USO-SWI"
none,54,True,1,0.0755723019406282,0.019607130289208727,-0.03635804136221074,0.004814192583230268,0.0583225165114499,0.11183084043966954,0.33618457264887475,0.07075810935739793,KXRATECUTCOUNT-26DEC31-T0+KXRATECUTCOUNT-26DEC31-T1,"KXOSCARPIC-27-PRO, KXRATECUTCOUNT-26DEC31-T0, KXRATECUTCOUNT-26DEC31-T1","KXMLBAL-26-SEA, KXOSCARPIC-27-PRO, KXALIENS-26NOV"
none,55,True,3,0.04849436809587357,0.013397404063044571,-0.021699559969784427,0.0046175188940893175,0.0579942654226131,0.11137101195113688,0.23101256590484653,0.04387684920178425,KXBALANCEPOWERCOMBO-27FEB-DD+KXBALANCEPOWERCOMBO-27FEB-DR;KXBALANCEPOWERCOMBO-27FEB-DD+KXBALANCEPOWERCOMBO-27FEB-RR;KXBALANCEPOWERCOMBO-27FEB-DR+KXBALANCEPOWERCOMBO-27FEB-RR,"KXBALANCEPOWERCOMBO-27FEB-DD, KXBALANCEPOWERCOMBO-27FEB-DR, KXBALANCEPOWERCOMBO-27FEB-RR","KXNFLNFCCHAMP-27-ATL, KXOSCARPIC-27-BEH, KXNASCARCUPSERIES-NCS26-BWAL"
none,56,True,3,0.04531866201406745,0.0010946459619916235,-0.043129370090084204,0.0038798993108815627,0.057069315593365984,0.1102587318758504,0.01918098982982846,0.04143876270318589,KXFEDDECISION-26SEP-H0+KXFEDDECISION-26SEP-H25;KXFEDDECISION-26SEP-H0+KXFEDDECISION-26SEP-H26;KXFEDDECISION-26SEP-H25+KXFEDDECISION-26SEP-H26,"KXFEDDECISION-26SEP-H0, KXFEDDECISION-26SEP-H25, KXFEDDECISION-26SEP-H26","KXNFLAFCCHAMP-27-TEN, KXOSCARPIC-27-BEH, KXWNBA-26-WSH"
none,57,True,1,0.0669655295724742,0.01959871845396771,-0.02776809266453878,0.0032519497986574844,0.05706477862798707,0.11087760745731665,0.3434468497938874,0.06371357977381673,SENATEOHS-26-D+SENATEOHS-26-R,"KXNBA-27-ORL, SENATEOHS-26-D, SENATEOHS-26-R","KXINXY-26DEC31H1600-B6700, KXWNBA-26-WSH, KXWTA-26USO-SWI"
none,58,True,1,0.07114242845454784,0.01960722891010952,-0.0319279706343288,0.003227105517587335,0.05685938800607054,0.11049167049455375,0.34483714295370493,0.06791532293696051,KXRATECUTCOUNT-26DEC31-T0+KXRATECUTCOUNT-26DEC31-T1,"KXATP-26USO-MUS, KXRATECUTCOUNT-26DEC31-T0, KXRATECUTCOUNT-26DEC31-T1","KXINXY-26DEC31H1600-B8900, KXNFLAFCCHAMP-27-TEN, KXWNBA-26-WSH"
none,59,True,3,0.06291301836289713,0.0010946459619916235,-0.06072372643891388,0.003872223537377765,0.0574752092564881,0.11107819497559844,0.019045532433064682,0.05904079482551937,KXFEDDECISION-26SEP-H0+KXFEDDECISION-26SEP-H25;KXFEDDECISION-26SEP-H0+KXFEDDECISION-26SEP-H26;KXFEDDECISION-26SEP-H25+KXFEDDECISION-26SEP-H26,"KXFEDDECISION-26SEP-H0, KXFEDDECISION-26SEP-H25, KXFEDDECISION-26SEP-H26","KXNBA-27-ORL, KXNFLNFCCHAMP-27-ATL, KXOSCARPIC-27-SOC"
none,60,True,3,0.022364613883767596,0.0010946459619916235,-0.02017532195978435,0.00490146382252292,0.05892494725216396,0.112948430681805,0.018576952768530882,0.017463150061244676,KXFEDDECISION-26SEP-H0+KXFEDDECISION-26SEP-H25;KXFEDDECISION-26SEP-H0+KXFEDDECISION-26SEP-H26;KXFEDDECISION-26SEP-H25+KXFEDDECISION-26SEP-H26,"KXFEDDECISION-26SEP-H0, KXFEDDECISION-26SEP-H25, KXFEDDECISION-26SEP-H26","KXNFLNFCCHAMP-27-NO, KXOSCARPIC-27-SOC, KXBTCMAXY-26DEC31-199999.99"
none,61,True,3,0.053805859201402975,0.0010946459619916235,-0.05161656727741973,0.003249496579679347,0.0577275692382895,0.11220564189689965,0.01896227359709384,0.050556362621723624,KXFEDDECISION-26SEP-H0+KXFEDDECISION-26SEP-H25;KXFEDDECISION-26SEP-H0+KXFEDDECISION-26SEP-H26;KXFEDDECISION-26SEP-H25+KXFEDDECISION-26SEP-H26,"KXFEDDECISION-26SEP-H0, KXFEDDECISION-26SEP-H25, KXFEDDECISION-26SEP-H26","KXNBA-27-CLE, KXNFLAFCCHAMP-27-TEN, KXWNBA-26-WSH"
none,62,True,1,0.0812221981349821,0.019604292913947496,-0.04201361230708711,0.0033287058820290795,0.05685938800607054,0.110390070130112,0.34478550686923437,0.07789349225295303,SENATETX-26-D+SENATETX-26-R,"SENATETX-26-D, SENATETX-26-R, KXNFLAFCCHAMP-27-TEN","KXINXY-26DEC31H1600-B8900, KXNFLAFCCHAMP-27-TEN, KXWNBA-26-WSH"
none,63,True,3,0.04271219435004531,0.013397404063044571,-0.015917386223956165,0.0015322878819704587,0.056952706109367625,0.11237312433676479,0.23523735706811227,0.041179906468074845,KXBALANCEPOWERCOMBO-27FEB-DD+KXBALANCEPOWERCOMBO-27FEB-DR;KXBALANCEPOWERCOMBO-27FEB-DD+KXBALANCEPOWERCOMBO-27FEB-RR;KXBALANCEPOWERCOMBO-27FEB-DR+KXBALANCEPOWERCOMBO-27FEB-RR,"KXBALANCEPOWERCOMBO-27FEB-DD, KXBALANCEPOWERCOMBO-27FEB-DR, KXBALANCEPOWERCOMBO-27FEB-RR","KXOSCARPIC-27-SOC, KXWNBA-26-WSH, KXWTA-26USO-SWI"
none,64,True,1,0.06485924093854972,0.01959318137864971,-0.025672878181250303,0.003385807714274179,0.05685938800607054,0.1103329682978669,0.3445900855731663,0.061473433224275544,KXRATECUTCOUNT-26DEC31-T0+KXRATECUTCOUNT-26DEC31-T1,"KXINXY-26DEC31H1600-B8900, KXRATECUTCOUNT-26DEC31-T0, KXRATECUTCOUNT-26DEC31-T1","KXINXY-26DEC31H1600-B8900, KXNFLAFCCHAMP-27-TEN, KXWNBA-26-WSH"
none,65,True,1,0.06319979590562047,0.019596768000911924,-0.024006259903796623,0.004406129272478999,0.0571061621901691,0.10980619510785919,0.3431638066598272,0.05879366663314147,SENATEOHS-26-D+SENATEOHS-26-R,"KXOSCARPIC-27-BEH, SENATEOHS-26-D, SENATEOHS-26-R","KXNFLNFCCHAMP-27-ATL, KXOSCARPIC-27-BEH, KXWTA-26USO-SWI"
none,66,True,1,0.06914513772001306,0.019603569493445487,-0.029937998733122084,0.002266797260972321,0.05678865483961884,0.11131051241826537,0.34520221598503115,0.06687834045904073,SENATETX-26-D+SENATETX-26-R,"SENATETX-26-D, SENATETX-26-R, KXBTCMAXY-26DEC31-199999.99","KXWNBA-26-WSH, KXWTA-26USO-SWI, KXBTCMAXY-26DEC31-199999.99"
none,67,True,1,0.0657269653277655,0.019598332364355084,-0.026530300599055326,0.004186517735414782,0.05685938800607054,0.10953225827672629,0.3446806772218985,0.06154044759235071,SENATETX-26-D+SENATETX-26-R,"SENATETX-26-D, SENATETX-26-R, KXMLBAL-26-SEA","KXINXY-26DEC31H1600-B8900, KXNFLAFCCHAMP-27-TEN, KXWNBA-26-WSH"
none,68,True,3,0.03616485519731669,0.0010946459619916235,-0.033975563273333446,0.004173550637306171,0.05743102497813414,0.1106884993189621,0.019060185020350773,0.03199130456001052,KXFEDDECISION-26SEP-H0+KXFEDDECISION-26SEP-H25;KXFEDDECISION-26SEP-H0+KXFEDDECISION-26SEP-H26;KXFEDDECISION-26SEP-H25+KXFEDDECISION-26SEP-H26,"KXFEDDECISION-26SEP-H0, KXFEDDECISION-26SEP-H25, KXFEDDECISION-26SEP-H26","KXNFLNFCCHAMP-27-ATL, KXINXY-26DEC31H1600-B6700, KXWTA-26USO-SWI"
none,69,True,3,0.021895766116252997,0.0010946459619916235,-0.01970647419226975,0.003917734869852266,0.05785447481916795,0.11179121476848364,0.018920679263152742,0.01797803124640073,KXFEDDECISION-26SEP-H0+KXFEDDECISION-26SEP-H25;KXFEDDECISION-26SEP-H0+KXFEDDECISION-26SEP-H26;KXFEDDECISION-26SEP-H25+KXFEDDECISION-26SEP-H26,"KXFEDDECISION-26SEP-H0, KXFEDDECISION-26SEP-H25, KXFEDDECISION-26SEP-H26","KXNFLNFCCHAMP-27-ATL, KXOSCARPIC-27-AVEN, KXNASCARCUPSERIES-NCS26-BWAL"
none,70,True,3,0.057625397059651404,0.0010946459619916235,-0.05543610513566816,0.005306200536314334,0.05741838824153787,0.1095305759467614,0.019064379818305832,0.052319196523337066,KXFEDDECISION-26SEP-H0+KXFEDDECISION-26SEP-H25;KXFEDDECISION-26SEP-H0+KXFEDDECISION-26SEP-H26;KXFEDDECISION-26SEP-H25+KXFEDDECISION-26SEP-H26,"KXFEDDECISION-26SEP-H0, KXFEDDECISION-26SEP-H25, KXFEDDECISION-26SEP-H26","KXNFLNFCCHAMP-27-ATL, KXWTA-26USO-SWI, KXBTCMAXY-26DEC31-199999.99"
none,71,True,3,0.019290734246568627,0.0010946459619916235,-0.01710144232258538,0.003961873604274073,0.05753334557021214,0.1111048175361502,0.019026287297263935,0.015328860642294554,KXFEDDECISION-26SEP-H0+KXFEDDECISION-26SEP-H25;KXFEDDECISION-26SEP-H0+KXFEDDECISION-26SEP-H26;KXFEDDECISION-26SEP-H25+KXFEDDECISION-26SEP-H26,"KXFEDDECISION-26SEP-H0, KXFEDDECISION-26SEP-H25, KXFEDDECISION-26SEP-H26","KXNFLNFCCHAMP-27-ATL, KXMLBAL-26-SEA, KXALIENS-26NOV"
none,72,True,1,0.05833813875782938,0.019600000000000093,-0.019138138757829194,0.004384110298989843,0.05717493040916789,0.10996575051934594,0.342807588216273,0.05395402845883954,SENATEME-26-D+SENATEME-26-R,"SENATEME-26-D, SENATEME-26-R, KXOSCARPIC-27-SOC","KXNFLNFCCHAMP-27-ATL, KXOSCARPIC-27-SOC, KXWTA-26USO-SWI"
none,73,True,3,0.07218428708228442,0.03015850947891248,-0.011867268124459457,0.0020176987582522198,0.05685938800607054,0.11170107725388885,0.5304051017167585,0.07016658832403219,KXVENEZUELALEADER-26DEC31-DROD+KXVENEZUELALEADER-26DEC31-JROD;KXVENEZUELALEADER-26DEC31-DROD+KXVENEZUELALEADER-26DEC31-NMAD;KXVENEZUELALEADER-26DEC31-JROD+KXVENEZUELALEADER-26DEC31-NMAD,"KXVENEZUELALEADER-26DEC31-DROD, KXVENEZUELALEADER-26DEC31-JROD, KXVENEZUELALEADER-26DEC31-NMAD","KXINXY-26DEC31H1600-B8900, KXNFLAFCCHAMP-27-TEN, KXWNBA-26-WSH"
none,74,True,1,0.03409630869065803,0.019600000000000208,0.0051036913093423855,0.00394478487428435,0.0575486347031649,0.11115248453204546,0.3405814942630133,0.03015152381637368,KXGOVCA-26-SHIL+KXGOVCA-26-XBEC,"KXNBA-27-HOU, KXGOVCA-26-SHIL, KXGOVCA-26-XBEC","KXNBA-27-HOU, KXNFLNFCCHAMP-27-ATL, KXOSCARPIC-27-BEH"
none,75,True,3,0.048109956837792865,0.0010946459619916235,-0.04592066491380962,0.0027318102971297907,0.056952706109367625,0.11117360192160546,0.019220262508502214,0.04537814654066308,KXFEDDECISION-26SEP-H0+KXFEDDECISION-26SEP-H25;KXFEDDECISION-26SEP-H0+KXFEDDECISION-26SEP-H26;KXFEDDECISION-26SEP-H25+KXFEDDECISION-26SEP-H26,"KXFEDDECISION-26SEP-H0, KXFEDDECISION-26SEP-H25, KXFEDDECISION-26SEP-H26","KXOSCARPIC-27-SOC, KXWNBA-26-WSH, KXWTA-26USO-SWI"
none,76,True,1,0.047022456570585,0.0195999999999999,-0.007822456570585203,0.005201476906087379,0.058720230264630066,0.11223898362317275,0.33378615703089115,0.04182097966449762,SENATEMI-26-D+SENATEMI-26-R,"SENATEMI-26-D, SENATEMI-26-R, KXALIENS-26NOV","KXINXY-26DEC31H1600-B6700, KXOSCARPIC-27-PRO, KXALIENS-26NOV"
none,77,True,1,0.07716077207300233,0.019599999999999874,-0.03796077207300258,0.003882591046096083,0.05696683223177533,0.11005107341745457,0.34405985434217734,0.07327818102690625,CONTROLH-2026-D+CONTROLH-2026-R,"CONTROLH-2026-D, CONTROLH-2026-R, KXWTA-26USO-SWI","KXNFLNFCCHAMP-27-ATL, KXWTA-26USO-SWI, KXALIENS-26NOV"
none,78,True,3,0.05981713797787021,0.0010946459619916235,-0.05762784605388696,0.004776072004205434,0.0571061621901691,0.10943625237613276,0.01916861368386735,0.055041065973664774,KXFEDDECISION-26SEP-H0+KXFEDDECISION-26SEP-H25;KXFEDDECISION-26SEP-H0+KXFEDDECISION-26SEP-H26;KXFEDDECISION-26SEP-H25+KXFEDDECISION-26SEP-H26,"KXFEDDECISION-26SEP-H0, KXFEDDECISION-26SEP-H25, KXFEDDECISION-26SEP-H26","KXNFLNFCCHAMP-27-ATL, KXOSCARPIC-27-BEH, KXWTA-26USO-SWI"
none,79,True,3,0.029876815456822598,0.0010946459619916235,-0.02768752353283935,0.0053899772484540705,0.05750368597006628,0.1096173946916785,0.019036100791198756,0.024486838208368528,KXFEDDECISION-26SEP-H0+KXFEDDECISION-26SEP-H25;KXFEDDECISION-26SEP-H0+KXFEDDECISION-26SEP-H26;KXFEDDECISION-26SEP-H25+KXFEDDECISION-26SEP-H26,"KXFEDDECISION-26SEP-H0, KXFEDDECISION-26SEP-H25, KXFEDDECISION-26SEP-H26","KXNFLAFCCHAMP-27-TEN, KXOSCARPIC-27-PRO, KXWNBA-26-WSH"
none,80,True,3,0.04688038807445756,0.0010946459619916235,-0.04469109615047431,0.003986898100174545,0.057509248165083036,0.11103159822999153,0.019034259652454335,0.042893489974283015,KXFEDDECISION-26SEP-H0+KXFEDDECISION-26SEP-H25;KXFEDDECISION-26SEP-H0+KXFEDDECISION-26SEP-H26;KXFEDDECISION-26SEP-H25+KXFEDDECISION-26SEP-H26,"KXFEDDECISION-26SEP-H0, KXFEDDECISION-26SEP-H25, KXFEDDECISION-26SEP-H26","KXNFLAFCCHAMP-27-TEN, KXOSCARPIC-27-AVEN, KXWNBA-26-WSH"
none,81,True,1,0.08650805086818975,0.019600000000000086,-0.04730805086818957,0.003773009640244393,0.05678865483961884,0.10980430003899329,0.34513936023584174,0.08273504122794535,CONTROLS-2026-D+CONTROLS-2026-R,"CONTROLS-2026-D, CONTROLS-2026-R, KXWTA-26USO-SWI","KXWNBA-26-WSH, KXWTA-26USO-SWI, KXBTCMAXY-26DEC31-199999.99"
none,82,True,3,0.07213334126285151,0.0010946459619916235,-0.06994404933886826,0.004266091221310251,0.05657830566123999,0.10889052010116973,0.019347450391069786,0.06786725004154126,KXFEDDECISION-26SEP-H0+KXFEDDECISION-26SEP-H25;KXFEDDECISION-26SEP-H0+KXFEDDECISION-26SEP-H26;KXFEDDECISION-26SEP-H25+KXFEDDECISION-26SEP-H26,"KXFEDDECISION-26SEP-H0, KXFEDDECISION-26SEP-H25, KXFEDDECISION-26SEP-H26","KXWNBA-26-WSH, KXWTA-26USO-SWI, KXALIENS-26NOV"
none,83,True,3,0.03256884875889897,0.0010946459619916235,-0.030379556834915722,0.003448669234310961,0.056952706109367625,0.11045674298442429,0.019220262508502214,0.029120179524588008,KXFEDDECISION-26SEP-H0+KXFEDDECISION-26SEP-H25;KXFEDDECISION-26SEP-H0+KXFEDDECISION-26SEP-H26;KXFEDDECISION-26SEP-H25+KXFEDDECISION-26SEP-H26,"KXFEDDECISION-26SEP-H0, KXFEDDECISION-26SEP-H25, KXFEDDECISION-26SEP-H26","KXOSCARPIC-27-SOC, KXWNBA-26-WSH, KXWTA-26USO-SWI"
none,84,True,3,0.07393043456419646,0.03015850947891248,-0.013613415606371498,0.002091439167988183,0.05743634294389221,0.11278124671979624,0.5250771190006542,0.07183899539620828,KXVENEZUELALEADER-26DEC31-DROD+KXVENEZUELALEADER-26DEC31-JROD;KXVENEZUELALEADER-26DEC31-DROD+KXVENEZUELALEADER-26DEC31-NMAD;KXVENEZUELALEADER-26DEC31-JROD+KXVENEZUELALEADER-26DEC31-NMAD,"KXVENEZUELALEADER-26DEC31-DROD, KXVENEZUELALEADER-26DEC31-JROD, KXVENEZUELALEADER-26DEC31-NMAD","KXNFLAFCCHAMP-27-TEN, KXWNBA-26-WSH, KXBTCMAXY-26DEC31-199999.99"
none,85,True,1,0.033379957270548204,0.01960000000000009,0.0058200427294519755,0.002207626374511662,0.05709902935325365,0.11199043233199564,0.34326327823790287,0.03117233089603654,SENATEME-26-D+SENATEME-26-R,"KXNBA-27-TOR, SENATEME-26-D, SENATEME-26-R","KXNBA-27-TOR, KXWNBA-26-WSH, KXWTA-26USO-SWI"
none,86,True,1,0.06333588869367164,0.01960000000000009,-0.02413588869367146,0.0037705029331118085,0.05870518375131463,0.11363986456951745,0.33387170855352566,0.059565385760559836,SENATEME-26-D+SENATEME-26-R,"KXNBA-27-TOR, SENATEME-26-D, SENATEME-26-R","KXNBA-27-TOR, KXINXY-26DEC31H1600-B6300, KXNASCARCUPSERIES-NCS26-BWAL"
none,87,True,1,0.07862146448048742,0.019617846568800806,-0.0393857713428858,0.002448288471840105,0.05657830566123999,0.11070832285063988,0.34673796501192106,0.07617317600864731,KXRATECUTCOUNT-26DEC31-T0+KXRATECUTCOUNT-26DEC31-T1,"KXINXY-26DEC31H1600-B6700, KXRATECUTCOUNT-26DEC31-T0, KXRATECUTCOUNT-26DEC31-T1","KXWNBA-26-WSH, KXWTA-26USO-SWI, KXALIENS-26NOV"
none,88,True,3,0.07223432164692607,0.0010946459619916235,-0.07004502972294283,0.004138529374464413,0.057735837377153806,0.1113331453798432,0.018959558078996134,0.06809579227246165,KXFEDDECISION-26SEP-H0+KXFEDDECISION-26SEP-H25;KXFEDDECISION-26SEP-H0+KXFEDDECISION-26SEP-H26;KXFEDDECISION-26SEP-H25+KXFEDDECISION-26SEP-H26,"KXFEDDECISION-26SEP-H0, KXFEDDECISION-26SEP-H25, KXFEDDECISION-26SEP-H26","KXNFLNFCCHAMP-27-ATL, KXOSCARPIC-27-AVEN, KXNASCARCUPSERIES-NCS26-CELL"
none,89,True,3,0.09286707329821517,0.03015850947891248,-0.03255005434039021,0.0015453438029004486,0.05678865483961884,0.11203196587633724,0.5310657483274682,0.09132172949531472,KXVENEZUELALEADER-26DEC31-DROD+KXVENEZUELALEADER-26DEC31-JROD;KXVENEZUELALEADER-26DEC31-DROD+KXVENEZUELALEADER-26DEC31-NMAD;KXVENEZUELALEADER-26DEC31-JROD+KXVENEZUELALEADER-26DEC31-NMAD,"KXVENEZUELALEADER-26DEC31-DROD, KXVENEZUELALEADER-26DEC31-JROD, KXVENEZUELALEADER-26DEC31-NMAD","KXWNBA-26-WSH, KXWTA-26USO-SWI, KXBTCMAXY-26DEC31-199999.99"
none,90,True,1,0.09047360341233796,0.019600000000000062,-0.05127360341233783,0.002809650930628658,0.05678865483961884,0.11076765874860903,0.34513936023584135,0.0876639524817093,CONTROLS-2026-D+CONTROLS-2026-R,"KXNBA-27-IND, CONTROLS-2026-D, CONTROLS-2026-R","KXWNBA-26-WSH, KXWTA-26USO-SWI, KXBTCMAXY-26DEC31-199999.99"
none,91,True,1,0.060597491842663255,0.01960149762852892,-0.021394496585605417,0.005068954544928943,0.05867161526460281,0.11227427598427667,0.3340882561376268,0.05552853729773431,SENATEOHS-26-D+SENATEOHS-26-R,"KXNFLAFCCHAMP-27-TEN, SENATEOHS-26-D, SENATEOHS-26-R","KXNBA-27-TOR, KXINXY-26DEC31H1600-B6300, KXNFLAFCCHAMP-27-TEN"
none,92,True,3,0.06404184953735269,0.0010946459619916235,-0.06185255761336944,0.005122300260209385,0.058274138679143474,0.11142597709807756,0.018784421130936445,0.0589195492771433,KXFEDDECISION-26SEP-H0+KXFEDDECISION-26SEP-H25;KXFEDDECISION-26SEP-H0+KXFEDDECISION-26SEP-H26;KXFEDDECISION-26SEP-H25+KXFEDDECISION-26SEP-H26,"KXFEDDECISION-26SEP-H0, KXFEDDECISION-26SEP-H25, KXFEDDECISION-26SEP-H26","KXATP-26USO-MUS, KXNFLNFCCHAMP-27-NO, KXOSCARPIC-27-PRO"
none,93,True,3,-0.0038747245012112977,0.0010946459619916235,0.006064016425194545,0.004060178892195239,0.05657830566123999,0.10909643243028475,0.019347450391069786,-0.007934903393406537,KXFEDDECISION-26SEP-H0+KXFEDDECISION-26SEP-H25;KXFEDDECISION-26SEP-H0+KXFEDDECISION-26SEP-H26;KXFEDDECISION-26SEP-H25+KXFEDDECISION-26SEP-H26,"KXFEDDECISION-26SEP-H0, KXFEDDECISION-26SEP-H25, KXFEDDECISION-26SEP-H26","KXWNBA-26-WSH, KXWTA-26USO-SWI, KXALIENS-26NOV"
none,94,True,1,0.04232482423117329,0.01959999999999988,-0.00312482423117353,0.001555788763679157,0.0565340784575755,0.11151236815147184,0.34669354369521,0.040769035467494136,CONTROLH-2026-D+CONTROLH-2026-R,"CONTROLH-2026-D, CONTROLH-2026-R, KXOSCARPIC-27-PRO","KXNFLNFCCHAMP-27-ATL, KXWNBA-26-WSH, KXWTA-26USO-SWI"
none,95,True,1,0.08738940556180881,0.01960722891010952,-0.04817494774158977,0.004809783044952172,0.05772196616253618,0.11063414928012019,0.3396840096350595,0.08257962251685663,KXRATECUTCOUNT-26DEC31-T0+KXRATECUTCOUNT-26DEC31-T1,"KXATP-26USO-MUS, KXRATECUTCOUNT-26DEC31-T0, KXRATECUTCOUNT-26DEC31-T1","KXMLBAL-26-SEA, KXWNBA-26-WSH, KXALIENS-26NOV"
none,96,True,1,0.07459217000250182,0.01960000000000009,-0.03539217000250164,0.004717793461584786,0.05719675377625389,0.109675714090923,0.34267679030653886,0.06987437654091704,CONTROLS-2026-D+CONTROLS-2026-R,"CONTROLS-2026-D, CONTROLS-2026-R, KXMLBAL-26-SEA","KXNFLNFCCHAMP-27-ATL, KXNFLAFCCHAMP-27-TEN, KXWNBA-26-WSH"
none,97,True,1,0.07307309447768304,0.019599999999999885,-0.03387309447768327,0.0029692197754366996,0.057122851801261025,0.11127648382708535,0.3431201241175988,0.07010387470224634,CONTROLH-2026-D+CONTROLH-2026-R,"CONTROLH-2026-D, CONTROLH-2026-R, KXWNBA-26-WSH","KXNFLAFCCHAMP-27-TEN, KXOSCARPIC-27-SOC, KXWNBA-26-WSH"
none,98,True,1,0.04844502403014814,0.019606718202888174,-0.00923158762437179,0.0020906856527250564,0.0565340784575755,0.11097747126242594,0.3468123782649348,0.04635433837742308,KXRATECUTCOUNT-26DEC31-T0+KXRATECUTCOUNT-26DEC31-T1,"KXNFLNFCCHAMP-27-ATL, KXRATECUTCOUNT-26DEC31-T0, KXRATECUTCOUNT-26DEC31-T1","KXNFLNFCCHAMP-27-ATL, KXWNBA-26-WSH, KXWTA-26USO-SWI"
none,99,True,1,0.05328021783227965,0.01959318137864971,-0.014093855074980233,0.004048342382170653,0.05678865483961884,0.10952896729706703,0.34501929010265,0.049231875450109,KXRATECUTCOUNT-26DEC31-T0+KXRATECUTCOUNT-26DEC31-T1,"KXINXY-26DEC31H1600-B8900, KXRATECUTCOUNT-26DEC31-T0, KXRATECUTCOUNT-26DEC31-T1","KXWNBA-26-WSH, KXWTA-26USO-SWI, KXBTCMAXY-26DEC31-199999.99"
cap,frozen,True,3,-0.019999999999999882,0.0010946459619916235,0.02218929192398313,0.003324238890532228,0.057122851801261025,0.11092146471198983,0.019163013180785532,-0.02332423889053211,KXFEDDECISION-26SEP-H0+KXFEDDECISION-26SEP-H25;KXFEDDECISION-26SEP-H0+KXFEDDECISION-26SEP-H26;KXFEDDECISION-26SEP-H25+KXFEDDECISION-26SEP-H26,"KXFEDDECISION-26SEP-H0, KXFEDDECISION-26SEP-H25, KXFEDDECISION-26SEP-H26","KXNFLAFCCHAMP-27-TEN, KXOSCARPIC-27-SOC, KXWNBA-26-WSH"
cap,0,True,3,-0.02000000000000005,0.0010946459619916235,0.022189291923983296,0.005075815106733283,0.0574752092564881,0.10987460340624292,0.019045532433064682,-0.025075815106733332,KXFEDDECISION-26SEP-H0+KXFEDDECISION-26SEP-H25;KXFEDDECISION-26SEP-H0+KXFEDDECISION-26SEP-H26;KXFEDDECISION-26SEP-H25+KXFEDDECISION-26SEP-H26,"KXFEDDECISION-26SEP-H0, KXFEDDECISION-26SEP-H25, KXFEDDECISION-26SEP-H26","KXNBA-27-ORL, KXNFLNFCCHAMP-27-ATL, KXOSCARPIC-27-SOC"
cap,1,True,3,-0.01999999999999992,0.0010946459619916235,0.022189291923983168,0.0019946996476629605,0.05737033265514149,0.11274596566262002,0.019080348872502522,-0.02199469964766288,KXFEDDECISION-26SEP-H0+KXFEDDECISION-26SEP-H25;KXFEDDECISION-26SEP-H0+KXFEDDECISION-26SEP-H26;KXFEDDECISION-26SEP-H25+KXFEDDECISION-26SEP-H26,"KXFEDDECISION-26SEP-H0, KXFEDDECISION-26SEP-H25, KXFEDDECISION-26SEP-H26","KXNFLNFCCHAMP-27-ATL, KXNFLAFCCHAMP-27-TEN, KXOSCARPIC-27-BEH"
cap,2,True,3,-0.020000000000000098,0.0010946459619916235,0.022189291923983345,0.004062486819192721,0.05685938800607054,0.10965628919294836,0.019251806964133252,-0.02406248681919282,KXFEDDECISION-26SEP-H0+KXFEDDECISION-26SEP-H25;KXFEDDECISION-26SEP-H0+KXFEDDECISION-26SEP-H26;KXFEDDECISION-26SEP-H25+KXFEDDECISION-26SEP-H26,"KXFEDDECISION-26SEP-H0, KXFEDDECISION-26SEP-H25, KXFEDDECISION-26SEP-H26","KXINXY-26DEC31H1600-B8900, KXNFLAFCCHAMP-27-TEN, KXWNBA-26-WSH"
cap,3,True,3,-0.02000000000000013,0.0010946459619916235,0.022189291923983376,0.004814738436283314,0.0573722376386125,0.10992973684094169,0.01907971533003112,-0.024814738436283443,KXFEDDECISION-26SEP-H0+KXFEDDECISION-26SEP-H25;KXFEDDECISION-26SEP-H0+KXFEDDECISION-26SEP-H26;KXFEDDECISION-26SEP-H25+KXFEDDECISION-26SEP-H26,"KXFEDDECISION-26SEP-H0, KXFEDDECISION-26SEP-H25, KXFEDDECISION-26SEP-H26","KXNBA-27-ORL, KXNFLNFCCHAMP-27-ATL, KXOSCARPIC-27-BEH"
cap,4,True,3,-0.019999999999999928,0.0010946459619916235,0.022189291923983175,0.004494263466772137,0.0573722376386125,0.11025021181045287,0.01907971533003112,-0.024494263466772064,KXFEDDECISION-26SEP-H0+KXFEDDECISION-26SEP-H25;KXFEDDECISION-26SEP-H0+KXFEDDECISION-26SEP-H26;KXFEDDECISION-26SEP-H25+KXFEDDECISION-26SEP-H26,"KXFEDDECISION-26SEP-H0, KXFEDDECISION-26SEP-H25, KXFEDDECISION-26SEP-H26","KXNBA-27-ORL, KXNFLNFCCHAMP-27-ATL, KXOSCARPIC-27-BEH"
cap,5,True,3,-0.020000000000000056,0.0010946459619916235,0.022189291923983303,0.003929214943703765,0.05810221740009351,0.11227521985648325,0.018840003204247103,-0.02392921494370382,KXFEDDECISION-26SEP-H0+KXFEDDECISION-26SEP-H25;KXFEDDECISION-26SEP-H0+KXFEDDECISION-26SEP-H26;KXFEDDECISION-26SEP-H25+KXFEDDECISION-26SEP-H26,"KXFEDDECISION-26SEP-H0, KXFEDDECISION-26SEP-H25, KXFEDDECISION-26SEP-H26","KXNBA-27-CLE, KXNFLNFCCHAMP-27-NO, KXWNBA-26-WSH"
cap,6,True,3,-0.01999999999999995,0.0010946459619916235,0.022189291923983195,0.003715384324119171,0.05778882145755098,0.11186225859098278,0.018942174877120486,-0.02371538432411912,KXFEDDECISION-26SEP-H0+KXFEDDECISION-26SEP-H25;KXFEDDECISION-26SEP-H0+KXFEDDECISION-26SEP-H26;KXFEDDECISION-26SEP-H25+KXFEDDECISION-26SEP-H26,"KXFEDDECISION-26SEP-H0, KXFEDDECISION-26SEP-H25, KXFEDDECISION-26SEP-H26","KXNBA-27-HOU, KXOSCARPIC-27-BEH, KXWNBA-26-WSH"
cap,7,True,3,-0.02000000000000005,0.0010946459619916235,0.022189291923983296,0.004644248350077977,0.057793328604533095,0.1109424088589882,0.01894069762761101,-0.024644248350078026,KXFEDDECISION-26SEP-H0+KXFEDDECISION-26SEP-H25;KXFEDDECISION-26SEP-H0+KXFEDDECISION-26SEP-H26;KXFEDDECISION-26SEP-H25+KXFEDDECISION-26SEP-H26,"KXFEDDECISION-26SEP-H0, KXFEDDECISION-26SEP-H25, KXFEDDECISION-26SEP-H26","KXINXY-26DEC31H1600-B8900, KXNFLAFCCHAMP-27-TEN, KXOSCARPIC-27-BEH"
cap,8,True,3,-0.02544480370366897,0.0010946459619916235,0.027634095627652216,0.004908338479052147,0.057069315593365984,0.10923029270767982,0.01918098982982846,-0.030353142182721116,KXFEDDECISION-26SEP-H0+KXFEDDECISION-26SEP-H25;KXFEDDECISION-26SEP-H0+KXFEDDECISION-26SEP-H26;KXFEDDECISION-26SEP-H25+KXFEDDECISION-26SEP-H26,"KXFEDDECISION-26SEP-H0, KXFEDDECISION-26SEP-H25, KXFEDDECISION-26SEP-H26","KXNFLAFCCHAMP-27-TEN, KXOSCARPIC-27-BEH, KXWNBA-26-WSH"
cap,9,True,3,-0.020000000000000046,0.0010946459619916235,0.022189291923983293,0.0033506981737061355,0.05737033265514149,0.11138996713657685,0.019080348872502522,-0.02335069817370618,KXFEDDECISION-26SEP-H0+KXFEDDECISION-26SEP-H25;KXFEDDECISION-26SEP-H0+KXFEDDECISION-26SEP-H26;KXFEDDECISION-26SEP-H25+KXFEDDECISION-26SEP-H26,"KXFEDDECISION-26SEP-H0, KXFEDDECISION-26SEP-H25, KXFEDDECISION-26SEP-H26","KXNFLNFCCHAMP-27-ATL, KXNFLAFCCHAMP-27-TEN, KXOSCARPIC-27-BEH"
cap,10,True,3,-0.02000000000000009,0.0010946459619916235,0.022189291923983338,0.0020440034389028923,0.05780132241455735,0.11355864139021181,0.01893807816611364,-0.022044003438902983,KXFEDDECISION-26SEP-H0+KXFEDDECISION-26SEP-H25;KXFEDDECISION-26SEP-H0+KXFEDDECISION-26SEP-H26;KXFEDDECISION-26SEP-H25+KXFEDDECISION-26SEP-H26,"KXFEDDECISION-26SEP-H0, KXFEDDECISION-26SEP-H25, KXFEDDECISION-26SEP-H26","KXNBA-27-ORL, KXINXY-26DEC31H1600-B8900, KXWNBA-26-WSH"
cap,11,True,3,-0.01999999999999998,0.0010946459619916235,0.022189291923983227,0.003054951231005666,0.05685938800607054,0.1106638247811354,0.019251806964133252,-0.023054951231005646,KXFEDDECISION-26SEP-H0+KXFEDDECISION-26SEP-H25;KXFEDDECISION-26SEP-H0+KXFEDDECISION-26SEP-H26;KXFEDDECISION-26SEP-H25+KXFEDDECISION-26SEP-H26,"KXFEDDECISION-26SEP-H0, KXFEDDECISION-26SEP-H25, KXFEDDECISION-26SEP-H26","KXINXY-26DEC31H1600-B8900, KXNFLAFCCHAMP-27-TEN, KXWNBA-26-WSH"
cap,12,True,3,-0.03180944272424502,0.0010946459619916235,0.033998734648228265,0.00295431134523853,0.05657830566123999,0.11020229997724144,0.019347450391069786,-0.03476375406948355,KXFEDDECISION-26SEP-H0+KXFEDDECISION-26SEP-H25;KXFEDDECISION-26SEP-H0+KXFEDDECISION-26SEP-H26;KXFEDDECISION-26SEP-H25+KXFEDDECISION-26SEP-H26,"KXFEDDECISION-26SEP-H0, KXFEDDECISION-26SEP-H25, KXFEDDECISION-26SEP-H26","KXWNBA-26-WSH, KXWTA-26USO-SWI, KXALIENS-26NOV"
cap,13,True,3,-0.02209977001534595,0.0010946459619916235,0.0242890619393292,0.00047051207060292907,0.05678865483961884,0.11310679760863475,0.01927578607176198,-0.02257028208594888,KXFEDDECISION-26SEP-H0+KXFEDDECISION-26SEP-H25;KXFEDDECISION-26SEP-H0+KXFEDDECISION-26SEP-H26;KXFEDDECISION-26SEP-H25+KXFEDDECISION-26SEP-H26,"KXFEDDECISION-26SEP-H0, KXFEDDECISION-26SEP-H25, KXFEDDECISION-26SEP-H26","KXWNBA-26-WSH, KXWTA-26USO-SWI, KXBTCMAXY-26DEC31-199999.99"
cap,14,True,3,-0.019999999999999955,0.0010946459619916235,0.022189291923983202,0.004705593857048437,0.057640557048310094,0.11057552023957175,0.01899089838903138,-0.024705593857048392,KXFEDDECISION-26SEP-H0+KXFEDDECISION-26SEP-H25;KXFEDDECISION-26SEP-H0+KXFEDDECISION-26SEP-H26;KXFEDDECISION-26SEP-H25+KXFEDDECISION-26SEP-H26,"KXFEDDECISION-26SEP-H0, KXFEDDECISION-26SEP-H25, KXFEDDECISION-26SEP-H26","KXNBA-27-HOU, KXNFLNFCCHAMP-27-ATL, KXOSCARPIC-27-SOC"
cap,15,True,3,-0.020000000000000143,0.0010946459619916235,0.02218929192398339,0.004321027745831454,0.0574539354567609,0.11058684316769034,0.01905258453209772,-0.024321027745831596,KXFEDDECISION-26SEP-H0+KXFEDDECISION-26SEP-H25;KXFEDDECISION-26SEP-H0+KXFEDDECISION-26SEP-H26;KXFEDDECISION-26SEP-H25+KXFEDDECISION-26SEP-H26,"KXFEDDECISION-26SEP-H0, KXFEDDECISION-26SEP-H25, KXFEDDECISION-26SEP-H26","KXNFLNFCCHAMP-27-ATL, KXNFLAFCCHAMP-27-TEN, KXOSCARPIC-27-SOC"
cap,16,True,3,-0.03280971688240851,0.0010946459619916235,0.03499900880639176,0.005260455002931166,0.05864957789440749,0.11203870078588381,0.018664174599217417,-0.038070171885339676,KXFEDDECISION-26SEP-H0+KXFEDDECISION-26SEP-H25;KXFEDDECISION-26SEP-H0+KXFEDDECISION-26SEP-H26;KXFEDDECISION-26SEP-H25+KXFEDDECISION-26SEP-H26,"KXFEDDECISION-26SEP-H0, KXFEDDECISION-26SEP-H25, KXFEDDECISION-26SEP-H26","KXNBA-27-TOR, KXATP-26USO-MUS, KXOSCARPIC-27-BEH"
cap,17,True,3,-0.02000000000000003,0.0010946459619916235,0.02218929192398328,0.004072241696839649,0.0574752092564881,0.11087817681613656,0.019045532433064682,-0.02407224169683968,KXFEDDECISION-26SEP-H0+KXFEDDECISION-26SEP-H25;KXFEDDECISION-26SEP-H0+KXFEDDECISION-26SEP-H26;KXFEDDECISION-26SEP-H25+KXFEDDECISION-26SEP-H26,"KXFEDDECISION-26SEP-H0, KXFEDDECISION-26SEP-H25, KXFEDDECISION-26SEP-H26","KXNBA-27-ORL, KXNFLNFCCHAMP-27-ATL, KXOSCARPIC-27-SOC"
cap,18,True,1,0.001562413630874105,0.01959999999999988,0.03763758636912566,0.0022761955012792247,0.05753334557021214,0.11279049563914506,0.3406720017017013,-0.0007137818704051196,CONTROLH-2026-D+CONTROLH-2026-R,"CONTROLH-2026-D, CONTROLH-2026-R, KXOSCARPIC-27-PRO","KXNFLNFCCHAMP-27-ATL, KXMLBAL-26-SEA, KXALIENS-26NOV"
cap,19,True,3,-0.019999999999999987,0.0010946459619916235,0.022189291923983234,0.0012425519203122064,0.05685938800607054,0.11247622409182886,0.019251806964133252,-0.021242551920312193,KXFEDDECISION-26SEP-H0+KXFEDDECISION-26SEP-H25;KXFEDDECISION-26SEP-H0+KXFEDDECISION-26SEP-H26;KXFEDDECISION-26SEP-H25+KXFEDDECISION-26SEP-H26,"KXFEDDECISION-26SEP-H0, KXFEDDECISION-26SEP-H25, KXFEDDECISION-26SEP-H26","KXINXY-26DEC31H1600-B8900, KXNFLAFCCHAMP-27-TEN, KXWNBA-26-WSH"
cap,20,True,3,-0.020000000000000198,0.0010946459619916235,0.022189291923983445,0.001062488781393603,0.05657830566123999,0.11209412254108637,0.019347450391069786,-0.0210624887813938,KXFEDDECISION-26SEP-H0+KXFEDDECISION-26SEP-H25;KXFEDDECISION-26SEP-H0+KXFEDDECISION-26SEP-H26;KXFEDDECISION-26SEP-H25+KXFEDDECISION-26SEP-H26,"KXFEDDECISION-26SEP-H0, KXFEDDECISION-26SEP-H25, KXFEDDECISION-26SEP-H26","KXWNBA-26-WSH, KXWTA-26USO-SWI, KXALIENS-26NOV"
cap,21,True,3,-0.020000000000000077,0.0010946459619916235,0.022189291923983324,0.004519063854902385,0.05852626611147043,0.11253346836803847,0.01870349903933281,-0.024519063854902462,KXFEDDECISION-26SEP-H0+KXFEDDECISION-26SEP-H25;KXFEDDECISION-26SEP-H0+KXFEDDECISION-26SEP-H26;KXFEDDECISION-26SEP-H25+KXFEDDECISION-26SEP-H26,"KXFEDDECISION-26SEP-H0, KXFEDDECISION-26SEP-H25, KXFEDDECISION-26SEP-H26","KXINXY-26DEC31H1600-B8900, KXOSCARPIC-27-AVEN, KXBTCMAXY-26DEC31-199999.99"
cap,22,True,3,-0.02499355864523936,0.0010946459619916235,0.027182850569222608,0.0033179794968139567,0.05770929813510144,0.11210061677338892,0.01896827716443513,-0.028311538142053318,KXFEDDECISION-26SEP-H0+KXFEDDECISION-26SEP-H25;KXFEDDECISION-26SEP-H0+KXFEDDECISION-26SEP-H26;KXFEDDECISION-26SEP-H25+KXFEDDECISION-26SEP-H26,"KXFEDDECISION-26SEP-H0, KXFEDDECISION-26SEP-H25, KXFEDDECISION-26SEP-H26","KXATP-26USO-MUS, KXNFLNFCCHAMP-27-NO, KXWNBA-26-WSH"
cap,23,True,3,-0.02069561122048077,0.0010946459619916235,0.02288490314446402,0.004104287988319671,0.05772196616253618,0.11133964433675268,0.018964114266469524,-0.024799899208800442,KXFEDDECISION-26SEP-H0+KXFEDDECISION-26SEP-H25;KXFEDDECISION-26SEP-H0+KXFEDDECISION-26SEP-H26;KXFEDDECISION-26SEP-H25+KXFEDDECISION-26SEP-H26,"KXFEDDECISION-26SEP-H0, KXFEDDECISION-26SEP-H25, KXFEDDECISION-26SEP-H26","KXMLBAL-26-SEA, KXWNBA-26-WSH, KXALIENS-26NOV"
cap,24,True,3,-0.019999999999999848,0.0010946459619916235,0.022189291923983095,0.003083170184852685,0.05719675377625389,0.1113103373676551,0.019138253304964357,-0.023083170184852533,KXFEDDECISION-26SEP-H0+KXFEDDECISION-26SEP-H25;KXFEDDECISION-26SEP-H0+KXFEDDECISION-26SEP-H26;KXFEDDECISION-26SEP-H25+KXFEDDECISION-26SEP-H26,"KXFEDDECISION-26SEP-H0, KXFEDDECISION-26SEP-H25, KXFEDDECISION-26SEP-H26","KXNFLNFCCHAMP-27-ATL, KXNFLAFCCHAMP-27-TEN, KXWNBA-26-WSH"
cap,25,True,3,-0.020000000000000046,0.0010946459619916235,0.022189291923983293,0.004227829484605022,0.057958912492239195,0.11168999549987337,0.018886585598689394,-0.024227829484605067,KXFEDDECISION-26SEP-H0+KXFEDDECISION-26SEP-H25;KXFEDDECISION-26SEP-H0+KXFEDDECISION-26SEP-H26;KXFEDDECISION-26SEP-H25+KXFEDDECISION-26SEP-H26,"KXFEDDECISION-26SEP-H0, KXFEDDECISION-26SEP-H25, KXFEDDECISION-26SEP-H26","KXNFLNFCCHAMP-27-NO, KXWNBA-26-WSH, KXBTCMAXY-26DEC31-199999.99"
cap,26,True,3,-0.02000000000000005,0.0010946459619916235,0.022189291923983296,0.0019553911874681876,0.0571061621901691,0.11225693319287,0.01916861368386735,-0.021955391187468237,KXFEDDECISION-26SEP-H0+KXFEDDECISION-26SEP-H25;KXFEDDECISION-26SEP-H0+KXFEDDECISION-26SEP-H26;KXFEDDECISION-26SEP-H25+KXFEDDECISION-26SEP-H26,"KXFEDDECISION-26SEP-H0, KXFEDDECISION-26SEP-H25, KXFEDDECISION-26SEP-H26","KXNFLNFCCHAMP-27-ATL, KXOSCARPIC-27-BEH, KXWTA-26USO-SWI"
cap,27,True,3,-0.020000000000000254,0.0010946459619916235,0.0221892919239835,0.0031791069518441253,0.05657830566123999,0.10997750437063586,0.019347450391069786,-0.02317910695184438,KXFEDDECISION-26SEP-H0+KXFEDDECISION-26SEP-H25;KXFEDDECISION-26SEP-H0+KXFEDDECISION-26SEP-H26;KXFEDDECISION-26SEP-H25+KXFEDDECISION-26SEP-H26,"KXFEDDECISION-26SEP-H0, KXFEDDECISION-26SEP-H25, KXFEDDECISION-26SEP-H26","KXWNBA-26-WSH, KXWTA-26USO-SWI, KXALIENS-26NOV"
cap,28,True,3,-0.02000000000000007,0.0010946459619916235,0.022189291923983317,0.003052060304458603,0.05826114472615937,0.11347022914786013,0.018788610610668714,-0.023052060304458673,KXFEDDECISION-26SEP-H0+KXFEDDECISION-26SEP-H25;KXFEDDECISION-26SEP-H0+KXFEDDECISION-26SEP-H26;KXFEDDECISION-26SEP-H25+KXFEDDECISION-26SEP-H26,"KXFEDDECISION-26SEP-H0, KXFEDDECISION-26SEP-H25, KXFEDDECISION-26SEP-H26","KXATP-26USO-MUS, KXNFLNFCCHAMP-27-NO, KXINXY-26DEC31H1600-B8900"
cap,29,True,3,-0.01999999999999991,0.0010946459619916235,0.022189291923983157,0.0042985649375194245,0.057793328604533095,0.11128809227154676,0.01894069762761101,-0.024298564937519335,KXFEDDECISION-26SEP-H0+KXFEDDECISION-26SEP-H25;KXFEDDECISION-26SEP-H0+KXFEDDECISION-26SEP-H26;KXFEDDECISION-26SEP-H25+KXFEDDECISION-26SEP-H26,"KXFEDDECISION-26SEP-H0, KXFEDDECISION-26SEP-H25, KXFEDDECISION-26SEP-H26","KXINXY-26DEC31H1600-B8900, KXNFLAFCCHAMP-27-TEN, KXOSCARPIC-27-BEH"
cap,30,True,3,-0.019999999999999938,0.0010946459619916235,0.022189291923983185,0.002030780878609039,0.0565340784575755,0.11103737603654196,0.019362586104822978,-0.022030780878608977,KXFEDDECISION-26SEP-H0+KXFEDDECISION-26SEP-H25;KXFEDDECISION-26SEP-H0+KXFEDDECISION-26SEP-H26;KXFEDDECISION-26SEP-H25+KXFEDDECISION-26SEP-H26,"KXFEDDECISION-26SEP-H0, KXFEDDECISION-26SEP-H25, KXFEDDECISION-26SEP-H26","KXNFLNFCCHAMP-27-ATL, KXWNBA-26-WSH, KXWTA-26USO-SWI"
cap,31,True,3,-0.020000000000000056,0.0010946459619916235,0.022189291923983303,0.0038151261442166094,0.057069315593365984,0.11032350504251535,0.01918098982982846,-0.023815126144216665,KXFEDDECISION-26SEP-H0+KXFEDDECISION-26SEP-H25;KXFEDDECISION-26SEP-H0+KXFEDDECISION-26SEP-H26;KXFEDDECISION-26SEP-H25+KXFEDDECISION-26SEP-H26,"KXFEDDECISION-26SEP-H0, KXFEDDECISION-26SEP-H25, KXFEDDECISION-26SEP-H26","KXNFLAFCCHAMP-27-TEN, KXOSCARPIC-27-BEH, KXWNBA-26-WSH"
cap,32,True,3,-0.033574766148753196,0.0010946459619916235,0.03576405807273644,0.00318256624126469,0.05835489024607973,0.11352721425089478,0.018758427226502436,-0.03675733239001788,KXFEDDECISION-26SEP-H0+KXFEDDECISION-26SEP-H25;KXFEDDECISION-26SEP-H0+KXFEDDECISION-26SEP-H26;KXFEDDECISION-26SEP-H25+KXFEDDECISION-26SEP-H26,"KXFEDDECISION-26SEP-H0, KXFEDDECISION-26SEP-H25, KXFEDDECISION-26SEP-H26","KXMLBAL-26-SEA, KXINXY-26DEC31H1600-B6300, KXALIENS-26NOV"
cap,33,True,3,-0.02000000000000002,0.0010946459619916235,0.022189291923983268,0.002152423406059957,0.057122851801261025,0.11209328019646209,0.019163013180785532,-0.022152423406059978,KXFEDDECISION-26SEP-H0+KXFEDDECISION-26SEP-H25;KXFEDDECISION-26SEP-H0+KXFEDDECISION-26SEP-H26;KXFEDDECISION-26SEP-H25+KXFEDDECISION-26SEP-H26,"KXFEDDECISION-26SEP-H0, KXFEDDECISION-26SEP-H25, KXFEDDECISION-26SEP-H26","KXNFLAFCCHAMP-27-TEN, KXOSCARPIC-27-SOC, KXWNBA-26-WSH"
cap,34,True,3,-0.020000000000000243,0.0010946459619916235,0.02218929192398349,0.004925305485094851,0.0579423098054731,0.11095931412585136,0.018891997327455966,-0.024925305485095094,KXFEDDECISION-26SEP-H0+KXFEDDECISION-26SEP-H25;KXFEDDECISION-26SEP-H0+KXFEDDECISION-26SEP-H26;KXFEDDECISION-26SEP-H25+KXFEDDECISION-26SEP-H26,"KXFEDDECISION-26SEP-H0, KXFEDDECISION-26SEP-H25, KXFEDDECISION-26SEP-H26","KXNBA-27-ORL, KXNFLNFCCHAMP-27-ATL, KXALIENS-26NOV"
cap,35,True,3,-0.020000000000000167,0.0010946459619916235,0.022189291923983414,0.004600095938853212,0.05879423530395234,0.11298837466905147,0.018618253240858765,-0.02460009593885338,KXFEDDECISION-26SEP-H0+KXFEDDECISION-26SEP-H25;KXFEDDECISION-26SEP-H0+KXFEDDECISION-26SEP-H26;KXFEDDECISION-26SEP-H25+KXFEDDECISION-26SEP-H26,"KXFEDDECISION-26SEP-H0, KXFEDDECISION-26SEP-H25, KXFEDDECISION-26SEP-H26","KXMLBAL-26-SEA, KXINXY-26DEC31H1600-B6300, KXOSCARPIC-27-AVEN"
cap,36,True,3,-0.024724339127092324,0.0010946459619916235,0.02691363105107557,0.004732649222436942,0.05803563740208712,0.1113386255817373,0.01886161694766287,-0.029456988349529267,KXFEDDECISION-26SEP-H0+KXFEDDECISION-26SEP-H25;KXFEDDECISION-26SEP-H0+KXFEDDECISION-26SEP-H26;KXFEDDECISION-26SEP-H25+KXFEDDECISION-26SEP-H26,"KXFEDDECISION-26SEP-H0, KXFEDDECISION-26SEP-H25, KXFEDDECISION-26SEP-H26","KXNBA-27-TOR, KXNFLNFCCHAMP-27-ATL, KXMLBAL-26-SEA"
cap,37,True,1,0.0019023948784912606,0.01959999999999988,0.0372976051215085,0.0027123753400736562,0.057122851801261025,0.1115333282624484,0.34312012411759873,-0.0008099804615823956,CONTROLH-2026-D+CONTROLH-2026-R,"CONTROLH-2026-D, CONTROLH-2026-R, KXOSCARPIC-27-SOC","KXNFLAFCCHAMP-27-TEN, KXOSCARPIC-27-SOC, KXWNBA-26-WSH"
cap,38,True,3,-0.019999999999999976,0.0010946459619916235,0.022189291923983223,0.00545684022321696,0.058648522161072004,0.11184020409892705,0.018664510573434285,-0.025456840223216936,KXFEDDECISION-26SEP-H0+KXFEDDECISION-26SEP-H25;KXFEDDECISION-26SEP-H0+KXFEDDECISION-26SEP-H26;KXFEDDECISION-26SEP-H25+KXFEDDECISION-26SEP-H26,"KXFEDDECISION-26SEP-H0, KXFEDDECISION-26SEP-H25, KXFEDDECISION-26SEP-H26","KXNFLNFCCHAMP-27-NO, KXINXY-26DEC31H1600-B8900, KXOSCARPIC-27-BEH"
cap,39,True,3,-0.0308910934963372,0.0010946459619916235,0.03308038542032045,0.004580586576198992,0.057911162371171256,0.11124173816614352,0.018902158360691944,-0.03547168007253619,KXFEDDECISION-26SEP-H0+KXFEDDECISION-26SEP-H25;KXFEDDECISION-26SEP-H0+KXFEDDECISION-26SEP-H26;KXFEDDECISION-26SEP-H25+KXFEDDECISION-26SEP-H26,"KXFEDDECISION-26SEP-H0, KXFEDDECISION-26SEP-H25, KXFEDDECISION-26SEP-H26","KXFEDDECISION-26SEP-H26, KXNFLNFCCHAMP-27-ATL, KXNFLAFCCHAMP-27-TEN"
cap,40,True,1,0.0018815097161837616,0.01959999999999998,0.037318490283816196,0.005216347059167303,0.0587825330766655,0.11234871909416369,0.3334323815960299,-0.003334837342983541,SENATEMI-26-D+SENATEMI-26-R,"KXOSCARPIC-27-AVEN, SENATEMI-26-D, SENATEMI-26-R","KXNBA-27-TOR, KXOSCARPIC-27-AVEN, KXBTCMAXY-26DEC31-199999.99"
cap,41,True,1,0.0016375611553413848,0.01960000000000009,0.03756243884465879,0.0037067572683502532,0.058299549681468985,0.11289234209458772,0.3361947065987393,-0.0020691961130088685,SENATEME-26-D+SENATEME-26-R,"KXNBA-27-ORL, SENATEME-26-D, SENATEME-26-R","KXFEDDECISION-26SEP-H26, KXNBA-27-ORL, KXINXY-26DEC31H1600-B8900"
cap,42,True,1,0.0017955421490133856,0.01959999999999998,0.037404457850986575,0.004280086273332158,0.05876108243913011,0.11324207860492808,0.33355410054441015,-0.0024845441243187723,SENATEMI-26-D+SENATEMI-26-R,"KXFEDDECISION-26SEP-H26, SENATEMI-26-D, SENATEMI-26-R","KXFEDDECISION-26SEP-H26, KXNBA-27-TOR, KXOSCARPIC-27-PRO"
cap,43,True,3,-0.020000000000000052,0.0010946459619916235,0.0221892919239833,0.005255115155751815,0.05874891477878708,0.11224271440182235,0.018632615872368006,-0.025255115155751868,KXFEDDECISION-26SEP-H0+KXFEDDECISION-26SEP-H25;KXFEDDECISION-26SEP-H0+KXFEDDECISION-26SEP-H26;KXFEDDECISION-26SEP-H25+KXFEDDECISION-26SEP-H26,"KXFEDDECISION-26SEP-H0, KXFEDDECISION-26SEP-H25, KXFEDDECISION-26SEP-H26","KXNBA-27-TOR, KXNFLNFCCHAMP-27-NO, KXBTCMAXY-26DEC31-199999.99"
cap,44,True,1,0.0017204112136327172,0.019599999999999767,0.03747958878636681,0.003878185929650897,0.05685938800607054,0.10984059008249017,0.3447100063389214,-0.00215777471601818,CONTROLH-2026-D+CONTROLH-2026-R,"CONTROLH-2026-D, CONTROLH-2026-R, KXINXY-26DEC31H1600-B8900","KXINXY-26DEC31H1600-B8900, KXNFLAFCCHAMP-27-TEN, KXWNBA-26-WSH"
cap,45,True,3,-0.025292362484071705,0.0010946459619916235,0.027481654408054952,0.001092440198675538,0.0565340784575755,0.11197571671647547,0.019362586104822978,-0.026384802682747243,KXFEDDECISION-26SEP-H0+KXFEDDECISION-26SEP-H25;KXFEDDECISION-26SEP-H0+KXFEDDECISION-26SEP-H26;KXFEDDECISION-26SEP-H25+KXFEDDECISION-26SEP-H26,"KXFEDDECISION-26SEP-H0, KXFEDDECISION-26SEP-H25, KXFEDDECISION-26SEP-H26","KXNFLNFCCHAMP-27-ATL, KXWNBA-26-WSH, KXWTA-26USO-SWI"
cap,46,True,1,0.0019943967298926557,0.019599999999999885,0.037205603270107114,0.004742115066763298,0.057146746902191466,0.10955137873761964,0.3429766533088214,-0.002747718336870642,CONTROLH-2026-D+CONTROLH-2026-R,"CONTROLH-2026-D, CONTROLH-2026-R, KXWNBA-26-WSH","KXFEDDECISION-26SEP-H26, KXNFLAFCCHAMP-27-TEN, KXWNBA-26-WSH"
cap,47,True,1,0.0018753076920991207,0.019599999999999968,0.037324692307900816,0.005224235897824427,0.05857672615921128,0.11192921642059814,0.3346038825510196,-0.003348928205725306,CONTROLS-2026-D+CONTROLS-2026-R,"CONTROLS-2026-D, CONTROLS-2026-R, KXINXY-26DEC31H1600-B8900","KXFEDDECISION-26SEP-H26, KXNFLNFCCHAMP-27-NO, KXINXY-26DEC31H1600-B8900"
cap,48,True,3,-0.020559925147010136,0.0010946459619916235,0.022749217070993383,0.0011416669071710288,0.0565340784575755,0.11192649000797997,0.019362586104822978,-0.021701592054181165,KXFEDDECISION-26SEP-H0+KXFEDDECISION-26SEP-H25;KXFEDDECISION-26SEP-H0+KXFEDDECISION-26SEP-H26;KXFEDDECISION-26SEP-H25+KXFEDDECISION-26SEP-H26,"KXFEDDECISION-26SEP-H0, KXFEDDECISION-26SEP-H25, KXFEDDECISION-26SEP-H26","KXNFLNFCCHAMP-27-ATL, KXWNBA-26-WSH, KXWTA-26USO-SWI"
cap,49,True,3,-0.020000000000000136,0.0010946459619916235,0.022189291923983383,0.004182838596403622,0.058697845796331555,0.1132128529962595,0.018648826837526562,-0.024182838596403758,KXFEDDECISION-26SEP-H0+KXFEDDECISION-26SEP-H25;KXFEDDECISION-26SEP-H0+KXFEDDECISION-26SEP-H26;KXFEDDECISION-26SEP-H25+KXFEDDECISION-26SEP-H26,"KXFEDDECISION-26SEP-H0, KXFEDDECISION-26SEP-H25, KXFEDDECISION-26SEP-H26","KXNBA-27-HOU, KXINXY-26DEC31H1600-B8900, KXOSCARPIC-27-AVEN"
cap,50,True,3,-0.02000000000000012,0.0010946459619916235,0.022189291923983365,0.001696391954275192,0.05657830566123999,0.11146021936820479,0.019347450391069786,-0.02169639195427531,KXFEDDECISION-26SEP-H0+KXFEDDECISION-26SEP-H25;KXFEDDECISION-26SEP-H0+KXFEDDECISION-26SEP-H26;KXFEDDECISION-26SEP-H25+KXFEDDECISION-26SEP-H26,"KXFEDDECISION-26SEP-H0, KXFEDDECISION-26SEP-H25, KXFEDDECISION-26SEP-H26","KXWNBA-26-WSH, KXWTA-26USO-SWI, KXALIENS-26NOV"
cap,51,True,3,-0.019999999999999966,0.0010946459619916235,0.022189291923983213,0.003937342803738798,0.05805736527126231,0.11217738773878583,0.01885455801993584,-0.023937342803738763,KXFEDDECISION-26SEP-H0+KXFEDDECISION-26SEP-H25;KXFEDDECISION-26SEP-H0+KXFEDDECISION-26SEP-H26;KXFEDDECISION-26SEP-H25+KXFEDDECISION-26SEP-H26,"KXFEDDECISION-26SEP-H0, KXFEDDECISION-26SEP-H25, KXFEDDECISION-26SEP-H26","KXNFLNFCCHAMP-27-ATL, KXNFLAFCCHAMP-27-TEN, KXOSCARPIC-27-AVEN"
cap,52,True,3,-0.020000000000000243,0.0010946459619916235,0.02218929192398349,0.0034181601104296203,0.0575486347031649,0.11167910929590019,0.019021232521636577,-0.023418160110429864,KXFEDDECISION-26SEP-H0+KXFEDDECISION-26SEP-H25;KXFEDDECISION-26SEP-H0+KXFEDDECISION-26SEP-H26;KXFEDDECISION-26SEP-H25+KXFEDDECISION-26SEP-H26,"KXFEDDECISION-26SEP-H0, KXFEDDECISION-26SEP-H25, KXFEDDECISION-26SEP-H26","KXNBA-27-HOU, KXNFLNFCCHAMP-27-ATL, KXOSCARPIC-27-BEH"
cap,53,True,3,-0.019999999999999882,0.0010946459619916235,0.02218929192398313,0.0025249117810503888,0.0574752092564881,0.1124255067319258,0.019045532433064682,-0.02252491178105027,KXFEDDECISION-26SEP-H0+KXFEDDECISION-26SEP-H25;KXFEDDECISION-26SEP-H0+KXFEDDECISION-26SEP-H26;KXFEDDECISION-26SEP-H25+KXFEDDECISION-26SEP-H26,"KXFEDDECISION-26SEP-H0, KXFEDDECISION-26SEP-H25, KXFEDDECISION-26SEP-H26","KXNBA-27-ORL, KXNFLNFCCHAMP-27-ATL, KXOSCARPIC-27-SOC"
cap,54,True,3,-0.020000000000000115,0.0010946459619916235,0.022189291923983362,0.004814192583230268,0.0583225165114499,0.11183084043966954,0.018768839677497835,-0.024814192583230383,KXFEDDECISION-26SEP-H0+KXFEDDECISION-26SEP-H25;KXFEDDECISION-26SEP-H0+KXFEDDECISION-26SEP-H26;KXFEDDECISION-26SEP-H25+KXFEDDECISION-26SEP-H26,"KXFEDDECISION-26SEP-H0, KXFEDDECISION-26SEP-H25, KXFEDDECISION-26SEP-H26","KXMLBAL-26-SEA, KXOSCARPIC-27-PRO, KXALIENS-26NOV"
cap,55,True,3,-0.020000000000000004,0.0010946459619916235,0.02218929192398325,0.002906389845332393,0.05737033265514149,0.11183427546495059,0.019080348872502522,-0.022906389845332397,KXFEDDECISION-26SEP-H0+KXFEDDECISION-26SEP-H25;KXFEDDECISION-26SEP-H0+KXFEDDECISION-26SEP-H26;KXFEDDECISION-26SEP-H25+KXFEDDECISION-26SEP-H26,"KXFEDDECISION-26SEP-H0, KXFEDDECISION-26SEP-H25, KXFEDDECISION-26SEP-H26","KXNFLNFCCHAMP-27-ATL, KXNFLAFCCHAMP-27-TEN, KXOSCARPIC-27-BEH"
cap,56,True,3,-0.020000000000000087,0.0010946459619916235,0.022189291923983334,0.0038798993108815627,0.057069315593365984,0.1102587318758504,0.01918098982982846,-0.02387989931088165,KXFEDDECISION-26SEP-H0+KXFEDDECISION-26SEP-H25;KXFEDDECISION-26SEP-H0+KXFEDDECISION-26SEP-H26;KXFEDDECISION-26SEP-H25+KXFEDDECISION-26SEP-H26,"KXFEDDECISION-26SEP-H0, KXFEDDECISION-26SEP-H25, KXFEDDECISION-26SEP-H26","KXNFLAFCCHAMP-27-TEN, KXOSCARPIC-27-BEH, KXWNBA-26-WSH"
cap,57,True,3,-0.02973055522928622,0.0010946459619916235,0.03191984715326947,0.0020859522903515816,0.05706477862798707,0.11204360496562256,0.019182514824560473,-0.0318165075196378,KXFEDDECISION-26SEP-H0+KXFEDDECISION-26SEP-H25;KXFEDDECISION-26SEP-H0+KXFEDDECISION-26SEP-H26;KXFEDDECISION-26SEP-H25+KXFEDDECISION-26SEP-H26,"KXFEDDECISION-26SEP-H0, KXFEDDECISION-26SEP-H25, KXFEDDECISION-26SEP-H26","KXINXY-26DEC31H1600-B6700, KXWNBA-26-WSH, KXWTA-26USO-SWI"
cap,58,True,3,-0.023805481391151958,0.0010946459619916235,0.025994773315135205,0.003227105517587335,0.05685938800607054,0.11049167049455375,0.019251806964133252,-0.027032586908739293,KXFEDDECISION-26SEP-H0+KXFEDDECISION-26SEP-H25;KXFEDDECISION-26SEP-H0+KXFEDDECISION-26SEP-H26;KXFEDDECISION-26SEP-H25+KXFEDDECISION-26SEP-H26,"KXFEDDECISION-26SEP-H0, KXFEDDECISION-26SEP-H25, KXFEDDECISION-26SEP-H26","KXINXY-26DEC31H1600-B8900, KXNFLAFCCHAMP-27-TEN, KXWNBA-26-WSH"
cap,59,True,3,-0.02000000000000016,0.0010946459619916235,0.022189291923983407,0.003193593591166402,0.0574752092564881,0.1117568249218098,0.019045532433064682,-0.023193593591166562,KXFEDDECISION-26SEP-H0+KXFEDDECISION-26SEP-H25;KXFEDDECISION-26SEP-H0+KXFEDDECISION-26SEP-H26;KXFEDDECISION-26SEP-H25+KXFEDDECISION-26SEP-H26,"KXFEDDECISION-26SEP-H0, KXFEDDECISION-26SEP-H25, KXFEDDECISION-26SEP-H26","KXNBA-27-ORL, KXNFLNFCCHAMP-27-ATL, KXOSCARPIC-27-SOC"
cap,60,True,3,-0.019999999999999987,0.0010946459619916235,0.022189291923983234,0.004837162280429071,0.05892494725216396,0.11301273222389885,0.018576952768530882,-0.024837162280429058,KXFEDDECISION-26SEP-H0+KXFEDDECISION-26SEP-H25;KXFEDDECISION-26SEP-H0+KXFEDDECISION-26SEP-H26;KXFEDDECISION-26SEP-H25+KXFEDDECISION-26SEP-H26,"KXFEDDECISION-26SEP-H0, KXFEDDECISION-26SEP-H25, KXFEDDECISION-26SEP-H26","KXNFLNFCCHAMP-27-NO, KXOSCARPIC-27-SOC, KXBTCMAXY-26DEC31-199999.99"
cap,61,True,3,-0.020000000000000046,0.0010946459619916235,0.022189291923983293,0.003249496579679347,0.0577275692382895,0.11220564189689965,0.01896227359709384,-0.023249496579679393,KXFEDDECISION-26SEP-H0+KXFEDDECISION-26SEP-H25;KXFEDDECISION-26SEP-H0+KXFEDDECISION-26SEP-H26;KXFEDDECISION-26SEP-H25+KXFEDDECISION-26SEP-H26,"KXFEDDECISION-26SEP-H0, KXFEDDECISION-26SEP-H25, KXFEDDECISION-26SEP-H26","KXNBA-27-CLE, KXNFLAFCCHAMP-27-TEN, KXWNBA-26-WSH"
cap,62,True,3,-0.020000000000000125,0.0010946459619916235,0.022189291923983372,0.0033287058820290795,0.05685938800607054,0.110390070130112,0.019251806964133252,-0.023328705882029205,KXFEDDECISION-26SEP-H0+KXFEDDECISION-26SEP-H25;KXFEDDECISION-26SEP-H0+KXFEDDECISION-26SEP-H26;KXFEDDECISION-26SEP-H25+KXFEDDECISION-26SEP-H26,"KXFEDDECISION-26SEP-H0, KXFEDDECISION-26SEP-H25, KXFEDDECISION-26SEP-H26","KXINXY-26DEC31H1600-B8900, KXNFLAFCCHAMP-27-TEN, KXWNBA-26-WSH"
cap,63,True,3,-0.029269995827462262,0.0010946459619916235,0.031459287751445505,0.005180081655268582,0.05892494725216396,0.11266981284905934,0.018576952768530882,-0.034450077482730844,KXFEDDECISION-26SEP-H0+KXFEDDECISION-26SEP-H25;KXFEDDECISION-26SEP-H0+KXFEDDECISION-26SEP-H26;KXFEDDECISION-26SEP-H25+KXFEDDECISION-26SEP-H26,"KXFEDDECISION-26SEP-H0, KXFEDDECISION-26SEP-H25, KXFEDDECISION-26SEP-H26","KXNFLNFCCHAMP-27-NO, KXOSCARPIC-27-SOC, KXBTCMAXY-26DEC31-199999.99"
cap,64,True,3,-0.020000000000000247,0.0010946459619916235,0.022189291923983494,0.003385807714274179,0.05685938800607054,0.1103329682978669,0.019251806964133252,-0.023385807714274426,KXFEDDECISION-26SEP-H0+KXFEDDECISION-26SEP-H25;KXFEDDECISION-26SEP-H0+KXFEDDECISION-26SEP-H26;KXFEDDECISION-26SEP-H25+KXFEDDECISION-26SEP-H26,"KXFEDDECISION-26SEP-H0, KXFEDDECISION-26SEP-H25, KXFEDDECISION-26SEP-H26","KXINXY-26DEC31H1600-B8900, KXNFLAFCCHAMP-27-TEN, KXWNBA-26-WSH"
cap,65,True,3,-0.020000000000000063,0.0010946459619916235,0.02218929192398331,0.0037655349687492727,0.0571061621901691,0.11044678941158892,0.01916861368386735,-0.023765534968749336,KXFEDDECISION-26SEP-H0+KXFEDDECISION-26SEP-H25;KXFEDDECISION-26SEP-H0+KXFEDDECISION-26SEP-H26;KXFEDDECISION-26SEP-H25+KXFEDDECISION-26SEP-H26,"KXFEDDECISION-26SEP-H0, KXFEDDECISION-26SEP-H25, KXFEDDECISION-26SEP-H26","KXNFLNFCCHAMP-27-ATL, KXOSCARPIC-27-BEH, KXWTA-26USO-SWI"
cap,66,True,3,-0.023888213324357824,0.0010946459619916235,0.02607750524834107,-7.18208185759503e-05,0.05678865483961884,0.11364913049781364,0.01927578607176198,-0.023816392505781873,KXFEDDECISION-26SEP-H0+KXFEDDECISION-26SEP-H25;KXFEDDECISION-26SEP-H0+KXFEDDECISION-26SEP-H26;KXFEDDECISION-26SEP-H25+KXFEDDECISION-26SEP-H26,"KXFEDDECISION-26SEP-H0, KXFEDDECISION-26SEP-H25, KXFEDDECISION-26SEP-H26","KXWNBA-26-WSH, KXWTA-26USO-SWI, KXBTCMAXY-26DEC31-199999.99"
cap,67,True,3,-0.02000000000000017,0.0010946459619916235,0.022189291923983417,0.004186517735414782,0.05685938800607054,0.10953225827672629,0.019251806964133252,-0.024186517735414952,KXFEDDECISION-26SEP-H0+KXFEDDECISION-26SEP-H25;KXFEDDECISION-26SEP-H0+KXFEDDECISION-26SEP-H26;KXFEDDECISION-26SEP-H25+KXFEDDECISION-26SEP-H26,"KXFEDDECISION-26SEP-H0, KXFEDDECISION-26SEP-H25, KXFEDDECISION-26SEP-H26","KXINXY-26DEC31H1600-B8900, KXNFLAFCCHAMP-27-TEN, KXWNBA-26-WSH"
cap,68,True,3,-0.020000000000000007,0.0010946459619916235,0.022189291923983254,0.005089645377052445,0.05797374124986853,0.11085783712268461,0.018881754711562726,-0.025089645377052452,KXFEDDECISION-26SEP-H0+KXFEDDECISION-26SEP-H25;KXFEDDECISION-26SEP-H0+KXFEDDECISION-26SEP-H26;KXFEDDECISION-26SEP-H25+KXFEDDECISION-26SEP-H26,"KXFEDDECISION-26SEP-H0, KXFEDDECISION-26SEP-H25, KXFEDDECISION-26SEP-H26","KXNFLNFCCHAMP-27-ATL, KXMLBAL-26-SEA, KXINXY-26DEC31H1600-B6700"
cap,69,True,3,-0.02000000000000011,0.0010946459619916235,0.02218929192398336,0.002296617826694672,0.0574539354567609,0.11261125308682712,0.01905258453209772,-0.022296617826694783,KXFEDDECISION-26SEP-H0+KXFEDDECISION-26SEP-H25;KXFEDDECISION-26SEP-H0+KXFEDDECISION-26SEP-H26;KXFEDDECISION-26SEP-H25+KXFEDDECISION-26SEP-H26,"KXFEDDECISION-26SEP-H0, KXFEDDECISION-26SEP-H25, KXFEDDECISION-26SEP-H26","KXNFLNFCCHAMP-27-ATL, KXNFLAFCCHAMP-27-TEN, KXOSCARPIC-27-SOC"
cap,70,True,3,-0.019999999999999962,0.0010946459619916235,0.02218929192398321,0.00444108006058579,0.057640557048310094,0.1108400340360344,0.01899089838903138,-0.024441080060585752,KXFEDDECISION-26SEP-H0+KXFEDDECISION-26SEP-H25;KXFEDDECISION-26SEP-H0+KXFEDDECISION-26SEP-H26;KXFEDDECISION-26SEP-H25+KXFEDDECISION-26SEP-H26,"KXFEDDECISION-26SEP-H0, KXFEDDECISION-26SEP-H25, KXFEDDECISION-26SEP-H26","KXNBA-27-HOU, KXNFLNFCCHAMP-27-ATL, KXOSCARPIC-27-SOC"
cap,71,True,3,-0.02000000000000003,0.0010946459619916235,0.02218929192398328,0.003961873604274073,0.05753334557021214,0.1111048175361502,0.019026287297263935,-0.023961873604274105,KXFEDDECISION-26SEP-H0+KXFEDDECISION-26SEP-H25;KXFEDDECISION-26SEP-H0+KXFEDDECISION-26SEP-H26;KXFEDDECISION-26SEP-H25+KXFEDDECISION-26SEP-H26,"KXFEDDECISION-26SEP-H0, KXFEDDECISION-26SEP-H25, KXFEDDECISION-26SEP-H26","KXNFLNFCCHAMP-27-ATL, KXMLBAL-26-SEA, KXALIENS-26NOV"
cap,72,True,3,-0.019999999999999997,0.0010946459619916235,0.022189291923983244,0.003058121629394773,0.05717493040916789,0.11129173918894102,0.01914555827454228,-0.02305812162939477,KXFEDDECISION-26SEP-H0+KXFEDDECISION-26SEP-H25;KXFEDDECISION-26SEP-H0+KXFEDDECISION-26SEP-H26;KXFEDDECISION-26SEP-H25+KXFEDDECISION-26SEP-H26,"KXFEDDECISION-26SEP-H0, KXFEDDECISION-26SEP-H25, KXFEDDECISION-26SEP-H26","KXNFLNFCCHAMP-27-ATL, KXOSCARPIC-27-SOC, KXWTA-26USO-SWI"
cap,73,True,3,-0.032976056674875985,0.0010946459619916235,0.03516534859885923,0.0020176987582522198,0.05685938800607054,0.11170107725388885,0.019251806964133252,-0.0349937554331282,KXFEDDECISION-26SEP-H0+KXFEDDECISION-26SEP-H25;KXFEDDECISION-26SEP-H0+KXFEDDECISION-26SEP-H26;KXFEDDECISION-26SEP-H25+KXFEDDECISION-26SEP-H26,"KXFEDDECISION-26SEP-H0, KXFEDDECISION-26SEP-H25, KXFEDDECISION-26SEP-H26","KXINXY-26DEC31H1600-B8900, KXNFLAFCCHAMP-27-TEN, KXWNBA-26-WSH"
cap,74,True,1,0.001830119318239412,0.019600000000000208,0.037369880681761,0.00394478487428435,0.0575486347031649,0.11115248453204546,0.3405814942630133,-0.0021146655560449375,KXGOVCA-26-SHIL+KXGOVCA-26-XBEC,"KXNBA-27-HOU, KXGOVCA-26-SHIL, KXGOVCA-26-XBEC","KXNBA-27-HOU, KXNFLNFCCHAMP-27-ATL, KXOSCARPIC-27-BEH"
cap,75,True,3,-0.020000000000000125,0.0010946459619916235,0.022189291923983372,0.00531780995012638,0.05838156916007345,0.11144532837002052,0.018749855095368702,-0.025317809950126505,KXFEDDECISION-26SEP-H0+KXFEDDECISION-26SEP-H25;KXFEDDECISION-26SEP-H0+KXFEDDECISION-26SEP-H26;KXFEDDECISION-26SEP-H25+KXFEDDECISION-26SEP-H26,"KXFEDDECISION-26SEP-H0, KXFEDDECISION-26SEP-H25, KXFEDDECISION-26SEP-H26","KXNBA-27-ORL, KXINXY-26DEC31H1600-B6300, KXOSCARPIC-27-SOC"
cap,76,True,3,-0.01999999999999998,0.0010946459619916235,0.022189291923983227,0.005201476906087379,0.058720230264630066,0.11223898362317275,0.018641717804212695,-0.02520147690608736,KXFEDDECISION-26SEP-H0+KXFEDDECISION-26SEP-H25;KXFEDDECISION-26SEP-H0+KXFEDDECISION-26SEP-H26;KXFEDDECISION-26SEP-H25+KXFEDDECISION-26SEP-H26,"KXFEDDECISION-26SEP-H0, KXFEDDECISION-26SEP-H25, KXFEDDECISION-26SEP-H26","KXINXY-26DEC31H1600-B6700, KXOSCARPIC-27-PRO, KXALIENS-26NOV"
cap,77,True,1,0.0016176825266421176,0.01959999999999988,0.03758231747335765,0.001970754329883726,0.05696683223177533,0.11196291013366694,0.3440598543421775,-0.0003530718032416086,CONTROLH-2026-D+CONTROLH-2026-R,"CONTROLH-2026-D, CONTROLH-2026-R, KXNBA-27-CLE","KXNFLNFCCHAMP-27-ATL, KXWTA-26USO-SWI, KXALIENS-26NOV"
cap,78,True,3,-0.020000000000000066,0.0010946459619916235,0.022189291923983313,0.004453052237082807,0.0575486347031649,0.110644217169247,0.019021232521636577,-0.024453052237082874,KXFEDDECISION-26SEP-H0+KXFEDDECISION-26SEP-H25;KXFEDDECISION-26SEP-H0+KXFEDDECISION-26SEP-H26;KXFEDDECISION-26SEP-H25+KXFEDDECISION-26SEP-H26,"KXFEDDECISION-26SEP-H0, KXFEDDECISION-26SEP-H25, KXFEDDECISION-26SEP-H26","KXNBA-27-HOU, KXNFLNFCCHAMP-27-ATL, KXOSCARPIC-27-BEH"
cap,79,True,3,-0.02000000000000018,0.0010946459619916235,0.022189291923983428,0.0053899772484540705,0.05750368597006628,0.1096173946916785,0.019036100791198756,-0.02538997724845425,KXFEDDECISION-26SEP-H0+KXFEDDECISION-26SEP-H25;KXFEDDECISION-26SEP-H0+KXFEDDECISION-26SEP-H26;KXFEDDECISION-26SEP-H25+KXFEDDECISION-26SEP-H26,"KXFEDDECISION-26SEP-H0, KXFEDDECISION-26SEP-H25, KXFEDDECISION-26SEP-H26","KXNFLAFCCHAMP-27-TEN, KXOSCARPIC-27-PRO, KXWNBA-26-WSH"
cap,80,True,3,-0.020000000000000028,0.0010946459619916235,0.022189291923983275,0.003986898100174545,0.057509248165083036,0.11103159822999153,0.019034259652454335,-0.023986898100174573,KXFEDDECISION-26SEP-H0+KXFEDDECISION-26SEP-H25;KXFEDDECISION-26SEP-H0+KXFEDDECISION-26SEP-H26;KXFEDDECISION-26SEP-H25+KXFEDDECISION-26SEP-H26,"KXFEDDECISION-26SEP-H0, KXFEDDECISION-26SEP-H25, KXFEDDECISION-26SEP-H26","KXNFLAFCCHAMP-27-TEN, KXOSCARPIC-27-AVEN, KXWNBA-26-WSH"
cap,81,True,1,0.001777523877083305,0.019600000000000062,0.03742247612291682,0.0014899532682590803,0.05678865483961884,0.1120873564109786,0.34513936023584135,0.00028757060882422456,CONTROLS-2026-D+CONTROLS-2026-R,"KXNBA-27-IND, CONTROLS-2026-D, CONTROLS-2026-R","KXWNBA-26-WSH, KXWTA-26USO-SWI, KXBTCMAXY-26DEC31-199999.99"
cap,82,True,3,-0.02000000000000001,0.0010946459619916235,0.022189291923983258,0.00356588310280637,0.05657830566123999,0.10959072821967361,0.019347450391069786,-0.02356588310280638,KXFEDDECISION-26SEP-H0+KXFEDDECISION-26SEP-H25;KXFEDDECISION-26SEP-H0+KXFEDDECISION-26SEP-H26;KXFEDDECISION-26SEP-H25+KXFEDDECISION-26SEP-H26,"KXFEDDECISION-26SEP-H0, KXFEDDECISION-26SEP-H25, KXFEDDECISION-26SEP-H26","KXWNBA-26-WSH, KXWTA-26USO-SWI, KXALIENS-26NOV"
cap,83,True,3,-0.020000000000000226,0.0010946459619916235,0.022189291923983473,0.0033014257515976073,0.0574752092564881,0.1116489927613786,0.019045532433064682,-0.023301425751597833,KXFEDDECISION-26SEP-H0+KXFEDDECISION-26SEP-H25;KXFEDDECISION-26SEP-H0+KXFEDDECISION-26SEP-H26;KXFEDDECISION-26SEP-H25+KXFEDDECISION-26SEP-H26,"KXFEDDECISION-26SEP-H0, KXFEDDECISION-26SEP-H25, KXFEDDECISION-26SEP-H26","KXNBA-27-ORL, KXNFLNFCCHAMP-27-ATL, KXOSCARPIC-27-SOC"
cap,84,True,1,0.001983730958703467,0.019600000000000208,0.03721626904129695,0.002091439167988183,0.05743634294389221,0.11278124671979624,0.3412473530765502,-0.00010770820928471606,KXGOVCA-26-SHIL+KXGOVCA-26-XBEC,"KXGOVCA-26-SHIL, KXGOVCA-26-XBEC, KXBTCMAXY-26DEC31-199999.99","KXNFLAFCCHAMP-27-TEN, KXWNBA-26-WSH, KXBTCMAXY-26DEC31-199999.99"
cap,85,True,3,-0.020000000000000177,0.0010946459619916235,0.022189291923983424,0.004185471542883949,0.05811742505032985,0.11204937855777575,0.01883507331998376,-0.024185471542884127,KXFEDDECISION-26SEP-H0+KXFEDDECISION-26SEP-H25;KXFEDDECISION-26SEP-H0+KXFEDDECISION-26SEP-H26;KXFEDDECISION-26SEP-H25+KXFEDDECISION-26SEP-H26,"KXFEDDECISION-26SEP-H0, KXFEDDECISION-26SEP-H25, KXFEDDECISION-26SEP-H26","KXNBA-27-TOR, KXMLBAL-26-SEA, KXWNBA-26-WSH"
cap,86,True,3,-0.019999999999999917,0.0010946459619916235,0.022189291923983164,0.0036166849727677294,0.058835976083308796,0.11405526719384987,0.018605044648900865,-0.023616684972767647,KXFEDDECISION-26SEP-H0+KXFEDDECISION-26SEP-H25;KXFEDDECISION-26SEP-H0+KXFEDDECISION-26SEP-H26;KXFEDDECISION-26SEP-H25+KXFEDDECISION-26SEP-H26,"KXFEDDECISION-26SEP-H0, KXFEDDECISION-26SEP-H25, KXFEDDECISION-26SEP-H26","KXNBA-27-TOR, KXINXY-26DEC31H1600-B6300, KXOSCARPIC-27-SOC"
cap,87,True,1,0.0018099275794702038,0.019599999999999895,0.03739007242052959,0.002192820277555411,0.057146746902191466,0.11210067352682752,0.34297665330882154,-0.00038289269808520696,CONTROLH-2026-D+CONTROLH-2026-R,"KXFEDDECISION-26SEP-H26, CONTROLH-2026-D, CONTROLH-2026-R","KXFEDDECISION-26SEP-H26, KXNFLAFCCHAMP-27-TEN, KXWNBA-26-WSH"
cap,88,True,3,-0.01999999999999989,0.0010946459619916235,0.022189291923983136,0.0022795446294328232,0.05753334557021214,0.11278714651099146,0.019026287297263935,-0.022279544629432713,KXFEDDECISION-26SEP-H0+KXFEDDECISION-26SEP-H25;KXFEDDECISION-26SEP-H0+KXFEDDECISION-26SEP-H26;KXFEDDECISION-26SEP-H25+KXFEDDECISION-26SEP-H26,"KXFEDDECISION-26SEP-H0, KXFEDDECISION-26SEP-H25, KXFEDDECISION-26SEP-H26","KXNFLNFCCHAMP-27-ATL, KXMLBAL-26-SEA, KXALIENS-26NOV"
cap,89,True,1,0.0019968082093834716,0.01960000000000009,0.03720319179061671,0.0054064399409379585,0.05872926188599672,0.11205208383105547,0.33373482605735716,-0.003409631731554487,SENATEME-26-D+SENATEME-26-R,"KXNBA-27-ORL, SENATEME-26-D, SENATEME-26-R","KXNBA-27-TOR, KXMLBAL-26-SEA, KXINXY-26DEC31H1600-B6700"
cap,90,True,3,-0.02000000000000009,0.0010946459619916235,0.022189291923983338,0.0026557169653808957,0.057122851801261025,0.11158998663714115,0.019163013180785532,-0.022655716965380986,KXFEDDECISION-26SEP-H0+KXFEDDECISION-26SEP-H25;KXFEDDECISION-26SEP-H0+KXFEDDECISION-26SEP-H26;KXFEDDECISION-26SEP-H25+KXFEDDECISION-26SEP-H26,"KXFEDDECISION-26SEP-H0, KXFEDDECISION-26SEP-H25, KXFEDDECISION-26SEP-H26","KXNFLAFCCHAMP-27-TEN, KXOSCARPIC-27-SOC, KXWNBA-26-WSH"
cap,91,True,3,-0.02704885547640675,0.0010946459619916235,0.029238147400389998,0.005068954544928943,0.05867161526460281,0.11227427598427667,0.018657164236145288,-0.032117810021335694,KXFEDDECISION-26SEP-H0+KXFEDDECISION-26SEP-H25;KXFEDDECISION-26SEP-H0+KXFEDDECISION-26SEP-H26;KXFEDDECISION-26SEP-H25+KXFEDDECISION-26SEP-H26,"KXFEDDECISION-26SEP-H0, KXFEDDECISION-26SEP-H25, KXFEDDECISION-26SEP-H26","KXNBA-27-TOR, KXINXY-26DEC31H1600-B6300, KXNFLAFCCHAMP-27-TEN"
cap,92,True,3,-0.020000000000000063,0.0010946459619916235,0.02218929192398331,0.005100443766238576,0.058274138679143474,0.11144783359204838,0.018784421130936445,-0.02510044376623864,KXFEDDECISION-26SEP-H0+KXFEDDECISION-26SEP-H25;KXFEDDECISION-26SEP-H0+KXFEDDECISION-26SEP-H26;KXFEDDECISION-26SEP-H25+KXFEDDECISION-26SEP-H26,"KXFEDDECISION-26SEP-H0, KXFEDDECISION-26SEP-H25, KXFEDDECISION-26SEP-H26","KXATP-26USO-MUS, KXNFLNFCCHAMP-27-NO, KXOSCARPIC-27-PRO"
cap,93,True,3,-0.020000000000000163,0.0010946459619916235,0.02218929192398341,0.0033304223555150232,0.05685938800607054,0.11038835365662605,0.019251806964133252,-0.023330422355515187,KXFEDDECISION-26SEP-H0+KXFEDDECISION-26SEP-H25;KXFEDDECISION-26SEP-H0+KXFEDDECISION-26SEP-H26;KXFEDDECISION-26SEP-H25+KXFEDDECISION-26SEP-H26,"KXFEDDECISION-26SEP-H0, KXFEDDECISION-26SEP-H25, KXFEDDECISION-26SEP-H26","KXINXY-26DEC31H1600-B8900, KXNFLAFCCHAMP-27-TEN, KXWNBA-26-WSH"
cap,94,True,1,0.0018126053010406942,0.01959999999999988,0.03738739469895907,0.0004990966474892333,0.0565340784575755,0.11256906026766177,0.34669354369521,0.001313508653551461,CONTROLH-2026-D+CONTROLH-2026-R,"CONTROLH-2026-D, CONTROLH-2026-R, KXOSCARPIC-27-PRO","KXNFLNFCCHAMP-27-ATL, KXWNBA-26-WSH, KXWTA-26USO-SWI"
cap,95,True,3,-0.020000000000000153,0.0010946459619916235,0.0221892919239834,0.004809783044952172,0.05772196616253618,0.11063414928012019,0.018964114266469524,-0.024809783044952325,KXFEDDECISION-26SEP-H0+KXFEDDECISION-26SEP-H25;KXFEDDECISION-26SEP-H0+KXFEDDECISION-26SEP-H26;KXFEDDECISION-26SEP-H25+KXFEDDECISION-26SEP-H26,"KXFEDDECISION-26SEP-H0, KXFEDDECISION-26SEP-H25, KXFEDDECISION-26SEP-H26","KXMLBAL-26-SEA, KXWNBA-26-WSH, KXALIENS-26NOV"
cap,96,True,3,-0.021957628827312326,0.0010946459619916235,0.024146920751295573,0.004717793461584786,0.05719675377625389,0.109675714090923,0.019138253304964357,-0.026675422288897112,KXFEDDECISION-26SEP-H0+KXFEDDECISION-26SEP-H25;KXFEDDECISION-26SEP-H0+KXFEDDECISION-26SEP-H26;KXFEDDECISION-26SEP-H25+KXFEDDECISION-26SEP-H26,"KXFEDDECISION-26SEP-H0, KXFEDDECISION-26SEP-H25, KXFEDDECISION-26SEP-H26","KXNFLNFCCHAMP-27-ATL, KXNFLAFCCHAMP-27-TEN, KXWNBA-26-WSH"
cap,97,True,3,-0.01999999999999995,0.0010946459619916235,0.022189291923983195,0.0029692197754366996,0.057122851801261025,0.11127648382708535,0.019163013180785532,-0.022969219775436648,KXFEDDECISION-26SEP-H0+KXFEDDECISION-26SEP-H25;KXFEDDECISION-26SEP-H0+KXFEDDECISION-26SEP-H26;KXFEDDECISION-26SEP-H25+KXFEDDECISION-26SEP-H26,"KXFEDDECISION-26SEP-H0, KXFEDDECISION-26SEP-H25, KXFEDDECISION-26SEP-H26","KXNFLAFCCHAMP-27-TEN, KXOSCARPIC-27-SOC, KXWNBA-26-WSH"
cap,98,True,3,-0.020000000000000174,0.0010946459619916235,0.02218929192398342,0.002523760048017642,0.05719675377625389,0.11186974750449014,0.019138253304964357,-0.022523760048017816,KXFEDDECISION-26SEP-H0+KXFEDDECISION-26SEP-H25;KXFEDDECISION-26SEP-H0+KXFEDDECISION-26SEP-H26;KXFEDDECISION-26SEP-H25+KXFEDDECISION-26SEP-H26,"KXFEDDECISION-26SEP-H0, KXFEDDECISION-26SEP-H25, KXFEDDECISION-26SEP-H26","KXNFLNFCCHAMP-27-ATL, KXNFLAFCCHAMP-27-TEN, KXWNBA-26-WSH"
cap,99,True,3,-0.03068863184333576,0.0010946459619916235,0.032877923767319,0.003456233342284839,0.05685938800607054,0.11026254266985623,0.019251806964133252,-0.0341448651856206,KXFEDDECISION-26SEP-H0+KXFEDDECISION-26SEP-H25;KXFEDDECISION-26SEP-H0+KXFEDDECISION-26SEP-H26;KXFEDDECISION-26SEP-H25+KXFEDDECISION-26SEP-H26,"KXFEDDECISION-26SEP-H0, KXFEDDECISION-26SEP-H25, KXFEDDECISION-26SEP-H26","KXINXY-26DEC31H1600-B8900, KXNFLAFCCHAMP-27-TEN, KXWNBA-26-WSH"
match,frozen,True,3,-0.019999999999999882,0.0010946459619916235,0.02218929192398313,0.007549313924367206,0.05855271737341708,0.10955612082246695,0.018695049710683326,-0.02754931392436709,KXFEDDECISION-26SEP-H0+KXFEDDECISION-26SEP-H25;KXFEDDECISION-26SEP-H0+KXFEDDECISION-26SEP-H26;KXFEDDECISION-26SEP-H25+KXFEDDECISION-26SEP-H26,"KXFEDDECISION-26SEP-H0, KXFEDDECISION-26SEP-H25, KXFEDDECISION-26SEP-H26","KXATP-26USO-MUS, KXOSCARPIC-27-SOC, KXWNBA-26-WSH"
match,0,True,3,-0.02000000000000005,0.0010946459619916235,0.022189291923983296,0.004276374033709694,0.0574752092564881,0.11067404447926651,0.019045532433064682,-0.024276374033709743,KXFEDDECISION-26SEP-H0+KXFEDDECISION-26SEP-H25;KXFEDDECISION-26SEP-H0+KXFEDDECISION-26SEP-H26;KXFEDDECISION-26SEP-H25+KXFEDDECISION-26SEP-H26,"KXFEDDECISION-26SEP-H0, KXFEDDECISION-26SEP-H25, KXFEDDECISION-26SEP-H26","KXNBA-27-ORL, KXNFLNFCCHAMP-27-ATL, KXOSCARPIC-27-SOC"
match,1,True,3,-0.01999999999999992,0.0010946459619916235,0.022189291923983168,0.003092282870731926,0.05737033265514149,0.11164838243955105,0.019080348872502522,-0.023092282870731846,KXFEDDECISION-26SEP-H0+KXFEDDECISION-26SEP-H25;KXFEDDECISION-26SEP-H0+KXFEDDECISION-26SEP-H26;KXFEDDECISION-26SEP-H25+KXFEDDECISION-26SEP-H26,"KXFEDDECISION-26SEP-H0, KXFEDDECISION-26SEP-H25, KXFEDDECISION-26SEP-H26","KXNFLNFCCHAMP-27-ATL, KXNFLAFCCHAMP-27-TEN, KXOSCARPIC-27-BEH"
match,2,True,3,-0.020000000000000098,0.0010946459619916235,0.022189291923983345,0.003470728698960434,0.05685938800607054,0.11024804731318064,0.019251806964133252,-0.02347072869896053,KXFEDDECISION-26SEP-H0+KXFEDDECISION-26SEP-H25;KXFEDDECISION-26SEP-H0+KXFEDDECISION-26SEP-H26;KXFEDDECISION-26SEP-H25+KXFEDDECISION-26SEP-H26,"KXFEDDECISION-26SEP-H0, KXFEDDECISION-26SEP-H25, KXFEDDECISION-26SEP-H26","KXINXY-26DEC31H1600-B8900, KXNFLAFCCHAMP-27-TEN, KXWNBA-26-WSH"
match,3,True,3,-0.02000000000000013,0.0010946459619916235,0.022189291923983376,0.005446030359366416,0.0573722376386125,0.10929844491785859,0.01907971533003112,-0.025446030359366545,KXFEDDECISION-26SEP-H0+KXFEDDECISION-26SEP-H25;KXFEDDECISION-26SEP-H0+KXFEDDECISION-26SEP-H26;KXFEDDECISION-26SEP-H25+KXFEDDECISION-26SEP-H26,"KXFEDDECISION-26SEP-H0, KXFEDDECISION-26SEP-H25, KXFEDDECISION-26SEP-H26","KXNBA-27-ORL, KXNFLNFCCHAMP-27-ATL, KXOSCARPIC-27-BEH"
match,4,True,3,-0.019999999999999928,0.0010946459619916235,0.022189291923983175,0.004209413961109316,0.0573722376386125,0.1105350613161157,0.01907971533003112,-0.024209413961109243,KXFEDDECISION-26SEP-H0+KXFEDDECISION-26SEP-H25;KXFEDDECISION-26SEP-H0+KXFEDDECISION-26SEP-H26;KXFEDDECISION-26SEP-H25+KXFEDDECISION-26SEP-H26,"KXFEDDECISION-26SEP-H0, KXFEDDECISION-26SEP-H25, KXFEDDECISION-26SEP-H26","KXNBA-27-ORL, KXNFLNFCCHAMP-27-ATL, KXOSCARPIC-27-BEH"
match,5,True,3,-0.020000000000000056,0.0010946459619916235,0.022189291923983303,0.0038103464380957325,0.05810221740009351,0.11239408836209129,0.018840003204247103,-0.02381034643809579,KXFEDDECISION-26SEP-H0+KXFEDDECISION-26SEP-H25;KXFEDDECISION-26SEP-H0+KXFEDDECISION-26SEP-H26;KXFEDDECISION-26SEP-H25+KXFEDDECISION-26SEP-H26,"KXFEDDECISION-26SEP-H0, KXFEDDECISION-26SEP-H25, KXFEDDECISION-26SEP-H26","KXNBA-27-CLE, KXNFLNFCCHAMP-27-NO, KXWNBA-26-WSH"
match,6,True,3,-0.01999999999999995,0.0010946459619916235,0.022189291923983195,0.004845325188591473,0.05829711301792179,0.1117489008472521,0.018777018368904577,-0.02484532518859142,KXFEDDECISION-26SEP-H0+KXFEDDECISION-26SEP-H25;KXFEDDECISION-26SEP-H0+KXFEDDECISION-26SEP-H26;KXFEDDECISION-26SEP-H25+KXFEDDECISION-26SEP-H26,"KXFEDDECISION-26SEP-H0, KXFEDDECISION-26SEP-H25, KXFEDDECISION-26SEP-H26","KXNBA-27-HOU, KXOSCARPIC-27-AVEN, KXWNBA-26-WSH"
match,7,True,3,-0.02000000000000005,0.0010946459619916235,0.022189291923983296,0.005700816592699835,0.057793328604533095,0.10988584061636636,0.01894069762761101,-0.025700816592699884,KXFEDDECISION-26SEP-H0+KXFEDDECISION-26SEP-H25;KXFEDDECISION-26SEP-H0+KXFEDDECISION-26SEP-H26;KXFEDDECISION-26SEP-H25+KXFEDDECISION-26SEP-H26,"KXFEDDECISION-26SEP-H0, KXFEDDECISION-26SEP-H25, KXFEDDECISION-26SEP-H26","KXINXY-26DEC31H1600-B8900, KXNFLAFCCHAMP-27-TEN, KXOSCARPIC-27-BEH"
match,8,True,3,-0.02000000000000019,0.0010946459619916235,0.022189291923983438,0.005236494400015057,0.057069315593365984,0.10890213678671691,0.01918098982982846,-0.02523649440001525,KXFEDDECISION-26SEP-H0+KXFEDDECISION-26SEP-H25;KXFEDDECISION-26SEP-H0+KXFEDDECISION-26SEP-H26;KXFEDDECISION-26SEP-H25+KXFEDDECISION-26SEP-H26,"KXFEDDECISION-26SEP-H0, KXFEDDECISION-26SEP-H25, KXFEDDECISION-26SEP-H26","KXNFLAFCCHAMP-27-TEN, KXOSCARPIC-27-BEH, KXWNBA-26-WSH"
match,9,True,3,-0.020000000000000046,0.0010946459619916235,0.022189291923983293,0.004221297909756748,0.05737033265514149,0.11051936740052623,0.019080348872502522,-0.024221297909756793,KXFEDDECISION-26SEP-H0+KXFEDDECISION-26SEP-H25;KXFEDDECISION-26SEP-H0+KXFEDDECISION-26SEP-H26;KXFEDDECISION-26SEP-H25+KXFEDDECISION-26SEP-H26,"KXFEDDECISION-26SEP-H0, KXFEDDECISION-26SEP-H25, KXFEDDECISION-26SEP-H26","KXNFLNFCCHAMP-27-ATL, KXNFLAFCCHAMP-27-TEN, KXOSCARPIC-27-BEH"
match,10,True,3,-0.02000000000000009,0.0010946459619916235,0.022189291923983338,0.004033616036007211,0.05852520576182604,0.11301679548764486,0.018703837906121863,-0.024033616036007302,KXFEDDECISION-26SEP-H0+KXFEDDECISION-26SEP-H25;KXFEDDECISION-26SEP-H0+KXFEDDECISION-26SEP-H26;KXFEDDECISION-26SEP-H25+KXFEDDECISION-26SEP-H26,"KXFEDDECISION-26SEP-H0, KXFEDDECISION-26SEP-H25, KXFEDDECISION-26SEP-H26","KXINXY-26DEC31H1600-B8900, KXOSCARPIC-27-PRO, KXBTCMAXY-26DEC31-199999.99"
match,11,True,3,-0.01999999999999998,0.0010946459619916235,0.022189291923983227,0.003567697055032598,0.05685938800607054,0.11015107895710848,0.019251806964133252,-0.023567697055032578,KXFEDDECISION-26SEP-H0+KXFEDDECISION-26SEP-H25;KXFEDDECISION-26SEP-H0+KXFEDDECISION-26SEP-H26;KXFEDDECISION-26SEP-H25+KXFEDDECISION-26SEP-H26,"KXFEDDECISION-26SEP-H0, KXFEDDECISION-26SEP-H25, KXFEDDECISION-26SEP-H26","KXINXY-26DEC31H1600-B8900, KXNFLAFCCHAMP-27-TEN, KXWNBA-26-WSH"
match,12,True,3,-0.019999999999999893,0.0010946459619916235,0.02218929192398314,0.0025240230993159862,0.05657830566123999,0.11063258822316399,0.019347450391069786,-0.02252402309931588,KXFEDDECISION-26SEP-H0+KXFEDDECISION-26SEP-H25;KXFEDDECISION-26SEP-H0+KXFEDDECISION-26SEP-H26;KXFEDDECISION-26SEP-H25+KXFEDDECISION-26SEP-H26,"KXFEDDECISION-26SEP-H0, KXFEDDECISION-26SEP-H25, KXFEDDECISION-26SEP-H26","KXWNBA-26-WSH, KXWTA-26USO-SWI, KXALIENS-26NOV"
match,13,True,3,-0.020000000000000094,0.0010946459619916235,0.02218929192398334,0.0008889677866912409,0.05678865483961884,0.11268834189254644,0.01927578607176198,-0.020888967786691335,KXFEDDECISION-26SEP-H0+KXFEDDECISION-26SEP-H25;KXFEDDECISION-26SEP-H0+KXFEDDECISION-26SEP-H26;KXFEDDECISION-26SEP-H25+KXFEDDECISION-26SEP-H26,"KXFEDDECISION-26SEP-H0, KXFEDDECISION-26SEP-H25, KXFEDDECISION-26SEP-H26","KXWNBA-26-WSH, KXWTA-26USO-SWI, KXBTCMAXY-26DEC31-199999.99"
match,14,True,3,-0.019999999999999955,0.0010946459619916235,0.022189291923983202,0.005491302252676258,0.057640557048310094,0.10978981184394393,0.01899089838903138,-0.025491302252676214,KXFEDDECISION-26SEP-H0+KXFEDDECISION-26SEP-H25;KXFEDDECISION-26SEP-H0+KXFEDDECISION-26SEP-H26;KXFEDDECISION-26SEP-H25+KXFEDDECISION-26SEP-H26,"KXFEDDECISION-26SEP-H0, KXFEDDECISION-26SEP-H25, KXFEDDECISION-26SEP-H26","KXNBA-27-HOU, KXNFLNFCCHAMP-27-ATL, KXOSCARPIC-27-SOC"
match,15,True,3,-0.020000000000000143,0.0010946459619916235,0.02218929192398339,0.004140143787199374,0.057122851801261025,0.11010555981532268,0.019163013180785532,-0.024140143787199517,KXFEDDECISION-26SEP-H0+KXFEDDECISION-26SEP-H25;KXFEDDECISION-26SEP-H0+KXFEDDECISION-26SEP-H26;KXFEDDECISION-26SEP-H25+KXFEDDECISION-26SEP-H26,"KXFEDDECISION-26SEP-H0, KXFEDDECISION-26SEP-H25, KXFEDDECISION-26SEP-H26","KXNFLAFCCHAMP-27-TEN, KXOSCARPIC-27-SOC, KXWNBA-26-WSH"
match,16,True,3,-0.019999999999999938,0.0010946459619916235,0.022189291923983185,0.005553769947998662,0.05864957789440749,0.11174538584081631,0.018664174599217417,-0.0255537699479986,KXFEDDECISION-26SEP-H0+KXFEDDECISION-26SEP-H25;KXFEDDECISION-26SEP-H0+KXFEDDECISION-26SEP-H26;KXFEDDECISION-26SEP-H25+KXFEDDECISION-26SEP-H26,"KXFEDDECISION-26SEP-H0, KXFEDDECISION-26SEP-H25, KXFEDDECISION-26SEP-H26","KXNBA-27-TOR, KXATP-26USO-MUS, KXOSCARPIC-27-BEH"
match,17,True,3,-0.02000000000000003,0.0010946459619916235,0.02218929192398328,0.0037681156705371664,0.0574752092564881,0.11118230284243903,0.019045532433064682,-0.023768115670537198,KXFEDDECISION-26SEP-H0+KXFEDDECISION-26SEP-H25;KXFEDDECISION-26SEP-H0+KXFEDDECISION-26SEP-H26;KXFEDDECISION-26SEP-H25+KXFEDDECISION-26SEP-H26,"KXFEDDECISION-26SEP-H0, KXFEDDECISION-26SEP-H25, KXFEDDECISION-26SEP-H26","KXNBA-27-ORL, KXNFLNFCCHAMP-27-ATL, KXOSCARPIC-27-SOC"
match,18,True,3,-0.020000000000000004,0.0010946459619916235,0.02218929192398325,0.006187719564623568,0.05867728203161591,0.11116684449860825,0.01865536241780622,-0.026187719564623572,KXFEDDECISION-26SEP-H0+KXFEDDECISION-26SEP-H25;KXFEDDECISION-26SEP-H0+KXFEDDECISION-26SEP-H26;KXFEDDECISION-26SEP-H25+KXFEDDECISION-26SEP-H26,"KXFEDDECISION-26SEP-H0, KXFEDDECISION-26SEP-H25, KXFEDDECISION-26SEP-H26","KXFEDDECISION-26SEP-H26, KXNBA-27-HOU, KXOSCARPIC-27-PRO"
match,19,True,3,-0.019999999999999987,0.0010946459619916235,0.022189291923983234,0.0028056937176646236,0.05685938800607054,0.11091308229447645,0.019251806964133252,-0.02280569371766461,KXFEDDECISION-26SEP-H0+KXFEDDECISION-26SEP-H25;KXFEDDECISION-26SEP-H0+KXFEDDECISION-26SEP-H26;KXFEDDECISION-26SEP-H25+KXFEDDECISION-26SEP-H26,"KXFEDDECISION-26SEP-H0, KXFEDDECISION-26SEP-H25, KXFEDDECISION-26SEP-H26","KXINXY-26DEC31H1600-B8900, KXNFLAFCCHAMP-27-TEN, KXWNBA-26-WSH"
match,20,True,3,-0.020000000000000198,0.0010946459619916235,0.022189291923983445,0.0018524246921239745,0.05657830566123999,0.111304186630356,0.019347450391069786,-0.021852424692124173,KXFEDDECISION-26SEP-H0+KXFEDDECISION-26SEP-H25;KXFEDDECISION-26SEP-H0+KXFEDDECISION-26SEP-H26;KXFEDDECISION-26SEP-H25+KXFEDDECISION-26SEP-H26,"KXFEDDECISION-26SEP-H0, KXFEDDECISION-26SEP-H25, KXFEDDECISION-26SEP-H26","KXWNBA-26-WSH, KXWTA-26USO-SWI, KXALIENS-26NOV"
match,21,True,3,-0.020000000000000077,0.0010946459619916235,0.022189291923983324,0.0044121801646803335,0.05871003174546279,0.11300788332624526,0.01864495605687046,-0.02441218016468041,KXFEDDECISION-26SEP-H0+KXFEDDECISION-26SEP-H25;KXFEDDECISION-26SEP-H0+KXFEDDECISION-26SEP-H26;KXFEDDECISION-26SEP-H25+KXFEDDECISION-26SEP-H26,"KXFEDDECISION-26SEP-H0, KXFEDDECISION-26SEP-H25, KXFEDDECISION-26SEP-H26","KXATP-26USO-MUS, KXOSCARPIC-27-AVEN, KXBTCMAXY-26DEC31-199999.99"
match,22,True,3,-0.020000000000000122,0.0010946459619916235,0.02218929192398337,0.003642925197241454,0.05770929813510144,0.11177567107296144,0.01896827716443513,-0.023642925197241576,KXFEDDECISION-26SEP-H0+KXFEDDECISION-26SEP-H25;KXFEDDECISION-26SEP-H0+KXFEDDECISION-26SEP-H26;KXFEDDECISION-26SEP-H25+KXFEDDECISION-26SEP-H26,"KXFEDDECISION-26SEP-H0, KXFEDDECISION-26SEP-H25, KXFEDDECISION-26SEP-H26","KXATP-26USO-MUS, KXNFLNFCCHAMP-27-NO, KXWNBA-26-WSH"
match,23,True,3,-0.020000000000000132,0.0010946459619916235,0.02218929192398338,0.004825682302797413,0.05772196616253618,0.11061825002227495,0.018964114266469524,-0.024825682302797546,KXFEDDECISION-26SEP-H0+KXFEDDECISION-26SEP-H25;KXFEDDECISION-26SEP-H0+KXFEDDECISION-26SEP-H26;KXFEDDECISION-26SEP-H25+KXFEDDECISION-26SEP-H26,"KXFEDDECISION-26SEP-H0, KXFEDDECISION-26SEP-H25, KXFEDDECISION-26SEP-H26","KXMLBAL-26-SEA, KXWNBA-26-WSH, KXALIENS-26NOV"
match,24,True,3,-0.019999999999999848,0.0010946459619916235,0.022189291923983095,0.003226163890731073,0.05719675377625389,0.1111673436617767,0.019138253304964357,-0.02322616389073092,KXFEDDECISION-26SEP-H0+KXFEDDECISION-26SEP-H25;KXFEDDECISION-26SEP-H0+KXFEDDECISION-26SEP-H26;KXFEDDECISION-26SEP-H25+KXFEDDECISION-26SEP-H26,"KXFEDDECISION-26SEP-H0, KXFEDDECISION-26SEP-H25, KXFEDDECISION-26SEP-H26","KXNFLNFCCHAMP-27-ATL, KXNFLAFCCHAMP-27-TEN, KXWNBA-26-WSH"
match,25,True,3,-0.020000000000000046,0.0010946459619916235,0.022189291923983293,0.003587014176911655,0.057958912492239195,0.11233081080756674,0.018886585598689394,-0.0235870141769117,KXFEDDECISION-26SEP-H0+KXFEDDECISION-26SEP-H25;KXFEDDECISION-26SEP-H0+KXFEDDECISION-26SEP-H26;KXFEDDECISION-26SEP-H25+KXFEDDECISION-26SEP-H26,"KXFEDDECISION-26SEP-H0, KXFEDDECISION-26SEP-H25, KXFEDDECISION-26SEP-H26","KXNFLNFCCHAMP-27-NO, KXWNBA-26-WSH, KXBTCMAXY-26DEC31-199999.99"
match,26,True,3,-0.02000000000000005,0.0010946459619916235,0.022189291923983296,0.0014107948574711947,0.0565340784575755,0.1116573620576798,0.019362586104822978,-0.021410794857471244,KXFEDDECISION-26SEP-H0+KXFEDDECISION-26SEP-H25;KXFEDDECISION-26SEP-H0+KXFEDDECISION-26SEP-H26;KXFEDDECISION-26SEP-H25+KXFEDDECISION-26SEP-H26,"KXFEDDECISION-26SEP-H0, KXFEDDECISION-26SEP-H25, KXFEDDECISION-26SEP-H26","KXNFLNFCCHAMP-27-ATL, KXWNBA-26-WSH, KXWTA-26USO-SWI"
match,27,True,3,-0.020000000000000254,0.0010946459619916235,0.0221892919239835,0.002758342324800645,0.05657830566123999,0.11039826899767934,0.019347450391069786,-0.0227583423248009,KXFEDDECISION-26SEP-H0+KXFEDDECISION-26SEP-H25;KXFEDDECISION-26SEP-H0+KXFEDDECISION-26SEP-H26;KXFEDDECISION-26SEP-H25+KXFEDDECISION-26SEP-H26,"KXFEDDECISION-26SEP-H0, KXFEDDECISION-26SEP-H25, KXFEDDECISION-26SEP-H26","KXWNBA-26-WSH, KXWTA-26USO-SWI, KXALIENS-26NOV"
match,28,True,3,-0.02000000000000007,0.0010946459619916235,0.022189291923983317,0.002630618089716069,0.05770929813510144,0.11278797818048682,0.01896827716443513,-0.02263061808971614,KXFEDDECISION-26SEP-H0+KXFEDDECISION-26SEP-H25;KXFEDDECISION-26SEP-H0+KXFEDDECISION-26SEP-H26;KXFEDDECISION-26SEP-H25+KXFEDDECISION-26SEP-H26,"KXFEDDECISION-26SEP-H0, KXFEDDECISION-26SEP-H25, KXFEDDECISION-26SEP-H26","KXATP-26USO-MUS, KXNFLNFCCHAMP-27-NO, KXWNBA-26-WSH"
match,29,True,3,-0.01999999999999991,0.0010946459619916235,0.022189291923983157,0.004669921420963931,0.05810471300795987,0.11153950459495582,0.018839194022723525,-0.02466992142096384,KXFEDDECISION-26SEP-H0+KXFEDDECISION-26SEP-H25;KXFEDDECISION-26SEP-H0+KXFEDDECISION-26SEP-H26;KXFEDDECISION-26SEP-H25+KXFEDDECISION-26SEP-H26,"KXFEDDECISION-26SEP-H0, KXFEDDECISION-26SEP-H25, KXFEDDECISION-26SEP-H26","KXINXY-26DEC31H1600-B8900, KXNFLAFCCHAMP-27-TEN, KXBTCMAXY-26DEC31-199999.99"
match,30,True,3,-0.019999999999999938,0.0010946459619916235,0.022189291923983185,0.00326447949095442,0.0565340784575755,0.10980367742419658,0.019362586104822978,-0.023264479490954358,KXFEDDECISION-26SEP-H0+KXFEDDECISION-26SEP-H25;KXFEDDECISION-26SEP-H0+KXFEDDECISION-26SEP-H26;KXFEDDECISION-26SEP-H25+KXFEDDECISION-26SEP-H26,"KXFEDDECISION-26SEP-H0, KXFEDDECISION-26SEP-H25, KXFEDDECISION-26SEP-H26","KXNFLNFCCHAMP-27-ATL, KXWNBA-26-WSH, KXWTA-26USO-SWI"
match,31,True,3,-0.020000000000000056,0.0010946459619916235,0.022189291923983303,0.0048617904247313555,0.0575486347031649,0.11023547898159845,0.019021232521636577,-0.02486179042473141,KXFEDDECISION-26SEP-H0+KXFEDDECISION-26SEP-H25;KXFEDDECISION-26SEP-H0+KXFEDDECISION-26SEP-H26;KXFEDDECISION-26SEP-H25+KXFEDDECISION-26SEP-H26,"KXFEDDECISION-26SEP-H0, KXFEDDECISION-26SEP-H25, KXFEDDECISION-26SEP-H26","KXNBA-27-HOU, KXNFLNFCCHAMP-27-ATL, KXOSCARPIC-27-BEH"
match,32,True,3,-0.02000000000000008,0.0010946459619916235,0.022189291923983327,0.004952586056851047,0.05860797746101638,0.11226336886518172,0.018677422586707362,-0.024952586056851127,KXFEDDECISION-26SEP-H0+KXFEDDECISION-26SEP-H25;KXFEDDECISION-26SEP-H0+KXFEDDECISION-26SEP-H26;KXFEDDECISION-26SEP-H25+KXFEDDECISION-26SEP-H26,"KXFEDDECISION-26SEP-H0, KXFEDDECISION-26SEP-H25, KXFEDDECISION-26SEP-H26","KXNBA-27-CLE, KXMLBAL-26-SEA, KXALIENS-26NOV"
match,33,True,3,-0.02000000000000002,0.0010946459619916235,0.022189291923983268,0.001178809296770937,0.057122851801261025,0.11306689430575112,0.019163013180785532,-0.02117880929677096,KXFEDDECISION-26SEP-H0+KXFEDDECISION-26SEP-H25;KXFEDDECISION-26SEP-H0+KXFEDDECISION-26SEP-H26;KXFEDDECISION-26SEP-H25+KXFEDDECISION-26SEP-H26,"KXFEDDECISION-26SEP-H0, KXFEDDECISION-26SEP-H25, KXFEDDECISION-26SEP-H26","KXNFLAFCCHAMP-27-TEN, KXOSCARPIC-27-SOC, KXWNBA-26-WSH"
match,34,True,3,-0.020000000000000243,0.0010946459619916235,0.02218929192398349,0.005979214031844468,0.058185488504538044,0.11039176297723162,0.018813040676048446,-0.02597921403184471,KXFEDDECISION-26SEP-H0+KXFEDDECISION-26SEP-H25;KXFEDDECISION-26SEP-H0+KXFEDDECISION-26SEP-H26;KXFEDDECISION-26SEP-H25+KXFEDDECISION-26SEP-H26,"KXFEDDECISION-26SEP-H0, KXFEDDECISION-26SEP-H25, KXFEDDECISION-26SEP-H26","KXNBA-27-ORL, KXOSCARPIC-27-PRO, KXWNBA-26-WSH"
match,35,True,3,-0.020000000000000167,0.0010946459619916235,0.022189291923983414,0.002530739498625492,0.05685938800607054,0.11118803651351558,0.019251806964133252,-0.02253073949862566,KXFEDDECISION-26SEP-H0+KXFEDDECISION-26SEP-H25;KXFEDDECISION-26SEP-H0+KXFEDDECISION-26SEP-H26;KXFEDDECISION-26SEP-H25+KXFEDDECISION-26SEP-H26,"KXFEDDECISION-26SEP-H0, KXFEDDECISION-26SEP-H25, KXFEDDECISION-26SEP-H26","KXINXY-26DEC31H1600-B8900, KXNFLAFCCHAMP-27-TEN, KXWNBA-26-WSH"
match,36,True,3,-0.020000000000000177,0.0010946459619916235,0.022189291923983424,0.0061959825606619015,0.05803563740208712,0.10987529224351233,0.01886161694766287,-0.02619598256066208,KXFEDDECISION-26SEP-H0+KXFEDDECISION-26SEP-H25;KXFEDDECISION-26SEP-H0+KXFEDDECISION-26SEP-H26;KXFEDDECISION-26SEP-H25+KXFEDDECISION-26SEP-H26,"KXFEDDECISION-26SEP-H0, KXFEDDECISION-26SEP-H25, KXFEDDECISION-26SEP-H26","KXNBA-27-TOR, KXNFLNFCCHAMP-27-ATL, KXMLBAL-26-SEA"
match,37,True,3,-0.020000000000000084,0.0010946459619916235,0.02218929192398333,0.0024217267664173626,0.057122851801261025,0.11182397683610469,0.019163013180785532,-0.022421726766417446,KXFEDDECISION-26SEP-H0+KXFEDDECISION-26SEP-H25;KXFEDDECISION-26SEP-H0+KXFEDDECISION-26SEP-H26;KXFEDDECISION-26SEP-H25+KXFEDDECISION-26SEP-H26,"KXFEDDECISION-26SEP-H0, KXFEDDECISION-26SEP-H25, KXFEDDECISION-26SEP-H26","KXNFLAFCCHAMP-27-TEN, KXOSCARPIC-27-SOC, KXWNBA-26-WSH"
match,38,True,3,-0.019999999999999976,0.0010946459619916235,0.022189291923983223,0.005981706212140166,0.058648522161072004,0.11131533811000384,0.018664510573434285,-0.025981706212140143,KXFEDDECISION-26SEP-H0+KXFEDDECISION-26SEP-H25;KXFEDDECISION-26SEP-H0+KXFEDDECISION-26SEP-H26;KXFEDDECISION-26SEP-H25+KXFEDDECISION-26SEP-H26,"KXFEDDECISION-26SEP-H0, KXFEDDECISION-26SEP-H25, KXFEDDECISION-26SEP-H26","KXNFLNFCCHAMP-27-NO, KXINXY-26DEC31H1600-B8900, KXOSCARPIC-27-BEH"
match,39,True,3,-0.01999999999999995,0.0010946459619916235,0.022189291923983195,0.005477632229996372,0.057911162371171256,0.11034469251234613,0.018902158360691944,-0.02547763222999632,KXFEDDECISION-26SEP-H0+KXFEDDECISION-26SEP-H25;KXFEDDECISION-26SEP-H0+KXFEDDECISION-26SEP-H26;KXFEDDECISION-26SEP-H25+KXFEDDECISION-26SEP-H26,"KXFEDDECISION-26SEP-H0, KXFEDDECISION-26SEP-H25, KXFEDDECISION-26SEP-H26","KXFEDDECISION-26SEP-H26, KXNFLNFCCHAMP-27-ATL, KXNFLAFCCHAMP-27-TEN"
match,40,True,3,-0.01999999999999996,0.0010946459619916235,0.022189291923983206,0.006428294991658166,0.0587825330766655,0.11113677116167284,0.018621959699558398,-0.026428294991658125,KXFEDDECISION-26SEP-H0+KXFEDDECISION-26SEP-H25;KXFEDDECISION-26SEP-H0+KXFEDDECISION-26SEP-H26;KXFEDDECISION-26SEP-H25+KXFEDDECISION-26SEP-H26,"KXFEDDECISION-26SEP-H0, KXFEDDECISION-26SEP-H25, KXFEDDECISION-26SEP-H26","KXNBA-27-TOR, KXOSCARPIC-27-AVEN, KXBTCMAXY-26DEC31-199999.99"
match,41,True,3,-0.02000000000000009,0.0010946459619916235,0.022189291923983338,0.0021177304798879644,0.05685938800607054,0.11160104553225311,0.019251806964133252,-0.022117730479888055,KXFEDDECISION-26SEP-H0+KXFEDDECISION-26SEP-H25;KXFEDDECISION-26SEP-H0+KXFEDDECISION-26SEP-H26;KXFEDDECISION-26SEP-H25+KXFEDDECISION-26SEP-H26,"KXFEDDECISION-26SEP-H0, KXFEDDECISION-26SEP-H25, KXFEDDECISION-26SEP-H26","KXINXY-26DEC31H1600-B8900, KXNFLAFCCHAMP-27-TEN, KXWNBA-26-WSH"
match,42,True,3,-0.02000000000000008,0.0010946459619916235,0.022189291923983327,0.001772092099887608,0.057146746902191466,0.11252140170449532,0.01915500043887268,-0.021772092099887688,KXFEDDECISION-26SEP-H0+KXFEDDECISION-26SEP-H25;KXFEDDECISION-26SEP-H0+KXFEDDECISION-26SEP-H26;KXFEDDECISION-26SEP-H25+KXFEDDECISION-26SEP-H26,"KXFEDDECISION-26SEP-H0, KXFEDDECISION-26SEP-H25, KXFEDDECISION-26SEP-H26","KXFEDDECISION-26SEP-H26, KXNFLAFCCHAMP-27-TEN, KXWNBA-26-WSH"
match,43,True,3,-0.020000000000000052,0.0010946459619916235,0.0221892919239833,0.00501230072234617,0.05837225611995163,0.11173221151755709,0.018752846553372702,-0.025012300722346222,KXFEDDECISION-26SEP-H0+KXFEDDECISION-26SEP-H25;KXFEDDECISION-26SEP-H0+KXFEDDECISION-26SEP-H26;KXFEDDECISION-26SEP-H25+KXFEDDECISION-26SEP-H26,"KXFEDDECISION-26SEP-H0, KXFEDDECISION-26SEP-H25, KXFEDDECISION-26SEP-H26","KXNBA-27-HOU, KXATP-26USO-MUS, KXOSCARPIC-27-SOC"
match,44,True,3,-0.020000000000000226,0.0010946459619916235,0.022189291923983473,0.003926368116889782,0.057069315593365984,0.11021226306984219,0.01918098982982846,-0.023926368116890008,KXFEDDECISION-26SEP-H0+KXFEDDECISION-26SEP-H25;KXFEDDECISION-26SEP-H0+KXFEDDECISION-26SEP-H26;KXFEDDECISION-26SEP-H25+KXFEDDECISION-26SEP-H26,"KXFEDDECISION-26SEP-H0, KXFEDDECISION-26SEP-H25, KXFEDDECISION-26SEP-H26","KXNFLAFCCHAMP-27-TEN, KXOSCARPIC-27-BEH, KXWNBA-26-WSH"
match,45,True,3,-0.019999999999999924,0.0010946459619916235,0.02218929192398317,0.00484160376373504,0.057593974232998786,0.11034634470226254,0.0190062584943902,-0.024841603763734964,KXFEDDECISION-26SEP-H0+KXFEDDECISION-26SEP-H25;KXFEDDECISION-26SEP-H0+KXFEDDECISION-26SEP-H26;KXFEDDECISION-26SEP-H25+KXFEDDECISION-26SEP-H26,"KXFEDDECISION-26SEP-H0, KXFEDDECISION-26SEP-H25, KXFEDDECISION-26SEP-H26","KXNBA-27-ORL, KXOSCARPIC-27-BEH, KXWNBA-26-WSH"
match,46,True,3,-0.020000000000000046,0.0010946459619916235,0.022189291923983293,0.00656753292863713,0.057146746902191466,0.1077259608757458,0.01915500043887268,-0.026567532928637175,KXFEDDECISION-26SEP-H0+KXFEDDECISION-26SEP-H25;KXFEDDECISION-26SEP-H0+KXFEDDECISION-26SEP-H26;KXFEDDECISION-26SEP-H25+KXFEDDECISION-26SEP-H26,"KXFEDDECISION-26SEP-H0, KXFEDDECISION-26SEP-H25, KXFEDDECISION-26SEP-H26","KXFEDDECISION-26SEP-H26, KXNFLAFCCHAMP-27-TEN, KXWNBA-26-WSH"
match,47,True,3,-0.02,0.0010946459619916235,0.022189291923983247,0.007680996447890751,0.05857672615921128,0.10947245587053181,0.01868738718883641,-0.02768099644789075,KXFEDDECISION-26SEP-H0+KXFEDDECISION-26SEP-H25;KXFEDDECISION-26SEP-H0+KXFEDDECISION-26SEP-H26;KXFEDDECISION-26SEP-H25+KXFEDDECISION-26SEP-H26,"KXFEDDECISION-26SEP-H0, KXFEDDECISION-26SEP-H25, KXFEDDECISION-26SEP-H26","KXFEDDECISION-26SEP-H26, KXNFLNFCCHAMP-27-NO, KXINXY-26DEC31H1600-B8900"
match,48,True,3,-0.020000000000000177,0.0010946459619916235,0.022189291923983424,0.006143405929716118,0.058636968721454304,0.1111305315131925,0.01866818810487232,-0.026143405929716295,KXFEDDECISION-26SEP-H0+KXFEDDECISION-26SEP-H25;KXFEDDECISION-26SEP-H0+KXFEDDECISION-26SEP-H26;KXFEDDECISION-26SEP-H25+KXFEDDECISION-26SEP-H26,"KXFEDDECISION-26SEP-H0, KXFEDDECISION-26SEP-H25, KXFEDDECISION-26SEP-H26","KXNBA-27-CLE, KXNFLNFCCHAMP-27-ATL, KXOSCARPIC-27-PRO"
match,49,True,3,-0.020000000000000136,0.0010946459619916235,0.022189291923983383,0.004317313543267105,0.058697845796331555,0.11307837804939601,0.018648826837526562,-0.02431731354326724,KXFEDDECISION-26SEP-H0+KXFEDDECISION-26SEP-H25;KXFEDDECISION-26SEP-H0+KXFEDDECISION-26SEP-H26;KXFEDDECISION-26SEP-H25+KXFEDDECISION-26SEP-H26,"KXFEDDECISION-26SEP-H0, KXFEDDECISION-26SEP-H25, KXFEDDECISION-26SEP-H26","KXNBA-27-HOU, KXINXY-26DEC31H1600-B8900, KXOSCARPIC-27-AVEN"
match,50,True,3,-0.02000000000000012,0.0010946459619916235,0.022189291923983365,0.0019440889958412672,0.05657830566123999,0.11121252232663871,0.019347450391069786,-0.021944088995841386,KXFEDDECISION-26SEP-H0+KXFEDDECISION-26SEP-H25;KXFEDDECISION-26SEP-H0+KXFEDDECISION-26SEP-H26;KXFEDDECISION-26SEP-H25+KXFEDDECISION-26SEP-H26,"KXFEDDECISION-26SEP-H0, KXFEDDECISION-26SEP-H25, KXFEDDECISION-26SEP-H26","KXWNBA-26-WSH, KXWTA-26USO-SWI, KXALIENS-26NOV"
match,51,True,3,-0.019999999999999966,0.0010946459619916235,0.022189291923983213,0.00310508368002135,0.057509248165083036,0.11191341265014472,0.019034259652454335,-0.023105083680021316,KXFEDDECISION-26SEP-H0+KXFEDDECISION-26SEP-H25;KXFEDDECISION-26SEP-H0+KXFEDDECISION-26SEP-H26;KXFEDDECISION-26SEP-H25+KXFEDDECISION-26SEP-H26,"KXFEDDECISION-26SEP-H0, KXFEDDECISION-26SEP-H25, KXFEDDECISION-26SEP-H26","KXNFLAFCCHAMP-27-TEN, KXOSCARPIC-27-AVEN, KXWNBA-26-WSH"
match,52,True,3,-0.020000000000000243,0.0010946459619916235,0.02218929192398349,0.005914042575601457,0.058304662027483314,0.11069528147936517,0.01877458721012113,-0.0259140425756017,KXFEDDECISION-26SEP-H0+KXFEDDECISION-26SEP-H25;KXFEDDECISION-26SEP-H0+KXFEDDECISION-26SEP-H26;KXFEDDECISION-26SEP-H25+KXFEDDECISION-26SEP-H26,"KXFEDDECISION-26SEP-H0, KXFEDDECISION-26SEP-H25, KXFEDDECISION-26SEP-H26","KXNBA-27-HOU, KXNFLNFCCHAMP-27-ATL, KXINXY-26DEC31H1600-B6300"
match,53,True,3,-0.019999999999999882,0.0010946459619916235,0.02218929192398313,0.006511290107066983,0.05917323701088242,0.11183518391469785,0.018499004233794233,-0.026511290107066866,KXFEDDECISION-26SEP-H0+KXFEDDECISION-26SEP-H25;KXFEDDECISION-26SEP-H0+KXFEDDECISION-26SEP-H26;KXFEDDECISION-26SEP-H25+KXFEDDECISION-26SEP-H26,"KXFEDDECISION-26SEP-H0, KXFEDDECISION-26SEP-H25, KXFEDDECISION-26SEP-H26","KXFEDDECISION-26SEP-H26, KXINXY-26DEC31H1600-B6300, KXOSCARPIC-27-SOC"
match,54,True,3,-0.020000000000000115,0.0010946459619916235,0.022189291923983362,0.005376828877396475,0.0583225165114499,0.11126820414550333,0.018768839677497835,-0.02537682887739659,KXFEDDECISION-26SEP-H0+KXFEDDECISION-26SEP-H25;KXFEDDECISION-26SEP-H0+KXFEDDECISION-26SEP-H26;KXFEDDECISION-26SEP-H25+KXFEDDECISION-26SEP-H26,"KXFEDDECISION-26SEP-H0, KXFEDDECISION-26SEP-H25, KXFEDDECISION-26SEP-H26","KXMLBAL-26-SEA, KXOSCARPIC-27-PRO, KXALIENS-26NOV"
match,55,True,3,-0.020000000000000004,0.0010946459619916235,0.02218929192398325,0.005149817331785652,0.0580045468611778,0.11085927639056994,0.01887172680809727,-0.025149817331785656,KXFEDDECISION-26SEP-H0+KXFEDDECISION-26SEP-H25;KXFEDDECISION-26SEP-H0+KXFEDDECISION-26SEP-H26;KXFEDDECISION-26SEP-H25+KXFEDDECISION-26SEP-H26,"KXFEDDECISION-26SEP-H0, KXFEDDECISION-26SEP-H25, KXFEDDECISION-26SEP-H26","KXATP-26USO-MUS, KXNFLNFCCHAMP-27-ATL, KXOSCARPIC-27-BEH"
match,56,True,3,-0.020000000000000087,0.0010946459619916235,0.022189291923983334,0.004937013822403153,0.057069315593365984,0.10920161736432882,0.01918098982982846,-0.02493701382240324,KXFEDDECISION-26SEP-H0+KXFEDDECISION-26SEP-H25;KXFEDDECISION-26SEP-H0+KXFEDDECISION-26SEP-H26;KXFEDDECISION-26SEP-H25+KXFEDDECISION-26SEP-H26,"KXFEDDECISION-26SEP-H0, KXFEDDECISION-26SEP-H25, KXFEDDECISION-26SEP-H26","KXNFLAFCCHAMP-27-TEN, KXOSCARPIC-27-BEH, KXWNBA-26-WSH"
match,57,True,3,-0.020000000000000007,0.0010946459619916235,0.022189291923983254,0.0023021514660032,0.05706477862798707,0.11182740578997094,0.019182514824560473,-0.022302151466003207,KXFEDDECISION-26SEP-H0+KXFEDDECISION-26SEP-H25;KXFEDDECISION-26SEP-H0+KXFEDDECISION-26SEP-H26;KXFEDDECISION-26SEP-H25+KXFEDDECISION-26SEP-H26,"KXFEDDECISION-26SEP-H0, KXFEDDECISION-26SEP-H25, KXFEDDECISION-26SEP-H26","KXINXY-26DEC31H1600-B6700, KXWNBA-26-WSH, KXWTA-26USO-SWI"
match,58,True,3,-0.019999999999999983,0.0010946459619916235,0.02218929192398323,0.004004205628367799,0.05685938800607054,0.10971457038377327,0.019251806964133252,-0.024004205628367782,KXFEDDECISION-26SEP-H0+KXFEDDECISION-26SEP-H25;KXFEDDECISION-26SEP-H0+KXFEDDECISION-26SEP-H26;KXFEDDECISION-26SEP-H25+KXFEDDECISION-26SEP-H26,"KXFEDDECISION-26SEP-H0, KXFEDDECISION-26SEP-H25, KXFEDDECISION-26SEP-H26","KXINXY-26DEC31H1600-B8900, KXNFLAFCCHAMP-27-TEN, KXWNBA-26-WSH"
match,59,True,3,-0.02000000000000016,0.0010946459619916235,0.022189291923983407,0.0030510266681869937,0.0574752092564881,0.11189939184478921,0.019045532433064682,-0.023051026668187154,KXFEDDECISION-26SEP-H0+KXFEDDECISION-26SEP-H25;KXFEDDECISION-26SEP-H0+KXFEDDECISION-26SEP-H26;KXFEDDECISION-26SEP-H25+KXFEDDECISION-26SEP-H26,"KXFEDDECISION-26SEP-H0, KXFEDDECISION-26SEP-H25, KXFEDDECISION-26SEP-H26","KXNBA-27-ORL, KXNFLNFCCHAMP-27-ATL, KXOSCARPIC-27-SOC"
match,60,True,3,-0.019999999999999987,0.0010946459619916235,0.022189291923983234,0.0053478100701829165,0.05904215760692602,0.11273650514366912,0.01854007384484903,-0.025347810070182903,KXFEDDECISION-26SEP-H0+KXFEDDECISION-26SEP-H25;KXFEDDECISION-26SEP-H0+KXFEDDECISION-26SEP-H26;KXFEDDECISION-26SEP-H25+KXFEDDECISION-26SEP-H26,"KXFEDDECISION-26SEP-H0, KXFEDDECISION-26SEP-H25, KXFEDDECISION-26SEP-H26","KXNBA-27-CLE, KXNFLNFCCHAMP-27-NO, KXBTCMAXY-26DEC31-199999.99"
match,61,True,3,-0.020000000000000046,0.0010946459619916235,0.022189291923983293,0.0011744764544612159,0.05685938800607054,0.11254429955767986,0.019251806964133252,-0.02117447645446126,KXFEDDECISION-26SEP-H0+KXFEDDECISION-26SEP-H25;KXFEDDECISION-26SEP-H0+KXFEDDECISION-26SEP-H26;KXFEDDECISION-26SEP-H25+KXFEDDECISION-26SEP-H26,"KXFEDDECISION-26SEP-H0, KXFEDDECISION-26SEP-H25, KXFEDDECISION-26SEP-H26","KXINXY-26DEC31H1600-B8900, KXNFLAFCCHAMP-27-TEN, KXWNBA-26-WSH"
match,62,True,3,-0.020000000000000125,0.0010946459619916235,0.022189291923983372,0.004265970557230339,0.05685938800607054,0.10945280545491073,0.019251806964133252,-0.024265970557230464,KXFEDDECISION-26SEP-H0+KXFEDDECISION-26SEP-H25;KXFEDDECISION-26SEP-H0+KXFEDDECISION-26SEP-H26;KXFEDDECISION-26SEP-H25+KXFEDDECISION-26SEP-H26,"KXFEDDECISION-26SEP-H0, KXFEDDECISION-26SEP-H25, KXFEDDECISION-26SEP-H26","KXINXY-26DEC31H1600-B8900, KXNFLAFCCHAMP-27-TEN, KXWNBA-26-WSH"
match,63,True,3,-0.020000000000000018,0.0010946459619916235,0.022189291923983265,0.004744012743350973,0.05892494725216396,0.11310588176097695,0.018576952768530882,-0.02474401274335099,KXFEDDECISION-26SEP-H0+KXFEDDECISION-26SEP-H25;KXFEDDECISION-26SEP-H0+KXFEDDECISION-26SEP-H26;KXFEDDECISION-26SEP-H25+KXFEDDECISION-26SEP-H26,"KXFEDDECISION-26SEP-H0, KXFEDDECISION-26SEP-H25, KXFEDDECISION-26SEP-H26","KXNFLNFCCHAMP-27-NO, KXOSCARPIC-27-SOC, KXBTCMAXY-26DEC31-199999.99"
match,64,True,3,-0.020000000000000247,0.0010946459619916235,0.022189291923983494,0.004239920597572024,0.05685938800607054,0.10947885541456905,0.019251806964133252,-0.02423992059757227,KXFEDDECISION-26SEP-H0+KXFEDDECISION-26SEP-H25;KXFEDDECISION-26SEP-H0+KXFEDDECISION-26SEP-H26;KXFEDDECISION-26SEP-H25+KXFEDDECISION-26SEP-H26,"KXFEDDECISION-26SEP-H0, KXFEDDECISION-26SEP-H25, KXFEDDECISION-26SEP-H26","KXINXY-26DEC31H1600-B8900, KXNFLAFCCHAMP-27-TEN, KXWNBA-26-WSH"
match,65,True,3,-0.020000000000000063,0.0010946459619916235,0.02218929192398331,0.0025696487255683527,0.0571061621901691,0.11164267565476985,0.01916861368386735,-0.022569648725568416,KXFEDDECISION-26SEP-H0+KXFEDDECISION-26SEP-H25;KXFEDDECISION-26SEP-H0+KXFEDDECISION-26SEP-H26;KXFEDDECISION-26SEP-H25+KXFEDDECISION-26SEP-H26,"KXFEDDECISION-26SEP-H0, KXFEDDECISION-26SEP-H25, KXFEDDECISION-26SEP-H26","KXNFLNFCCHAMP-27-ATL, KXOSCARPIC-27-BEH, KXWTA-26USO-SWI"
match,66,True,3,-0.020000000000000125,0.0010946459619916235,0.022189291923983372,0.003879959971213938,0.058788572348314604,0.11369718472541526,0.018620046690468843,-0.023879959971214063,KXFEDDECISION-26SEP-H0+KXFEDDECISION-26SEP-H25;KXFEDDECISION-26SEP-H0+KXFEDDECISION-26SEP-H26;KXFEDDECISION-26SEP-H25+KXFEDDECISION-26SEP-H26,"KXFEDDECISION-26SEP-H0, KXFEDDECISION-26SEP-H25, KXFEDDECISION-26SEP-H26","KXNBA-27-HOU, KXOSCARPIC-27-SOC, KXBTCMAXY-26DEC31-199999.99"
match,67,True,3,-0.02000000000000017,0.0010946459619916235,0.022189291923983417,0.004204048959953088,0.05685938800607054,0.10951472705218798,0.019251806964133252,-0.024204048959953258,KXFEDDECISION-26SEP-H0+KXFEDDECISION-26SEP-H25;KXFEDDECISION-26SEP-H0+KXFEDDECISION-26SEP-H26;KXFEDDECISION-26SEP-H25+KXFEDDECISION-26SEP-H26,"KXFEDDECISION-26SEP-H0, KXFEDDECISION-26SEP-H25, KXFEDDECISION-26SEP-H26","KXINXY-26DEC31H1600-B8900, KXNFLAFCCHAMP-27-TEN, KXWNBA-26-WSH"
match,68,True,3,-0.020000000000000007,0.0010946459619916235,0.022189291923983254,0.0060204093200362276,0.05797374124986853,0.10992707317970084,0.018881754711562726,-0.026020409320036235,KXFEDDECISION-26SEP-H0+KXFEDDECISION-26SEP-H25;KXFEDDECISION-26SEP-H0+KXFEDDECISION-26SEP-H26;KXFEDDECISION-26SEP-H25+KXFEDDECISION-26SEP-H26,"KXFEDDECISION-26SEP-H0, KXFEDDECISION-26SEP-H25, KXFEDDECISION-26SEP-H26","KXNFLNFCCHAMP-27-ATL, KXMLBAL-26-SEA, KXINXY-26DEC31H1600-B6700"
match,69,True,3,-0.02000000000000011,0.0010946459619916235,0.02218929192398336,0.0014081108549385858,0.057122851801261025,0.11283759274758347,0.019163013180785532,-0.021408110854938697,KXFEDDECISION-26SEP-H0+KXFEDDECISION-26SEP-H25;KXFEDDECISION-26SEP-H0+KXFEDDECISION-26SEP-H26;KXFEDDECISION-26SEP-H25+KXFEDDECISION-26SEP-H26,"KXFEDDECISION-26SEP-H0, KXFEDDECISION-26SEP-H25, KXFEDDECISION-26SEP-H26","KXNFLAFCCHAMP-27-TEN, KXOSCARPIC-27-SOC, KXWNBA-26-WSH"
match,70,True,3,-0.019999999999999962,0.0010946459619916235,0.02218929192398321,0.002558590603272036,0.05678865483961884,0.11101871907596564,0.01927578607176198,-0.022558590603271998,KXFEDDECISION-26SEP-H0+KXFEDDECISION-26SEP-H25;KXFEDDECISION-26SEP-H0+KXFEDDECISION-26SEP-H26;KXFEDDECISION-26SEP-H25+KXFEDDECISION-26SEP-H26,"KXFEDDECISION-26SEP-H0, KXFEDDECISION-26SEP-H25, KXFEDDECISION-26SEP-H26","KXWNBA-26-WSH, KXWTA-26USO-SWI, KXBTCMAXY-26DEC31-199999.99"
match,71,True,3,-0.02000000000000003,0.0010946459619916235,0.02218929192398328,0.0037030278681066467,0.05753334557021214,0.11136366327231764,0.019026287297263935,-0.02370302786810668,KXFEDDECISION-26SEP-H0+KXFEDDECISION-26SEP-H25;KXFEDDECISION-26SEP-H0+KXFEDDECISION-26SEP-H26;KXFEDDECISION-26SEP-H25+KXFEDDECISION-26SEP-H26,"KXFEDDECISION-26SEP-H0, KXFEDDECISION-26SEP-H25, KXFEDDECISION-26SEP-H26","KXNFLNFCCHAMP-27-ATL, KXMLBAL-26-SEA, KXALIENS-26NOV"
match,72,True,3,-0.019999999999999997,0.0010946459619916235,0.022189291923983244,0.0009616467381973054,0.0565340784575755,0.1121065101769537,0.019362586104822978,-0.020961646738197302,KXFEDDECISION-26SEP-H0+KXFEDDECISION-26SEP-H25;KXFEDDECISION-26SEP-H0+KXFEDDECISION-26SEP-H26;KXFEDDECISION-26SEP-H25+KXFEDDECISION-26SEP-H26,"KXFEDDECISION-26SEP-H0, KXFEDDECISION-26SEP-H25, KXFEDDECISION-26SEP-H26","KXNFLNFCCHAMP-27-ATL, KXWNBA-26-WSH, KXWTA-26USO-SWI"
match,73,True,3,-0.019999999999999997,0.0010946459619916235,0.022189291923983244,0.002002558144422982,0.05685938800607054,0.1117162178677181,0.019251806964133252,-0.02200255814442298,KXFEDDECISION-26SEP-H0+KXFEDDECISION-26SEP-H25;KXFEDDECISION-26SEP-H0+KXFEDDECISION-26SEP-H26;KXFEDDECISION-26SEP-H25+KXFEDDECISION-26SEP-H26,"KXFEDDECISION-26SEP-H0, KXFEDDECISION-26SEP-H25, KXFEDDECISION-26SEP-H26","KXINXY-26DEC31H1600-B8900, KXNFLAFCCHAMP-27-TEN, KXWNBA-26-WSH"
match,74,True,3,-0.020000000000000184,0.0010946459619916235,0.02218929192398343,0.004152120125531709,0.05737033265514149,0.11058854518475128,0.019080348872502522,-0.024152120125531893,KXFEDDECISION-26SEP-H0+KXFEDDECISION-26SEP-H25;KXFEDDECISION-26SEP-H0+KXFEDDECISION-26SEP-H26;KXFEDDECISION-26SEP-H25+KXFEDDECISION-26SEP-H26,"KXFEDDECISION-26SEP-H0, KXFEDDECISION-26SEP-H25, KXFEDDECISION-26SEP-H26","KXNFLNFCCHAMP-27-ATL, KXNFLAFCCHAMP-27-TEN, KXOSCARPIC-27-BEH"
match,75,True,3,-0.020000000000000125,0.0010946459619916235,0.022189291923983372,0.003447471177235869,0.057122851801261025,0.11079823242528618,0.019163013180785532,-0.023447471177235994,KXFEDDECISION-26SEP-H0+KXFEDDECISION-26SEP-H25;KXFEDDECISION-26SEP-H0+KXFEDDECISION-26SEP-H26;KXFEDDECISION-26SEP-H25+KXFEDDECISION-26SEP-H26,"KXFEDDECISION-26SEP-H0, KXFEDDECISION-26SEP-H25, KXFEDDECISION-26SEP-H26","KXNFLAFCCHAMP-27-TEN, KXOSCARPIC-27-SOC, KXWNBA-26-WSH"
match,76,True,3,-0.01999999999999998,0.0010946459619916235,0.022189291923983227,0.006559006854190953,0.05877655188525993,0.11099409691632892,0.018623854698528862,-0.026559006854190933,KXFEDDECISION-26SEP-H0+KXFEDDECISION-26SEP-H25;KXFEDDECISION-26SEP-H0+KXFEDDECISION-26SEP-H26;KXFEDDECISION-26SEP-H25+KXFEDDECISION-26SEP-H26,"KXFEDDECISION-26SEP-H0, KXFEDDECISION-26SEP-H25, KXFEDDECISION-26SEP-H26","KXNBA-27-CLE, KXOSCARPIC-27-PRO, KXALIENS-26NOV"
match,77,True,3,-0.02000000000000004,0.0010946459619916235,0.022189291923983286,0.004840216928334168,0.05816752894443257,0.11149484096053097,0.018818849310881652,-0.024840216928334206,KXFEDDECISION-26SEP-H0+KXFEDDECISION-26SEP-H25;KXFEDDECISION-26SEP-H0+KXFEDDECISION-26SEP-H26;KXFEDDECISION-26SEP-H25+KXFEDDECISION-26SEP-H26,"KXFEDDECISION-26SEP-H0, KXFEDDECISION-26SEP-H25, KXFEDDECISION-26SEP-H26","KXFEDDECISION-26SEP-H26, KXNBA-27-HOU, KXNFLNFCCHAMP-27-ATL"
match,78,True,3,-0.020000000000000066,0.0010946459619916235,0.022189291923983313,0.0051642508118848116,0.0575486347031649,0.10993301859444499,0.019021232521636577,-0.025164250811884878,KXFEDDECISION-26SEP-H0+KXFEDDECISION-26SEP-H25;KXFEDDECISION-26SEP-H0+KXFEDDECISION-26SEP-H26;KXFEDDECISION-26SEP-H25+KXFEDDECISION-26SEP-H26,"KXFEDDECISION-26SEP-H0, KXFEDDECISION-26SEP-H25, KXFEDDECISION-26SEP-H26","KXNBA-27-HOU, KXNFLNFCCHAMP-27-ATL, KXOSCARPIC-27-BEH"
match,79,True,3,-0.02000000000000018,0.0010946459619916235,0.022189291923983428,0.005447333856927319,0.05750368597006628,0.10956003808320525,0.019036100791198756,-0.0254473338569275,KXFEDDECISION-26SEP-H0+KXFEDDECISION-26SEP-H25;KXFEDDECISION-26SEP-H0+KXFEDDECISION-26SEP-H26;KXFEDDECISION-26SEP-H25+KXFEDDECISION-26SEP-H26,"KXFEDDECISION-26SEP-H0, KXFEDDECISION-26SEP-H25, KXFEDDECISION-26SEP-H26","KXNFLAFCCHAMP-27-TEN, KXOSCARPIC-27-PRO, KXWNBA-26-WSH"
match,80,True,3,-0.020000000000000028,0.0010946459619916235,0.022189291923983275,0.004244730031452891,0.057509248165083036,0.11077376629871319,0.019034259652454335,-0.02424473003145292,KXFEDDECISION-26SEP-H0+KXFEDDECISION-26SEP-H25;KXFEDDECISION-26SEP-H0+KXFEDDECISION-26SEP-H26;KXFEDDECISION-26SEP-H25+KXFEDDECISION-26SEP-H26,"KXFEDDECISION-26SEP-H0, KXFEDDECISION-26SEP-H25, KXFEDDECISION-26SEP-H26","KXNFLAFCCHAMP-27-TEN, KXOSCARPIC-27-AVEN, KXWNBA-26-WSH"
match,81,True,3,-0.01999999999999998,0.0010946459619916235,0.022189291923983227,0.00605134364812206,0.058111402269138,0.11017146089015395,0.018837025424405768,-0.02605134364812204,KXFEDDECISION-26SEP-H0+KXFEDDECISION-26SEP-H25;KXFEDDECISION-26SEP-H0+KXFEDDECISION-26SEP-H26;KXFEDDECISION-26SEP-H25+KXFEDDECISION-26SEP-H26,"KXFEDDECISION-26SEP-H0, KXFEDDECISION-26SEP-H25, KXFEDDECISION-26SEP-H26","KXNBA-27-IND, KXNFLNFCCHAMP-27-NO, KXWNBA-26-WSH"
match,82,True,3,-0.02000000000000001,0.0010946459619916235,0.022189291923983258,0.0037118518244228307,0.05657830566123999,0.10944475949805715,0.019347450391069786,-0.02371185182442284,KXFEDDECISION-26SEP-H0+KXFEDDECISION-26SEP-H25;KXFEDDECISION-26SEP-H0+KXFEDDECISION-26SEP-H26;KXFEDDECISION-26SEP-H25+KXFEDDECISION-26SEP-H26,"KXFEDDECISION-26SEP-H0, KXFEDDECISION-26SEP-H25, KXFEDDECISION-26SEP-H26","KXWNBA-26-WSH, KXWTA-26USO-SWI, KXALIENS-26NOV"
match,83,True,3,-0.020000000000000226,0.0010946459619916235,0.022189291923983473,0.0030320213081611765,0.05773301704019912,0.11243401277223707,0.01896048427937568,-0.023032021308161402,KXFEDDECISION-26SEP-H0+KXFEDDECISION-26SEP-H25;KXFEDDECISION-26SEP-H0+KXFEDDECISION-26SEP-H26;KXFEDDECISION-26SEP-H25+KXFEDDECISION-26SEP-H26,"KXFEDDECISION-26SEP-H0, KXFEDDECISION-26SEP-H25, KXFEDDECISION-26SEP-H26","KXNBA-27-TOR, KXNFLNFCCHAMP-27-ATL, KXNASCARCUPSERIES-NCS26-CELL"
match,84,True,3,-0.020000000000000073,0.0010946459619916235,0.02218929192398332,0.003175239589373921,0.05743634294389221,0.1116974462984105,0.019058420259467936,-0.023175239589373994,KXFEDDECISION-26SEP-H0+KXFEDDECISION-26SEP-H25;KXFEDDECISION-26SEP-H0+KXFEDDECISION-26SEP-H26;KXFEDDECISION-26SEP-H25+KXFEDDECISION-26SEP-H26,"KXFEDDECISION-26SEP-H0, KXFEDDECISION-26SEP-H25, KXFEDDECISION-26SEP-H26","KXNFLAFCCHAMP-27-TEN, KXWNBA-26-WSH, KXBTCMAXY-26DEC31-199999.99"
match,85,True,3,-0.020000000000000177,0.0010946459619916235,0.022189291923983424,0.0034572748101882426,0.05740033000889649,0.11134338520760473,0.019070377501696666,-0.02345727481018842,KXFEDDECISION-26SEP-H0+KXFEDDECISION-26SEP-H25;KXFEDDECISION-26SEP-H0+KXFEDDECISION-26SEP-H26;KXFEDDECISION-26SEP-H25+KXFEDDECISION-26SEP-H26,"KXFEDDECISION-26SEP-H0, KXFEDDECISION-26SEP-H25, KXFEDDECISION-26SEP-H26","KXNBA-27-TOR, KXNFLAFCCHAMP-27-TEN, KXWNBA-26-WSH"
match,86,True,3,-0.019999999999999917,0.0010946459619916235,0.022189291923983164,0.004216053495208035,0.058835976083308796,0.11345589867140955,0.018605044648900865,-0.024216053495207952,KXFEDDECISION-26SEP-H0+KXFEDDECISION-26SEP-H25;KXFEDDECISION-26SEP-H0+KXFEDDECISION-26SEP-H26;KXFEDDECISION-26SEP-H25+KXFEDDECISION-26SEP-H26,"KXFEDDECISION-26SEP-H0, KXFEDDECISION-26SEP-H25, KXFEDDECISION-26SEP-H26","KXNBA-27-TOR, KXINXY-26DEC31H1600-B6300, KXOSCARPIC-27-SOC"
match,87,True,3,-0.0199999999999999,0.0010946459619916235,0.022189291923983147,0.0041246189440574225,0.057146746902191466,0.1101688748603255,0.01915500043887268,-0.024124618944057322,KXFEDDECISION-26SEP-H0+KXFEDDECISION-26SEP-H25;KXFEDDECISION-26SEP-H0+KXFEDDECISION-26SEP-H26;KXFEDDECISION-26SEP-H25+KXFEDDECISION-26SEP-H26,"KXFEDDECISION-26SEP-H0, KXFEDDECISION-26SEP-H25, KXFEDDECISION-26SEP-H26","KXFEDDECISION-26SEP-H26, KXNFLAFCCHAMP-27-TEN, KXWNBA-26-WSH"
match,88,True,3,-0.01999999999999989,0.0010946459619916235,0.022189291923983136,0.0035951133725520244,0.058005729064133454,0.11241634475571488,0.01887134218727497,-0.023595113372551914,KXFEDDECISION-26SEP-H0+KXFEDDECISION-26SEP-H25;KXFEDDECISION-26SEP-H0+KXFEDDECISION-26SEP-H26;KXFEDDECISION-26SEP-H25+KXFEDDECISION-26SEP-H26,"KXFEDDECISION-26SEP-H0, KXFEDDECISION-26SEP-H25, KXFEDDECISION-26SEP-H26","KXNFLNFCCHAMP-27-ATL, KXMLBAL-26-SEA, KXOSCARPIC-27-AVEN"
match,89,True,3,-0.020000000000000098,0.0010946459619916235,0.022189291923983345,0.0049447234095924,0.05872926188599672,0.11251380036240104,0.018638851006105163,-0.024944723409592497,KXFEDDECISION-26SEP-H0+KXFEDDECISION-26SEP-H25;KXFEDDECISION-26SEP-H0+KXFEDDECISION-26SEP-H26;KXFEDDECISION-26SEP-H25+KXFEDDECISION-26SEP-H26,"KXFEDDECISION-26SEP-H0, KXFEDDECISION-26SEP-H25, KXFEDDECISION-26SEP-H26","KXNBA-27-TOR, KXMLBAL-26-SEA, KXINXY-26DEC31H1600-B6700"
match,90,True,3,-0.02000000000000009,0.0010946459619916235,0.022189291923983338,0.005137136727720062,0.058111402269138,0.11108566781055594,0.018837025424405768,-0.025137136727720152,KXFEDDECISION-26SEP-H0+KXFEDDECISION-26SEP-H25;KXFEDDECISION-26SEP-H0+KXFEDDECISION-26SEP-H26;KXFEDDECISION-26SEP-H25+KXFEDDECISION-26SEP-H26,"KXFEDDECISION-26SEP-H0, KXFEDDECISION-26SEP-H25, KXFEDDECISION-26SEP-H26","KXNBA-27-IND, KXNFLNFCCHAMP-27-NO, KXWNBA-26-WSH"
match,91,True,3,-0.01999999999999985,0.0010946459619916235,0.022189291923983098,0.004296788875705306,0.05842261780379988,0.11254844673189444,0.01873668115433928,-0.024296788875705157,KXFEDDECISION-26SEP-H0+KXFEDDECISION-26SEP-H25;KXFEDDECISION-26SEP-H0+KXFEDDECISION-26SEP-H26;KXFEDDECISION-26SEP-H25+KXFEDDECISION-26SEP-H26,"KXFEDDECISION-26SEP-H0, KXFEDDECISION-26SEP-H25, KXFEDDECISION-26SEP-H26","KXNBA-27-TOR, KXNFLAFCCHAMP-27-TEN, KXOSCARPIC-27-SOC"
match,92,True,3,-0.020000000000000063,0.0010946459619916235,0.02218929192398331,0.005296709721795689,0.05826114472615937,0.11122557973052305,0.018788610610668714,-0.025296709721795752,KXFEDDECISION-26SEP-H0+KXFEDDECISION-26SEP-H25;KXFEDDECISION-26SEP-H0+KXFEDDECISION-26SEP-H26;KXFEDDECISION-26SEP-H25+KXFEDDECISION-26SEP-H26,"KXFEDDECISION-26SEP-H0, KXFEDDECISION-26SEP-H25, KXFEDDECISION-26SEP-H26","KXATP-26USO-MUS, KXNFLNFCCHAMP-27-NO, KXINXY-26DEC31H1600-B8900"
match,93,True,3,-0.020000000000000163,0.0010946459619916235,0.02218929192398341,0.00420704072237427,0.05685938800607054,0.1095117352897668,0.019251806964133252,-0.024207040722374434,KXFEDDECISION-26SEP-H0+KXFEDDECISION-26SEP-H25;KXFEDDECISION-26SEP-H0+KXFEDDECISION-26SEP-H26;KXFEDDECISION-26SEP-H25+KXFEDDECISION-26SEP-H26,"KXFEDDECISION-26SEP-H0, KXFEDDECISION-26SEP-H25, KXFEDDECISION-26SEP-H26","KXINXY-26DEC31H1600-B8900, KXNFLAFCCHAMP-27-TEN, KXWNBA-26-WSH"
match,94,True,3,-0.019999999999999987,0.0010946459619916235,0.022189291923983234,0.004810579239811978,0.05793593996340219,0.11106130068699241,0.018894074432607898,-0.024810579239811965,KXFEDDECISION-26SEP-H0+KXFEDDECISION-26SEP-H25;KXFEDDECISION-26SEP-H0+KXFEDDECISION-26SEP-H26;KXFEDDECISION-26SEP-H25+KXFEDDECISION-26SEP-H26,"KXFEDDECISION-26SEP-H0, KXFEDDECISION-26SEP-H25, KXFEDDECISION-26SEP-H26","KXNFLNFCCHAMP-27-NO, KXOSCARPIC-27-PRO, KXWNBA-26-WSH"
match,95,True,3,-0.020000000000000153,0.0010946459619916235,0.0221892919239834,0.004568706433913432,0.05772196616253618,0.11087522589115892,0.018964114266469524,-0.024568706433913585,KXFEDDECISION-26SEP-H0+KXFEDDECISION-26SEP-H25;KXFEDDECISION-26SEP-H0+KXFEDDECISION-26SEP-H26;KXFEDDECISION-26SEP-H25+KXFEDDECISION-26SEP-H26,"KXFEDDECISION-26SEP-H0, KXFEDDECISION-26SEP-H25, KXFEDDECISION-26SEP-H26","KXMLBAL-26-SEA, KXWNBA-26-WSH, KXALIENS-26NOV"
match,96,True,3,-0.019999999999999997,0.0010946459619916235,0.022189291923983244,0.006772594732642859,0.05787646937270009,0.10898034401275733,0.018913488916239247,-0.026772594732642856,KXFEDDECISION-26SEP-H0+KXFEDDECISION-26SEP-H25;KXFEDDECISION-26SEP-H0+KXFEDDECISION-26SEP-H26;KXFEDDECISION-26SEP-H25+KXFEDDECISION-26SEP-H26,"KXFEDDECISION-26SEP-H0, KXFEDDECISION-26SEP-H25, KXFEDDECISION-26SEP-H26","KXNFLNFCCHAMP-27-ATL, KXMLBAL-26-SEA, KXWNBA-26-WSH"
match,97,True,3,-0.01999999999999995,0.0010946459619916235,0.022189291923983195,0.0034345860023547274,0.057122851801261025,0.11081111760016732,0.019163013180785532,-0.023434586002354676,KXFEDDECISION-26SEP-H0+KXFEDDECISION-26SEP-H25;KXFEDDECISION-26SEP-H0+KXFEDDECISION-26SEP-H26;KXFEDDECISION-26SEP-H25+KXFEDDECISION-26SEP-H26,"KXFEDDECISION-26SEP-H0, KXFEDDECISION-26SEP-H25, KXFEDDECISION-26SEP-H26","KXNFLAFCCHAMP-27-TEN, KXOSCARPIC-27-SOC, KXWNBA-26-WSH"
match,98,True,3,-0.020000000000000174,0.0010946459619916235,0.02218929192398342,0.005704024029256002,0.05830838935678643,0.11091275468431686,0.018773387055737962,-0.025704024029256176,KXFEDDECISION-26SEP-H0+KXFEDDECISION-26SEP-H25;KXFEDDECISION-26SEP-H0+KXFEDDECISION-26SEP-H26;KXFEDDECISION-26SEP-H25+KXFEDDECISION-26SEP-H26,"KXFEDDECISION-26SEP-H0, KXFEDDECISION-26SEP-H25, KXFEDDECISION-26SEP-H26","KXNBA-27-HOU, KXNFLNFCCHAMP-27-ATL, KXINXY-26DEC31H1600-B6700"
match,99,True,3,-0.02000000000000003,0.0010946459619916235,0.02218929192398328,0.0027259066583498366,0.05685938800607054,0.11099286935379124,0.019251806964133252,-0.022725906658349868,KXFEDDECISION-26SEP-H0+KXFEDDECISION-26SEP-H25;KXFEDDECISION-26SEP-H0+KXFEDDECISION-26SEP-H26;KXFEDDECISION-26SEP-H25+KXFEDDECISION-26SEP-H26,"KXFEDDECISION-26SEP-H0, KXFEDDECISION-26SEP-H25, KXFEDDECISION-26SEP-H26","KXINXY-26DEC31H1600-B8900, KXNFLAFCCHAMP-27-TEN, KXWNBA-26-WSH"
