mode,seed,violation,n_violated_pairs,edge0,var0,obj0,edge1,var1,obj1,var_ratio,edge_diff,violated,portfolio0,portfolio1
none,frozen,True,1,0.11787907779672549,0.12550517093293478,-0.09277804361013853,0.11550345236960304,0.2187825135941286,-0.07174694965077731,0.5736526602202039,0.0023756254271224547,KXVENEZUELALEADER-26DEC31-DROD+KXVENEZUELALEADER-26DEC31-NMAD,"KXVENEZUELALEADER-26DEC31-DROD, KXVENEZUELALEADER-26DEC31-NMAD, KXRATECUTCOUNT-26DEC31-T0","KXVENEZUELALEADER-26DEC31-NMAD, KXOSCARPIC-27-SOC, KXRATECUTCOUNT-26DEC31-T0"
none,0,True,1,0.10680727391030131,0.040207858848257505,-0.09876570214064981,0.1210228629281287,0.5154849736082197,-0.017925868206484757,0.0780000599567746,-0.01421558901782738,SENATEOHS-26-D+SENATEOHS-26-R,"KXGOVCA-26-XBEC, SENATEOHS-26-D, SENATEOHS-26-R","KXGOVCA-26-XBEC, KXATP-26USO-ALC, SENATEOHS-26-R"
none,1,False,0,0.18317471313754263,0.3143824654006925,-0.12029822005740413,0.18317471313754263,0.3143824654006925,-0.12029822005740413,1.0,0.0,,"KXF1-26-KA, KXVENEZUELALEADER-26DEC31-NMAD, KXRATECUTCOUNT-26DEC31-T0","KXF1-26-KA, KXVENEZUELALEADER-26DEC31-NMAD, KXRATECUTCOUNT-26DEC31-T0"
none,2,True,1,0.0823384633063946,0.2303959422143718,-0.03625927486352024,0.0487171177450118,0.26009496227918394,0.0033018747108249924,0.8858147047349059,0.033621345561382805,SENATETX-26-D+SENATETX-26-R,"SENATETX-26-D, SENATETX-26-R, KXBALLONDOR-26-HKAN","KXBALLONDOR-26-HKAN, KXNFLAFCCHAMP-27-TEN, KXNASCARCUPSERIES-NCS26-BWAL"
none,3,True,1,0.14926144167869954,0.11309999999999978,-0.12664144167869956,0.17474488870568616,0.5279120962072106,-0.06916246946424404,0.21424021311988833,-0.025483447026986628,SENATEMI-26-D+SENATEMI-26-R,"KXF1-26-KA, SENATEMI-26-D, SENATEMI-26-R","SENATETX-26-R, KXF1-26-KA, SENATEMI-26-D"
none,4,False,0,0.234738130303354,0.3308948719753582,-0.16855915590828235,0.234738130303354,0.3308948719753582,-0.16855915590828235,1.0,0.0,,"CONTROLH-2026-D, KXVENEZUELALEADER-26DEC31-NMAD, KXRATECUTCOUNT-26DEC31-T0","CONTROLH-2026-D, KXVENEZUELALEADER-26DEC31-NMAD, KXRATECUTCOUNT-26DEC31-T0"
none,5,True,1,0.06563564712281184,0.04023600000000027,-0.05758844712281178,0.11261028529967831,0.4339260013635222,-0.025825085026973865,0.09272548746460689,-0.04697463817686648,SENATEME-26-D+SENATEME-26-R,"KXGOVCA-26-XBEC, SENATEME-26-D, SENATEME-26-R","KXGOVCA-26-XBEC, CONTROLS-2026-R, SENATEME-26-D"
none,6,False,0,0.14681446575059698,0.2745200503252663,-0.09191045568554372,0.14681446575059698,0.2745200503252663,-0.09191045568554372,1.0,0.0,,"CONTROLH-2026-D, KXGOVCA-26-XBEC, KXVENEZUELALEADER-26DEC31-NMAD","CONTROLH-2026-D, KXGOVCA-26-XBEC, KXVENEZUELALEADER-26DEC31-NMAD"
none,7,True,1,0.1383423926729886,0.08025599999999991,-0.1222911926729886,0.14521847410864241,0.26687875380775,-0.09184272334709241,0.300720828671935,-0.006876081435653825,SENATEMI-26-D+SENATEMI-26-R,"KXRATECUTCOUNT-26DEC31-T0, SENATEMI-26-D, SENATEMI-26-R","KXGOVCA-26-XBEC, KXTAKEOVERACQWB-27JUN30-PSKY, KXRATECUTCOUNT-26DEC31-T0"
none,8,True,1,0.16188562044687388,0.1130999999999999,-0.1392656204468739,0.16723067262615954,0.3152113327554672,-0.10418840607506609,0.3588068963489328,-0.005345052179285659,CONTROLH-2026-D+CONTROLH-2026-R,"CONTROLH-2026-D, CONTROLH-2026-R, KXF1-26-KA","CONTROLH-2026-D, KXF1-26-KA, KXRATECUTCOUNT-26DEC31-T0"
none,9,True,1,0.16156793679637427,0.12459126801331195,-0.13664968319371187,0.1773865104515675,0.3018098848623177,-0.11702453347910396,0.4128137422342847,-0.015818573655193235,KXFEDDECISION-26SEP-H0+KXFEDDECISION-26SEP-H25,"KXFEDDECISION-26SEP-H0, KXFEDDECISION-26SEP-H25, KXF1-26-KA","KXGOVCA-26-XBEC, KXF1-26-KA, KXTAKEOVERACQWB-27JUN30-PSKY"
none,10,True,1,0.11874965649496055,0.131904411338979,-0.09236877422716475,0.1202842946210015,0.2724772446141428,-0.06578884569817293,0.48409331034512587,-0.0015346381260409464,KXFEDDECISION-26SEP-H0+KXFEDDECISION-26SEP-H25,"KXFEDDECISION-26SEP-H0, KXFEDDECISION-26SEP-H25, KXVENEZUELALEADER-26DEC31-NMAD","CONTROLH-2026-D, KXINXY-26DEC31H1600-B8900, KXVENEZUELALEADER-26DEC31-NMAD"
none,11,True,1,0.15067944837290714,0.12039999999999998,-0.12659944837290715,0.15407839496729803,0.40202373707763445,-0.07367364755177114,0.2994848037461769,-0.0033989465943908836,SENATEMI-26-D+SENATEMI-26-R,"KXVENEZUELALEADER-26DEC31-NMAD, SENATEMI-26-D, SENATEMI-26-R","KXGOVCA-26-XBEC, KXATP-26USO-ALC, KXVENEZUELALEADER-26DEC31-NMAD"
none,12,True,1,0.09621098994574973,0.04020501759601747,-0.08816998642654623,0.12557004311251818,0.40602105165160807,-0.044365832782196565,0.09902200251063813,-0.029359053166768456,SENATETX-26-D+SENATETX-26-R,"KXGOVCA-26-XBEC, SENATETX-26-D, SENATETX-26-R","KXGOVCA-26-XBEC, KXATP-26USO-ALC, KXF1-26-KA"
none,13,True,1,0.11185159706272663,0.040236000000000105,-0.10380439706272661,0.12211384903449463,0.2599369650218649,-0.07012645603012163,0.15479137411878147,-0.010262251971768,CONTROLS-2026-D+CONTROLS-2026-R,"KXGOVCA-26-XBEC, CONTROLS-2026-D, CONTROLS-2026-R","CONTROLH-2026-D, KXGOVCA-26-XBEC, KXF1-26-KA"
none,14,True,1,0.153901515929673,0.12039999999999998,-0.129821515929673,0.15004022147203844,0.3065008089404073,-0.08874005968395697,0.39282114920423994,0.0038612944576345565,SENATEMI-26-D+SENATEMI-26-R,"KXVENEZUELALEADER-26DEC31-NMAD, SENATEMI-26-D, SENATEMI-26-R","KXGOVCA-26-XBEC, KXTAKEOVERACQWB-27JUN30-PSKY, KXVENEZUELALEADER-26DEC31-NMAD"
none,15,True,1,0.15307891028135506,0.12749999999999992,-0.12757891028135507,0.12002819095265682,0.22960798391737697,-0.07410659416918142,0.5552942795137299,0.03305071932869824,SENATEMI-26-D+SENATEMI-26-R,"CONTROLH-2026-D, SENATEMI-26-D, SENATEMI-26-R","CONTROLH-2026-D, KXGOVCA-26-XBEC, KXRATECUTCOUNT-26DEC31-T0"
none,16,True,1,0.10168768564426284,0.11309900627968009,-0.07906788438832682,0.05504780914363124,0.15458642859846952,-0.024130523423937338,0.7316231269786888,0.046639876500631595,SENATETX-26-D+SENATETX-26-R,"SENATETX-26-D, SENATETX-26-R, KXF1-26-KA","KXNBA-27-TOR, KXF1-26-KA, KXNFLAFCCHAMP-27-PIT"
none,17,True,1,0.14114572396436953,0.15390100647367178,-0.11036552266963517,0.15154878638450286,0.5563772746480413,-0.04027333145489459,0.2766126754027256,-0.010403062420133335,SENATETX-26-D+SENATETX-26-R,"SENATETX-26-D, SENATETX-26-R, KXTAKEOVERACQWB-27JUN30-PSKY","SENATEME-26-D, KXTAKEOVERACQWB-27JUN30-PSKY, SENATEMI-26-D"
none,18,True,1,0.14895108128601597,0.08025143696966938,-0.1329007938920821,0.1774455102868564,0.4467402201343772,-0.08809746625998095,0.17963781489280314,-0.028494429000840427,SENATETX-26-D+SENATETX-26-R,"SENATETX-26-D, SENATETX-26-R, KXRATECUTCOUNT-26DEC31-T0","SENATETX-26-R, KXF1-26-KA, KXRATECUTCOUNT-26DEC31-T0"
none,19,True,1,0.09548646224189261,0.11309785119943688,-0.07286689200200523,0.09432943980286465,0.38580232726141245,-0.01716897435058215,0.2931497381113616,0.0011570224390279604,SENATEOHS-26-D+SENATEOHS-26-R,"KXF1-26-KA, SENATEOHS-26-D, SENATEOHS-26-R","KXATP-26USO-ALC, KXF1-26-KA, KXNFLAFCCHAMP-27-PIT"
none,20,True,1,0.1468907579335903,0.1204000000000003,-0.12281075793359024,0.17365819255270565,0.4515732037155612,-0.08334355180959341,0.26662343781549613,-0.02676743461911535,CONTROLS-2026-D+CONTROLS-2026-R,"CONTROLS-2026-D, CONTROLS-2026-R, KXVENEZUELALEADER-26DEC31-NMAD","KXVENEZUELALEADER-26DEC31-NMAD, KXOSCARPIC-27-ODY, KXRATECUTCOUNT-26DEC31-T0"
none,21,True,1,0.09787724149778632,0.04020501759601747,-0.08983623797858283,0.11766950069680093,0.26687875380775,-0.06429374993525093,0.15064900080048987,-0.019792259199014617,SENATETX-26-D+SENATETX-26-R,"KXGOVCA-26-XBEC, SENATETX-26-D, SENATETX-26-R","KXGOVCA-26-XBEC, KXTAKEOVERACQWB-27JUN30-PSKY, KXRATECUTCOUNT-26DEC31-T0"
none,22,False,0,0.18726110238645144,0.3018098848623177,-0.1268991254139879,0.18726110238645144,0.3018098848623177,-0.1268991254139879,1.0,0.0,,"KXGOVCA-26-XBEC, KXF1-26-KA, KXTAKEOVERACQWB-27JUN30-PSKY","KXGOVCA-26-XBEC, KXF1-26-KA, KXTAKEOVERACQWB-27JUN30-PSKY"
none,23,True,1,0.07339536135837976,0.15390100647367178,-0.04261516006364541,0.10093775031362268,0.39543267826597345,-0.021851214660427984,0.389196480039406,-0.027542388955242914,SENATETX-26-D+SENATETX-26-R,"SENATETX-26-D, SENATETX-26-R, KXTAKEOVERACQWB-27JUN30-PSKY","KXBALLONDOR-26-HKAN, KXTAKEOVERACQWB-27JUN30-PSKY, KXNASCARCUPSERIES-NCS26-BWAL"
none,24,True,1,0.1436428936912555,0.13887079940073294,-0.1158687338111089,0.16382271655292124,0.4235642739005303,-0.07910986177281518,0.3278624000128616,-0.020179822861665753,KXFEDDECISION-26SEP-H0+KXFEDDECISION-26SEP-H25,"KXFEDDECISION-26SEP-H0, KXFEDDECISION-26SEP-H25, CONTROLH-2026-D","CONTROLH-2026-D, CONTROLS-2026-D, KXRATECUTCOUNT-26DEC31-T0"
none,25,True,1,0.1343917781903203,0.1538999999999998,-0.10361177819032034,0.17013150460823656,0.46037424199668975,-0.07805665620889861,0.33429324658243237,-0.03573972641791626,CONTROLH-2026-D+CONTROLH-2026-R,"CONTROLH-2026-D, CONTROLH-2026-R, KXTAKEOVERACQWB-27JUN30-PSKY","CONTROLH-2026-D, SENATEME-26-D, KXTAKEOVERACQWB-27JUN30-PSKY"
none,26,True,1,0.16952708967612373,0.0802534383315362,-0.1534764020098165,0.1536105721380685,0.23346448221242627,-0.10691767569558325,0.3437500966785802,0.01591651753805523,SENATEOHS-26-D+SENATEOHS-26-R,"KXRATECUTCOUNT-26DEC31-T0, SENATEOHS-26-D, SENATEOHS-26-R","KXGOVCA-26-XBEC, KXF1-26-KA, KXRATECUTCOUNT-26DEC31-T0"
none,27,True,1,0.09372087535367635,0.01960071497633883,-0.08980073235840857,0.09009734189720553,0.46250670030668894,0.0024039981641322677,0.042379310317756616,0.0036235334564708177,SENATETX-26-D+SENATETX-26-R,"SENATETX-26-D, SENATETX-26-R, KXALIENS-26NOV","SENATETX-26-R, CONTROLS-2026-R, KXALIENS-26NOV"
none,28,True,1,0.09710608407328411,0.1538999999999998,-0.06632608407328415,0.14771062990094996,0.46037424199668975,-0.05563578150161201,0.33429324658243237,-0.05060454582766585,CONTROLH-2026-D+CONTROLH-2026-R,"CONTROLH-2026-D, CONTROLH-2026-R, KXTAKEOVERACQWB-27JUN30-PSKY","CONTROLH-2026-D, SENATEME-26-D, KXTAKEOVERACQWB-27JUN30-PSKY"
none,29,True,1,0.08675572980114013,0.04023599999999988,-0.07870852980114015,0.12096145062580899,0.22960798391737697,-0.07503985384233358,0.17523780886677948,-0.034205720824668856,CONTROLH-2026-D+CONTROLH-2026-R,"CONTROLH-2026-D, CONTROLH-2026-R, KXGOVCA-26-XBEC","CONTROLH-2026-D, KXGOVCA-26-XBEC, KXRATECUTCOUNT-26DEC31-T0"
none,30,True,1,0.135471132775713,0.12040748388727349,-0.1113896359982583,0.14966068868771187,0.3738094010057915,-0.07489880848655357,0.32210929838387875,-0.014189555911998886,SENATETX-26-D+SENATETX-26-R,"SENATETX-26-D, SENATETX-26-R, KXVENEZUELALEADER-26DEC31-NMAD","KXGOVCA-26-XBEC, KXVENEZUELALEADER-26DEC31-NMAD, SENATEMI-26-D"
none,31,True,1,0.12753079065359618,0.24919520614233448,-0.07769174942512928,0.10158498342984953,0.45117284336267305,-0.011350414757314922,0.5523275831165666,0.025945807223746647,SENATEOHS-26-D+SENATEOHS-26-R,"CONTROLS-2026-R, SENATEOHS-26-D, SENATEOHS-26-R","CONTROLS-2026-R, KXOSCARPIC-27-BEH, SENATEOHS-26-D"
none,32,False,0,0.1952662978567261,0.3855295827891856,-0.11816038129888899,0.1952662978567261,0.3855295827891856,-0.11816038129888899,1.0,0.0,,"CONTROLH-2026-D, KXF1-26-KA, KXTAKEOVERACQWB-27JUN30-PSKY","CONTROLH-2026-D, KXF1-26-KA, KXTAKEOVERACQWB-27JUN30-PSKY"
none,33,True,1,0.101222858015043,0.0802534383315362,-0.08517217034873575,0.1341564561938663,0.40168005626039477,-0.05382044494178734,0.19979443111686573,-0.0329335981788233,SENATEOHS-26-D+SENATEOHS-26-R,"KXRATECUTCOUNT-26DEC31-T0, SENATEOHS-26-D, SENATEOHS-26-R","KXBALLONDOR-26-HKAN, KXF1-26-KA, KXRATECUTCOUNT-26DEC31-T0"
none,34,True,3,0.045489079132429874,0.0010946459619916235,-0.04527014994003155,0.005348152509095733,0.05870724696683069,0.006393296884270407,0.018645840480479237,0.04014092662333414,KXFEDDECISION-26SEP-H0+KXFEDDECISION-26SEP-H25;KXFEDDECISION-26SEP-H0+KXFEDDECISION-26SEP-H26;KXFEDDECISION-26SEP-H25+KXFEDDECISION-26SEP-H26,"KXFEDDECISION-26SEP-H0, KXFEDDECISION-26SEP-H25, KXFEDDECISION-26SEP-H26","KXNBA-27-HOU, KXOSCARPIC-27-PRO, KXALIENS-26NOV"
none,35,True,1,0.14612752146918845,0.15390100647367178,-0.1153473201744541,0.14373306263272234,0.26687875380775,-0.09035731187117234,0.5766701330767476,0.002394458836466107,SENATETX-26-D+SENATETX-26-R,"SENATETX-26-D, SENATETX-26-R, KXTAKEOVERACQWB-27JUN30-PSKY","KXGOVCA-26-XBEC, KXTAKEOVERACQWB-27JUN30-PSKY, KXRATECUTCOUNT-26DEC31-T0"
none,36,False,0,0.2019553876949567,0.35105579630542944,-0.1317442284338708,0.2019553876949567,0.35105579630542944,-0.1317442284338708,1.0,0.0,,"KXTAKEOVERACQWB-27JUN30-PSKY, KXVENEZUELALEADER-26DEC31-NMAD, KXRATECUTCOUNT-26DEC31-T0","KXTAKEOVERACQWB-27JUN30-PSKY, KXVENEZUELALEADER-26DEC31-NMAD, KXRATECUTCOUNT-26DEC31-T0"
none,37,False,0,0.1776054234585649,0.2599369650218649,-0.1256180304541919,0.1776054234585649,0.2599369650218649,-0.1256180304541919,1.0,0.0,,"CONTROLH-2026-D, KXGOVCA-26-XBEC, KXF1-26-KA","CONTROLH-2026-D, KXGOVCA-26-XBEC, KXF1-26-KA"
none,38,True,1,0.12658517512767914,0.09259806750172775,-0.10806556162733359,0.13112832458781443,0.3143824654006925,-0.06825183150767593,0.29453954241279956,-0.004543149460135287,KXFEDDECISION-26SEP-H0+KXFEDDECISION-26SEP-H25,"KXFEDDECISION-26SEP-H0, KXFEDDECISION-26SEP-H25, KXRATECUTCOUNT-26DEC31-T0","KXF1-26-KA, KXVENEZUELALEADER-26DEC31-NMAD, KXRATECUTCOUNT-26DEC31-T0"
none,39,True,1,0.10800151143196074,0.15390000000000012,-0.07722151143196071,0.10954587493829508,0.20782893639244968,-0.06798008765980515,0.7405128596211746,-0.0015443635063343425,KXGOVCA-26-SHIL+KXGOVCA-26-XBEC,"KXGOVCA-26-SHIL, KXGOVCA-26-XBEC, KXTAKEOVERACQWB-27JUN30-PSKY","KXGOVCA-26-XBEC, KXTAKEOVERACQWB-27JUN30-PSKY, KXNASCARCUPSERIES-NCS26-BWAL"
none,40,True,3,0.05771715271039721,0.07321425539439069,-0.04307430163151907,0.09171753699235388,0.3485618919859771,-0.02200515859515846,0.21004664330125955,-0.034000384281956675,KXATP-26USO-ALC+KXATP-26USO-SHE;KXATP-26USO-ALC+KXATP-26USO-ZVE;KXATP-26USO-SHE+KXATP-26USO-ZVE,"KXATP-26USO-ALC, KXATP-26USO-SHE, KXATP-26USO-ZVE","KXF1-26-KA, KXVENEZUELALEADER-26DEC31-DFIG, SENATEMI-26-D"
none,41,True,1,0.07990322117886584,0.11309999999999978,-0.057283221178865876,0.08782297681018804,0.284243674689971,-0.03097424187219383,0.3978980363357591,-0.007919755631322203,SENATEMI-26-D+SENATEMI-26-R,"KXF1-26-KA, SENATEMI-26-D, SENATEMI-26-R","KXF1-26-KA, KXINXY-26DEC31H1600-B8900, KXTAKEOVERACQWB-27JUN30-PSKY"
none,42,False,0,0.16661882356048108,0.3065008089404073,-0.10531866177239961,0.16661882356048108,0.3065008089404073,-0.10531866177239961,1.0,0.0,,"KXGOVCA-26-XBEC, KXTAKEOVERACQWB-27JUN30-PSKY, KXVENEZUELALEADER-26DEC31-NMAD","KXGOVCA-26-XBEC, KXTAKEOVERACQWB-27JUN30-PSKY, KXVENEZUELALEADER-26DEC31-NMAD"
none,43,True,1,0.06949982267303922,0.04020501759601747,-0.061458819153835734,0.0665528546717822,0.20850088994133487,-0.02485267668351522,0.1928289975516642,0.0029469680012570304,SENATETX-26-D+SENATETX-26-R,"KXGOVCA-26-XBEC, SENATETX-26-D, SENATETX-26-R","KXNBA-27-HOU, KXGOVCA-26-XBEC, KXTAKEOVERACQWB-27JUN30-PSKY"
none,44,True,1,0.07706704840425657,0.04023599999999988,-0.0690198484042566,0.14567205748492307,0.3874339785579586,-0.06818526177333134,0.10385253288769235,-0.0686050090806665,CONTROLH-2026-D+CONTROLH-2026-R,"CONTROLH-2026-D, CONTROLH-2026-R, KXGOVCA-26-XBEC","CONTROLH-2026-D, KXGOVCA-26-XBEC, KXBALLONDOR-26-HKAN"
none,45,True,1,0.12794719458684276,0.08025599999999977,-0.1118959945868428,0.1873892772061463,0.44177094320794963,-0.09903508856455635,0.1816688065023367,-0.05944208261930353,CONTROLH-2026-D+CONTROLH-2026-R,"CONTROLH-2026-D, CONTROLH-2026-R, KXRATECUTCOUNT-26DEC31-T0","CONTROLH-2026-D, KXBALLONDOR-26-HKAN, KXRATECUTCOUNT-26DEC31-T0"
none,46,True,1,0.11754925658058385,0.08025599999999998,-0.10149805658058385,0.14364493043802584,0.22960798391737697,-0.09772333365455044,0.3495348838953249,-0.026095673857441992,SENATEME-26-D+SENATEME-26-R,"SENATEME-26-D, SENATEME-26-R, KXRATECUTCOUNT-26DEC31-T0","CONTROLH-2026-D, KXGOVCA-26-XBEC, KXRATECUTCOUNT-26DEC31-T0"
none,47,True,1,0.0497014152805893,0.040207858848257505,-0.0416598435109378,0.035689033026655465,0.08059196795458248,-0.019570639435738967,0.4989065271481719,0.014012382253933836,SENATEOHS-26-D+SENATEOHS-26-R,"KXGOVCA-26-XBEC, SENATEOHS-26-D, SENATEOHS-26-R","KXGOVCA-26-XBEC, KXNFLNFCCHAMP-27-NO, KXINXY-26DEC31H1600-B8900"
none,48,True,1,0.1626295396690537,0.08025599999999998,-0.1465783396690537,0.15528325793224818,0.36589514408265567,-0.08210422911571703,0.21934152802495285,0.0073462817368055155,SENATEME-26-D+SENATEME-26-R,"SENATEME-26-D, SENATEME-26-R, KXRATECUTCOUNT-26DEC31-T0","KXGOVCA-26-XBEC, SENATEME-26-D, KXRATECUTCOUNT-26DEC31-T0"
none,49,True,1,0.1462654559493055,0.1204000000000003,-0.12218545594930545,0.140015266565514,0.23904791170805118,-0.09220568422390377,0.5036647220204317,0.006250189383791516,CONTROLS-2026-D+CONTROLS-2026-R,"CONTROLS-2026-D, CONTROLS-2026-R, KXVENEZUELALEADER-26DEC31-NMAD","KXGOVCA-26-XBEC, KXVENEZUELALEADER-26DEC31-NMAD, KXRATECUTCOUNT-26DEC31-T0"
none,50,False,0,0.1982050319494012,0.4781484855488919,-0.10257533483962282,0.1982050319494012,0.4781484855488919,-0.10257533483962282,1.0,0.0,,"KXF1-26-KA, SENATEME-26-D, KXTAKEOVERACQWB-27JUN30-PSKY","KXF1-26-KA, SENATEME-26-D, KXTAKEOVERACQWB-27JUN30-PSKY"
none,51,True,1,0.17197197690960014,0.08025599999999998,-0.15592077690960016,0.17765986286836255,0.36589514408265567,-0.10448083405183141,0.21934152802495285,-0.0056878859587624064,SENATEME-26-D+SENATEME-26-R,"SENATEME-26-D, SENATEME-26-R, KXRATECUTCOUNT-26DEC31-T0","KXGOVCA-26-XBEC, SENATEME-26-D, KXRATECUTCOUNT-26DEC31-T0"
none,52,True,1,0.1267303708192674,0.12040790897867854,-0.10264878902353171,0.16542353090606243,0.489187816333666,-0.06758596763932923,0.2461384052470974,-0.03869316008679502,SENATEOHS-26-D+SENATEOHS-26-R,"KXVENEZUELALEADER-26DEC31-NMAD, SENATEOHS-26-D, SENATEOHS-26-R","CONTROLH-2026-D, KXBALLONDOR-26-HKAN, KXVENEZUELALEADER-26DEC31-NMAD"
none,53,True,1,0.09276757543367392,0.04023599999999988,-0.08472037543367394,0.14303157536538713,0.2955665221273224,-0.08391827093992266,0.13613179094304617,-0.05026399993171321,CONTROLH-2026-D+CONTROLH-2026-R,"CONTROLH-2026-D, CONTROLH-2026-R, KXGOVCA-26-XBEC","CONTROLH-2026-D, KXGOVCA-26-XBEC, KXTAKEOVERACQWB-27JUN30-PSKY"
none,54,True,1,0.1568478319196536,0.12550517093293478,-0.13174679773306663,0.19213711607892786,0.40127088949927553,-0.11188293817907274,0.31276918963532585,-0.035289284159274265,KXVENEZUELALEADER-26DEC31-DROD+KXVENEZUELALEADER-26DEC31-NMAD,"KXVENEZUELALEADER-26DEC31-DROD, KXVENEZUELALEADER-26DEC31-NMAD, KXRATECUTCOUNT-26DEC31-T0","KXFEDDECISION-26SEP-H0, KXVENEZUELALEADER-26DEC31-NMAD, KXRATECUTCOUNT-26DEC31-T0"
none,55,False,0,0.15401915542549716,0.35105579630542944,-0.08380799616441127,0.15401915542549716,0.35105579630542944,-0.08380799616441127,1.0,0.0,,"KXTAKEOVERACQWB-27JUN30-PSKY, KXVENEZUELALEADER-26DEC31-NMAD, KXRATECUTCOUNT-26DEC31-T0","KXTAKEOVERACQWB-27JUN30-PSKY, KXVENEZUELALEADER-26DEC31-NMAD, KXRATECUTCOUNT-26DEC31-T0"
none,56,False,0,0.2311972260914471,0.3152113327554672,-0.16815495954035364,0.2311972260914471,0.3152113327554672,-0.16815495954035364,1.0,0.0,,"CONTROLH-2026-D, KXF1-26-KA, KXRATECUTCOUNT-26DEC31-T0","CONTROLH-2026-D, KXF1-26-KA, KXRATECUTCOUNT-26DEC31-T0"
none,57,True,1,0.0971277690672736,0.040207858848257505,-0.0890861972976221,0.03533167618200357,0.07803665493763365,-0.01972434519447684,0.5152432389675256,0.061796092885270035,SENATEOHS-26-D+SENATEOHS-26-R,"KXGOVCA-26-XBEC, SENATEOHS-26-D, SENATEOHS-26-R","KXGOVCA-26-XBEC, KXMLBAL-26-SEA, KXINXY-26DEC31H1600-B6700"
none,58,True,1,0.1315822498085234,0.08025143696966938,-0.11553196241458952,0.14899170524899064,0.35105579630542944,-0.07878054598790475,0.22860023339380542,-0.017409455440467236,SENATETX-26-D+SENATETX-26-R,"SENATETX-26-D, SENATETX-26-R, KXRATECUTCOUNT-26DEC31-T0","KXTAKEOVERACQWB-27JUN30-PSKY, KXVENEZUELALEADER-26DEC31-NMAD, KXRATECUTCOUNT-26DEC31-T0"
none,59,False,0,0.2094971284371353,0.3308948719753582,-0.14331815404206366,0.2094971284371353,0.3308948719753582,-0.14331815404206366,1.0,0.0,,"CONTROLH-2026-D, KXVENEZUELALEADER-26DEC31-NMAD, KXRATECUTCOUNT-26DEC31-T0","CONTROLH-2026-D, KXVENEZUELALEADER-26DEC31-NMAD, KXRATECUTCOUNT-26DEC31-T0"
none,60,True,1,0.0853197620006288,0.24840000000000012,-0.035639762000628766,0.054998851899046304,0.2800316467187852,0.0010074774447107401,0.8870426000438787,0.030320910101582492,SENATEME-26-D+SENATEME-26-R,"KXFEDDECISION-26SEP-H25, SENATEME-26-D, SENATEME-26-R","KXFEDDECISION-26SEP-H25, KXMLBAL-26-SEA, KXOSCARPIC-27-SOC"
none,61,False,0,0.19732984041165913,0.3308948719753582,-0.1311508660165875,0.19732984041165913,0.3308948719753582,-0.1311508660165875,1.0,0.0,,"CONTROLH-2026-D, KXVENEZUELALEADER-26DEC31-NMAD, KXRATECUTCOUNT-26DEC31-T0","CONTROLH-2026-D, KXVENEZUELALEADER-26DEC31-NMAD, KXRATECUTCOUNT-26DEC31-T0"
none,62,True,1,0.12207745950395754,0.21753499961402528,-0.07857045958115248,0.12918183241676506,0.6436794960031968,-0.0004459332161256824,0.33795545914506636,-0.007104372912807522,SENATETX-26-D+SENATETX-26-R,"SENATETX-26-D, SENATETX-26-R, SENATEME-26-D","SENATETX-26-R, SENATEME-26-D, SENATEOHS-26-R"
none,63,False,0,0.1765298685611566,0.38619507445682155,-0.09929085366979229,0.1765298685611566,0.38619507445682155,-0.09929085366979229,1.0,0.0,,"KXF1-26-KA, KXTAKEOVERACQWB-27JUN30-PSKY, KXVENEZUELALEADER-26DEC31-NMAD","KXF1-26-KA, KXTAKEOVERACQWB-27JUN30-PSKY, KXVENEZUELALEADER-26DEC31-NMAD"
none,64,True,1,0.09271945472401255,0.08025143696966938,-0.07666916733007867,0.06418287995949747,0.12171831758575347,-0.03983921644234677,0.6593209515332836,0.028536574764515085,SENATETX-26-D+SENATETX-26-R,"SENATETX-26-D, SENATETX-26-R, KXRATECUTCOUNT-26DEC31-T0","KXNBA-27-HOU, KXINXY-26DEC31H1600-B8900, KXRATECUTCOUNT-26DEC31-T0"
none,65,True,1,0.14606706682016962,0.11309785119943688,-0.12344749658028224,0.12380847647405985,0.24953236540609552,-0.07390200339284074,0.45323920612614105,0.022258590346109774,SENATEOHS-26-D+SENATEOHS-26-R,"KXF1-26-KA, SENATEOHS-26-D, SENATEOHS-26-R","KXNFLNFCCHAMP-27-ATL, KXF1-26-KA, KXVENEZUELALEADER-26DEC31-NMAD"
none,66,True,1,0.06914513772001306,0.019603569493445487,-0.06522442382132396,0.054525059338660906,0.28442954244443114,0.0023608491502253234,0.06892240983467962,0.014620078381352153,SENATETX-26-D+SENATETX-26-R,"SENATETX-26-D, SENATETX-26-R, KXBTCMAXY-26DEC31-199999.99","KXGOVCA-26-SHIL, SENATETX-26-R, KXBTCMAXY-26DEC31-199999.99"
none,67,True,1,0.12158593373771737,0.12040748388727349,-0.09750443696026267,0.14541356680905904,0.4020589199667646,-0.06500178281570611,0.299477210696449,-0.02382763307134167,SENATETX-26-D+SENATETX-26-R,"SENATETX-26-D, SENATETX-26-R, KXVENEZUELALEADER-26DEC31-NMAD","KXGOVCA-26-XBEC, SENATEME-26-D, KXVENEZUELALEADER-26DEC31-NMAD"
none,68,True,3,0.05490386142368245,0.07321425539439069,-0.04026101034480431,0.0056343609509565545,0.05840127704965559,0.006045894458974563,1.2536413430161877,0.049269500472725894,KXATP-26USO-ALC+KXATP-26USO-SHE;KXATP-26USO-ALC+KXATP-26USO-ZVE;KXATP-26USO-SHE+KXATP-26USO-ZVE,"KXATP-26USO-ALC, KXATP-26USO-SHE, KXATP-26USO-ZVE","KXATP-26USO-MUS, KXNFLNFCCHAMP-27-ATL, KXINXY-26DEC31H1600-B6700"
none,69,True,1,0.08045977219770628,0.09008598168351221,-0.06244257586100384,0.07564497820241223,0.1772599197181662,-0.04019299425877899,0.5082140498920688,0.004814793995294053,KXVENEZUELALEADER-26DEC31-DROD+KXVENEZUELALEADER-26DEC31-NMAD,"KXGOVCA-26-XBEC, KXVENEZUELALEADER-26DEC31-DROD, KXVENEZUELALEADER-26DEC31-NMAD","KXGOVCA-26-XBEC, KXVENEZUELALEADER-26DEC31-NMAD, KXNASCARCUPSERIES-NCS26-BWAL"
none,70,True,1,0.16184448039749935,0.08025599999999977,-0.1457932803974994,0.1524637835528676,0.2227957579765636,-0.10790463195755488,0.3602222983457436,0.009380696844631747,CONTROLH-2026-D+CONTROLH-2026-R,"CONTROLH-2026-D, CONTROLH-2026-R, KXRATECUTCOUNT-26DEC31-T0","KXFEDDECISION-26SEP-H26, CONTROLH-2026-D, KXRATECUTCOUNT-26DEC31-T0"
none,71,True,1,0.08469854295308465,0.12040748388727349,-0.060617046175629956,0.15338442927275142,0.4824526451563745,-0.05689390024147652,0.24957368375137942,-0.06868588631966677,SENATETX-26-D+SENATETX-26-R,"SENATETX-26-D, SENATETX-26-R, KXVENEZUELALEADER-26DEC31-NMAD","SENATEME-26-D, KXTAKEOVERACQWB-27JUN30-PSKY, KXVENEZUELALEADER-26DEC31-NMAD"
none,72,True,1,0.10918675418554724,0.15389999999999998,-0.07840675418554724,0.12207847977082864,0.38619507445682155,-0.04483946487946433,0.39850326992507185,-0.0128917255852814,SENATEME-26-D+SENATEME-26-R,"SENATEME-26-D, SENATEME-26-R, KXTAKEOVERACQWB-27JUN30-PSKY","KXF1-26-KA, KXTAKEOVERACQWB-27JUN30-PSKY, KXVENEZUELALEADER-26DEC31-NMAD"
none,73,False,0,0.1879987587731291,0.3143824654006925,-0.12512226569299062,0.1879987587731291,0.3143824654006925,-0.12512226569299062,1.0,0.0,,"KXF1-26-KA, KXVENEZUELALEADER-26DEC31-NMAD, KXRATECUTCOUNT-26DEC31-T0","KXF1-26-KA, KXVENEZUELALEADER-26DEC31-NMAD, KXRATECUTCOUNT-26DEC31-T0"
none,74,True,1,0.11460973530054716,0.1652340265001097,-0.08156293000052522,0.1126104553017774,0.20850088994133487,-0.07091027731351043,0.792485953161164,0.001999279998769754,KXTAKEOVERACQWB-27JUN30-NFLX+KXTAKEOVERACQWB-27JUN30-PSKY,"KXGOVCA-26-XBEC, KXTAKEOVERACQWB-27JUN30-NFLX, KXTAKEOVERACQWB-27JUN30-PSKY","KXNBA-27-HOU, KXGOVCA-26-XBEC, KXTAKEOVERACQWB-27JUN30-PSKY"
none,75,True,1,0.1416846253152999,0.1204000000000003,-0.11760462531529985,0.06333812095480612,0.15960572197904146,-0.031416976558997826,0.754358919637045,0.07834650436049378,CONTROLS-2026-D+CONTROLS-2026-R,"CONTROLS-2026-D, CONTROLS-2026-R, KXVENEZUELALEADER-26DEC31-NMAD","KXNBA-27-ORL, KXINXY-26DEC31H1600-B6300, KXVENEZUELALEADER-26DEC31-NMAD"
none,76,True,1,0.0753092318688034,0.12039999999999998,-0.0512292318688034,0.07353158479430028,0.3464919309204026,-0.004233198610219757,0.3474828394421073,0.0017776470745031192,SENATEMI-26-D+SENATEMI-26-R,"KXVENEZUELALEADER-26DEC31-NMAD, SENATEMI-26-D, SENATEMI-26-R","KXGOVCA-26-SHIL, SENATEME-26-D, KXVENEZUELALEADER-26DEC31-NMAD"
none,77,True,1,0.15225834061412713,0.08025599999999977,-0.13620714061412717,0.1981250328979859,0.3308948719753582,-0.13194605850291424,0.24254229000555938,-0.045866692283858757,CONTROLH-2026-D+CONTROLH-2026-R,"CONTROLH-2026-D, CONTROLH-2026-R, KXRATECUTCOUNT-26DEC31-T0","CONTROLH-2026-D, KXVENEZUELALEADER-26DEC31-NMAD, KXRATECUTCOUNT-26DEC31-T0"
none,78,True,1,0.12435154903143841,0.12039999999999998,-0.10027154903143842,0.1629889033128724,0.4825835095548271,-0.06647220140190699,0.24949049774010387,-0.038637354281434,SENATEMI-26-D+SENATEMI-26-R,"KXVENEZUELALEADER-26DEC31-NMAD, SENATEMI-26-D, SENATEMI-26-R","KXFEDDECISION-26SEP-H25, KXF1-26-KA, KXVENEZUELALEADER-26DEC31-NMAD"
none,79,True,1,0.1400429931884581,0.1131039855882958,-0.11742219607079893,0.18608674880793108,0.42401596046948375,-0.10128355671403433,0.2667446420249453,-0.04604375561947299,KXRATECUTCOUNT-26DEC31-T0+KXRATECUTCOUNT-26DEC31-T1,"KXF1-26-KA, KXRATECUTCOUNT-26DEC31-T0, KXRATECUTCOUNT-26DEC31-T1","KXF1-26-KA, KXRATECUTCOUNT-26DEC31-T0, SENATEMI-26-D"
none,80,True,1,0.06125978045062075,0.019598332364355084,-0.05734011397774973,0.049545473018551556,0.2750371409980655,0.005461955181061545,0.0712570392974414,0.011714307432069193,SENATETX-26-D+SENATETX-26-R,"SENATETX-26-D, SENATETX-26-R, KXMLBAL-26-SEA","SENATETX-26-D, KXMLBAL-26-SEA, KXVENEZUELALEADER-26DEC31-DFIG"
none,81,True,1,0.12402430392180042,0.1131000000000001,-0.10140430392180039,0.08092319870738307,0.27164150571337287,-0.026594897564708495,0.41635758019740726,0.043101105214417346,CONTROLS-2026-D+CONTROLS-2026-R,"CONTROLS-2026-D, CONTROLS-2026-R, KXF1-26-KA","KXGOVCA-26-XBEC, KXF1-26-KA, KXVENEZUELALEADER-26DEC31-NMAD"
none,82,True,1,0.11030393577005165,0.16537943147401532,-0.07722804947524858,0.041279588329325254,0.19145586903387252,-0.0029884145225507475,0.8637992259446289,0.0690243474407264,KXFEDDECISION-26SEP-H0+KXFEDDECISION-26SEP-H25,"KXFEDDECISION-26SEP-H0, KXFEDDECISION-26SEP-H25, KXTAKEOVERACQWB-27JUN30-PSKY","KXINXY-26DEC31H1600-B6300, KXTAKEOVERACQWB-27JUN30-PSKY, KXALIENS-26NOV"
none,83,True,1,0.07675815126493524,0.040236000000000105,-0.06871095126493522,0.09021274687201604,0.32807649012273027,-0.024597448847469977,0.12264213136682912,-0.013454595607080802,CONTROLS-2026-D+CONTROLS-2026-R,"KXGOVCA-26-XBEC, CONTROLS-2026-D, CONTROLS-2026-R","KXFEDDECISION-26SEP-H25, KXGOVCA-26-XBEC, KXRATECUTCOUNT-26DEC31-T1"
none,84,True,1,0.11119458498566731,0.1204000000000002,-0.08711458498566726,0.1637089818605053,0.3888460710158977,-0.08593976765732576,0.30963409167397177,-0.052514396874838,KXGOVCA-26-SHIL+KXGOVCA-26-XBEC,"KXGOVCA-26-SHIL, KXGOVCA-26-XBEC, KXVENEZUELALEADER-26DEC31-NMAD","KXGOVCA-26-XBEC, KXBALLONDOR-26-HKAN, KXVENEZUELALEADER-26DEC31-NMAD"
none,85,True,1,0.05480531583192333,0.04023600000000027,-0.046758115831923276,0.11034386896310788,0.45259956481173624,-0.01982395600076063,0.08889977615585397,-0.055538553131184554,SENATEME-26-D+SENATEME-26-R,"KXGOVCA-26-XBEC, SENATEME-26-D, SENATEME-26-R","KXGOVCA-26-XBEC, SENATEME-26-D, SENATEMI-26-D"
none,86,True,1,0.08590357760157047,0.08025599999999998,-0.06985237760157047,0.08737832401989938,0.31389251522979067,-0.02459982097394124,0.2556798780029754,-0.0014747464183289122,SENATEME-26-D+SENATEME-26-R,"SENATEME-26-D, SENATEME-26-R, KXRATECUTCOUNT-26DEC31-T0","SENATEME-26-D, KXRATECUTCOUNT-26DEC31-T0, KXNASCARCUPSERIES-NCS26-BWAL"
none,87,True,1,0.16785282514707264,0.12550517093293478,-0.14275179096048568,0.19172054256622162,0.35105579630542944,-0.12150938330513573,0.3575077587488155,-0.023867717419148976,KXVENEZUELALEADER-26DEC31-DROD+KXVENEZUELALEADER-26DEC31-NMAD,"KXVENEZUELALEADER-26DEC31-DROD, KXVENEZUELALEADER-26DEC31-NMAD, KXRATECUTCOUNT-26DEC31-T0","KXTAKEOVERACQWB-27JUN30-PSKY, KXVENEZUELALEADER-26DEC31-NMAD, KXRATECUTCOUNT-26DEC31-T0"
none,88,True,1,0.1524297423093649,0.12040000000000006,-0.12834974230936488,0.1988937145255134,0.46459516475495255,-0.10597468157452289,0.2591503509587841,-0.04646397221614851,SENATEME-26-D+SENATEME-26-R,"SENATEME-26-D, SENATEME-26-R, KXVENEZUELALEADER-26DEC31-NMAD","KXF1-26-KA, KXVENEZUELALEADER-26DEC31-NMAD, SENATEMI-26-D"
none,89,True,3,0.09286707329821517,0.03015850947891248,-0.08683537140243268,0.12603875037073287,0.35231716540134717,-0.05557531729046343,0.0856004544784441,-0.0331716770725177,KXVENEZUELALEADER-26DEC31-DROD+KXVENEZUELALEADER-26DEC31-JROD;KXVENEZUELALEADER-26DEC31-DROD+KXVENEZUELALEADER-26DEC31-NMAD;KXVENEZUELALEADER-26DEC31-JROD+KXVENEZUELALEADER-26DEC31-NMAD,"KXVENEZUELALEADER-26DEC31-DROD, KXVENEZUELALEADER-26DEC31-JROD, KXVENEZUELALEADER-26DEC31-NMAD","SENATEME-26-D, KXINXY-26DEC31H1600-B6700, KXVENEZUELALEADER-26DEC31-NMAD"
none,90,True,1,0.14415776033700767,0.1131000000000001,-0.12153776033700764,0.13266622131428352,0.38619507445682155,-0.055427206422919206,0.2928571788728114,0.011491539022724151,CONTROLS-2026-D+CONTROLS-2026-R,"CONTROLS-2026-D, CONTROLS-2026-R, KXF1-26-KA","KXF1-26-KA, KXTAKEOVERACQWB-27JUN30-PSKY, KXVENEZUELALEADER-26DEC31-NMAD"
none,91,True,1,0.11606791447474263,0.12040790897867854,-0.09198633267900692,0.14597693526400346,0.518364043087416,-0.04230412664652025,0.23228445449556992,-0.029909020789260832,SENATEOHS-26-D+SENATEOHS-26-R,"KXVENEZUELALEADER-26DEC31-NMAD, SENATEOHS-26-D, SENATEOHS-26-R","KXATP-26USO-ALC, KXTAKEOVERACQWB-27JUN30-PSKY, KXVENEZUELALEADER-26DEC31-NMAD"
none,92,True,1,0.12252495459565071,0.08025599999999977,-0.10647375459565075,0.12132684581973341,0.22960798391737697,-0.075405249036258,0.34953488389532394,0.001198108775917306,CONTROLH-2026-D+CONTROLH-2026-R,"CONTROLH-2026-D, CONTROLH-2026-R, KXRATECUTCOUNT-26DEC31-T0","CONTROLH-2026-D, KXGOVCA-26-XBEC, KXRATECUTCOUNT-26DEC31-T0"
none,93,True,1,0.09070248107808432,0.1131000000000001,-0.06808248107808429,0.11039286300948839,0.37751833085279324,-0.03488919683892974,0.29958810144268594,-0.019690381931404072,CONTROLS-2026-D+CONTROLS-2026-R,"CONTROLS-2026-D, CONTROLS-2026-R, KXF1-26-KA","CONTROLS-2026-R, KXF1-26-KA, KXWNBA-26-WSH"
none,94,True,1,0.11980110472688837,0.2547307209889375,-0.06885496052910087,0.14233182323131033,0.497149704221323,-0.04290188238704573,0.5123823243300886,-0.022530718504421954,KXATP-26USO-ALC+KXATP-26USO-ZVE,"KXATP-26USO-ALC, KXATP-26USO-ZVE, KXVENEZUELALEADER-26DEC31-NMAD","CONTROLH-2026-D, KXATP-26USO-ALC, KXVENEZUELALEADER-26DEC31-NMAD"
none,95,True,1,0.17054873417560007,0.1131039855882958,-0.1479279370579409,0.16470377640041317,0.20927237701712192,-0.12284930099698879,0.5404630424733123,0.005844957775186899,KXRATECUTCOUNT-26DEC31-T0+KXRATECUTCOUNT-26DEC31-T1,"KXF1-26-KA, KXRATECUTCOUNT-26DEC31-T0, KXRATECUTCOUNT-26DEC31-T1","KXF1-26-KA, KXWNBA-26-WSH, KXRATECUTCOUNT-26DEC31-T0"
none,96,True,1,0.1573604391013368,0.1131000000000001,-0.13474043910133676,0.19506448405767318,0.3143824654006925,-0.1321879909775347,0.3597528884311338,-0.03770404495633639,CONTROLS-2026-D+CONTROLS-2026-R,"CONTROLS-2026-D, CONTROLS-2026-R, KXF1-26-KA","KXF1-26-KA, KXVENEZUELALEADER-26DEC31-NMAD, KXRATECUTCOUNT-26DEC31-T0"
none,97,True,1,0.11152847535234711,0.12039999999999988,-0.08744847535234714,0.12004360157036231,0.3308948719753582,-0.05386462717529067,0.3638617887344174,-0.008515126218015201,CONTROLH-2026-D+CONTROLH-2026-R,"CONTROLH-2026-D, CONTROLH-2026-R, KXVENEZUELALEADER-26DEC31-NMAD","CONTROLH-2026-D, KXVENEZUELALEADER-26DEC31-NMAD, KXRATECUTCOUNT-26DEC31-T0"
none,98,False,0,0.12265820576841002,0.22960798391737697,-0.07673660898493462,0.12265820576841002,0.22960798391737697,-0.07673660898493462,1.0,0.0,,"CONTROLH-2026-D, KXGOVCA-26-XBEC, KXRATECUTCOUNT-26DEC31-T0","CONTROLH-2026-D, KXGOVCA-26-XBEC, KXRATECUTCOUNT-26DEC31-T0"
none,99,True,1,0.08950376559681034,0.08025599999999991,-0.07345256559681035,0.16799875618931426,0.5481601503205588,-0.058366726125202495,0.14640976720592874,-0.07849499059250392,SENATEMI-26-D+SENATEMI-26-R,"KXRATECUTCOUNT-26DEC31-T0, SENATEMI-26-D, SENATEMI-26-R","KXATP-26USO-ALC, KXBALLONDOR-26-HKAN, KXRATECUTCOUNT-26DEC31-T0"
cap,frozen,True,1,0.0017955421490133301,0.01959999999999998,0.0021244578509866654,0.005144598654087996,0.05855271737341708,0.00656594482059542,0.3347410825530426,-0.0033490565050746657,SENATEMI-26-D+SENATEMI-26-R,"KXATP-26USO-MUS, SENATEMI-26-D, SENATEMI-26-R","KXATP-26USO-MUS, KXOSCARPIC-27-SOC, KXWNBA-26-WSH"
cap,0,True,1,0.0018487541804698068,0.019599999999999784,0.0020712458195301505,0.005340931284833105,0.05820669506872042,0.006300407728910979,0.33673102341336314,-0.0034921771043632983,CONTROLH-2026-D+CONTROLH-2026-R,"CONTROLH-2026-D, CONTROLH-2026-R, KXNFLNFCCHAMP-27-ATL","KXNBA-27-ORL, KXNFLNFCCHAMP-27-ATL, KXINXY-26DEC31H1600-B6300"
cap,1,True,1,0.11228492649454558,0.24056737599931016,-0.06417145129468355,0.11385164206686538,0.2895555454343851,-0.055940532979988355,0.8308159860603467,-0.001566715572319799,KXTAKEOVERACQWB-27JUN30-NFLX+KXTAKEOVERACQWB-27JUN30-PSKY,"KXF1-26-KA, KXTAKEOVERACQWB-27JUN30-NFLX, KXTAKEOVERACQWB-27JUN30-PSKY","KXNFLNFCCHAMP-27-NO, KXF1-26-KA, KXTAKEOVERACQWB-27JUN30-PSKY"
cap,2,True,3,0.04254950943340252,0.08195970009968134,-0.026157569413466253,0.04780041022664601,0.26009496227918394,0.004218582229190783,0.3151145234858737,-0.005250900793243488,KXBALLONDOR-26-HKAN+KXBALLONDOR-26-KMBA;KXBALLONDOR-26-HKAN+KXBALLONDOR-26-LYAM;KXBALLONDOR-26-KMBA+KXBALLONDOR-26-LYAM,"KXBALLONDOR-26-HKAN, KXBALLONDOR-26-KMBA, KXBALLONDOR-26-LYAM","KXBALLONDOR-26-HKAN, KXNFLAFCCHAMP-27-TEN, KXNASCARCUPSERIES-NCS26-BWAL"
cap,3,True,3,0.05000000000000004,0.047498660814540905,-0.040500267837091854,0.053938337341208065,0.14858034838296488,-0.024222267664615087,0.319683331823354,-0.003938337341208027,KXF1-26-GR+KXF1-26-KA;KXF1-26-GR+KXF1-26-LN;KXF1-26-KA+KXF1-26-LN,"KXF1-26-GR, KXF1-26-KA, KXF1-26-LN","KXNFLNFCCHAMP-27-ATL, KXF1-26-KA, KXALIENS-26NOV"
cap,4,True,1,0.001706882772961115,0.019600000000000062,0.002213117227038898,0.004781727390792363,0.05851921145143427,0.006922114899494493,0.3349327428355099,-0.003074844617831248,CONTROLS-2026-D+CONTROLS-2026-R,"KXNBA-27-ORL, CONTROLS-2026-D, CONTROLS-2026-R","KXNBA-27-ORL, KXNFLNFCCHAMP-27-ATL, KXBTCMAXY-26DEC31-199999.99"
cap,5,True,1,0.0019424976112167973,0.019600000000000208,0.0019775023887832442,0.005514217041985549,0.05909090649325507,0.006303964256665465,0.33169232227360484,-0.0035717194307687515,KXGOVCA-26-SHIL+KXGOVCA-26-XBEC,"KXGOVCA-26-SHIL, KXGOVCA-26-XBEC, KXINXY-26DEC31H1600-B6700","KXNBA-27-CLE, KXNFLNFCCHAMP-27-NO, KXINXY-26DEC31H1600-B6700"
cap,6,True,3,0.05979007235334269,0.08195970009968134,-0.04339813233340642,0.004728902306864308,0.05829711301792179,0.00693052029672005,1.4058963790279833,0.05506117004647838,KXBALLONDOR-26-HKAN+KXBALLONDOR-26-KMBA;KXBALLONDOR-26-HKAN+KXBALLONDOR-26-LYAM;KXBALLONDOR-26-KMBA+KXBALLONDOR-26-LYAM,"KXBALLONDOR-26-HKAN, KXBALLONDOR-26-KMBA, KXBALLONDOR-26-LYAM","KXNBA-27-HOU, KXOSCARPIC-27-AVEN, KXWNBA-26-WSH"
cap,7,True,1,0.049992971422064186,0.1461689632382756,-0.020759178774409064,0.051499050055280604,0.19154235457521682,-0.01319057914023724,0.7631156229776662,-0.0015060786332164178,KXTAKEOVERACQWB-27JUN30-NFLX+KXTAKEOVERACQWB-27JUN30-PSKY,"KXINXY-26DEC31H1600-B8900, KXTAKEOVERACQWB-27JUN30-NFLX, KXTAKEOVERACQWB-27JUN30-PSKY","KXINXY-26DEC31H1600-B8900, KXTAKEOVERACQWB-27JUN30-PSKY, KXOSCARPIC-27-BEH"
cap,8,True,3,0.04999999999999989,0.047498660814540905,-0.04050026783709171,0.061018232580533405,0.15150486170094032,-0.030717260240345337,0.3135124528762637,-0.011018232580533513,KXF1-26-GR+KXF1-26-KA;KXF1-26-GR+KXF1-26-LN;KXF1-26-KA+KXF1-26-LN,"KXF1-26-GR, KXF1-26-KA, KXF1-26-LN","KXF1-26-KA, KXNFLAFCCHAMP-27-PIT, KXWNBA-26-WSH"
cap,9,False,0,0.1699606496583318,0.47172768231781137,-0.07561511319476952,0.1699606496583318,0.47172768231781137,-0.07561511319476952,1.0,0.0,,"KXBALLONDOR-26-HKAN, KXF1-26-KA, KXTAKEOVERACQWB-27JUN30-PSKY","KXBALLONDOR-26-HKAN, KXF1-26-KA, KXTAKEOVERACQWB-27JUN30-PSKY"
cap,10,True,3,0.04525492975174231,0.08195970009968134,-0.028862989731806038,0.0032422650593845366,0.05852520576182604,0.008462776092980672,1.400417119987997,0.04201266469235777,KXBALLONDOR-26-HKAN+KXBALLONDOR-26-KMBA;KXBALLONDOR-26-HKAN+KXBALLONDOR-26-LYAM;KXBALLONDOR-26-KMBA+KXBALLONDOR-26-LYAM,"KXBALLONDOR-26-HKAN, KXBALLONDOR-26-KMBA, KXBALLONDOR-26-LYAM","KXINXY-26DEC31H1600-B8900, KXOSCARPIC-27-PRO, KXBTCMAXY-26DEC31-199999.99"
cap,11,True,1,0.0016898009530835895,0.019600000000000107,0.002230199046916432,0.004812580556378499,0.0586635621147414,0.006920131866569781,0.3341085896158849,-0.0031227796032949097,CONTROLS-2026-D+CONTROLS-2026-R,"CONTROLS-2026-D, CONTROLS-2026-R, KXOSCARPIC-27-PRO","KXNBA-27-ORL, KXINXY-26DEC31H1600-B8900, KXOSCARPIC-27-PRO"
cap,12,True,3,0.03967552207144165,0.047498660814540905,-0.030175789908533465,0.0439905647167978,0.14745399332997183,-0.014499766050803428,0.32212529306173915,-0.0043150426453561486,KXF1-26-GR+KXF1-26-KA;KXF1-26-GR+KXF1-26-LN;KXF1-26-KA+KXF1-26-LN,"KXF1-26-GR, KXF1-26-KA, KXF1-26-LN","KXFEDDECISION-26SEP-H26, KXF1-26-KA, KXWNBA-26-WSH"
cap,13,True,3,0.039868643585998786,0.047498660814540905,-0.030368911423090603,0.04733205204043725,0.15475006731007018,-0.016382038578423214,0.30693790083702266,-0.007463408454438464,KXF1-26-GR+KXF1-26-KA;KXF1-26-GR+KXF1-26-LN;KXF1-26-KA+KXF1-26-LN,"KXF1-26-GR, KXF1-26-KA, KXF1-26-LN","KXF1-26-KA, KXNFLAFCCHAMP-27-PIT, KXOSCARPIC-27-PRO"
cap,14,True,3,0.061002277155873585,0.08195970009968134,-0.04461033713593732,0.09269094901406333,0.39510760528167854,-0.013669427957727617,0.2074364021448055,-0.03168867185818974,KXBALLONDOR-26-HKAN+KXBALLONDOR-26-KMBA;KXBALLONDOR-26-HKAN+KXBALLONDOR-26-LYAM;KXBALLONDOR-26-KMBA+KXBALLONDOR-26-LYAM,"KXBALLONDOR-26-HKAN, KXBALLONDOR-26-KMBA, KXBALLONDOR-26-LYAM","KXNBA-27-HOU, KXBALLONDOR-26-HKAN, KXTAKEOVERACQWB-27JUN30-PSKY"
cap,15,True,1,0.001975658804911618,0.019600000000000218,0.001944341195088426,0.0053620908464870574,0.058293373506908594,0.006296583854894662,0.3362303263796757,-0.0033864320415754393,KXGOVCA-26-SHIL+KXGOVCA-26-XBEC,"KXGOVCA-26-SHIL, KXGOVCA-26-XBEC, KXOSCARPIC-27-SOC","KXNBA-27-CLE, KXNFLNFCCHAMP-27-ATL, KXOSCARPIC-27-SOC"
cap,16,True,3,0.05000000000000017,0.047498660814540905,-0.040500267837091986,0.054455991284185955,0.15458642859846952,-0.02353870556449205,0.3072628124291317,-0.0044559912841857854,KXF1-26-GR+KXF1-26-KA;KXF1-26-GR+KXF1-26-LN;KXF1-26-KA+KXF1-26-LN,"KXF1-26-GR, KXF1-26-KA, KXF1-26-LN","KXNBA-27-TOR, KXF1-26-KA, KXNFLAFCCHAMP-27-PIT"
cap,17,True,1,0.04514919711109408,0.14709159176380038,-0.015730878758334003,0.04922967254655626,0.19138181908202317,-0.010953308730151622,0.7685766206494217,-0.00408047543546218,KXTAKEOVERACQWB-27JUN30-NFLX+KXTAKEOVERACQWB-27JUN30-PSKY,"KXNBA-27-TOR, KXTAKEOVERACQWB-27JUN30-NFLX, KXTAKEOVERACQWB-27JUN30-PSKY","KXNBA-27-TOR, KXNFLNFCCHAMP-27-NO, KXTAKEOVERACQWB-27JUN30-PSKY"
cap,18,True,3,0.04954081744566783,0.047498660814540905,-0.040041085282759646,0.0556615559865974,0.1484156362032655,-0.0259784287459443,0.3200381174763028,-0.0061207385409295725,KXF1-26-GR+KXF1-26-KA;KXF1-26-GR+KXF1-26-LN;KXF1-26-KA+KXF1-26-LN,"KXF1-26-GR, KXF1-26-KA, KXF1-26-LN","KXNFLNFCCHAMP-27-ATL, KXF1-26-KA, KXOSCARPIC-27-PRO"
cap,19,True,3,0.031688459608796765,0.047498660814540905,-0.02218872744588858,0.038589308021019564,0.14821097192827784,-0.008947113635363994,0.3204800575596146,-0.006900848412222799,KXF1-26-GR+KXF1-26-KA;KXF1-26-GR+KXF1-26-LN;KXF1-26-KA+KXF1-26-LN,"KXF1-26-GR, KXF1-26-KA, KXF1-26-LN","KXNFLNFCCHAMP-27-ATL, KXF1-26-KA, KXINXY-26DEC31H1600-B8900"
cap,20,True,3,0.04367097379722869,0.1976624067771728,-0.004138492441794123,0.0032913619913260313,0.0588386682061624,0.00847637164990645,3.3593963426329023,0.04037961180590266,KXOSCARPIC-27-BLA+KXOSCARPIC-27-DUN;KXOSCARPIC-27-BLA+KXOSCARPIC-27-ODY;KXOSCARPIC-27-DUN+KXOSCARPIC-27-ODY,"KXOSCARPIC-27-BLA, KXOSCARPIC-27-DUN, KXOSCARPIC-27-ODY","KXOSCARPIC-27-AVEN, KXWNBA-26-WSH, KXALIENS-26NOV"
cap,21,True,1,0.050056919985553394,0.14708759839199165,-0.020639400307155064,0.04940681568627296,0.19125370517019136,-0.011156074652234685,0.7690705822462497,0.0006501042992804323,KXTAKEOVERACQWB-27JUN30-NFLX+KXTAKEOVERACQWB-27JUN30-PSKY,"KXTAKEOVERACQWB-27JUN30-NFLX, KXTAKEOVERACQWB-27JUN30-PSKY, KXOSCARPIC-27-AVEN","KXINXY-26DEC31H1600-B8900, KXTAKEOVERACQWB-27JUN30-PSKY, KXOSCARPIC-27-AVEN"
cap,22,True,1,0.12033564600211574,0.22747827861054576,-0.0748399902800066,0.12031429828597129,0.2869376159516062,-0.06292677509565003,0.7927795658862355,2.1347716144454187e-05,KXF1-26-GR+KXF1-26-KA,"KXF1-26-GR, KXF1-26-KA, KXTAKEOVERACQWB-27JUN30-PSKY","KXF1-26-KA, KXTAKEOVERACQWB-27JUN30-PSKY, KXNFLAFCCHAMP-27-PIT"
cap,23,True,1,0.10184595541926773,0.3559789004575134,-0.030650175327765053,0.10085403023192176,0.395620531122715,-0.021729924007378748,0.899798853834243,0.0009919251873459767,KXTAKEOVERACQWB-27JUN30-NFLX+KXTAKEOVERACQWB-27JUN30-PSKY,"KXBALLONDOR-26-HKAN, KXTAKEOVERACQWB-27JUN30-NFLX, KXTAKEOVERACQWB-27JUN30-PSKY","KXBALLONDOR-26-HKAN, KXMLBAL-26-SEA, KXTAKEOVERACQWB-27JUN30-PSKY"
cap,24,True,3,0.03411432970777009,0.08195970009968134,-0.017722389687833823,0.005103740453700576,0.058691454679818546,0.006634550482263133,1.3964503103015393,0.029010589254069515,KXBALLONDOR-26-HKAN+KXBALLONDOR-26-KMBA;KXBALLONDOR-26-HKAN+KXBALLONDOR-26-LYAM;KXBALLONDOR-26-KMBA+KXBALLONDOR-26-LYAM,"KXBALLONDOR-26-HKAN, KXBALLONDOR-26-KMBA, KXBALLONDOR-26-LYAM","KXNBA-27-CLE, KXNFLNFCCHAMP-27-ATL, KXINXY-26DEC31H1600-B6300"
cap,25,True,1,0.07430254018479222,0.1475593833966493,-0.04479066350546236,0.0720418007803625,0.19237600848865746,-0.033566599082631,0.7670363085080303,0.0022607394044297235,KXTAKEOVERACQWB-27JUN30-NFLX+KXTAKEOVERACQWB-27JUN30-PSKY,"KXTAKEOVERACQWB-27JUN30-NFLX, KXTAKEOVERACQWB-27JUN30-PSKY, KXBTCMAXY-26DEC31-199999.99","KXNFLNFCCHAMP-27-NO, KXTAKEOVERACQWB-27JUN30-PSKY, KXBTCMAXY-26DEC31-199999.99"
cap,26,True,1,0.09985549504825036,0.24054531481536515,-0.05174643208517733,0.1333434868412171,0.47172768231781137,-0.03899795037765483,0.5099241020443347,-0.03348799179296674,KXBALLONDOR-26-HKAN+KXBALLONDOR-26-LYAM,"KXBALLONDOR-26-HKAN, KXBALLONDOR-26-LYAM, KXF1-26-KA","KXBALLONDOR-26-HKAN, KXF1-26-KA, KXTAKEOVERACQWB-27JUN30-PSKY"
cap,27,True,1,0.0019178265285783036,0.0195999999999999,0.0020021734714216763,0.004713019094053698,0.05806037383020218,0.00689905567198674,0.33757963834887084,-0.002795192565475394,SENATEMI-26-D+SENATEMI-26-R,"SENATEMI-26-D, SENATEMI-26-R, KXALIENS-26NOV","KXNFLAFCCHAMP-27-TEN, KXWNBA-26-WSH, KXALIENS-26NOV"
cap,28,True,1,0.06083234132815722,0.14618500511665028,-0.03159534030482716,0.059386998068144986,0.19169167773969326,-0.021048662520206332,0.7626048602650423,0.0014453432600122357,KXTAKEOVERACQWB-27JUN30-NFLX+KXTAKEOVERACQWB-27JUN30-PSKY,"KXNFLNFCCHAMP-27-NO, KXTAKEOVERACQWB-27JUN30-NFLX, KXTAKEOVERACQWB-27JUN30-PSKY","KXNBA-27-IND, KXNFLNFCCHAMP-27-NO, KXTAKEOVERACQWB-27JUN30-PSKY"
cap,29,True,1,0.03997779903609687,0.1461689632382756,-0.010744006388441748,0.04152404927753739,0.191919564401088,-0.003140136397319783,0.7616157513404973,-0.0015462502414405194,KXTAKEOVERACQWB-27JUN30-NFLX+KXTAKEOVERACQWB-27JUN30-PSKY,"KXINXY-26DEC31H1600-B8900, KXTAKEOVERACQWB-27JUN30-NFLX, KXTAKEOVERACQWB-27JUN30-PSKY","KXINXY-26DEC31H1600-B8900, KXTAKEOVERACQWB-27JUN30-PSKY, KXBTCMAXY-26DEC31-199999.99"
cap,30,True,1,0.03143304399928132,0.1471001285997867,-0.002013018279323979,0.03197869552086925,0.19123816974292937,0.006268938427716628,0.7691985799567369,-0.0005456515215879337,KXTAKEOVERACQWB-27JUN30-NFLX+KXTAKEOVERACQWB-27JUN30-PSKY,"KXNBA-27-IND, KXTAKEOVERACQWB-27JUN30-NFLX, KXTAKEOVERACQWB-27JUN30-PSKY","KXNBA-27-IND, KXINXY-26DEC31H1600-B8900, KXTAKEOVERACQWB-27JUN30-PSKY"
cap,31,True,1,0.0018544145979702796,0.01959999999999998,0.002065585402029716,0.004785845399237761,0.0586019732307885,0.006934549246919939,0.3344597275387045,-0.0029314308012674817,SENATEMI-26-D+SENATEMI-26-R,"KXOSCARPIC-27-BEH, SENATEMI-26-D, SENATEMI-26-R","KXNFLAFCCHAMP-27-TEN, KXOSCARPIC-27-BEH, KXBTCMAXY-26DEC31-199999.99"
cap,32,True,1,0.13504240506084478,0.24056737599931016,-0.08692892986098275,0.1355199429733592,0.2851735812977906,-0.07848522671380109,0.8435822662973094,-0.00047753791251442523,KXTAKEOVERACQWB-27JUN30-NFLX+KXTAKEOVERACQWB-27JUN30-PSKY,"KXF1-26-KA, KXTAKEOVERACQWB-27JUN30-NFLX, KXTAKEOVERACQWB-27JUN30-PSKY","KXF1-26-KA, KXTAKEOVERACQWB-27JUN30-PSKY, KXALIENS-26NOV"
cap,33,True,1,0.0861581562496622,0.24054531481536515,-0.03804909328658916,0.08949686943211735,0.34114578783516,-0.021267711865085345,0.7051100244907479,-0.0033387131824551552,KXBALLONDOR-26-HKAN+KXBALLONDOR-26-LYAM,"KXBALLONDOR-26-HKAN, KXBALLONDOR-26-LYAM, KXF1-26-KA","KXBALLONDOR-26-HKAN, KXF1-26-KA, KXOSCARPIC-27-PRO"
cap,34,True,1,0.0018323021982123086,0.01959999999999998,0.002087697801787687,0.005348152509095733,0.05870724696683069,0.006393296884270407,0.3338599749205389,-0.003515850310883424,SENATEMI-26-D+SENATEMI-26-R,"KXOSCARPIC-27-PRO, SENATEMI-26-D, SENATEMI-26-R","KXNBA-27-HOU, KXOSCARPIC-27-PRO, KXALIENS-26NOV"
cap,35,True,1,0.08183545218839963,0.1467570600487855,-0.05248404017864253,0.08048637872284019,0.19290633408982785,-0.041905111904874615,0.7607684876767566,0.0013490734655594444,KXTAKEOVERACQWB-27JUN30-NFLX+KXTAKEOVERACQWB-27JUN30-PSKY,"KXMLBAL-26-SEA, KXTAKEOVERACQWB-27JUN30-NFLX, KXTAKEOVERACQWB-27JUN30-PSKY","KXNBA-27-IND, KXMLBAL-26-SEA, KXTAKEOVERACQWB-27JUN30-PSKY"
cap,36,True,1,0.07371069802573232,0.1467570600487855,-0.04435928601597522,0.07307152619202475,0.19237581372168377,-0.034596363447687996,0.762866481028138,0.0006391718337075691,KXTAKEOVERACQWB-27JUN30-NFLX+KXTAKEOVERACQWB-27JUN30-PSKY,"KXMLBAL-26-SEA, KXTAKEOVERACQWB-27JUN30-NFLX, KXTAKEOVERACQWB-27JUN30-PSKY","KXNBA-27-TOR, KXMLBAL-26-SEA, KXTAKEOVERACQWB-27JUN30-PSKY"
cap,37,True,3,0.05000000000000005,0.047498660814540905,-0.04050026783709187,0.08549568286426275,0.2816138915318521,-0.029172904557892322,0.1686659012315397,-0.0354956828642627,KXF1-26-GR+KXF1-26-KA;KXF1-26-GR+KXF1-26-LN;KXF1-26-KA+KXF1-26-LN,"KXF1-26-GR, KXF1-26-KA, KXF1-26-LN","KXF1-26-KA, KXTAKEOVERACQWB-27JUN30-PSKY, KXWNBA-26-WSH"
cap,38,True,3,0.04025513546715497,0.047498660814540905,-0.030755403304246788,0.04319448811655999,0.1525518867763339,-0.012684110761293204,0.3113606905706891,-0.002939352649405015,KXF1-26-GR+KXF1-26-KA;KXF1-26-GR+KXF1-26-LN;KXF1-26-KA+KXF1-26-LN,"KXF1-26-GR, KXF1-26-KA, KXF1-26-LN","KXF1-26-KA, KXINXY-26DEC31H1600-B8900, KXOSCARPIC-27-BEH"
cap,39,True,1,0.0807516697594904,0.14709781424181997,-0.0513321069111264,0.08194327116195124,0.1931275264658277,-0.0433177658687857,0.7616615659800712,-0.001191601402460843,KXTAKEOVERACQWB-27JUN30-NFLX+KXTAKEOVERACQWB-27JUN30-PSKY,"KXNBA-27-CLE, KXTAKEOVERACQWB-27JUN30-NFLX, KXTAKEOVERACQWB-27JUN30-PSKY","KXFEDDECISION-26SEP-H26, KXNBA-27-CLE, KXTAKEOVERACQWB-27JUN30-PSKY"
cap,40,True,3,0.04593339243148076,0.047498660814540905,-0.036433660268572574,0.050314815937003605,0.15473375186241187,-0.019368065564521232,0.30697026500576535,-0.004381423505522848,KXF1-26-GR+KXF1-26-KA;KXF1-26-GR+KXF1-26-LN;KXF1-26-KA+KXF1-26-LN,"KXF1-26-GR, KXF1-26-KA, KXF1-26-LN","KXF1-26-KA, KXNFLAFCCHAMP-27-PIT, KXOSCARPIC-27-AVEN"
cap,41,True,1,0.08918057896123341,0.24056737599931016,-0.041067103761371376,0.08782297681018804,0.284243674689971,-0.03097424187219383,0.8463420558494423,0.00135760215104537,KXTAKEOVERACQWB-27JUN30-NFLX+KXTAKEOVERACQWB-27JUN30-PSKY,"KXF1-26-KA, KXTAKEOVERACQWB-27JUN30-NFLX, KXTAKEOVERACQWB-27JUN30-PSKY","KXF1-26-KA, KXINXY-26DEC31H1600-B8900, KXTAKEOVERACQWB-27JUN30-PSKY"
cap,42,True,1,0.06277801476392093,0.1471121749611508,-0.03335557977169077,0.06167530056639222,0.193057168217585,-0.023063866922875216,0.762013533708047,0.0011027141975287133,KXTAKEOVERACQWB-27JUN30-NFLX+KXTAKEOVERACQWB-27JUN30-PSKY,"KXFEDDECISION-26SEP-H26, KXTAKEOVERACQWB-27JUN30-NFLX, KXTAKEOVERACQWB-27JUN30-PSKY","KXFEDDECISION-26SEP-H26, KXTAKEOVERACQWB-27JUN30-PSKY, KXOSCARPIC-27-PRO"
cap,43,True,1,0.03830689870243062,0.14711341591515745,-0.008884215519399129,0.036172739394315166,0.19217395354438227,0.0022620513145612878,0.7655221386762063,0.0021341593081154533,KXTAKEOVERACQWB-27JUN30-NFLX+KXTAKEOVERACQWB-27JUN30-PSKY,"KXNBA-27-HOU, KXTAKEOVERACQWB-27JUN30-NFLX, KXTAKEOVERACQWB-27JUN30-PSKY","KXNBA-27-HOU, KXNFLNFCCHAMP-27-NO, KXTAKEOVERACQWB-27JUN30-PSKY"
cap,44,True,3,0.052542661573907884,0.08195970009968134,-0.036150721553971615,0.05869379562924684,0.26009496227918394,-0.00667480317341005,0.3151145234858737,-0.006151134055338958,KXBALLONDOR-26-HKAN+KXBALLONDOR-26-KMBA;KXBALLONDOR-26-HKAN+KXBALLONDOR-26-LYAM;KXBALLONDOR-26-KMBA+KXBALLONDOR-26-LYAM,"KXBALLONDOR-26-HKAN, KXBALLONDOR-26-KMBA, KXBALLONDOR-26-LYAM","KXBALLONDOR-26-HKAN, KXNFLAFCCHAMP-27-TEN, KXNASCARCUPSERIES-NCS26-BWAL"
cap,45,True,3,0.05349347305984212,0.08195970009968134,-0.03710153303990585,0.06584968867583917,0.2738810152757487,-0.011073485620689424,0.29925294390033835,-0.012356215615997049,KXBALLONDOR-26-HKAN+KXBALLONDOR-26-KMBA;KXBALLONDOR-26-HKAN+KXBALLONDOR-26-LYAM;KXBALLONDOR-26-KMBA+KXBALLONDOR-26-LYAM,"KXBALLONDOR-26-HKAN, KXBALLONDOR-26-KMBA, KXBALLONDOR-26-LYAM","KXMLB-26-HOU, KXNBA-27-ORL, KXBALLONDOR-26-HKAN"
cap,46,True,1,0.001994396729892739,0.01960000000000008,0.0019256032701072774,0.005764086088956934,0.05877777500955012,0.005991468912953091,0.33345937298265377,-0.0037696893590641947,CONTROLS-2026-D+CONTROLS-2026-R,"CONTROLS-2026-D, CONTROLS-2026-R, KXWNBA-26-WSH","KXFEDDECISION-26SEP-H26, KXINXY-26DEC31H1600-B6700, KXWNBA-26-WSH"
cap,47,True,3,0.042665600628875366,0.1976624067771728,-0.0031331192734408014,0.005224235897824427,0.05857672615921128,0.006491109334017829,3.3744188133684236,0.03744136473105094,KXOSCARPIC-27-BLA+KXOSCARPIC-27-DUN;KXOSCARPIC-27-BLA+KXOSCARPIC-27-ODY;KXOSCARPIC-27-DUN+KXOSCARPIC-27-ODY,"KXOSCARPIC-27-BLA, KXOSCARPIC-27-DUN, KXOSCARPIC-27-ODY","KXFEDDECISION-26SEP-H26, KXNFLNFCCHAMP-27-NO, KXINXY-26DEC31H1600-B8900"
cap,48,True,1,0.001977931178206129,0.019600000000000204,0.0019420688217939115,0.004456989573821804,0.058737190723274754,0.007290448570833148,0.33368977573920056,-0.002479058395615675,KXGOVCA-26-SHIL+KXGOVCA-26-XBEC,"KXGOVCA-26-SHIL, KXGOVCA-26-XBEC, KXOSCARPIC-27-PRO","KXFEDDECISION-26SEP-H26, KXNBA-27-CLE, KXOSCARPIC-27-PRO"
cap,49,True,1,0.11242050619191843,0.3559789004575134,-0.04122472610041575,0.11151532521642626,0.39510760528167854,-0.03249380416009055,0.9009669662109651,0.0009051809754921647,KXTAKEOVERACQWB-27JUN30-NFLX+KXTAKEOVERACQWB-27JUN30-PSKY,"KXBALLONDOR-26-HKAN, KXTAKEOVERACQWB-27JUN30-NFLX, KXTAKEOVERACQWB-27JUN30-PSKY","KXNBA-27-HOU, KXBALLONDOR-26-HKAN, KXTAKEOVERACQWB-27JUN30-PSKY"
cap,50,True,1,0.11643549868192632,0.24386048187475742,-0.06766340230697483,0.11654406586629763,0.2851735812977906,-0.059509349606739516,0.8551299905306017,-0.00010856718437131374,KXF1-26-KA+KXF1-26-LN,"KXF1-26-KA, KXF1-26-LN, KXTAKEOVERACQWB-27JUN30-PSKY","KXF1-26-KA, KXTAKEOVERACQWB-27JUN30-PSKY, KXALIENS-26NOV"
cap,51,True,1,0.0017973512266001059,0.0195999999999998,0.002122648773399855,0.004956152001027059,0.058763150491350544,0.00679647809724305,0.3335423617711709,-0.003158800774426953,CONTROLH-2026-D+CONTROLH-2026-R,"CONTROLH-2026-D, CONTROLH-2026-R, KXALIENS-26NOV","KXNBA-27-IND, KXOSCARPIC-27-AVEN, KXALIENS-26NOV"
cap,52,True,3,0.058978615723994515,0.08195970009968134,-0.04258667570405825,0.05755073739853971,0.2676723194701194,-0.004016273504515833,0.30619415657893834,0.0014278783254548025,KXBALLONDOR-26-HKAN+KXBALLONDOR-26-KMBA;KXBALLONDOR-26-HKAN+KXBALLONDOR-26-LYAM;KXBALLONDOR-26-KMBA+KXBALLONDOR-26-LYAM,"KXBALLONDOR-26-HKAN, KXBALLONDOR-26-KMBA, KXBALLONDOR-26-LYAM","KXNBA-27-HOU, KXBALLONDOR-26-HKAN, KXNFLNFCCHAMP-27-WAS"
cap,53,True,1,0.10724416258452946,0.31781139718811724,-0.043681883146906006,0.10474364553850647,0.39998330779071817,-0.024746983980362833,0.7945616504436844,0.0025005170460229847,KXBALLONDOR-26-HKAN+KXBALLONDOR-26-LYAM,"KXBALLONDOR-26-HKAN, KXBALLONDOR-26-LYAM, KXTAKEOVERACQWB-27JUN30-PSKY","KXBALLONDOR-26-HKAN, KXINXY-26DEC31H1600-B6300, KXTAKEOVERACQWB-27JUN30-PSKY"
cap,54,True,1,0.03680251678843516,0.1463206218706386,-0.007538392414307437,0.037768510193956426,0.19151451993378607,0.0005343937928007914,0.7640184249279233,-0.0009659934055212677,KXTAKEOVERACQWB-27JUN30-NFLX+KXTAKEOVERACQWB-27JUN30-PSKY,"KXTAKEOVERACQWB-27JUN30-NFLX, KXTAKEOVERACQWB-27JUN30-PSKY, KXALIENS-26NOV","KXTAKEOVERACQWB-27JUN30-PSKY, KXOSCARPIC-27-PRO, KXALIENS-26NOV"
cap,55,True,1,0.1235665962614047,0.31781139718811724,-0.060004316823781254,0.14066096781395698,0.47172768231781137,-0.046315431350394703,0.6737179290105813,-0.01709437155255228,KXBALLONDOR-26-HKAN+KXBALLONDOR-26-LYAM,"KXBALLONDOR-26-HKAN, KXBALLONDOR-26-LYAM, KXTAKEOVERACQWB-27JUN30-PSKY","KXBALLONDOR-26-HKAN, KXF1-26-KA, KXTAKEOVERACQWB-27JUN30-PSKY"
cap,56,True,1,0.10317725310217876,0.24054531481536515,-0.05506819013910573,0.12414838249987947,0.47172768231781137,-0.029802846036317193,0.5099241020443347,-0.02097112939770071,KXBALLONDOR-26-HKAN+KXBALLONDOR-26-LYAM,"KXBALLONDOR-26-HKAN, KXBALLONDOR-26-LYAM, KXF1-26-KA","KXBALLONDOR-26-HKAN, KXF1-26-KA, KXTAKEOVERACQWB-27JUN30-PSKY"
cap,57,True,1,0.0018377605052007397,0.01959999999999998,0.002082239494799256,0.0051694366872041715,0.060412747315169595,0.0069131127758297484,0.32443483984841776,-0.003331676182003432,SENATEMI-26-D+SENATEMI-26-R,"KXNBA-27-ORL, SENATEMI-26-D, SENATEMI-26-R","KXNBA-27-ORL, KXMLBAL-26-SEA, KXINXY-26DEC31H1600-B6700"
cap,58,True,1,0.03844976209905137,0.1461689632382756,-0.009215969451396248,0.03862517774078834,0.1963714339270125,0.0006491090446141684,0.7443494214774834,-0.00017541564173696733,KXTAKEOVERACQWB-27JUN30-NFLX+KXTAKEOVERACQWB-27JUN30-PSKY,"KXINXY-26DEC31H1600-B8900, KXTAKEOVERACQWB-27JUN30-NFLX, KXTAKEOVERACQWB-27JUN30-PSKY","KXNFLNFCCHAMP-27-WAS, KXINXY-26DEC31H1600-B8900, KXTAKEOVERACQWB-27JUN30-PSKY"
cap,59,True,1,0.03250368432053176,0.14711736760001573,-0.003080210800528612,0.03289181645494842,0.19113221433407127,0.005334626411865842,0.7697151843952166,-0.0003881321344166577,KXTAKEOVERACQWB-27JUN30-NFLX+KXTAKEOVERACQWB-27JUN30-PSKY,"KXNBA-27-ORL, KXTAKEOVERACQWB-27JUN30-NFLX, KXTAKEOVERACQWB-27JUN30-PSKY","KXNBA-27-ORL, KXINXY-26DEC31H1600-B8900, KXTAKEOVERACQWB-27JUN30-PSKY"
cap,60,True,1,0.0018371716500073139,0.019600000000000086,0.0020828283499927033,0.005164067743352187,0.06032730370347961,0.006901392997343735,0.3248943479446369,-0.003326896093344873,CONTROLS-2026-D+CONTROLS-2026-R,"CONTROLS-2026-D, CONTROLS-2026-R, KXOSCARPIC-27-SOC","KXNFLNFCCHAMP-27-NO, KXMLBAL-26-SEA, KXOSCARPIC-27-SOC"
cap,61,True,3,0.015319705539108205,0.08195970009968134,0.0010722344808280632,0.006628410083208896,0.06797291785795942,0.006966173488382989,1.2057699254716356,0.00869129545589931,KXBALLONDOR-26-HKAN+KXBALLONDOR-26-KMBA;KXBALLONDOR-26-HKAN+KXBALLONDOR-26-LYAM;KXBALLONDOR-26-KMBA+KXBALLONDOR-26-LYAM,"KXBALLONDOR-26-HKAN, KXBALLONDOR-26-KMBA, KXBALLONDOR-26-LYAM","KXNBA-27-CLE, KXF1-26-LN, KXNFLAFCCHAMP-27-TEN"
cap,62,True,1,0.001834015043275461,0.01960000000000005,0.0020859849567245493,0.005193652424955723,0.05886558765253933,0.006579465105552143,0.3329619355147056,-0.0033596373816802624,CONTROLS-2026-D+CONTROLS-2026-R,"CONTROLS-2026-D, CONTROLS-2026-R, KXNFLAFCCHAMP-27-TEN","KXNBA-27-TOR, KXATP-26USO-MUS, KXNFLAFCCHAMP-27-TEN"
cap,63,True,1,0.10435307235392141,0.22747827861054576,-0.05885741663181226,0.10457989430474536,0.2876382898419017,-0.047052236336365016,0.790848390649164,-0.0002268219508239494,KXF1-26-GR+KXF1-26-KA,"KXF1-26-GR, KXF1-26-KA, KXTAKEOVERACQWB-27JUN30-PSKY","KXF1-26-KA, KXTAKEOVERACQWB-27JUN30-PSKY, KXOSCARPIC-27-SOC"
cap,64,True,1,0.0018278371741674224,0.019599999999999968,0.0020921628258325714,0.004975851634825869,0.05795335797942602,0.006614819961059337,0.3382030081321284,-0.0031480144606584465,CONTROLS-2026-D+CONTROLS-2026-R,"CONTROLS-2026-D, CONTROLS-2026-R, KXINXY-26DEC31H1600-B8900","KXNBA-27-HOU, KXINXY-26DEC31H1600-B8900, KXWNBA-26-WSH"
cap,65,True,1,0.09717477707835134,0.24054531481536515,-0.04906571411527831,0.0574418661124317,0.1490116680959427,-0.027639532493243153,1.6142716734134372,0.039732910965919646,KXBALLONDOR-26-HKAN+KXBALLONDOR-26-LYAM,"KXBALLONDOR-26-HKAN, KXBALLONDOR-26-LYAM, KXF1-26-KA","KXNFLNFCCHAMP-27-ATL, KXF1-26-KA, KXOSCARPIC-27-BEH"
cap,66,True,1,0.001517275965540233,0.019600000000000083,0.0024027240344597833,0.005400232426441259,0.06820807684980636,0.008241382943520014,0.28735599807569895,-0.0038829564609010256,CONTROLS-2026-D+CONTROLS-2026-R,"CONTROLS-2026-D, CONTROLS-2026-R, KXBTCMAXY-26DEC31-199999.99","KXNBA-27-TOR, KXINXY-26DEC31H1600-T9000, KXBTCMAXY-26DEC31-199999.99"
cap,67,True,3,0.02168267141349196,0.047498660814540905,-0.012182939250583778,0.004956919056024696,0.05806657239998343,0.006656395423971992,0.8180035233929953,0.016725752357467264,KXF1-26-GR+KXF1-26-KA;KXF1-26-GR+KXF1-26-LN;KXF1-26-KA+KXF1-26-LN,"KXF1-26-GR, KXF1-26-KA, KXF1-26-LN","KXMLBAL-26-SEA, KXINXY-26DEC31H1600-B8900, KXWNBA-26-WSH"
cap,68,True,3,0.017814948784684412,0.08195970009968134,-0.0014230087647481432,0.005089645377052445,0.05797374124986853,0.006505102872921262,1.413738329331423,0.012725303407631967,KXBALLONDOR-26-HKAN+KXBALLONDOR-26-KMBA;KXBALLONDOR-26-HKAN+KXBALLONDOR-26-LYAM;KXBALLONDOR-26-KMBA+KXBALLONDOR-26-LYAM,"KXBALLONDOR-26-HKAN, KXBALLONDOR-26-KMBA, KXBALLONDOR-26-LYAM","KXNFLNFCCHAMP-27-ATL, KXMLBAL-26-SEA, KXINXY-26DEC31H1600-B6700"
cap,69,True,1,0.001588370001384648,0.01959999999999998,0.0023316299986153475,0.005605121402927939,0.06785670012885046,0.007966218622842155,0.28884398980177783,-0.004016751401543291,SENATEMI-26-D+SENATEMI-26-R,"KXOSCARPIC-27-AVEN, SENATEMI-26-D, SENATEMI-26-R","KXF1-26-LN, KXOSCARPIC-27-AVEN, KXNASCARCUPSERIES-NCS26-BWAL"
cap,70,True,1,0.0019118851415987487,0.019599999999999878,0.002008114858401227,0.005284251230486106,0.05832675356268486,0.006381099482050866,0.33603790375432757,-0.0033723660888873574,CONTROLH-2026-D+CONTROLH-2026-R,"CONTROLH-2026-D, CONTROLH-2026-R, KXBTCMAXY-26DEC31-199999.99","KXNFLNFCCHAMP-27-ATL, KXMLBAL-26-SEA, KXBTCMAXY-26DEC31-199999.99"
cap,71,True,1,0.06364601831675765,0.22747827861054576,-0.018150362594648493,0.06633080165693427,0.2816138915318521,-0.01000802335056384,0.8077665394031767,-0.002684783340176619,KXF1-26-GR+KXF1-26-KA,"KXF1-26-GR, KXF1-26-KA, KXTAKEOVERACQWB-27JUN30-PSKY","KXF1-26-KA, KXTAKEOVERACQWB-27JUN30-PSKY, KXWNBA-26-WSH"
cap,72,True,1,0.08713758463366159,0.22747827861054576,-0.04164192891155243,0.08954203697091138,0.2876382898419017,-0.03201437900253104,0.790848390649164,-0.002404452337249799,KXF1-26-GR+KXF1-26-KA,"KXF1-26-GR, KXF1-26-KA, KXTAKEOVERACQWB-27JUN30-PSKY","KXF1-26-KA, KXTAKEOVERACQWB-27JUN30-PSKY, KXOSCARPIC-27-SOC"
cap,73,True,3,0.04999999999999994,0.047498660814540905,-0.04050026783709176,0.0524537358386356,0.1715418119506461,-0.018145373448506377,0.276892614543483,-0.0024537358386356595,KXF1-26-GR+KXF1-26-KA;KXF1-26-GR+KXF1-26-LN;KXF1-26-KA+KXF1-26-LN,"KXF1-26-GR, KXF1-26-KA, KXF1-26-LN","KXNBA-27-BOS, KXF1-26-KA, KXINXY-26DEC31H1600-B8900"
cap,74,True,1,0.08443985461878657,0.14711341591515745,-0.05501717143575508,0.0818519101667633,0.19148422088785155,-0.04355506598919298,0.7682795753772255,0.0025879444520232747,KXTAKEOVERACQWB-27JUN30-NFLX+KXTAKEOVERACQWB-27JUN30-PSKY,"KXNBA-27-HOU, KXTAKEOVERACQWB-27JUN30-NFLX, KXTAKEOVERACQWB-27JUN30-PSKY","KXNBA-27-HOU, KXTAKEOVERACQWB-27JUN30-PSKY, KXALIENS-26NOV"
cap,75,True,1,0.001860780557530771,0.019600000000000062,0.002059219442469242,0.00531780995012638,0.05838156916007345,0.00635850388188831,0.3357223911926694,-0.003457029392595609,CONTROLS-2026-D+CONTROLS-2026-R,"KXNBA-27-ORL, CONTROLS-2026-D, CONTROLS-2026-R","KXNBA-27-ORL, KXINXY-26DEC31H1600-B6300, KXOSCARPIC-27-SOC"
cap,76,True,1,0.0018492403497849391,0.0195999999999999,0.002070759650215041,0.005201476906087379,0.058720230264630066,0.006542569146838635,0.33378615703089115,-0.0033522365563024396,SENATEMI-26-D+SENATEMI-26-R,"SENATEMI-26-D, SENATEMI-26-R, KXALIENS-26NOV","KXINXY-26DEC31H1600-B6700, KXOSCARPIC-27-PRO, KXALIENS-26NOV"
cap,77,True,3,0.021723427520377786,0.08195970009968134,-0.005331487500441517,0.0040612635237061885,0.058835789378071504,0.007705894351908113,1.393024568311958,0.017662163996671598,KXBALLONDOR-26-HKAN+KXBALLONDOR-26-KMBA;KXBALLONDOR-26-HKAN+KXBALLONDOR-26-LYAM;KXBALLONDOR-26-KMBA+KXBALLONDOR-26-LYAM,"KXBALLONDOR-26-HKAN, KXBALLONDOR-26-KMBA, KXBALLONDOR-26-LYAM","KXFEDDECISION-26SEP-H26, KXNBA-27-CLE, KXALIENS-26NOV"
cap,78,True,3,0.0500000000000001,0.047498660814540905,-0.040500267837091916,0.05630253182606432,0.1517506450364066,-0.025952402818783,0.31300467159889483,-0.006302531826064217,KXF1-26-GR+KXF1-26-KA;KXF1-26-GR+KXF1-26-LN;KXF1-26-KA+KXF1-26-LN,"KXF1-26-GR, KXF1-26-KA, KXF1-26-LN","KXNFLNFCCHAMP-27-ATL, KXF1-26-KA, KXNFLAFCCHAMP-27-PIT"
cap,79,True,3,0.04999999999999998,0.047498660814540905,-0.0405002678370918,0.054560172292440264,0.14757645475609785,-0.025044881341220692,0.3218579880716254,-0.0045601722924402815,KXF1-26-GR+KXF1-26-KA;KXF1-26-GR+KXF1-26-LN;KXF1-26-KA+KXF1-26-LN,"KXF1-26-GR, KXF1-26-KA, KXF1-26-LN","KXF1-26-KA, KXOSCARPIC-27-PRO, KXWNBA-26-WSH"
cap,80,True,3,0.034328114168560575,0.08195970009968134,-0.017936174148624306,0.004610053124463113,0.05814361847651317,0.007018670570839523,1.4096078339669995,0.029718061044097462,KXBALLONDOR-26-HKAN+KXBALLONDOR-26-KMBA;KXBALLONDOR-26-HKAN+KXBALLONDOR-26-LYAM;KXBALLONDOR-26-KMBA+KXBALLONDOR-26-LYAM,"KXBALLONDOR-26-HKAN, KXBALLONDOR-26-KMBA, KXBALLONDOR-26-LYAM","KXMLBAL-26-SEA, KXOSCARPIC-27-AVEN, KXWNBA-26-WSH"
cap,81,True,3,0.043320980542032206,0.047498660814540905,-0.03382124837912402,0.041825293255283974,0.1486601995958737,-0.012093253336109232,0.3195116173909624,0.0014956872867482318,KXF1-26-GR+KXF1-26-KA;KXF1-26-GR+KXF1-26-LN;KXF1-26-KA+KXF1-26-LN,"KXF1-26-GR, KXF1-26-KA, KXF1-26-LN","KXNFLNFCCHAMP-27-ATL, KXF1-26-KA, KXBTCMAXY-26DEC31-199999.99"
cap,82,True,1,0.039551737255316355,0.1463206218706386,-0.010287612881188634,0.041279588329325254,0.19145586903387252,-0.0029884145225507475,0.7642524755652774,-0.0017278510740088987,KXTAKEOVERACQWB-27JUN30-NFLX+KXTAKEOVERACQWB-27JUN30-PSKY,"KXTAKEOVERACQWB-27JUN30-NFLX, KXTAKEOVERACQWB-27JUN30-PSKY, KXALIENS-26NOV","KXINXY-26DEC31H1600-B6300, KXTAKEOVERACQWB-27JUN30-PSKY, KXALIENS-26NOV"
cap,83,True,3,0.046321429053920116,0.23614389819264162,0.0009073505846082103,0.004748407487026832,0.05852396723006009,0.006956385958985187,4.0349947101902774,0.041573021566893284,KXOSCARPIC-27-BLA+KXOSCARPIC-27-ODY;KXOSCARPIC-27-BLA+KXOSCARPIC-27-SOC;KXOSCARPIC-27-ODY+KXOSCARPIC-27-SOC,"KXOSCARPIC-27-BLA, KXOSCARPIC-27-ODY, KXOSCARPIC-27-SOC","KXNBA-27-IND, KXINXY-26DEC31H1600-B8900, KXOSCARPIC-27-SOC"
cap,84,True,3,0.049956558028728865,0.08195970009968134,-0.033564618008792596,0.053156541718173696,0.2633814609592183,-0.0004802495263300302,0.3111824947784457,-0.003199983689444831,KXBALLONDOR-26-HKAN+KXBALLONDOR-26-KMBA;KXBALLONDOR-26-HKAN+KXBALLONDOR-26-LYAM;KXBALLONDOR-26-KMBA+KXBALLONDOR-26-LYAM,"KXBALLONDOR-26-HKAN, KXBALLONDOR-26-KMBA, KXBALLONDOR-26-LYAM","KXBALLONDOR-26-HKAN, KXNFLAFCCHAMP-27-TEN, KXBTCMAXY-26DEC31-199999.99"
cap,85,True,1,0.0017721463725784911,0.01959999999999998,0.0021478536274215044,0.004185471542883949,0.05811742505032985,0.0074380134671820225,0.3372482518457472,-0.002413325170305458,SENATEMI-26-D+SENATEMI-26-R,"KXNBA-27-TOR, SENATEMI-26-D, SENATEMI-26-R","KXNBA-27-TOR, KXMLBAL-26-SEA, KXWNBA-26-WSH"
cap,86,True,1,0.0014850892400517061,0.01959999999999998,0.0024349107599482894,0.0036166849727677294,0.058835976083308796,0.00815051024389403,0.33312951198850443,-0.0021315957327160233,SENATEMI-26-D+SENATEMI-26-R,"KXNBA-27-TOR, SENATEMI-26-D, SENATEMI-26-R","KXNBA-27-TOR, KXINXY-26DEC31H1600-B6300, KXOSCARPIC-27-SOC"
cap,87,True,1,0.03224915471461506,0.1471121749611508,-0.0028267197223848933,0.03672248542535292,0.19169934497071336,0.0016173835687897584,0.7674109422941726,-0.004473330710737862,KXTAKEOVERACQWB-27JUN30-NFLX+KXTAKEOVERACQWB-27JUN30-PSKY,"KXFEDDECISION-26SEP-H26, KXTAKEOVERACQWB-27JUN30-NFLX, KXTAKEOVERACQWB-27JUN30-PSKY","KXFEDDECISION-26SEP-H26, KXTAKEOVERACQWB-27JUN30-PSKY, KXALIENS-26NOV"
cap,88,True,3,0.05000000000000002,0.047498660814540905,-0.04050026783709183,0.05327433614304289,0.15193112152518443,-0.022888111838006,0.3126328584803307,-0.003274336143042872,KXF1-26-GR+KXF1-26-KA;KXF1-26-GR+KXF1-26-LN;KXF1-26-KA+KXF1-26-LN,"KXF1-26-GR, KXF1-26-KA, KXF1-26-LN","KXNBA-27-TOR, KXF1-26-KA, KXOSCARPIC-27-AVEN"
cap,89,True,3,0.0192224758188084,0.08195970009968134,-0.0028305357988721302,0.005681202609410161,0.059471125690618444,0.006213022528713528,1.3781427398239154,0.013541273209398238,KXBALLONDOR-26-HKAN+KXBALLONDOR-26-KMBA;KXBALLONDOR-26-HKAN+KXBALLONDOR-26-LYAM;KXBALLONDOR-26-KMBA+KXBALLONDOR-26-LYAM,"KXBALLONDOR-26-HKAN, KXBALLONDOR-26-KMBA, KXBALLONDOR-26-LYAM","KXNBA-27-ORL, KXINXY-26DEC31H1600-B6700, KXBTCMAXY-26DEC31-199999.99"
cap,90,True,1,0.09844089860053568,0.22747827861054576,-0.05294524287842652,0.1358910542221653,0.47172768231781137,-0.04154551775860302,0.4822237217303893,-0.03745015562162962,KXF1-26-GR+KXF1-26-KA,"KXF1-26-GR, KXF1-26-KA, KXTAKEOVERACQWB-27JUN30-PSKY","KXBALLONDOR-26-HKAN, KXF1-26-KA, KXTAKEOVERACQWB-27JUN30-PSKY"
cap,91,True,1,0.04235235912224099,0.1481249155635129,-0.012727376009538407,0.03994481695611009,0.19298945427260442,-0.0013469261015892006,0.7675285477219974,0.0024075421661308993,KXTAKEOVERACQWB-27JUN30-NFLX+KXTAKEOVERACQWB-27JUN30-PSKY,"KXTAKEOVERACQWB-27JUN30-NFLX, KXTAKEOVERACQWB-27JUN30-PSKY, KXNFLAFCCHAMP-27-TEN","KXNBA-27-TOR, KXINXY-26DEC31H1600-B6300, KXTAKEOVERACQWB-27JUN30-PSKY"
cap,92,True,1,0.0019562293844926776,0.019599999999999885,0.0019637706155072997,0.005440318166062656,0.05879376044464206,0.006318433922865756,0.3333687087161994,-0.0034840887815699786,CONTROLH-2026-D+CONTROLH-2026-R,"CONTROLH-2026-D, CONTROLH-2026-R, KXNBA-27-HOU","KXNBA-27-HOU, KXATP-26USO-MUS, KXOSCARPIC-27-PRO"
cap,93,True,3,0.050000000000000086,0.047498660814540905,-0.0405002678370919,0.05120930813901758,0.14702935932606917,-0.021803436273803743,0.3230556198589047,-0.0012093081390174912,KXF1-26-GR+KXF1-26-KA;KXF1-26-GR+KXF1-26-LN;KXF1-26-KA+KXF1-26-LN,"KXF1-26-GR, KXF1-26-KA, KXF1-26-LN","KXF1-26-KA, KXINXY-26DEC31H1600-B8900, KXWNBA-26-WSH"
cap,94,True,1,0.0018126053010407497,0.019600000000000097,0.00210739469895927,0.004594222441461893,0.05879559446369654,0.007164896451277415,0.3333583099002793,-0.0027816171404211436,SENATEME-26-D+SENATEME-26-R,"SENATEME-26-D, SENATEME-26-R, KXOSCARPIC-27-PRO","KXNBA-27-CLE, KXINXY-26DEC31H1600-B8900, KXOSCARPIC-27-PRO"
cap,95,True,3,0.050000000000000155,0.047498660814540905,-0.04050026783709197,0.05679896601093001,0.14424950236525289,-0.027949065537879434,0.32928128025197595,-0.006798966010929858,KXF1-26-GR+KXF1-26-KA;KXF1-26-GR+KXF1-26-LN;KXF1-26-KA+KXF1-26-LN,"KXF1-26-GR, KXF1-26-KA, KXF1-26-LN","KXNFLNFCCHAMP-27-ATL, KXF1-26-KA, KXWNBA-26-WSH"
cap,96,True,3,0.050000000000000044,0.047498660814540905,-0.04050026783709186,0.05866531743396912,0.14424950236525289,-0.02981541696091854,0.32928128025197595,-0.008665317433969075,KXF1-26-GR+KXF1-26-KA;KXF1-26-GR+KXF1-26-LN;KXF1-26-KA+KXF1-26-LN,"KXF1-26-GR, KXF1-26-KA, KXF1-26-LN","KXNFLNFCCHAMP-27-ATL, KXF1-26-KA, KXWNBA-26-WSH"
cap,97,True,1,0.0016855177945042064,0.019599999999999885,0.002234482205495771,0.0045605015652184985,0.05810221740009351,0.0070599419148002045,0.33733652306303097,-0.002874983770714292,CONTROLH-2026-D+CONTROLH-2026-R,"CONTROLH-2026-D, CONTROLH-2026-R, KXWNBA-26-WSH","KXNBA-27-CLE, KXNFLNFCCHAMP-27-NO, KXWNBA-26-WSH"
cap,98,True,1,0.07467003030238968,0.22747827861054576,-0.029174374580280528,0.07256214716353558,0.2816138915318521,-0.016239368857165155,0.8077665394031767,0.0021078831388540997,KXF1-26-GR+KXF1-26-KA,"KXF1-26-GR, KXF1-26-KA, KXTAKEOVERACQWB-27JUN30-PSKY","KXF1-26-KA, KXTAKEOVERACQWB-27JUN30-PSKY, KXWNBA-26-WSH"
cap,99,True,3,0.05887298197774807,0.08195970009968134,-0.0424810419578118,0.06342117027615642,0.2645726062644881,-0.010506649023258798,0.3097815048083543,-0.004548188298408348,KXBALLONDOR-26-HKAN+KXBALLONDOR-26-KMBA;KXBALLONDOR-26-HKAN+KXBALLONDOR-26-LYAM;KXBALLONDOR-26-KMBA+KXBALLONDOR-26-LYAM,"KXBALLONDOR-26-HKAN, KXBALLONDOR-26-KMBA, KXBALLONDOR-26-LYAM","KXNBA-27-HOU, KXBALLONDOR-26-HKAN, KXINXY-26DEC31H1600-B8900"
match,frozen,True,1,0.0026504606711835674,0.01959999999999989,0.0012695393288164108,0.007549313924367206,0.05855271737341708,0.00416122955031621,0.3347410825530411,-0.004898853253183639,CONTROLH-2026-D+CONTROLH-2026-R,"CONTROLH-2026-D, CONTROLH-2026-R, KXATP-26USO-MUS","KXATP-26USO-MUS, KXOSCARPIC-27-SOC, KXWNBA-26-WSH"
match,0,True,1,0.001888326817946217,0.01959999999999989,0.0020316731820537613,0.005300120999775941,0.05820669506872042,0.0063412180139681435,0.3367310234133649,-0.003411794181829724,CONTROLH-2026-D+CONTROLH-2026-R,"CONTROLH-2026-D, CONTROLH-2026-R, KXINXY-26DEC31H1600-B6300","KXNBA-27-ORL, KXNFLNFCCHAMP-27-ATL, KXINXY-26DEC31H1600-B6300"
match,1,True,1,0.0022559104152653393,0.0195999999999999,0.0016640895847346406,0.005605224464835107,0.05955213712730452,0.006305202960625797,0.3291233689582123,-0.0033493140495697675,CONTROLH-2026-D+CONTROLH-2026-R,"CONTROLH-2026-D, CONTROLH-2026-R, KXOSCARPIC-27-BEH","KXNFLNFCCHAMP-27-NO, KXNFLAFCCHAMP-27-TEN, KXOSCARPIC-27-BEH"
match,2,True,1,0.001421399189472792,0.019600000000000176,0.0024986008105272435,0.003847975670767268,0.057069315593365984,0.00756588744790593,0.34344200199727953,-0.0024265764812944762,KXGOVCA-26-SHIL+KXGOVCA-26-XBEC,"KXGOVCA-26-SHIL, KXGOVCA-26-XBEC, KXNFLAFCCHAMP-27-TEN","KXNFLAFCCHAMP-27-TEN, KXOSCARPIC-27-BEH, KXWNBA-26-WSH"
match,3,True,1,0.00249090403750157,0.0195999999999999,0.00142909596249841,0.0060466118940662,0.058751425322321124,0.005703673170398025,0.3336089276552985,-0.00355570785656463,CONTROLH-2026-D+CONTROLH-2026-R,"CONTROLH-2026-D, CONTROLH-2026-R, KXOSCARPIC-27-BEH","KXNFLNFCCHAMP-27-ATL, KXOSCARPIC-27-BEH, KXALIENS-26NOV"
match,4,True,1,0.023686387251733027,0.12040000000000008,0.00039361274826699155,0.026787447125396286,0.1508307805660912,0.003378708987821954,0.7982455540448726,-0.0031010598736632596,CONTROLS-2026-D+CONTROLS-2026-R,"CONTROLS-2026-D, CONTROLS-2026-R, KXBALLONDOR-26-LYAM","KXNBA-27-ORL, KXBALLONDOR-26-LYAM, KXNFLNFCCHAMP-27-NO"
match,5,True,1,0.007794194486030741,0.04750000000000021,0.0017058055139693024,0.011582978356339587,0.08319569809431601,0.005056161262523617,0.5709429824863197,-0.0037887838703088463,KXGOVCA-26-SHIL+KXGOVCA-26-XBEC,"KXGOVCA-26-SHIL, KXGOVCA-26-XBEC, KXF1-26-GR","KXNBA-27-CLE, KXNFLNFCCHAMP-27-NO, KXF1-26-GR"
match,6,True,1,0.0019656064588257083,0.01959999999999998,0.0019543935411742873,0.004845325188591473,0.05829711301792179,0.006814097414992885,0.3362087586391202,-0.002879718729765765,SENATEMI-26-D+SENATEMI-26-R,"KXWNBA-26-WSH, SENATEMI-26-D, SENATEMI-26-R","KXNBA-27-HOU, KXOSCARPIC-27-AVEN, KXWNBA-26-WSH"
match,7,True,1,0.0026871634380863305,0.019600000000000225,0.0012328365619137145,0.005700816592699835,0.057793328604533095,0.0058578491282067855,0.33913949020169215,-0.003013653154613504,KXGOVCA-26-SHIL+KXGOVCA-26-XBEC,"KXGOVCA-26-SHIL, KXGOVCA-26-XBEC, KXOSCARPIC-27-BEH","KXINXY-26DEC31H1600-B8900, KXNFLAFCCHAMP-27-TEN, KXOSCARPIC-27-BEH"
match,8,True,1,0.004164297924820183,0.029099999999999987,0.0016557020751798148,0.008040870628474577,0.06810772914330653,0.0055806752001867285,0.42726428213118406,-0.0038765727036543934,SENATEMI-26-D+SENATEMI-26-R,"KXBALLONDOR-26-KKVA, SENATEMI-26-D, SENATEMI-26-R","KXBALLONDOR-26-KKVA, KXOSCARPIC-27-AVEN, KXWNBA-26-WSH"
match,9,True,1,0.0024864292874351296,0.01959999999999998,0.001433570712564866,0.006636302446588239,0.05890506398490734,0.005144710350393229,0.3327387948347173,-0.004149873159153109,SENATEMI-26-D+SENATEMI-26-R,"KXNBA-27-IND, SENATEMI-26-D, SENATEMI-26-R","KXNBA-27-IND, KXNFLAFCCHAMP-27-TEN, KXOSCARPIC-27-BEH"
match,10,True,1,0.0018661245060032049,0.01959999999999988,0.0020538754939967716,0.010677614337440858,0.08677537055239595,0.0066774597730383314,0.2258705422429188,-0.008811489831437654,CONTROLH-2026-D+CONTROLH-2026-R,"CONTROLH-2026-D, CONTROLH-2026-R, KXOSCARPIC-27-PRO","KXATP-26USO-TIA, KXINXY-26DEC31H1600-B8900, KXOSCARPIC-27-PRO"
match,11,True,1,0.0025023293246193568,0.019599999999999968,0.001417670675380637,0.005520423491993918,0.058319264536441234,0.006143429415294329,0.33608105581908976,-0.003018094167374561,CONTROLS-2026-D+CONTROLS-2026-R,"CONTROLS-2026-D, CONTROLS-2026-R, KXINXY-26DEC31H1600-B8900","KXINXY-26DEC31H1600-B8900, KXNFLAFCCHAMP-27-TEN, KXOSCARPIC-27-PRO"
match,12,True,1,0.0021740960331313036,0.019600000000000062,0.0017459039668687093,0.005962596400598909,0.05871427755341485,0.005780259110084063,0.33381999773682164,-0.003788500367467605,CONTROLS-2026-D+CONTROLS-2026-R,"KXFEDDECISION-26SEP-H26, CONTROLS-2026-D, CONTROLS-2026-R","KXFEDDECISION-26SEP-H26, KXNBA-27-HOU, KXOSCARPIC-27-SOC"
match,13,True,1,0.006086748264203461,0.03840000000000002,0.001593251735796543,0.022110061314892477,0.13862070148117644,0.005614078981342814,0.2770149017404476,-0.016023313050689016,SENATEMI-26-D+SENATEMI-26-R,"KXTAKEOVERACQWB-27JUN30-NFLX, SENATEMI-26-D, SENATEMI-26-R","KXTAKEOVERACQWB-27JUN30-NFLX, KXOSCARPIC-27-PRO, KXRATECUTCOUNT-26DEC31-T1"
match,14,True,1,0.0024020513497368806,0.01959999999999988,0.0015179486502630958,0.0058608547434430315,0.05873748199615514,0.005886641655787997,0.333688121007347,-0.003458803393706151,CONTROLH-2026-D+CONTROLH-2026-R,"CONTROLH-2026-D, CONTROLH-2026-R, KXOSCARPIC-27-SOC","KXNFLNFCCHAMP-27-ATL, KXOSCARPIC-27-SOC, KXALIENS-26NOV"
match,15,True,1,0.0021771760829723923,0.0196,0.0017428239170276076,0.005975830032068783,0.058293373506908594,0.005682844669312936,0.336230326379672,-0.003798653949096391,CONTROLS-2026-D+CONTROLS-2026-R,"CONTROLS-2026-D, CONTROLS-2026-R, KXNFLNFCCHAMP-27-ATL","KXNBA-27-CLE, KXNFLNFCCHAMP-27-ATL, KXOSCARPIC-27-SOC"
match,16,True,1,0.0024170405374786506,0.01959999999999989,0.0015029594625213276,0.019040883052460485,0.12098406084873513,0.005155929117286542,0.16200481172892292,-0.016623842514981835,CONTROLH-2026-D+CONTROLH-2026-R,"CONTROLH-2026-D, CONTROLH-2026-R, KXATP-26USO-MUS","KXNBA-27-TOR, KXATP-26USO-MUS, KXRATECUTCOUNT-26DEC31-T1"
match,17,True,1,0.014904161819133607,0.08189999999999979,0.0014758381808663533,0.018110350574148264,0.11915892294556543,0.005721434014964822,0.6873173907204047,-0.003206188755014657,CONTROLH-2026-D+CONTROLH-2026-R,"CONTROLH-2026-D, CONTROLH-2026-R, KXRATECUTCOUNT-26DEC31-T1","KXNBA-27-ORL, KXNFLNFCCHAMP-27-ATL, KXRATECUTCOUNT-26DEC31-T1"
match,18,True,1,0.0025955929544473344,0.01959999999999998,0.0013244070455526611,0.006187719564623568,0.05867728203161591,0.005547736841699614,0.3340304683751252,-0.0035921266101762335,SENATEMI-26-D+SENATEMI-26-R,"KXOSCARPIC-27-PRO, SENATEMI-26-D, SENATEMI-26-R","KXFEDDECISION-26SEP-H26, KXNBA-27-HOU, KXOSCARPIC-27-PRO"
match,19,True,1,0.0016171778886058842,0.019599999999999767,0.0023028221113940697,0.0037416963802102098,0.05846457119359116,0.007951217858508022,0.3352457667926641,-0.0021245184916043255,CONTROLH-2026-D+CONTROLH-2026-R,"CONTROLH-2026-D, CONTROLH-2026-R, KXINXY-26DEC31H1600-B8900","KXNBA-27-IND, KXINXY-26DEC31H1600-B8900, KXWNBA-26-WSH"
match,20,True,1,0.001953795959664148,0.01959999999999998,0.0019662040403358476,0.006491004756711247,0.06801097151438962,0.0071111895461666765,0.28818879606583847,-0.004537208797047099,SENATEMI-26-D+SENATEMI-26-R,"KXWNBA-26-WSH, SENATEMI-26-D, SENATEMI-26-R","KXBALLONDOR-26-KKVA, KXINXY-26DEC31H1600-B8900, KXWNBA-26-WSH"
match,21,True,1,0.001906337503032169,0.01959999999999998,0.0020136624969678265,0.0044121801646803335,0.05871003174546279,0.007329826184412226,0.3338441390216877,-0.0025058426616481645,SENATEMI-26-D+SENATEMI-26-R,"KXOSCARPIC-27-AVEN, SENATEMI-26-D, SENATEMI-26-R","KXATP-26USO-MUS, KXOSCARPIC-27-AVEN, KXBTCMAXY-26DEC31-199999.99"
match,22,True,1,0.001529585633580268,0.019600000000000204,0.0023904143664197726,0.0045423019765567195,0.058506789985385825,0.007159056020520447,0.3350038517733755,-0.0030127163429764514,KXGOVCA-26-SHIL+KXGOVCA-26-XBEC,"KXGOVCA-26-SHIL, KXGOVCA-26-XBEC, KXNFLNFCCHAMP-27-NO","KXATP-26USO-MUS, KXNFLNFCCHAMP-27-NO, KXOSCARPIC-27-BEH"
match,23,True,1,0.002128401663778763,0.01959999999999988,0.0017915983362212133,0.005538751983677537,0.0583029610633527,0.006121840228993003,0.3361750354103334,-0.0034103503198987736,CONTROLH-2026-D+CONTROLH-2026-R,"CONTROLH-2026-D, CONTROLH-2026-R, KXMLBAL-26-SEA","KXNBA-27-CLE, KXMLBAL-26-SEA, KXWNBA-26-WSH"
match,24,False,0,0.08440256029490964,0.4050096046733541,-0.003400639360238808,0.08440256029490964,0.4050096046733541,-0.003400639360238808,1.0,0.0,,"KXNBA-27-CLE, CONTROLS-2026-D, SENATEME-26-R","KXNBA-27-CLE, CONTROLS-2026-D, SENATEME-26-R"
match,25,True,1,0.001990163583510344,0.019600000000000208,0.0019298364164896976,0.004617958836810786,0.058560768621696464,0.007094194887528507,0.3346950605552419,-0.002627795253300442,KXGOVCA-26-SHIL+KXGOVCA-26-XBEC,"KXGOVCA-26-SHIL, KXGOVCA-26-XBEC, KXBTCMAXY-26DEC31-199999.99","KXNBA-27-HOU, KXNFLNFCCHAMP-27-ATL, KXBTCMAXY-26DEC31-199999.99"
match,26,True,1,0.0017729131932463157,0.0196,0.002147086806753684,0.010990286428882844,0.0937020983589598,0.007750133242909116,0.20917354406424396,-0.009217373235636529,CONTROLS-2026-D+CONTROLS-2026-R,"CONTROLS-2026-D, CONTROLS-2026-R, KXNFLNFCCHAMP-27-ATL","KXNFLNFCCHAMP-27-ATL, KXOSCARPIC-27-BEH, KXWNBA-26-NY"
match,27,True,1,0.0019178265285783036,0.0195999999999999,0.0020021734714216763,0.004437693676237888,0.05901000500551362,0.007364307324864837,0.3321470655386077,-0.0025198671476595845,SENATEMI-26-D+SENATEMI-26-R,"SENATEMI-26-D, SENATEMI-26-R, KXALIENS-26NOV","KXNBA-27-IND, KXOSCARPIC-27-BEH, KXALIENS-26NOV"
match,28,True,1,0.002128688181745955,0.019599999999999895,0.0017913118182540239,0.011465812293580152,0.08804095287325783,0.0061423782810714166,0.22262366955768528,-0.009337124111834197,CONTROLH-2026-D+CONTROLH-2026-R,"CONTROLH-2026-D, CONTROLH-2026-R, KXNFLNFCCHAMP-27-NO","KXGOVCA-26-SHIL, KXNFLNFCCHAMP-27-NO, KXF1-26-LN"
match,29,True,1,0.0018240496038170705,0.019600000000000208,0.002095950396182971,0.004669921420963931,0.05810471300795987,0.006951021180628044,0.33732203439874436,-0.0028458718171468604,KXGOVCA-26-SHIL+KXGOVCA-26-XBEC,"KXGOVCA-26-SHIL, KXGOVCA-26-XBEC, KXBTCMAXY-26DEC31-199999.99","KXINXY-26DEC31H1600-B8900, KXNFLAFCCHAMP-27-TEN, KXBTCMAXY-26DEC31-199999.99"
match,30,True,1,0.004823781635046362,0.0291000000000001,0.0009962183649536585,0.009191118188879542,0.06769114315283324,0.0043471104416871065,0.4298937592810044,-0.00436733655383318,CONTROLS-2026-D+CONTROLS-2026-R,"CONTROLS-2026-D, CONTROLS-2026-R, KXBALLONDOR-26-KKVA","KXBALLONDOR-26-KKVA, KXNFLNFCCHAMP-27-ATL, KXOSCARPIC-27-SOC"
match,31,True,1,0.006761110182380445,0.03840000000000007,0.0009188898176195701,0.010756931103875891,0.07698122169524646,0.004639313235173401,0.4988229486928401,-0.0039958209214954465,CONTROLH-2026-D+CONTROLH-2026-R,"CONTROLH-2026-D, CONTROLH-2026-R, KXTAKEOVERACQWB-27JUN30-NFLX","KXNBA-27-HOU, KXTAKEOVERACQWB-27JUN30-NFLX, KXOSCARPIC-27-BEH"
match,32,True,1,0.0020909773922433463,0.01959999999999988,0.0018290226077566302,0.004952586056851047,0.05860797746101638,0.006769009435352231,0.3344254630359322,-0.0028616086646077003,CONTROLH-2026-D+CONTROLH-2026-R,"CONTROLH-2026-D, CONTROLH-2026-R, KXMLBAL-26-SEA","KXNBA-27-CLE, KXMLBAL-26-SEA, KXALIENS-26NOV"
match,33,True,1,0.0015184173169047535,0.01959999999999998,0.002401582683095242,0.0042473939660344386,0.058865047005496066,0.007525615435064775,0.33296499360936516,-0.002728976649129685,SENATEMI-26-D+SENATEMI-26-R,"KXINXY-26DEC31H1600-B6700, SENATEMI-26-D, SENATEMI-26-R","KXNBA-27-IND, KXINXY-26DEC31H1600-B6700, KXOSCARPIC-27-PRO"
match,34,True,1,0.002795669759191266,0.01959999999999998,0.0011243302408087295,0.006435845434603151,0.05884324096315613,0.005332802758028075,0.3330883832906526,-0.003640175675411885,SENATEMI-26-D+SENATEMI-26-R,"KXOSCARPIC-27-PRO, SENATEMI-26-D, SENATEMI-26-R","KXOSCARPIC-27-PRO, KXWNBA-26-WSH, KXALIENS-26NOV"
match,35,True,1,0.004488330828446525,0.029099999999999775,0.00133166917155343,0.010798001101998324,0.07723383598527116,0.004648766095055908,0.3767778672232372,-0.006309670273551799,CONTROLH-2026-D+CONTROLH-2026-R,"CONTROLH-2026-D, CONTROLH-2026-R, KXF1-26-LN","KXBALLONDOR-26-KKVA, KXF1-26-LN, KXMLBAL-26-SEA"
match,36,True,1,0.002705203236337949,0.019600000000000208,0.0012147967636620925,0.00859134949603195,0.0681504450992327,0.005038739523814589,0.28759900205289907,-0.005886146259694001,KXGOVCA-26-SHIL+KXGOVCA-26-XBEC,"KXGOVCA-26-SHIL, KXGOVCA-26-XBEC, KXMLBAL-26-SEA","KXNFLNFCCHAMP-27-NO, KXF1-26-LN, KXMLBAL-26-SEA"
match,37,True,1,0.0016786465044563922,0.01960000000000021,0.00224135349554365,0.004433539203662379,0.05855271737341708,0.007277004271021037,0.3347410825530466,-0.0027548926992059866,KXGOVCA-26-SHIL+KXGOVCA-26-XBEC,"KXGOVCA-26-SHIL, KXGOVCA-26-XBEC, KXWNBA-26-WSH","KXATP-26USO-MUS, KXOSCARPIC-27-SOC, KXWNBA-26-WSH"
match,38,True,1,0.0026829098065184187,0.019599999999999968,0.001237090193481575,0.011228917181397093,0.07913428584105209,0.004597939986813324,0.24768025378238995,-0.008546007374878675,CONTROLS-2026-D+CONTROLS-2026-R,"CONTROLS-2026-D, CONTROLS-2026-R, KXINXY-26DEC31H1600-B8900","KXNFLNFCCHAMP-27-NO, KXINXY-26DEC31H1600-B8900, KXTAKEOVERACQWB-27JUN30-NFLX"
match,39,True,1,0.002320757412954285,0.0196,0.0015992425870457148,0.005862048683454503,0.05876998844967109,0.005891949006479715,0.333503553719172,-0.003541291270500218,CONTROLS-2026-D+CONTROLS-2026-R,"CONTROLS-2026-D, CONTROLS-2026-R, KXNFLNFCCHAMP-27-ATL","KXFEDDECISION-26SEP-H26, KXNFLNFCCHAMP-27-ATL, KXINXY-26DEC31H1600-B6700"
match,40,True,1,0.0023979331516012226,0.01959999999999998,0.001522066848398773,0.008035598322256178,0.06626565883008875,0.0052175334437615725,0.29577914633364144,-0.0056376651706549555,SENATEMI-26-D+SENATEMI-26-R,"KXOSCARPIC-27-AVEN, SENATEMI-26-D, SENATEMI-26-R","KXNBA-27-ORL, KXNFLAFCCHAMP-27-PIT, KXOSCARPIC-27-AVEN"
match,41,True,1,0.0060085837014472315,0.0402359999999999,0.0020386162985527485,0.00942447900879563,0.0787373592705229,0.006322992845308951,0.5110153600879417,-0.003415895307348399,CONTROLH-2026-D+CONTROLH-2026-R,"CONTROLH-2026-D, CONTROLH-2026-R, KXGOVCA-26-SHIL","KXNBA-27-ORL, KXGOVCA-26-SHIL, KXINXY-26DEC31H1600-B8900"
match,42,True,1,0.003076047397665038,0.019600000000000208,0.0008439526023350033,0.007427756728637741,0.06829612121329384,0.006231467514021028,0.28698555132857334,-0.004351709330972703,KXGOVCA-26-SHIL+KXGOVCA-26-XBEC,"KXFEDDECISION-26SEP-H26, KXGOVCA-26-SHIL, KXGOVCA-26-XBEC","KXFEDDECISION-26SEP-H26, KXF1-26-LN, KXINXY-26DEC31H1600-B6300"
match,43,True,1,0.002172932176244813,0.01959999999999989,0.0017470678237551654,0.0058211704625705865,0.05913789032738036,0.006006407602905486,0.331428799564824,-0.0036482382863257737,CONTROLH-2026-D+CONTROLH-2026-R,"CONTROLH-2026-D, CONTROLH-2026-R, KXATP-26USO-MUS","KXNBA-27-HOU, KXATP-26USO-MUS, KXBTCMAXY-26DEC31-199999.99"
match,44,True,1,0.0019276406995856615,0.0195999999999999,0.0019923593004143184,0.01172534037508299,0.09162008927448353,0.006598677479813717,0.21392688170473717,-0.009797699675497328,CONTROLH-2026-D+CONTROLH-2026-R,"CONTROLH-2026-D, CONTROLH-2026-R, KXOSCARPIC-27-BEH","KXMLB-26-CHC, KXMLBAL-26-SEA, KXOSCARPIC-27-BEH"
match,45,True,1,0.006685563518211479,0.03840000000000002,0.0009944364817885245,0.010680687660996765,0.0769650389226444,0.004712320123532116,0.4989278318769497,-0.003995124142785286,SENATEMI-26-D+SENATEMI-26-R,"KXTAKEOVERACQWB-27JUN30-NFLX, SENATEMI-26-D, SENATEMI-26-R","KXNBA-27-ORL, KXTAKEOVERACQWB-27JUN30-NFLX, KXWNBA-26-WSH"
match,46,True,1,0.00679597762740021,0.03840000000000005,0.0008840223725998008,0.012219544374328782,0.07718918672607686,0.003218292970886591,0.49747900747122864,-0.005423566746928572,CONTROLS-2026-D+CONTROLS-2026-R,"CONTROLS-2026-D, CONTROLS-2026-R, KXTAKEOVERACQWB-27JUN30-NFLX","KXINXY-26DEC31H1600-B6700, KXTAKEOVERACQWB-27JUN30-NFLX, KXWNBA-26-WSH"
match,47,True,1,0.0027423750242400804,0.019599999999999767,0.0011776249757598735,0.009749805256635321,0.06812939262123432,0.0038760732676115447,0.2876878722369662,-0.0070074302323952405,CONTROLH-2026-D+CONTROLH-2026-R,"CONTROLH-2026-D, CONTROLH-2026-R, KXINXY-26DEC31H1600-B8900","KXFEDDECISION-26SEP-H26, KXBALLONDOR-26-KKVA, KXINXY-26DEC31H1600-B8900"
match,48,True,1,0.002484288243853848,0.01959999999999988,0.0014357117561461285,0.033521376658551136,0.18942440325909068,0.004363503993267001,0.10347135671422134,-0.031037088414697288,CONTROLH-2026-D+CONTROLH-2026-R,"CONTROLH-2026-D, CONTROLH-2026-R, KXNBA-27-CLE","CONTROLH-2026-R, KXNBA-27-MIN, KXNFLNFCCHAMP-27-ATL"
match,49,True,1,0.001490825096802064,0.019599999999999767,0.00242917490319789,0.004317313543267105,0.058697845796331555,0.007422255615999207,0.3339134466366517,-0.0028264884464650405,CONTROLH-2026-D+CONTROLH-2026-R,"CONTROLH-2026-D, CONTROLH-2026-R, KXINXY-26DEC31H1600-B8900","KXNBA-27-HOU, KXINXY-26DEC31H1600-B8900, KXOSCARPIC-27-AVEN"
match,50,True,1,0.0019889340299887766,0.019600000000000204,0.001931065970011264,0.007008742038518603,0.0683917158050763,0.006669601122496658,0.28658441697620657,-0.005019808008529827,KXGOVCA-26-SHIL+KXGOVCA-26-XBEC,"KXGOVCA-26-SHIL, KXGOVCA-26-XBEC, KXNFLNFCCHAMP-27-NO","KXBALLONDOR-26-KKVA, KXNFLNFCCHAMP-27-NO, KXALIENS-26NOV"
match,51,True,1,0.0018916219521132663,0.019599999999999906,0.0020283780478867154,0.005117296798654133,0.058763150491350544,0.006635333299615976,0.3335423617711727,-0.0032256748465408665,CONTROLH-2026-D+CONTROLH-2026-R,"CONTROLH-2026-D, CONTROLH-2026-R, KXOSCARPIC-27-AVEN","KXNBA-27-IND, KXOSCARPIC-27-AVEN, KXALIENS-26NOV"
match,52,True,1,0.004324768437284542,0.029099999999999987,0.0014952315627154563,0.00790065318936016,0.06819424587267467,0.005738195985174775,0.42672222014644073,-0.0035758847520756185,SENATEME-26-D+SENATEME-26-R,"KXNFLNFCCHAMP-27-WAS, SENATEME-26-D, SENATEME-26-R","KXNBA-27-TOR, KXNFLNFCCHAMP-27-WAS, KXINXY-26DEC31H1600-B6300"
match,53,True,1,0.0027960409569701937,0.01959999999999988,0.0011239590430297828,0.006511290107066983,0.05917323701088242,0.0053233572951095,0.33123082308975743,-0.0037152491500967895,CONTROLH-2026-D+CONTROLH-2026-R,"CONTROLH-2026-D, CONTROLH-2026-R, KXOSCARPIC-27-SOC","KXFEDDECISION-26SEP-H26, KXINXY-26DEC31H1600-B6300, KXOSCARPIC-27-SOC"
match,54,True,1,0.002203225351494125,0.019600000000000204,0.0017167746485059155,0.005376828877396475,0.0583225165114499,0.006287674424893506,0.3360623164494681,-0.00317360352590235,KXGOVCA-26-SHIL+KXGOVCA-26-XBEC,"KXGOVCA-26-SHIL, KXGOVCA-26-XBEC, KXOSCARPIC-27-PRO","KXMLBAL-26-SEA, KXOSCARPIC-27-PRO, KXALIENS-26NOV"
match,55,True,1,0.0025619390670271296,0.01959999999999998,0.001358060932972866,0.028069862072245433,0.16691126380670002,0.005312390689094573,0.1174276651736263,-0.025507923005218303,SENATEMI-26-D+SENATEMI-26-R,"KXATP-26USO-MUS, SENATEMI-26-D, SENATEMI-26-R","CONTROLH-2026-R, KXATP-26USO-MUS, KXOSCARPIC-27-BEH"
match,56,True,1,0.002109370611903239,0.019599999999999885,0.0018106293880967381,0.013843003548906881,0.09852131280053378,0.005861259011199875,0.19894172583430794,-0.011733632937003642,CONTROLH-2026-D+CONTROLH-2026-R,"CONTROLH-2026-D, CONTROLH-2026-R, KXNBA-27-HOU","KXNBA-27-HOU, KXGOVCA-26-SHIL, KXOSCARPIC-27-DEB"
match,57,True,1,0.001733171037958229,0.01959999999999998,0.0021868289620417666,0.004006516155190858,0.05901805267122756,0.007797094379054655,0.33210177416706527,-0.0022733451172326294,SENATEMI-26-D+SENATEMI-26-R,"KXNBA-27-ORL, SENATEMI-26-D, SENATEMI-26-R","KXNBA-27-ORL, KXINXY-26DEC31H1600-B6700, KXOSCARPIC-27-PRO"
match,58,True,1,0.0035715990207395784,0.02909999999999978,0.002248400979260378,0.008097765609416128,0.07645636438675585,0.007193507267935042,0.38060925644851384,-0.00452616658867655,CONTROLH-2026-D+CONTROLH-2026-R,"CONTROLH-2026-D, CONTROLH-2026-R, KXNFLNFCCHAMP-27-WAS","KXNFLNFCCHAMP-27-WAS, KXF1-26-LN, KXINXY-26DEC31H1600-B8900"
match,59,True,1,0.0015459677281490468,0.019600000000000208,0.0023740322718509947,0.0037598622109293114,0.05793114570015814,0.007826366929102317,0.338332683794077,-0.0022138944827802647,KXGOVCA-26-SHIL+KXGOVCA-26-XBEC,"KXNBA-27-ORL, KXGOVCA-26-SHIL, KXGOVCA-26-XBEC","KXNBA-27-ORL, KXATP-26USO-MUS, KXNFLNFCCHAMP-27-ATL"
match,60,True,1,0.0024170205523697634,0.019600000000000204,0.0015029794476302772,0.005645365775832422,0.06022771810230261,0.0064001778446281,0.3254315557283393,-0.0032283452234626586,KXGOVCA-26-SHIL+KXGOVCA-26-XBEC,"KXGOVCA-26-SHIL, KXGOVCA-26-XBEC, KXNFLNFCCHAMP-27-NO","KXNBA-27-CLE, KXNFLNFCCHAMP-27-NO, KXMLBAL-26-SEA"
match,61,True,1,0.005024587357890312,0.029100000000000084,0.0007954126421097054,0.007887953135034723,0.06797291785795942,0.005706630436557163,0.4281116791368191,-0.002863365777144411,KXGOVCA-26-SHIL+KXGOVCA-26-XBEC,"KXGOVCA-26-SHIL, KXGOVCA-26-XBEC, KXF1-26-LN","KXNBA-27-CLE, KXF1-26-LN, KXNFLAFCCHAMP-27-TEN"
match,62,True,1,0.004808126105104095,0.029099999999999987,0.001011873894895903,0.009452112892969034,0.06871523985439609,0.0042909350779101844,0.4234868431174995,-0.004643986787864939,SENATEMI-26-D+SENATEMI-26-R,"KXBALLONDOR-26-KKVA, SENATEMI-26-D, SENATEMI-26-R","KXBALLONDOR-26-KKVA, KXNFLAFCCHAMP-27-TEN, KXOSCARPIC-27-AVEN"
match,63,True,1,0.001683170618281972,0.019599999999999895,0.002236829381718007,0.004744012743350973,0.05892494725216396,0.007040976707081819,0.3326265175278558,-0.0030608421250690014,CONTROLH-2026-D+CONTROLH-2026-R,"CONTROLH-2026-D, CONTROLH-2026-R, KXNFLNFCCHAMP-27-NO","KXNFLNFCCHAMP-27-NO, KXOSCARPIC-27-SOC, KXBTCMAXY-26DEC31-199999.99"
match,64,True,1,0.004259624203764391,0.029099999999999987,0.001560375796235607,0.00836982226016197,0.06624466047303905,0.00487910983444584,0.43928068756339106,-0.00411019805639758,SENATEME-26-D+SENATEME-26-R,"KXNFLNFCCHAMP-27-WAS, SENATEME-26-D, SENATEME-26-R","KXNFLNFCCHAMP-27-WAS, KXINXY-26DEC31H1600-B8900, KXWNBA-26-WSH"
match,65,True,1,0.0016875764574539667,0.01959999999999998,0.002232423542546029,0.0041112197170487565,0.05863407684421909,0.007615595651795062,0.3342766025305368,-0.0024236432595947897,SENATEMI-26-D+SENATEMI-26-R,"KXNBA-27-IND, SENATEMI-26-D, SENATEMI-26-R","KXNBA-27-IND, KXNFLNFCCHAMP-27-ATL, KXINXY-26DEC31H1600-B6300"
match,66,True,1,0.006142862464090959,0.040236000000000105,0.0019043375359090627,0.009444170572765934,0.07965932017671976,0.006487693462578017,0.5051009713708174,-0.0033013081086749746,CONTROLS-2026-D+CONTROLS-2026-R,"KXGOVCA-26-SHIL, CONTROLS-2026-D, CONTROLS-2026-R","KXNBA-27-TOR, KXGOVCA-26-SHIL, KXBTCMAXY-26DEC31-199999.99"
match,67,True,1,0.0024596777112669867,0.019599999999999996,0.0014603222887330123,0.006313313655643516,0.058169956863370446,0.005320677717030573,0.3369436915010348,-0.0038536359443765295,SENATEME-26-D+SENATEME-26-R,"SENATEME-26-D, SENATEME-26-R, KXINXY-26DEC31H1600-B8900","KXNBA-27-HOU, KXINXY-26DEC31H1600-B8900, KXOSCARPIC-27-SOC"
match,68,True,1,0.0024604661243160485,0.019599999999999892,0.0014595338756839297,0.04730688109422529,0.2483691450039121,0.002366947906557136,0.07891479434650052,-0.04484641496990924,CONTROLH-2026-D+CONTROLH-2026-R,"CONTROLH-2026-D, CONTROLH-2026-R, KXINXY-26DEC31H1600-B6700","KXGOVCA-26-XBEC, SENATEME-26-R, KXINXY-26DEC31H1600-B6700"
match,69,True,1,0.0014935888465940038,0.01959999999999998,0.0024264111534059917,0.004009643509002483,0.05872444475376185,0.007735245441749888,0.3337622021320928,-0.002516054662408479,SENATEMI-26-D+SENATEMI-26-R,"KXOSCARPIC-27-AVEN, SENATEMI-26-D, SENATEMI-26-R","KXNBA-27-TOR, KXOSCARPIC-27-AVEN, KXNASCARCUPSERIES-NCS26-BWAL"
match,70,True,1,0.002385922941822431,0.019600000000000208,0.0015340770581776103,0.005340495899506057,0.058788572348314604,0.006417218570156865,0.3333981285320686,-0.002954572957683626,KXGOVCA-26-SHIL+KXGOVCA-26-XBEC,"KXNBA-27-HOU, KXGOVCA-26-SHIL, KXGOVCA-26-XBEC","KXNBA-27-HOU, KXOSCARPIC-27-SOC, KXBTCMAXY-26DEC31-199999.99"
match,71,True,1,0.00197116125982889,0.01959999999999998,0.0019488387401711054,0.04607935892897058,0.246451970092167,0.00321103508946282,0.07952868054846574,-0.04410819766914169,SENATEMI-26-D+SENATEMI-26-R,"KXNFLNFCCHAMP-27-NO, SENATEMI-26-D, SENATEMI-26-R","KXGOVCA-26-SHIL, KXNFLNFCCHAMP-27-NO, SENATEME-26-D"
match,72,True,1,0.001426632347132084,0.019600000000000062,0.002493367652867929,0.0040596216032058145,0.05895680621020633,0.007731739638835453,0.3324467734924047,-0.0026329892560737304,CONTROLS-2026-D+CONTROLS-2026-R,"KXNBA-27-CLE, CONTROLS-2026-D, CONTROLS-2026-R","KXNBA-27-CLE, KXNFLNFCCHAMP-27-NO, KXOSCARPIC-27-SOC"
match,73,True,1,0.0017816675949411213,0.019599999999999996,0.0021383324050588777,0.006128611193795017,0.06831898215879437,0.007535185237963857,0.2868895200230524,-0.004346943598853896,SENATEME-26-D+SENATEME-26-R,"SENATEME-26-D, SENATEME-26-R, KXINXY-26DEC31H1600-B8900","KXBALLONDOR-26-KKVA, KXNFLNFCCHAMP-27-ATL, KXINXY-26DEC31H1600-B8900"
match,74,True,1,0.0022171957101773387,0.019599999999999895,0.0017028042898226403,0.005417615865213738,0.05816752894443257,0.006215889923672776,0.3369577555670926,-0.0032004201550363993,CONTROLH-2026-D+CONTROLH-2026-R,"KXFEDDECISION-26SEP-H26, CONTROLH-2026-D, CONTROLH-2026-R","KXFEDDECISION-26SEP-H26, KXNBA-27-HOU, KXNFLNFCCHAMP-27-ATL"
match,75,True,1,0.008866005797823352,0.04749999999999988,0.000633994202176625,0.013057523526839223,0.08202606594384079,0.003347689661928936,0.5790842149192038,-0.004191517729015871,CONTROLS-2026-D+CONTROLS-2026-R,"CONTROLS-2026-D, CONTROLS-2026-R, KXF1-26-GR","KXNBA-27-ORL, KXF1-26-GR, KXOSCARPIC-27-SOC"
match,76,True,1,0.002645461453565246,0.01959999999999998,0.0012745385464347494,0.006559006854190953,0.05877655188525993,0.005196303522861033,0.33346631218282297,-0.003913545400625707,SENATEMI-26-D+SENATEMI-26-R,"KXOSCARPIC-27-PRO, SENATEMI-26-D, SENATEMI-26-R","KXNBA-27-CLE, KXOSCARPIC-27-PRO, KXALIENS-26NOV"
match,77,True,1,0.002041669429361695,0.019600000000000208,0.0018783305706383466,0.005314625141569385,0.05864950817718867,0.00641527649386835,0.33418865066669895,-0.0032729557122076897,KXGOVCA-26-SHIL+KXGOVCA-26-XBEC,"KXFEDDECISION-26SEP-H26, KXGOVCA-26-SHIL, KXGOVCA-26-XBEC","KXFEDDECISION-26SEP-H26, KXNBA-27-CLE, KXNFLNFCCHAMP-27-ATL"
match,78,True,1,0.015012401053481075,0.08189999999999989,0.0013675989465189026,0.020511680895188653,0.12791964263565442,0.005072247631942233,0.6402456910645895,-0.005499279841707578,SENATEMI-26-D+SENATEMI-26-R,"KXRATECUTCOUNT-26DEC31-T1, SENATEMI-26-D, SENATEMI-26-R","KXNBA-27-HOU, KXNFLAFCCHAMP-27-PIT, KXRATECUTCOUNT-26DEC31-T1"
match,79,True,1,0.0019437796786469855,0.019600000000000076,0.00197622032135303,0.005447333856927319,0.05750368597006628,0.006053403337085938,0.3408477155743184,-0.003503554178280334,SENATEME-26-D+SENATEME-26-R,"SENATEME-26-D, SENATEME-26-R, KXWNBA-26-WSH","KXNFLAFCCHAMP-27-TEN, KXOSCARPIC-27-PRO, KXWNBA-26-WSH"
match,80,True,1,0.002059687404082935,0.019600000000000183,0.0018603125959171024,0.00606219907329834,0.059108045486098645,0.005759410023921389,0.3315961446333024,-0.004002511669215406,KXGOVCA-26-SHIL+KXGOVCA-26-XBEC,"KXGOVCA-26-SHIL, KXGOVCA-26-XBEC, KXOSCARPIC-27-AVEN","KXNBA-27-CLE, KXMLBAL-26-SEA, KXOSCARPIC-27-AVEN"
match,81,True,1,0.002917295579676713,0.0196000000000002,0.0010027044203233275,0.0062546451361165725,0.05874457566826857,0.005494269997537143,0.33364782666371906,-0.0033373495564398593,KXGOVCA-26-SHIL+KXGOVCA-26-XBEC,"KXNBA-27-IND, KXGOVCA-26-SHIL, KXGOVCA-26-XBEC","KXNBA-27-IND, KXATP-26USO-MUS, KXNFLNFCCHAMP-27-NO"
match,82,True,1,0.0028116538605765483,0.019600000000000194,0.0011083461394234906,0.0066842908275492295,0.0588364983662619,0.00508300884570315,0.33312655484676584,-0.0038726369669726812,KXGOVCA-26-SHIL+KXGOVCA-26-XBEC,"KXGOVCA-26-SHIL, KXGOVCA-26-XBEC, KXINXY-26DEC31H1600-B6300","KXINXY-26DEC31H1600-B6300, KXWNBA-26-WSH, KXALIENS-26NOV"
match,83,True,1,0.0020706685004893213,0.01959999999999988,0.0018493314995106551,0.004180617424809411,0.058833140952095866,0.007586010765609764,0.33314556528537087,-0.0021099489243200896,CONTROLH-2026-D+CONTROLH-2026-R,"CONTROLH-2026-D, CONTROLH-2026-R, KXNBA-27-IND","KXNBA-27-IND, KXOSCARPIC-27-SOC, KXBTCMAXY-26DEC31-199999.99"
match,84,True,1,0.008334233882576661,0.04749999999999988,0.0011657661174233162,0.01533301434094237,0.09775943640685117,0.004218872940427866,0.48588659822379043,-0.0069987804583657096,CONTROLH-2026-D+CONTROLH-2026-R,"CONTROLH-2026-D, CONTROLH-2026-R, KXF1-26-GR","KXF1-26-GR, KXMLBAL-26-TEX, KXBTCMAXY-26DEC31-199999.99"
match,85,True,1,0.001895733011302289,0.01959999999999998,0.0020242669886977064,0.0065471780186677105,0.06757077331869597,0.0069669766450714855,0.29006623777349766,-0.004651445007365421,SENATEMI-26-D+SENATEMI-26-R,"KXNBA-27-TOR, SENATEMI-26-D, SENATEMI-26-R","KXNBA-27-TOR, KXF1-26-LN, KXMLBAL-26-SEA"
match,86,True,1,0.0019256124909113673,0.01960000000000029,0.0019943875090886907,0.004332317823988737,0.059187687437845554,0.007505219663580375,0.3311499544661672,-0.00240670533307737,KXGOVCA-26-SHIL+KXGOVCA-26-XBEC,"KXNBA-27-TOR, KXGOVCA-26-SHIL, KXGOVCA-26-XBEC","KXNBA-27-TOR, KXOSCARPIC-27-SOC, KXALIENS-26NOV"
match,87,True,1,0.0030896567826747615,0.019600000000000062,0.0008303432173252514,0.006609365480841678,0.058917955579533096,0.005174225635064943,0.33266598963268684,-0.0035197086981669165,CONTROLS-2026-D+CONTROLS-2026-R,"KXFEDDECISION-26SEP-H26, CONTROLS-2026-D, CONTROLS-2026-R","KXFEDDECISION-26SEP-H26, KXINXY-26DEC31H1600-B6700, KXALIENS-26NOV"
match,88,True,1,0.00187558084073643,0.019599999999999906,0.0020444191592635516,0.004289125464132532,0.0585988701193108,0.007430648559729629,0.3344774389010084,-0.002413544623396102,CONTROLH-2026-D+CONTROLH-2026-R,"CONTROLH-2026-D, CONTROLH-2026-R, KXOSCARPIC-27-AVEN","KXNBA-27-TOR, KXNFLNFCCHAMP-27-NO, KXOSCARPIC-27-AVEN"
match,89,True,1,0.001955410288125979,0.019600000000000093,0.00196458971187404,0.005612061297665928,0.059471125690618444,0.006282163840457761,0.32957170008793,-0.003656651009539949,CONTROLS-2026-D+CONTROLS-2026-R,"CONTROLS-2026-D, CONTROLS-2026-R, KXINXY-26DEC31H1600-B6700","KXNBA-27-ORL, KXINXY-26DEC31H1600-B6700, KXBTCMAXY-26DEC31-199999.99"
match,90,True,1,0.002473447538904841,0.01959999999999988,0.0014465524610951354,0.005398086530184264,0.05915122417428451,0.006432158304672638,0.3313540890083694,-0.0029246389912794234,CONTROLH-2026-D+CONTROLH-2026-R,"CONTROLH-2026-D, CONTROLH-2026-R, KXNBA-27-IND","KXNBA-27-IND, KXNFLNFCCHAMP-27-NO, KXBTCMAXY-26DEC31-199999.99"
match,91,True,1,0.004321570500803305,0.029099999999999775,0.00149842949919665,0.007238681745311979,0.06760439343409802,0.006282196941507626,0.43044539743362953,-0.0029171112445086737,CONTROLH-2026-D+CONTROLH-2026-R,"CONTROLH-2026-D, CONTROLH-2026-R, KXF1-26-LN","KXNBA-27-TOR, KXF1-26-LN, KXNFLAFCCHAMP-27-TEN"
match,92,True,1,0.0020924977006659858,0.019599999999999885,0.0018275022993339916,0.005624140492618085,0.05850308780578946,0.006076477068539808,0.3350250514137866,-0.003531642791952099,CONTROLH-2026-D+CONTROLH-2026-R,"CONTROLH-2026-D, CONTROLH-2026-R, KXNBA-27-HOU","KXNBA-27-HOU, KXATP-26USO-MUS, KXINXY-26DEC31H1600-B8900"
match,93,True,1,0.0018415607566354998,0.019600000000000107,0.0020784392433645217,0.005483947267893738,0.05795335797942602,0.006106724327991468,0.3382030081321308,-0.003642386511258238,KXGOVCA-26-SHIL+KXGOVCA-26-XBEC,"KXGOVCA-26-SHIL, KXGOVCA-26-XBEC, KXINXY-26DEC31H1600-B8900","KXNBA-27-HOU, KXINXY-26DEC31H1600-B8900, KXWNBA-26-WSH"
match,94,True,1,0.0023758153140646006,0.019600000000000097,0.0015441846859354192,0.007802410793525252,0.06839387540527508,0.005876364287529766,0.2865753678068137,-0.005426595479460651,SENATEME-26-D+SENATEME-26-R,"SENATEME-26-D, SENATEME-26-R, KXOSCARPIC-27-PRO","KXNBA-27-CLE, KXBALLONDOR-26-KKVA, KXOSCARPIC-27-PRO"
match,95,True,1,0.001563706987720962,0.01960000000000021,0.0023562930122790803,0.004568706433913432,0.05772196616253618,0.006975686798593804,0.33955877290821357,-0.0030049994461924696,KXGOVCA-26-SHIL+KXGOVCA-26-XBEC,"KXGOVCA-26-SHIL, KXGOVCA-26-XBEC, KXWNBA-26-WSH","KXMLBAL-26-SEA, KXWNBA-26-WSH, KXALIENS-26NOV"
match,96,True,1,0.00259426900984629,0.01959999999999988,0.0013257309901536863,0.007152457546940674,0.0583029610633527,0.004508134665729866,0.3361750354103334,-0.004558188537094384,CONTROLH-2026-D+CONTROLH-2026-R,"CONTROLH-2026-D, CONTROLH-2026-R, KXMLBAL-26-SEA","KXNBA-27-CLE, KXMLBAL-26-SEA, KXWNBA-26-WSH"
match,97,True,1,0.008752617695023349,0.0402359999999999,-0.0007054176950233686,0.018303817609826238,0.10611875574187504,0.002919933538548771,0.3791601184796266,-0.00955119991480289,CONTROLH-2026-D+CONTROLH-2026-R,"CONTROLH-2026-D, CONTROLH-2026-R, KXGOVCA-26-SHIL","KXGOVCA-26-SHIL, KXMLBAL-26-TEX, KXNFLAFCCHAMP-27-PIT"
match,98,True,1,0.004434701590198105,0.02909999999999979,0.0013852984098018531,0.008292140186502626,0.06871691513366318,0.005451242840230011,0.423476518749373,-0.003857438596304521,CONTROLH-2026-D+CONTROLH-2026-R,"CONTROLH-2026-D, CONTROLH-2026-R, KXINXY-26DEC31H1600-B6900","KXNFLNFCCHAMP-27-ATL, KXINXY-26DEC31H1600-B6900, KXWNBA-26-WSH"
match,99,True,1,0.0018109276992868684,0.01959999999999998,0.002109072300713127,0.004525843992741415,0.05840431131257683,0.007155018269773952,0.33559166368903487,-0.0027149162934545466,SENATEMI-26-D+SENATEMI-26-R,"KXNFLNFCCHAMP-27-NO, SENATEMI-26-D, SENATEMI-26-R","KXNFLNFCCHAMP-27-NO, KXINXY-26DEC31H1600-B8900, KXBTCMAXY-26DEC31-199999.99"
