mode,seed,violation,n_violated_pairs,edge0,var0,obj0,edge1,var1,obj1,var_ratio,edge_diff,violated,portfolio0,portfolio1
none,frozen,True,1,0.11787907779672549,0.12550517093293478,-0.09905330215678528,0.1572611490942496,0.45212416937425315,-0.08944252368811163,0.27759005033204903,-0.03938207129752411,KXVENEZUELALEADER-26DEC31-DROD+KXVENEZUELALEADER-26DEC31-NMAD,"KXVENEZUELALEADER-26DEC31-DROD, KXVENEZUELALEADER-26DEC31-NMAD, KXRATECUTCOUNT-26DEC31-T0","CONTROLS-2026-R, KXVENEZUELALEADER-26DEC31-NMAD, KXRATECUTCOUNT-26DEC31-T0"
none,0,True,1,0.13805319288868256,0.2436040207176554,-0.10151258978103425,0.1210228629281287,0.5154849736082197,-0.04370011688689575,0.47257249617289526,0.01703032996055387,SENATEOHS-26-D+SENATEOHS-26-R,"KXATP-26USO-ALC, SENATEOHS-26-D, SENATEOHS-26-R","KXGOVCA-26-XBEC, KXATP-26USO-ALC, SENATEOHS-26-R"
none,1,False,0,0.18317471313754263,0.3143824654006925,-0.13601734332743876,0.18317471313754263,0.3143824654006925,-0.13601734332743876,1.0,0.0,,"KXF1-26-KA, KXVENEZUELALEADER-26DEC31-NMAD, KXRATECUTCOUNT-26DEC31-T0","KXF1-26-KA, KXVENEZUELALEADER-26DEC31-NMAD, KXRATECUTCOUNT-26DEC31-T0"
none,2,True,1,0.0823384633063946,0.2303959422143718,-0.047779071974238835,0.08988548770322181,0.48968029986230127,-0.016433442723876632,0.47050277962817666,-0.007547024396827209,SENATETX-26-D+SENATETX-26-R,"SENATETX-26-D, SENATETX-26-R, KXBALLONDOR-26-HKAN","SENATETX-26-D, KXBALLONDOR-26-HKAN, KXNASCARCUPSERIES-NCS26-BWAL"
none,3,True,1,0.14926144167869954,0.11309999999999978,-0.13229644167869958,0.17474488870568616,0.5279120962072106,-0.09555807427460458,0.21424021311988833,-0.025483447026986628,SENATEMI-26-D+SENATEMI-26-R,"KXF1-26-KA, SENATEMI-26-D, SENATEMI-26-R","SENATETX-26-R, KXF1-26-KA, SENATEMI-26-D"
none,4,False,0,0.234738130303354,0.3308948719753582,-0.18510389950705025,0.234738130303354,0.3308948719753582,-0.18510389950705025,1.0,0.0,,"CONTROLH-2026-D, KXVENEZUELALEADER-26DEC31-NMAD, KXRATECUTCOUNT-26DEC31-T0","CONTROLH-2026-D, KXVENEZUELALEADER-26DEC31-NMAD, KXRATECUTCOUNT-26DEC31-T0"
none,5,True,1,0.09964648657519293,0.21750303624758588,-0.06702103113805505,0.11261028529967831,0.4339260013635222,-0.047521385095149984,0.5012445337779433,-0.012963798724485387,SENATEOHS-26-D+SENATEOHS-26-R,"SENATEME-26-D, SENATEOHS-26-D, SENATEOHS-26-R","KXGOVCA-26-XBEC, CONTROLS-2026-R, SENATEME-26-D"
none,6,False,0,0.14681446575059698,0.2745200503252663,-0.10563645820180703,0.14681446575059698,0.2745200503252663,-0.10563645820180703,1.0,0.0,,"CONTROLH-2026-D, KXGOVCA-26-XBEC, KXVENEZUELALEADER-26DEC31-NMAD","CONTROLH-2026-D, KXGOVCA-26-XBEC, KXVENEZUELALEADER-26DEC31-NMAD"
none,7,True,1,0.1383423926729886,0.08025599999999991,-0.1263039926729886,0.14521847410864241,0.26687875380775,-0.10518666103747992,0.300720828671935,-0.006876081435653825,SENATEMI-26-D+SENATEMI-26-R,"KXRATECUTCOUNT-26DEC31-T0, SENATEMI-26-D, SENATEMI-26-R","KXGOVCA-26-XBEC, KXTAKEOVERACQWB-27JUN30-PSKY, KXRATECUTCOUNT-26DEC31-T0"
none,8,True,1,0.16188562044687388,0.1130999999999999,-0.1449206204468739,0.16723067262615954,0.3152113327554672,-0.11994897271283947,0.3588068963489328,-0.005345052179285659,CONTROLH-2026-D+CONTROLH-2026-R,"CONTROLH-2026-D, CONTROLH-2026-R, KXF1-26-KA","CONTROLH-2026-D, KXF1-26-KA, KXRATECUTCOUNT-26DEC31-T0"
none,9,True,1,0.16156793679637427,0.12459126801331195,-0.14287924659437748,0.1773865104515675,0.3018098848623177,-0.13211502772221984,0.4128137422342847,-0.015818573655193235,KXFEDDECISION-26SEP-H0+KXFEDDECISION-26SEP-H25,"KXFEDDECISION-26SEP-H0, KXFEDDECISION-26SEP-H25, KXF1-26-KA","KXGOVCA-26-XBEC, KXF1-26-KA, KXTAKEOVERACQWB-27JUN30-PSKY"
none,10,True,1,0.11874965649496055,0.131904411338979,-0.0989639947941137,0.162882627830093,0.4948882689386103,-0.08864938748930146,0.26653372006953235,-0.04413297133513244,KXFEDDECISION-26SEP-H0+KXFEDDECISION-26SEP-H25,"KXFEDDECISION-26SEP-H0, KXFEDDECISION-26SEP-H25, KXVENEZUELALEADER-26DEC31-NMAD","KXFEDDECISION-26SEP-H25, CONTROLH-2026-D, KXVENEZUELALEADER-26DEC31-NMAD"
none,11,True,1,0.15067944837290714,0.12039999999999998,-0.13261944837290715,0.15407839496729803,0.40202373707763445,-0.09377483440565286,0.2994848037461769,-0.0033989465943908836,SENATEMI-26-D+SENATEMI-26-R,"KXVENEZUELALEADER-26DEC31-NMAD, SENATEMI-26-D, SENATEMI-26-R","KXGOVCA-26-XBEC, KXATP-26USO-ALC, KXVENEZUELALEADER-26DEC31-NMAD"
none,12,True,1,0.09621098994574973,0.04020501759601747,-0.09018023730634711,0.12557004311251818,0.40602105165160807,-0.06466688536477697,0.09902200251063813,-0.029359053166768456,SENATETX-26-D+SENATETX-26-R,"KXGOVCA-26-XBEC, SENATETX-26-D, SENATETX-26-R","KXGOVCA-26-XBEC, KXATP-26USO-ALC, KXF1-26-KA"
none,13,True,1,0.127061006860276,0.1275,-0.10793600686027599,0.12211384903449463,0.2599369650218649,-0.0831233042812149,0.49050353415211717,0.0049471578257813675,CONTROLS-2026-D+CONTROLS-2026-R,"CONTROLH-2026-D, CONTROLS-2026-D, CONTROLS-2026-R","CONTROLH-2026-D, KXGOVCA-26-XBEC, KXF1-26-KA"
none,14,True,1,0.153901515929673,0.12039999999999998,-0.135841515929673,0.16336577977163635,0.3738094010057915,-0.10729436962076763,0.3220892777871432,-0.00946426384196336,SENATEMI-26-D+SENATEMI-26-R,"KXVENEZUELALEADER-26DEC31-NMAD, SENATEMI-26-D, SENATEMI-26-R","KXGOVCA-26-XBEC, KXVENEZUELALEADER-26DEC31-NMAD, SENATEMI-26-D"
none,15,True,1,0.15307891028135506,0.12749999999999992,-0.1339539102813551,0.1457556097412197,0.39992882618218956,-0.08576628581389127,0.31880672672971233,0.007323300540135358,SENATEMI-26-D+SENATEMI-26-R,"CONTROLH-2026-D, SENATEMI-26-D, SENATEMI-26-R","CONTROLH-2026-D, KXGOVCA-26-XBEC, SENATEMI-26-D"
none,16,True,1,0.10168768564426284,0.11309900627968009,-0.08472283470231082,0.09721853797809313,0.38172936698027893,-0.03995913293105129,0.29628060102989945,0.004469147666169709,SENATETX-26-D+SENATETX-26-R,"SENATETX-26-D, SENATETX-26-R, KXF1-26-KA","KXNBA-27-TOR, SENATETX-26-R, KXF1-26-KA"
none,17,True,1,0.14114572396436953,0.15390100647367178,-0.11806057299331876,0.15154878638450286,0.5563772746480413,-0.06809219518729667,0.2766126754027256,-0.010403062420133335,SENATETX-26-D+SENATETX-26-R,"SENATETX-26-D, SENATETX-26-R, KXTAKEOVERACQWB-27JUN30-PSKY","SENATEME-26-D, KXTAKEOVERACQWB-27JUN30-PSKY, SENATEMI-26-D"
none,18,True,1,0.14895108128601597,0.08025143696966938,-0.13691336574056556,0.1774455102868564,0.4467402201343772,-0.11043447726669982,0.17963781489280314,-0.028494429000840427,SENATETX-26-D+SENATETX-26-R,"SENATETX-26-D, SENATETX-26-R, KXRATECUTCOUNT-26DEC31-T0","SENATETX-26-R, KXF1-26-KA, KXRATECUTCOUNT-26DEC31-T0"
none,19,True,1,0.09548646224189261,0.11309785119943688,-0.07852178456197709,0.10271159827947263,0.4397303728873795,-0.03675204234636571,0.25719817909508536,-0.0072251360375800155,SENATEOHS-26-D+SENATEOHS-26-R,"KXF1-26-KA, SENATEOHS-26-D, SENATEOHS-26-R","KXATP-26USO-ALC, KXF1-26-KA, KXMLBAL-26-CWS"
none,20,True,1,0.1468907579335903,0.1204000000000003,-0.12883075793359025,0.17365819255270565,0.4515732037155612,-0.10592221199537147,0.26662343781549613,-0.02676743461911535,CONTROLS-2026-D+CONTROLS-2026-R,"CONTROLS-2026-D, CONTROLS-2026-R, KXVENEZUELALEADER-26DEC31-NMAD","KXVENEZUELALEADER-26DEC31-NMAD, KXOSCARPIC-27-ODY, KXRATECUTCOUNT-26DEC31-T0"
none,21,True,1,0.10524257887525124,0.08025143696966938,-0.09320486332980082,0.11766950069680093,0.26687875380775,-0.07763768762563844,0.3007037309065062,-0.012426921821549697,SENATETX-26-D+SENATETX-26-R,"SENATETX-26-D, SENATETX-26-R, KXRATECUTCOUNT-26DEC31-T0","KXGOVCA-26-XBEC, KXTAKEOVERACQWB-27JUN30-PSKY, KXRATECUTCOUNT-26DEC31-T0"
none,22,False,0,0.21939374999417904,0.4781484855488919,-0.14767147716184525,0.21939374999417904,0.4781484855488919,-0.14767147716184525,1.0,0.0,,"KXF1-26-KA, SENATEME-26-D, KXTAKEOVERACQWB-27JUN30-PSKY","KXF1-26-KA, SENATEME-26-D, KXTAKEOVERACQWB-27JUN30-PSKY"
none,23,True,1,0.07339536135837976,0.15390100647367178,-0.050310210387328996,0.10093775031362268,0.39543267826597345,-0.04162284857372666,0.389196480039406,-0.027542388955242914,SENATETX-26-D+SENATETX-26-R,"SENATETX-26-D, SENATETX-26-R, KXTAKEOVERACQWB-27JUN30-PSKY","KXBALLONDOR-26-HKAN, KXTAKEOVERACQWB-27JUN30-PSKY, KXNASCARCUPSERIES-NCS26-BWAL"
none,24,True,1,0.1436428936912555,0.13887079940073294,-0.12281227378114555,0.16382271655292124,0.4235642739005303,-0.1002880754678417,0.3278624000128616,-0.020179822861665753,KXFEDDECISION-26SEP-H0+KXFEDDECISION-26SEP-H25,"KXFEDDECISION-26SEP-H0, KXFEDDECISION-26SEP-H25, CONTROLH-2026-D","CONTROLH-2026-D, CONTROLS-2026-D, KXRATECUTCOUNT-26DEC31-T0"
none,25,True,1,0.1343917781903203,0.1538999999999998,-0.11130677819032034,0.17013150460823656,0.46037424199668975,-0.10107536830873311,0.33429324658243237,-0.03573972641791626,CONTROLH-2026-D+CONTROLH-2026-R,"CONTROLH-2026-D, CONTROLH-2026-R, KXTAKEOVERACQWB-27JUN30-PSKY","CONTROLH-2026-D, SENATEME-26-D, KXTAKEOVERACQWB-27JUN30-PSKY"
none,26,True,1,0.16952708967612373,0.0802534383315362,-0.1574890739263933,0.18180151003273304,0.40759380007374885,-0.12066244002167072,0.19689563069167237,-0.012274420356609306,SENATEOHS-26-D+SENATEOHS-26-R,"KXRATECUTCOUNT-26DEC31-T0, SENATEOHS-26-D, SENATEOHS-26-R","KXF1-26-KA, SENATEME-26-D, KXRATECUTCOUNT-26DEC31-T0"
none,27,True,1,0.13081138801235026,0.24917208681986885,-0.09343557498936994,0.12230279856850856,0.6294019477667951,-0.027892506403489295,0.39588706025452536,0.008508589443841696,SENATETX-26-D+SENATETX-26-R,"SENATETX-26-D, SENATETX-26-R, CONTROLS-2026-R","SENATETX-26-R, CONTROLS-2026-R, SENATEME-26-D"
none,28,False,0,0.14771062990094996,0.46037424199668975,-0.07865449360144651,0.14771062990094996,0.46037424199668975,-0.07865449360144651,1.0,0.0,,"CONTROLH-2026-D, SENATEME-26-D, KXTAKEOVERACQWB-27JUN30-PSKY","CONTROLH-2026-D, SENATEME-26-D, KXTAKEOVERACQWB-27JUN30-PSKY"
none,29,False,0,0.131119502366162,0.2955665221273224,-0.08678452404706363,0.131119502366162,0.2955665221273224,-0.08678452404706363,1.0,0.0,,"CONTROLH-2026-D, KXGOVCA-26-XBEC, KXTAKEOVERACQWB-27JUN30-PSKY","CONTROLH-2026-D, KXGOVCA-26-XBEC, KXTAKEOVERACQWB-27JUN30-PSKY"
none,30,True,1,0.135471132775713,0.12040748388727349,-0.11741001019262197,0.14966068868771187,0.3738094010057915,-0.09358927853684315,0.32210929838387875,-0.014189555911998886,SENATETX-26-D+SENATETX-26-R,"SENATETX-26-D, SENATETX-26-R, KXVENEZUELALEADER-26DEC31-NMAD","KXGOVCA-26-XBEC, KXVENEZUELALEADER-26DEC31-NMAD, SENATEMI-26-D"
none,31,True,1,0.12753079065359618,0.24919520614233448,-0.090151509732246,0.14358157122597404,0.6790622733352414,-0.04172223022568783,0.3669695931102199,-0.016050780572377854,SENATEOHS-26-D+SENATEOHS-26-R,"CONTROLS-2026-R, SENATEOHS-26-D, SENATEOHS-26-R","SENATETX-26-R, CONTROLS-2026-R, SENATEOHS-26-D"
none,32,False,0,0.1952662978567261,0.3855295827891856,-0.13743686043834827,0.1952662978567261,0.3855295827891856,-0.13743686043834827,1.0,0.0,,"CONTROLH-2026-D, KXF1-26-KA, KXTAKEOVERACQWB-27JUN30-PSKY","CONTROLH-2026-D, KXF1-26-KA, KXTAKEOVERACQWB-27JUN30-PSKY"
none,33,True,1,0.101222858015043,0.0802534383315362,-0.08918484226531256,0.1341564561938663,0.40168005626039477,-0.07390444775480708,0.19979443111686573,-0.0329335981788233,SENATEOHS-26-D+SENATEOHS-26-R,"KXRATECUTCOUNT-26DEC31-T0, SENATEOHS-26-D, SENATEOHS-26-R","KXBALLONDOR-26-HKAN, KXF1-26-KA, KXRATECUTCOUNT-26DEC31-T0"
none,34,True,3,0.045489079132429874,0.0010946459619916235,-0.04532488223813113,0.04600987044963094,0.2864050326605535,-0.003049115550547911,0.0038220206950378382,-0.0005207913172010636,KXFEDDECISION-26SEP-H0+KXFEDDECISION-26SEP-H25;KXFEDDECISION-26SEP-H0+KXFEDDECISION-26SEP-H26;KXFEDDECISION-26SEP-H25+KXFEDDECISION-26SEP-H26,"KXFEDDECISION-26SEP-H0, KXFEDDECISION-26SEP-H25, KXFEDDECISION-26SEP-H26","KXFEDDECISION-26SEP-H25, KXOSCARPIC-27-PRO, KXALIENS-26NOV"
none,35,True,1,0.14612752146918845,0.15390100647367178,-0.12304237049813768,0.14373306263272234,0.26687875380775,-0.10370124956155985,0.5766701330767476,0.002394458836466107,SENATETX-26-D+SENATETX-26-R,"SENATETX-26-D, SENATETX-26-R, KXTAKEOVERACQWB-27JUN30-PSKY","KXGOVCA-26-XBEC, KXTAKEOVERACQWB-27JUN30-PSKY, KXRATECUTCOUNT-26DEC31-T0"
none,36,False,0,0.2019553876949567,0.35105579630542944,-0.14929701824914227,0.2019553876949567,0.35105579630542944,-0.14929701824914227,1.0,0.0,,"KXTAKEOVERACQWB-27JUN30-PSKY, KXVENEZUELALEADER-26DEC31-NMAD, KXRATECUTCOUNT-26DEC31-T0","KXTAKEOVERACQWB-27JUN30-PSKY, KXVENEZUELALEADER-26DEC31-NMAD, KXRATECUTCOUNT-26DEC31-T0"
none,37,False,0,0.1776054234585649,0.2599369650218649,-0.13861487870528516,0.1776054234585649,0.2599369650218649,-0.13861487870528516,1.0,0.0,,"CONTROLH-2026-D, KXGOVCA-26-XBEC, KXF1-26-KA","CONTROLH-2026-D, KXGOVCA-26-XBEC, KXF1-26-KA"
none,38,True,1,0.12658517512767914,0.09259806750172775,-0.11269546500241998,0.1495015663085123,0.40759380007374885,-0.08836249629744998,0.227182227710464,-0.022916391180833162,KXFEDDECISION-26SEP-H0+KXFEDDECISION-26SEP-H25,"KXFEDDECISION-26SEP-H0, KXFEDDECISION-26SEP-H25, KXRATECUTCOUNT-26DEC31-T0","KXF1-26-KA, SENATEME-26-D, KXRATECUTCOUNT-26DEC31-T0"
none,39,True,1,0.10800151143196074,0.15390000000000012,-0.08491651143196072,0.10954587493829508,0.20782893639244968,-0.07837153447942763,0.7405128596211746,-0.0015443635063343425,KXGOVCA-26-SHIL+KXGOVCA-26-XBEC,"KXGOVCA-26-SHIL, KXGOVCA-26-XBEC, KXTAKEOVERACQWB-27JUN30-PSKY","KXGOVCA-26-XBEC, KXTAKEOVERACQWB-27JUN30-PSKY, KXNASCARCUPSERIES-NCS26-BWAL"
none,40,True,1,0.09469879569721212,0.28785019401334533,-0.05152126659521033,0.12949171111847585,0.5799348055890745,-0.04250149028011467,0.4963492296706673,-0.034792915421263726,KXATP-26USO-ALC+KXATP-26USO-ZVE,"KXATP-26USO-ALC, KXATP-26USO-ZVE, KXF1-26-KA","KXF1-26-KA, KXWNBA-26-MIN, SENATEMI-26-D"
none,41,True,1,0.07990322117886584,0.11309999999999978,-0.06293822117886587,0.13474944033614333,0.5221534091624351,-0.05642642896177806,0.21660300979633335,-0.0548462191572775,SENATEMI-26-D+SENATEMI-26-R,"KXF1-26-KA, SENATEMI-26-D, SENATEMI-26-R","KXATP-26USO-ALC, KXF1-26-KA, KXTAKEOVERACQWB-27JUN30-PSKY"
none,42,False,0,0.16661882356048108,0.3065008089404073,-0.12064370221941997,0.16661882356048108,0.3065008089404073,-0.12064370221941997,1.0,0.0,,"KXGOVCA-26-XBEC, KXTAKEOVERACQWB-27JUN30-PSKY, KXVENEZUELALEADER-26DEC31-NMAD","KXGOVCA-26-XBEC, KXTAKEOVERACQWB-27JUN30-PSKY, KXVENEZUELALEADER-26DEC31-NMAD"
none,43,True,1,0.06949982267303922,0.04020501759601747,-0.06346907003363661,0.1078785936358071,0.4287189491348986,-0.043570751265572305,0.09377942747141498,-0.03837877096276787,SENATETX-26-D+SENATETX-26-R,"KXGOVCA-26-XBEC, SENATETX-26-D, SENATETX-26-R","KXGOVCA-26-XBEC, SENATEME-26-R, SENATEOHS-26-D"
none,44,False,0,0.14567205748492307,0.3874339785579586,-0.08755696070122929,0.14567205748492307,0.3874339785579586,-0.08755696070122929,1.0,0.0,,"CONTROLH-2026-D, KXGOVCA-26-XBEC, KXBALLONDOR-26-HKAN","CONTROLH-2026-D, KXGOVCA-26-XBEC, KXBALLONDOR-26-HKAN"
none,45,False,0,0.1873892772061463,0.44177094320794963,-0.12112363572495384,0.1873892772061463,0.44177094320794963,-0.12112363572495384,1.0,0.0,,"CONTROLH-2026-D, KXBALLONDOR-26-HKAN, KXRATECUTCOUNT-26DEC31-T0","CONTROLH-2026-D, KXBALLONDOR-26-HKAN, KXRATECUTCOUNT-26DEC31-T0"
none,46,False,0,0.14364493043802584,0.22960798391737697,-0.10920373285041929,0.14364493043802584,0.22960798391737697,-0.10920373285041929,1.0,0.0,,"CONTROLH-2026-D, KXGOVCA-26-XBEC, KXRATECUTCOUNT-26DEC31-T0","CONTROLH-2026-D, KXGOVCA-26-XBEC, KXRATECUTCOUNT-26DEC31-T0"
none,47,True,1,0.0497014152805893,0.040207858848257505,-0.04367023645335068,0.035689033026655465,0.08059196795458248,-0.023600237833468093,0.4989065271481719,0.014012382253933836,SENATEOHS-26-D+SENATEOHS-26-R,"KXGOVCA-26-XBEC, SENATEOHS-26-D, SENATEOHS-26-R","KXGOVCA-26-XBEC, KXNFLNFCCHAMP-27-NO, KXINXY-26DEC31H1600-B8900"
none,48,True,1,0.1626295396690537,0.08025599999999998,-0.1505911396690537,0.15528325793224818,0.36589514408265567,-0.10039898631984984,0.21934152802495285,0.0073462817368055155,SENATEME-26-D+SENATEME-26-R,"SENATEME-26-D, SENATEME-26-R, KXRATECUTCOUNT-26DEC31-T0","KXGOVCA-26-XBEC, SENATEME-26-D, KXRATECUTCOUNT-26DEC31-T0"
none,49,True,1,0.1462654559493055,0.1204000000000003,-0.12820545594930546,0.15867216029275122,0.35105579630542944,-0.1060137908469368,0.34296542392152546,-0.012406704343445707,CONTROLS-2026-D+CONTROLS-2026-R,"CONTROLS-2026-D, CONTROLS-2026-R, KXVENEZUELALEADER-26DEC31-NMAD","KXTAKEOVERACQWB-27JUN30-PSKY, KXVENEZUELALEADER-26DEC31-NMAD, KXRATECUTCOUNT-26DEC31-T0"
none,50,False,0,0.1982050319494012,0.4781484855488919,-0.1264827591170674,0.1982050319494012,0.4781484855488919,-0.1264827591170674,1.0,0.0,,"KXF1-26-KA, SENATEME-26-D, KXTAKEOVERACQWB-27JUN30-PSKY","KXF1-26-KA, SENATEME-26-D, KXTAKEOVERACQWB-27JUN30-PSKY"
none,51,True,1,0.17197197690960014,0.08025599999999998,-0.15993357690960014,0.17765986286836255,0.36589514408265567,-0.12277559125596421,0.21934152802495285,-0.0056878859587624064,SENATEME-26-D+SENATEME-26-R,"SENATEME-26-D, SENATEME-26-R, KXRATECUTCOUNT-26DEC31-T0","KXGOVCA-26-XBEC, SENATEME-26-D, KXRATECUTCOUNT-26DEC31-T0"
none,52,True,1,0.1267303708192674,0.12040790897867854,-0.10866918447246564,0.16542353090606243,0.489187816333666,-0.09204535845601254,0.2461384052470974,-0.03869316008679502,SENATEOHS-26-D+SENATEOHS-26-R,"KXVENEZUELALEADER-26DEC31-NMAD, SENATEOHS-26-D, SENATEOHS-26-R","CONTROLH-2026-D, KXBALLONDOR-26-HKAN, KXVENEZUELALEADER-26DEC31-NMAD"
none,53,False,0,0.14303157536538713,0.2955665221273224,-0.09869659704628878,0.14303157536538713,0.2955665221273224,-0.09869659704628878,1.0,0.0,,"CONTROLH-2026-D, KXGOVCA-26-XBEC, KXTAKEOVERACQWB-27JUN30-PSKY","CONTROLH-2026-D, KXGOVCA-26-XBEC, KXTAKEOVERACQWB-27JUN30-PSKY"
none,54,True,1,0.1568478319196536,0.12550517093293478,-0.13802205627971337,0.19213711607892786,0.40127088949927553,-0.13194648265403652,0.31276918963532585,-0.035289284159274265,KXVENEZUELALEADER-26DEC31-DROD+KXVENEZUELALEADER-26DEC31-NMAD,"KXVENEZUELALEADER-26DEC31-DROD, KXVENEZUELALEADER-26DEC31-NMAD, KXRATECUTCOUNT-26DEC31-T0","KXFEDDECISION-26SEP-H0, KXVENEZUELALEADER-26DEC31-NMAD, KXRATECUTCOUNT-26DEC31-T0"
none,55,False,0,0.15401915542549716,0.35105579630542944,-0.10136078597968273,0.15401915542549716,0.35105579630542944,-0.10136078597968273,1.0,0.0,,"KXTAKEOVERACQWB-27JUN30-PSKY, KXVENEZUELALEADER-26DEC31-NMAD, KXRATECUTCOUNT-26DEC31-T0","KXTAKEOVERACQWB-27JUN30-PSKY, KXVENEZUELALEADER-26DEC31-NMAD, KXRATECUTCOUNT-26DEC31-T0"
none,56,False,0,0.2311972260914471,0.3152113327554672,-0.18391552617812704,0.2311972260914471,0.3152113327554672,-0.18391552617812704,1.0,0.0,,"CONTROLH-2026-D, KXF1-26-KA, KXRATECUTCOUNT-26DEC31-T0","CONTROLH-2026-D, KXF1-26-KA, KXRATECUTCOUNT-26DEC31-T0"
none,57,True,1,0.0971277690672736,0.040207858848257505,-0.09109659024003498,0.10721722781911053,0.4778574757075721,-0.035538606462974714,0.08414194794948224,-0.010089458751836922,SENATEOHS-26-D+SENATEOHS-26-R,"KXGOVCA-26-XBEC, SENATEOHS-26-D, SENATEOHS-26-R","KXGOVCA-26-XBEC, SENATEMI-26-R, SENATEOHS-26-R"
none,58,True,1,0.1315822498085234,0.08025143696966938,-0.11954453426307299,0.16479293888022617,0.44215561905883605,-0.09846959602140076,0.1815004344861455,-0.03321068907170277,SENATETX-26-D+SENATETX-26-R,"SENATETX-26-D, SENATETX-26-R, KXRATECUTCOUNT-26DEC31-T0","KXVENEZUELALEADER-26DEC31-NMAD, KXRATECUTCOUNT-26DEC31-T0, SENATEMI-26-D"
none,59,False,0,0.2094971284371353,0.3308948719753582,-0.15986289764083156,0.2094971284371353,0.3308948719753582,-0.15986289764083156,1.0,0.0,,"CONTROLH-2026-D, KXVENEZUELALEADER-26DEC31-NMAD, KXRATECUTCOUNT-26DEC31-T0","CONTROLH-2026-D, KXVENEZUELALEADER-26DEC31-NMAD, KXRATECUTCOUNT-26DEC31-T0"
none,60,True,1,0.0853197620006288,0.24840000000000012,-0.04805976200062878,0.10059126866368512,0.5112124053832394,-0.023909407856199202,0.48590370144437844,-0.015271506663056322,SENATEME-26-D+SENATEME-26-R,"KXFEDDECISION-26SEP-H25, SENATEME-26-D, SENATEME-26-R","KXFEDDECISION-26SEP-H25, KXBALANCEPOWERCOMBO-27FEB-DD, KXOSCARPIC-27-SOC"
none,61,False,0,0.19732984041165913,0.3308948719753582,-0.14769560961535538,0.19732984041165913,0.3308948719753582,-0.14769560961535538,1.0,0.0,,"CONTROLH-2026-D, KXVENEZUELALEADER-26DEC31-NMAD, KXRATECUTCOUNT-26DEC31-T0","CONTROLH-2026-D, KXVENEZUELALEADER-26DEC31-NMAD, KXRATECUTCOUNT-26DEC31-T0"
none,62,True,1,0.12207745950395754,0.21753499961402528,-0.08944720956185376,0.12918183241676506,0.6436794960031968,-0.03262990801628554,0.33795545914506636,-0.007104372912807522,SENATETX-26-D+SENATETX-26-R,"SENATETX-26-D, SENATETX-26-R, SENATEME-26-D","SENATETX-26-R, SENATEME-26-D, SENATEOHS-26-R"
none,63,False,0,0.1765298685611566,0.38619507445682155,-0.11860060739263337,0.1765298685611566,0.38619507445682155,-0.11860060739263337,1.0,0.0,,"KXF1-26-KA, KXTAKEOVERACQWB-27JUN30-PSKY, KXVENEZUELALEADER-26DEC31-NMAD","KXF1-26-KA, KXTAKEOVERACQWB-27JUN30-PSKY, KXVENEZUELALEADER-26DEC31-NMAD"
none,64,True,1,0.09271945472401255,0.08025143696966938,-0.08068173917856214,0.10742421793666695,0.3593418214435137,-0.0535229447201399,0.2233289647369487,-0.014704763212654404,SENATETX-26-D+SENATETX-26-R,"SENATETX-26-D, SENATETX-26-R, KXRATECUTCOUNT-26DEC31-T0","SENATETX-26-R, KXNFLNFCCHAMP-27-WAS, KXRATECUTCOUNT-26DEC31-T0"
none,65,True,1,0.14606706682016962,0.11309785119943688,-0.1291023891402541,0.165975750513493,0.47879308235944895,-0.09415678815957566,0.23621446375561841,-0.01990868369332338,SENATEOHS-26-D+SENATEOHS-26-R,"KXF1-26-KA, SENATEOHS-26-D, SENATEOHS-26-R","KXF1-26-KA, KXVENEZUELALEADER-26DEC31-NMAD, SENATEOHS-26-D"
none,66,True,1,0.11260097711677924,0.2483990466951329,-0.07534112011250932,0.09798089873542709,0.5155529880798295,-0.02064795052345267,0.4818108951715942,0.014620078381352153,SENATETX-26-D+SENATETX-26-R,"SENATETX-26-D, SENATETX-26-R, KXWNBA-26-MIN","KXGOVCA-26-SHIL, SENATETX-26-R, KXWNBA-26-MIN"
none,67,True,1,0.12158593373771737,0.12040748388727349,-0.10352481115462635,0.14541356680905904,0.4020589199667646,-0.08510472881404435,0.299477210696449,-0.02382763307134167,SENATETX-26-D+SENATETX-26-R,"SENATETX-26-D, SENATETX-26-R, KXVENEZUELALEADER-26DEC31-NMAD","KXGOVCA-26-XBEC, SENATEME-26-D, KXVENEZUELALEADER-26DEC31-NMAD"
none,68,True,3,0.05490386142368245,0.07321425539439069,-0.043921723114523845,0.10102126654061633,0.6586887570059147,-0.0022179529897291272,0.11115151824844836,-0.04611740511693388,KXATP-26USO-ALC+KXATP-26USO-SHE;KXATP-26USO-ALC+KXATP-26USO-ZVE;KXATP-26USO-SHE+KXATP-26USO-ZVE,"KXATP-26USO-ALC, KXATP-26USO-SHE, KXATP-26USO-ZVE","KXATP-26USO-ZVE, KXBALLONDOR-26-HKAN, KXWNBA-26-MIN"
none,69,True,1,0.08045977219770628,0.09008598168351221,-0.06694687494517945,0.11667581626696288,0.42212811350274226,-0.05335659924155155,0.21340910212303826,-0.0362160440692566,KXVENEZUELALEADER-26DEC31-DROD+KXVENEZUELALEADER-26DEC31-NMAD,"KXGOVCA-26-XBEC, KXVENEZUELALEADER-26DEC31-DROD, KXVENEZUELALEADER-26DEC31-NMAD","KXGOVCA-26-XBEC, KXVENEZUELALEADER-26DEC31-NMAD, SENATEOHS-26-D"
none,70,True,1,0.16184448039749935,0.08025599999999977,-0.14980608039749937,0.20382907872721956,0.49578041615936935,-0.12946201630331416,0.16187811656965764,-0.04198459832972021,CONTROLH-2026-D+CONTROLH-2026-R,"CONTROLH-2026-D, CONTROLH-2026-R, KXRATECUTCOUNT-26DEC31-T0","KXFEDDECISION-26SEP-H25, CONTROLH-2026-D, KXRATECUTCOUNT-26DEC31-T0"
none,71,False,0,0.15338442927275142,0.4824526451563745,-0.08101653249929525,0.15338442927275142,0.4824526451563745,-0.08101653249929525,1.0,0.0,,"SENATEME-26-D, KXTAKEOVERACQWB-27JUN30-PSKY, KXVENEZUELALEADER-26DEC31-NMAD","SENATEME-26-D, KXTAKEOVERACQWB-27JUN30-PSKY, KXVENEZUELALEADER-26DEC31-NMAD"
none,72,True,1,0.10918675418554724,0.15389999999999998,-0.08610175418554725,0.12207847977082864,0.38619507445682155,-0.06414921860230541,0.39850326992507185,-0.0128917255852814,SENATEME-26-D+SENATEME-26-R,"SENATEME-26-D, SENATEME-26-R, KXTAKEOVERACQWB-27JUN30-PSKY","KXF1-26-KA, KXTAKEOVERACQWB-27JUN30-PSKY, KXVENEZUELALEADER-26DEC31-NMAD"
none,73,False,0,0.1879987587731291,0.3143824654006925,-0.14084138896302523,0.1879987587731291,0.3143824654006925,-0.14084138896302523,1.0,0.0,,"KXF1-26-KA, KXVENEZUELALEADER-26DEC31-NMAD, KXRATECUTCOUNT-26DEC31-T0","KXF1-26-KA, KXVENEZUELALEADER-26DEC31-NMAD, KXRATECUTCOUNT-26DEC31-T0"
none,74,True,1,0.11460973530054716,0.1652340265001097,-0.0898246313255307,0.15530583094974332,0.43775962107566413,-0.0896418877883937,0.3774537863818874,-0.04069609564919616,KXTAKEOVERACQWB-27JUN30-NFLX+KXTAKEOVERACQWB-27JUN30-PSKY,"KXGOVCA-26-XBEC, KXTAKEOVERACQWB-27JUN30-NFLX, KXTAKEOVERACQWB-27JUN30-PSKY","KXGOVCA-26-XBEC, KXTAKEOVERACQWB-27JUN30-PSKY, KXWNBA-26-MIN"
none,75,True,1,0.1416846253152999,0.1204000000000003,-0.12362462531529986,0.10684036690422051,0.39046108898122645,-0.04827120355703655,0.30835338884635743,0.034844258411079396,CONTROLS-2026-D+CONTROLS-2026-R,"CONTROLS-2026-D, CONTROLS-2026-R, KXVENEZUELALEADER-26DEC31-NMAD","CONTROLS-2026-R, KXVENEZUELALEADER-26DEC31-NMAD, KXOSCARPIC-27-SOC"
none,76,True,1,0.0753092318688034,0.12039999999999998,-0.0572492318688034,0.09687970906636179,0.4824526451563745,-0.02451181229290561,0.2495581715817424,-0.02157047719755839,SENATEMI-26-D+SENATEMI-26-R,"KXVENEZUELALEADER-26DEC31-NMAD, SENATEMI-26-D, SENATEMI-26-R","SENATEME-26-D, KXTAKEOVERACQWB-27JUN30-PSKY, KXVENEZUELALEADER-26DEC31-NMAD"
none,77,False,0,0.1981250328979859,0.3308948719753582,-0.14849080210168214,0.1981250328979859,0.3308948719753582,-0.14849080210168214,1.0,0.0,,"CONTROLH-2026-D, KXVENEZUELALEADER-26DEC31-NMAD, KXRATECUTCOUNT-26DEC31-T0","CONTROLH-2026-D, KXVENEZUELALEADER-26DEC31-NMAD, KXRATECUTCOUNT-26DEC31-T0"
none,78,True,1,0.12435154903143841,0.12039999999999998,-0.10629154903143842,0.1629889033128724,0.4825835095548271,-0.09060137687964835,0.24949049774010387,-0.038637354281434,SENATEMI-26-D+SENATEMI-26-R,"KXVENEZUELALEADER-26DEC31-NMAD, SENATEMI-26-D, SENATEMI-26-R","KXFEDDECISION-26SEP-H25, KXF1-26-KA, KXVENEZUELALEADER-26DEC31-NMAD"
none,79,True,1,0.1400429931884581,0.1131039855882958,-0.12307739535021373,0.18608674880793108,0.42401596046948375,-0.12248435473750852,0.2667446420249453,-0.04604375561947299,KXRATECUTCOUNT-26DEC31-T0+KXRATECUTCOUNT-26DEC31-T1,"KXF1-26-KA, KXRATECUTCOUNT-26DEC31-T0, KXRATECUTCOUNT-26DEC31-T1","KXF1-26-KA, KXRATECUTCOUNT-26DEC31-T0, SENATEMI-26-D"
none,80,True,1,0.09953826110306563,0.2303959422143718,-0.06497886977090986,0.11644796794028311,0.6557555456950293,-0.018084636086028727,0.3513442527888609,-0.016909706837217486,SENATETX-26-D+SENATETX-26-R,"SENATETX-26-D, SENATETX-26-R, KXBALLONDOR-26-HKAN","SENATETX-26-D, KXBALLONDOR-26-HKAN, SENATEME-26-D"
none,81,True,1,0.12402430392180042,0.1131000000000001,-0.10705930392180041,0.09854238785628455,0.38033180864626626,-0.041492616559344615,0.29737191954194553,0.025481916065515864,CONTROLS-2026-D+CONTROLS-2026-R,"CONTROLS-2026-D, CONTROLS-2026-R, KXF1-26-KA","KXGOVCA-26-XBEC, CONTROLS-2026-R, KXF1-26-KA"
none,82,True,1,0.11030393577005165,0.16537943147401532,-0.08549702104894935,0.12740092293975624,0.6474389966930109,-0.030285073435804624,0.25543631495591157,-0.01709698716970459,KXFEDDECISION-26SEP-H0+KXFEDDECISION-26SEP-H25,"KXFEDDECISION-26SEP-H0, KXFEDDECISION-26SEP-H25, KXTAKEOVERACQWB-27JUN30-PSKY","KXFEDDECISION-26SEP-H25, KXBALANCEPOWERCOMBO-27FEB-DD, KXTAKEOVERACQWB-27JUN30-PSKY"
none,83,True,1,0.07675815126493524,0.040236000000000105,-0.07072275126493523,0.1199710895460655,0.5108951399324053,-0.043336818556204706,0.07875588717740314,-0.043212938281130264,CONTROLS-2026-D+CONTROLS-2026-R,"KXGOVCA-26-XBEC, CONTROLS-2026-D, CONTROLS-2026-R","KXFEDDECISION-26SEP-H25, KXGOVCA-26-XBEC, SENATEMI-26-D"
none,84,False,0,0.1637089818605053,0.3888460710158977,-0.10538207120812065,0.1637089818605053,0.3888460710158977,-0.10538207120812065,1.0,0.0,,"KXGOVCA-26-XBEC, KXBALLONDOR-26-HKAN, KXVENEZUELALEADER-26DEC31-NMAD","KXGOVCA-26-XBEC, KXBALLONDOR-26-HKAN, KXVENEZUELALEADER-26DEC31-NMAD"
none,85,True,1,0.05480531583192333,0.04023600000000027,-0.04876991583192329,0.11034386896310788,0.45259956481173624,-0.042453934241347455,0.08889977615585397,-0.055538553131184554,SENATEME-26-D+SENATEME-26-R,"KXGOVCA-26-XBEC, SENATEME-26-D, SENATEME-26-R","KXGOVCA-26-XBEC, SENATEME-26-D, SENATEMI-26-D"
none,86,True,1,0.08590357760157047,0.08025599999999998,-0.07386517760157048,0.12744748792785232,0.5433111557099464,-0.04595081457136037,0.14771645889569343,-0.04154391032628185,SENATEME-26-D+SENATEME-26-R,"SENATEME-26-D, SENATEME-26-R, KXRATECUTCOUNT-26DEC31-T0","KXATP-26USO-ALC, SENATEME-26-D, KXRATECUTCOUNT-26DEC31-T0"
none,87,True,1,0.16785282514707264,0.12550517093293478,-0.14902704950713241,0.20766185960490968,0.4447272408819409,-0.14095277347261856,0.2822070685034828,-0.03980903445783704,KXVENEZUELALEADER-26DEC31-DROD+KXVENEZUELALEADER-26DEC31-NMAD,"KXVENEZUELALEADER-26DEC31-DROD, KXVENEZUELALEADER-26DEC31-NMAD, KXRATECUTCOUNT-26DEC31-T0","KXATP-26USO-ALC, KXVENEZUELALEADER-26DEC31-NMAD, KXRATECUTCOUNT-26DEC31-T0"
none,88,True,1,0.1524297423093649,0.12040000000000006,-0.13436974230936488,0.1988937145255134,0.46459516475495255,-0.12920443981227053,0.2591503509587841,-0.04646397221614851,SENATEME-26-D+SENATEME-26-R,"SENATEME-26-D, SENATEME-26-R, KXVENEZUELALEADER-26DEC31-NMAD","KXF1-26-KA, KXVENEZUELALEADER-26DEC31-NMAD, SENATEMI-26-D"
none,89,True,1,0.1334532651418784,0.275204211602571,-0.09217263340149276,0.12603875037073287,0.35231716540134717,-0.07319117556053079,0.781126322043004,0.007414514771145547,KXVENEZUELALEADER-26DEC31-DROD+KXVENEZUELALEADER-26DEC31-NMAD,"SENATEME-26-D, KXVENEZUELALEADER-26DEC31-DROD, KXVENEZUELALEADER-26DEC31-NMAD","SENATEME-26-D, KXINXY-26DEC31H1600-B6700, KXVENEZUELALEADER-26DEC31-NMAD"
none,90,True,1,0.14415776033700767,0.1131000000000001,-0.12719276033700766,0.14654728308750198,0.47172768231781137,-0.07578813073983028,0.23975697047137168,-0.0023895227504943106,CONTROLS-2026-D+CONTROLS-2026-R,"CONTROLS-2026-D, CONTROLS-2026-R, KXF1-26-KA","KXBALLONDOR-26-HKAN, KXF1-26-KA, KXTAKEOVERACQWB-27JUN30-PSKY"
none,91,True,1,0.11606791447474263,0.12040790897867854,-0.09800672812794085,0.14597693526400346,0.518364043087416,-0.06822232880089106,0.23228445449556992,-0.029909020789260832,SENATEOHS-26-D+SENATEOHS-26-R,"KXVENEZUELALEADER-26DEC31-NMAD, SENATEOHS-26-D, SENATEOHS-26-R","KXATP-26USO-ALC, KXTAKEOVERACQWB-27JUN30-PSKY, KXVENEZUELALEADER-26DEC31-NMAD"
none,92,True,1,0.12252495459565071,0.08025599999999977,-0.11048655459565075,0.16728069716538108,0.4808084522815168,-0.09515942932315356,0.1669188626347386,-0.04475574256973036,CONTROLH-2026-D+CONTROLH-2026-R,"CONTROLH-2026-D, CONTROLH-2026-R, KXRATECUTCOUNT-26DEC31-T0","CONTROLH-2026-D, KXRATECUTCOUNT-26DEC31-T0, SENATEMI-26-D"
none,93,True,1,0.09070248107808432,0.1131000000000001,-0.07373748107808431,0.11039286300948839,0.37751833085279324,-0.053765113381569404,0.29958810144268594,-0.019690381931404072,CONTROLS-2026-D+CONTROLS-2026-R,"CONTROLS-2026-D, CONTROLS-2026-R, KXF1-26-KA","CONTROLS-2026-R, KXF1-26-KA, KXWNBA-26-WSH"
none,94,True,1,0.11980110472688837,0.2547307209889375,-0.08159149657854775,0.14233182323131033,0.497149704221323,-0.06775936759811188,0.5123823243300886,-0.022530718504421954,KXATP-26USO-ALC+KXATP-26USO-ZVE,"KXATP-26USO-ALC, KXATP-26USO-ZVE, KXVENEZUELALEADER-26DEC31-NMAD","CONTROLH-2026-D, KXATP-26USO-ALC, KXVENEZUELALEADER-26DEC31-NMAD"
none,95,True,1,0.17054873417560007,0.1131039855882958,-0.1535831363373557,0.20040514786686808,0.394999519356473,-0.14115521996339714,0.2863395524444259,-0.029856413691268013,KXRATECUTCOUNT-26DEC31-T0+KXRATECUTCOUNT-26DEC31-T1,"KXF1-26-KA, KXRATECUTCOUNT-26DEC31-T0, KXRATECUTCOUNT-26DEC31-T1","KXFEDDECISION-26SEP-H0, KXF1-26-KA, KXRATECUTCOUNT-26DEC31-T0"
none,96,False,0,0.19506448405767318,0.3143824654006925,-0.1479071142475693,0.19506448405767318,0.3143824654006925,-0.1479071142475693,1.0,0.0,,"KXF1-26-KA, KXVENEZUELALEADER-26DEC31-NMAD, KXRATECUTCOUNT-26DEC31-T0","KXF1-26-KA, KXVENEZUELALEADER-26DEC31-NMAD, KXRATECUTCOUNT-26DEC31-T0"
none,97,True,1,0.11152847535234711,0.12039999999999988,-0.09346847535234713,0.12004360157036231,0.3308948719753582,-0.07040937077405858,0.3638617887344174,-0.008515126218015201,CONTROLH-2026-D+CONTROLH-2026-R,"CONTROLH-2026-D, CONTROLH-2026-R, KXVENEZUELALEADER-26DEC31-NMAD","CONTROLH-2026-D, KXVENEZUELALEADER-26DEC31-NMAD, KXRATECUTCOUNT-26DEC31-T0"
none,98,False,0,0.12265820576841002,0.22960798391737697,-0.08821700818080347,0.12265820576841002,0.22960798391737697,-0.08821700818080347,1.0,0.0,,"CONTROLH-2026-D, KXGOVCA-26-XBEC, KXRATECUTCOUNT-26DEC31-T0","CONTROLH-2026-D, KXGOVCA-26-XBEC, KXRATECUTCOUNT-26DEC31-T0"
none,99,False,0,0.16799875618931426,0.5481601503205588,-0.08577473364123045,0.16799875618931426,0.5481601503205588,-0.08577473364123045,1.0,0.0,,"KXATP-26USO-ALC, KXBALLONDOR-26-HKAN, KXRATECUTCOUNT-26DEC31-T0","KXATP-26USO-ALC, KXBALLONDOR-26-HKAN, KXRATECUTCOUNT-26DEC31-T0"
cap,frozen,True,1,0.04338796262035094,0.24909999999999996,-0.006022962620350944,0.07305905324306071,0.46042764513548423,-0.003994906472738077,0.5410187738112476,-0.02967109062270977,SENATEMI-26-D+SENATEMI-26-R,"CONTROLS-2026-R, SENATEMI-26-D, SENATEMI-26-R","KXATP-26USO-MUS, CONTROLS-2026-R, SENATEMI-26-R"
cap,0,True,1,0.0018487541804698068,0.019599999999999784,0.0010912458195301605,0.039686903577449216,0.28285559471823,0.0027414356302852827,0.06929330855033841,-0.03783814939697941,CONTROLH-2026-D+CONTROLH-2026-R,"CONTROLH-2026-D, CONTROLH-2026-R, KXNFLNFCCHAMP-27-ATL","KXGOVCA-26-XBEC, SENATETX-26-D, KXOSCARPIC-27-SOC"
cap,1,True,1,0.11228492649454558,0.24056737599931016,-0.07619982009464905,0.11502944041062799,0.29668108704945106,-0.07052727735321032,0.8108618530146217,-0.0027445139160824084,KXTAKEOVERACQWB-27JUN30-NFLX+KXTAKEOVERACQWB-27JUN30-PSKY,"KXF1-26-KA, KXTAKEOVERACQWB-27JUN30-NFLX, KXTAKEOVERACQWB-27JUN30-PSKY","KXNBA-27-MIA, KXF1-26-KA, KXTAKEOVERACQWB-27JUN30-PSKY"
cap,2,True,3,0.05428485710144038,0.16001749986464472,-0.030282232121743673,0.04780041022664601,0.26009496227918394,-0.008786165884768417,0.6152272172533783,0.006484446874794374,KXBALLONDOR-26-HKAN+KXBALLONDOR-26-KKVA;KXBALLONDOR-26-HKAN+KXBALLONDOR-26-KMBA;KXBALLONDOR-26-KKVA+KXBALLONDOR-26-KMBA,"KXBALLONDOR-26-HKAN, KXBALLONDOR-26-KKVA, KXBALLONDOR-26-KMBA","KXBALLONDOR-26-HKAN, KXNFLAFCCHAMP-27-TEN, KXNASCARCUPSERIES-NCS26-BWAL"
cap,3,True,3,0.05000000000000004,0.047498660814540905,-0.0428752008778189,0.053938337341208065,0.14858034838296488,-0.03165128508376333,0.319683331823354,-0.003938337341208027,KXF1-26-GR+KXF1-26-KA;KXF1-26-GR+KXF1-26-LN;KXF1-26-KA+KXF1-26-LN,"KXF1-26-GR, KXF1-26-KA, KXF1-26-LN","KXNFLNFCCHAMP-27-ATL, KXF1-26-KA, KXALIENS-26NOV"
cap,4,True,1,0.01174732656796007,0.08025599999999998,0.00029107343203992574,0.015063896764425527,0.12017729623815443,0.0029626976712976358,0.6678133267448227,-0.0033165701964654563,CONTROLS-2026-D+CONTROLS-2026-R,"CONTROLS-2026-D, CONTROLS-2026-R, KXRATECUTCOUNT-26DEC31-T0","KXNBA-27-ORL, KXNFLNFCCHAMP-27-ATL, KXRATECUTCOUNT-26DEC31-T0"
cap,5,True,3,0.03944159499115486,0.2349855029650679,-0.0041937695463946795,0.04123881044450159,0.2875964168619188,0.0019006520847862293,0.8170668658848051,-0.001797215453346726,KXWNBA-26-GS+KXWNBA-26-MIN;KXWNBA-26-GS+KXWNBA-26-NY;KXWNBA-26-MIN+KXWNBA-26-NY,"KXWNBA-26-GS, KXWNBA-26-MIN, KXWNBA-26-NY","KXGOVCA-26-XBEC, CONTROLS-2026-R, KXINXY-26DEC31H1600-B6700"
cap,6,True,3,0.05979007235334269,0.08195970009968134,-0.04749611733839049,0.06446758971606598,0.39510760528167854,-0.005201448923814196,0.2074364021448055,-0.004677517362723288,KXBALLONDOR-26-HKAN+KXBALLONDOR-26-KMBA;KXBALLONDOR-26-HKAN+KXBALLONDOR-26-LYAM;KXBALLONDOR-26-KMBA+KXBALLONDOR-26-LYAM,"KXBALLONDOR-26-HKAN, KXBALLONDOR-26-KMBA, KXBALLONDOR-26-LYAM","KXNBA-27-HOU, KXBALLONDOR-26-HKAN, KXTAKEOVERACQWB-27JUN30-PSKY"
cap,7,True,1,0.05928717021391922,0.2065666416756594,-0.02830217396257031,0.060793248847135634,0.24975446126346224,-0.0233300796576163,0.8270788863216956,-0.0015060786332164108,KXTAKEOVERACQWB-27JUN30-NFLX+KXTAKEOVERACQWB-27JUN30-PSKY,"KXTAKEOVERACQWB-27JUN30-NFLX, KXTAKEOVERACQWB-27JUN30-PSKY, KXRATECUTCOUNT-26DEC31-T0","KXTAKEOVERACQWB-27JUN30-PSKY, KXOSCARPIC-27-BEH, KXRATECUTCOUNT-26DEC31-T0"
cap,8,True,3,0.04999999999999989,0.047498660814540905,-0.04287520087781876,0.06151229221751725,0.15473375186241187,-0.03830222943815547,0.30697026500576535,-0.011512292217517359,KXF1-26-GR+KXF1-26-KA;KXF1-26-GR+KXF1-26-LN;KXF1-26-KA+KXF1-26-LN,"KXF1-26-GR, KXF1-26-KA, KXF1-26-LN","KXF1-26-KA, KXNFLAFCCHAMP-27-PIT, KXOSCARPIC-27-AVEN"
cap,9,False,0,0.1699606496583318,0.47172768231781137,-0.0992014973106601,0.1699606496583318,0.47172768231781137,-0.0992014973106601,1.0,0.0,,"KXBALLONDOR-26-HKAN, KXF1-26-KA, KXTAKEOVERACQWB-27JUN30-PSKY","KXBALLONDOR-26-HKAN, KXF1-26-KA, KXTAKEOVERACQWB-27JUN30-PSKY"
cap,10,True,3,0.04525492975174231,0.08195970009968134,-0.032960974736790105,0.038254955716899734,0.25861683889861947,0.0005375701178931824,0.3169155591288099,0.006999974034842572,KXBALLONDOR-26-HKAN+KXBALLONDOR-26-KMBA;KXBALLONDOR-26-HKAN+KXBALLONDOR-26-LYAM;KXBALLONDOR-26-KMBA+KXBALLONDOR-26-LYAM,"KXBALLONDOR-26-HKAN, KXBALLONDOR-26-KMBA, KXBALLONDOR-26-LYAM","CONTROLH-2026-D, KXF1-26-KA, KXNFLAFCCHAMP-27-PIT"
cap,11,True,1,0.0016898009530835895,0.019600000000000107,0.0012501990469164265,0.004812580556378499,0.0586635621147414,0.003986953760832711,0.3341085896158849,-0.0031227796032949097,CONTROLS-2026-D+CONTROLS-2026-R,"CONTROLS-2026-D, CONTROLS-2026-R, KXOSCARPIC-27-PRO","KXNBA-27-ORL, KXINXY-26DEC31H1600-B8900, KXOSCARPIC-27-PRO"
cap,12,True,3,0.03967552207144165,0.047498660814540905,-0.032550722949260515,0.08241195617072128,0.3738730344320029,-0.02633100100592084,0.12704489610143196,-0.04273643409927963,KXF1-26-GR+KXF1-26-KA;KXF1-26-GR+KXF1-26-LN;KXF1-26-KA+KXF1-26-LN,"KXF1-26-GR, KXF1-26-KA, KXF1-26-LN","KXFEDDECISION-26SEP-H26, KXF1-26-KA, KXWNBA-26-MIN"
cap,13,True,3,0.039868643585998786,0.047498660814540905,-0.03274384446381765,0.04735411724716512,0.15488165739631196,-0.02412186863771833,0.3066771211842155,-0.007485473661166336,KXF1-26-GR+KXF1-26-KA;KXF1-26-GR+KXF1-26-LN;KXF1-26-KA+KXF1-26-LN,"KXF1-26-GR, KXF1-26-KA, KXF1-26-LN","KXF1-26-KA, KXNFLAFCCHAMP-27-PIT, KXBTCMAXY-26DEC31-199999.99"
cap,14,True,1,0.09695233380939186,0.31781139718811724,-0.049280624231174276,0.09269094901406333,0.39510760528167854,-0.03342480822181155,0.8043666913511938,0.004261384795328532,KXBALLONDOR-26-HKAN+KXBALLONDOR-26-LYAM,"KXBALLONDOR-26-HKAN, KXBALLONDOR-26-LYAM, KXTAKEOVERACQWB-27JUN30-PSKY","KXNBA-27-HOU, KXBALLONDOR-26-HKAN, KXTAKEOVERACQWB-27JUN30-PSKY"
cap,15,True,1,0.001975658804911618,0.019600000000000218,0.0009643411950884142,0.0053620908464870574,0.058293373506908594,0.0033819151795492306,0.3362303263796757,-0.0033864320415754393,KXGOVCA-26-SHIL+KXGOVCA-26-XBEC,"KXGOVCA-26-SHIL, KXGOVCA-26-XBEC, KXOSCARPIC-27-SOC","KXNBA-27-CLE, KXNFLNFCCHAMP-27-ATL, KXOSCARPIC-27-SOC"
cap,16,True,3,0.05000000000000017,0.047498660814540905,-0.042875200877819035,0.054455991284185955,0.15458642859846952,-0.031268026994415526,0.3072628124291317,-0.0044559912841857854,KXF1-26-GR+KXF1-26-KA;KXF1-26-GR+KXF1-26-LN;KXF1-26-KA+KXF1-26-LN,"KXF1-26-GR, KXF1-26-KA, KXF1-26-LN","KXNBA-27-TOR, KXF1-26-KA, KXNFLAFCCHAMP-27-PIT"
cap,17,True,1,0.08326228429044552,0.395323833630545,-0.023963709245863773,0.04922967254655626,0.19138181908202317,-0.020522399684252787,2.065628989873461,0.03403261174388926,KXMLB-26-LAD+KXMLB-26-TB,"KXMLB-26-LAD, KXMLB-26-TB, KXTAKEOVERACQWB-27JUN30-PSKY","KXNBA-27-TOR, KXNFLNFCCHAMP-27-NO, KXTAKEOVERACQWB-27JUN30-PSKY"
cap,18,True,1,0.08184305769840111,0.24054531481536515,-0.04576126047609634,0.06580329130217581,0.21203103122808456,-0.03399863661796313,1.1344816530963686,0.0160397663962253,KXBALLONDOR-26-HKAN+KXBALLONDOR-26-LYAM,"KXBALLONDOR-26-HKAN, KXBALLONDOR-26-LYAM, KXF1-26-KA","KXF1-26-KA, KXMLBAL-26-CWS, KXOSCARPIC-27-PRO"
cap,19,True,1,0.0782854630449854,0.3503297278985346,-0.025736003860205213,0.04238112219016557,0.1715418119506461,-0.016649850397568656,2.0422410368343735,0.03590434085481983,KXOSCARPIC-27-DUN+KXOSCARPIC-27-ODY,"KXF1-26-KA, KXOSCARPIC-27-DUN, KXOSCARPIC-27-ODY","KXNBA-27-BOS, KXF1-26-KA, KXINXY-26DEC31H1600-B8900"
cap,20,True,3,0.04367097379722869,0.1976624067771728,-0.014021612780652767,0.038512670133298156,0.2890410535590085,0.004843487900553119,0.6838558202833962,0.005158303663930532,KXOSCARPIC-27-BLA+KXOSCARPIC-27-DUN;KXOSCARPIC-27-BLA+KXOSCARPIC-27-ODY;KXOSCARPIC-27-DUN+KXOSCARPIC-27-ODY,"KXOSCARPIC-27-BLA, KXOSCARPIC-27-DUN, KXOSCARPIC-27-ODY","KXOSCARPIC-27-ODY, KXWNBA-26-WSH, KXALIENS-26NOV"
cap,21,True,1,0.086190840637311,0.33191116296393286,-0.03640416619272107,0.0890542398418318,0.4505841735986814,-0.02146661380202959,0.7366241035788217,-0.0028633992045208057,KXBALLONDOR-26-HKAN+KXBALLONDOR-26-KMBA,"KXBALLONDOR-26-HKAN, KXBALLONDOR-26-KMBA, KXTAKEOVERACQWB-27JUN30-PSKY","KXBALLONDOR-26-HKAN, KXNFLNFCCHAMP-27-PHI, KXTAKEOVERACQWB-27JUN30-PSKY"
cap,22,True,1,0.12033564600211574,0.22747827861054576,-0.08621390421053388,0.15302864905170344,0.47172768231781137,-0.08226949670403173,0.4822237217303893,-0.03269300304958769,KXF1-26-GR+KXF1-26-KA,"KXF1-26-GR, KXF1-26-KA, KXTAKEOVERACQWB-27JUN30-PSKY","KXBALLONDOR-26-HKAN, KXF1-26-KA, KXTAKEOVERACQWB-27JUN30-PSKY"
cap,23,True,1,0.10184595541926773,0.3559789004575134,-0.04844912035064072,0.10085403023192176,0.395620531122715,-0.04151095056351451,0.899798853834243,0.0009919251873459767,KXTAKEOVERACQWB-27JUN30-NFLX+KXTAKEOVERACQWB-27JUN30-PSKY,"KXBALLONDOR-26-HKAN, KXTAKEOVERACQWB-27JUN30-NFLX, KXTAKEOVERACQWB-27JUN30-PSKY","KXBALLONDOR-26-HKAN, KXMLBAL-26-SEA, KXTAKEOVERACQWB-27JUN30-PSKY"
cap,24,True,3,0.03411432970777009,0.08195970009968134,-0.02182037469281789,0.07083194018635684,0.40418956187444244,-0.01020350590519048,0.20277540003653366,-0.03671761047858675,KXBALLONDOR-26-HKAN+KXBALLONDOR-26-KMBA;KXBALLONDOR-26-HKAN+KXBALLONDOR-26-LYAM;KXBALLONDOR-26-KMBA+KXBALLONDOR-26-LYAM,"KXBALLONDOR-26-HKAN, KXBALLONDOR-26-KMBA, KXBALLONDOR-26-LYAM","CONTROLS-2026-D, KXNFLNFCCHAMP-27-ATL, SENATEME-26-R"
cap,25,True,1,0.07430254018479222,0.1475593833966493,-0.052168632675294827,0.07256375303267205,0.19544524572664698,-0.04324696617367501,0.7549909072898522,0.0017387871521201692,KXTAKEOVERACQWB-27JUN30-NFLX+KXTAKEOVERACQWB-27JUN30-PSKY,"KXTAKEOVERACQWB-27JUN30-NFLX, KXTAKEOVERACQWB-27JUN30-PSKY, KXBTCMAXY-26DEC31-199999.99","KXNFLNFCCHAMP-27-ATL, KXTAKEOVERACQWB-27JUN30-PSKY, KXBTCMAXY-26DEC31-199999.99"
cap,26,True,1,0.09985549504825036,0.24054531481536515,-0.0637736978259456,0.1333434868412171,0.47172768231781137,-0.0625843344935454,0.5099241020443347,-0.03348799179296674,KXBALLONDOR-26-HKAN+KXBALLONDOR-26-LYAM,"KXBALLONDOR-26-HKAN, KXBALLONDOR-26-LYAM, KXF1-26-KA","KXBALLONDOR-26-HKAN, KXF1-26-KA, KXTAKEOVERACQWB-27JUN30-PSKY"
cap,27,True,1,0.0019178265285783036,0.0195999999999999,0.0010221734714216811,0.0065590058243459905,0.06957754474697296,0.0038776258876999526,0.28170008112930167,-0.004641179295767687,SENATEMI-26-D+SENATEMI-26-R,"SENATEMI-26-D, SENATEMI-26-R, KXALIENS-26NOV","KXNBA-27-DET, KXNFLAFCCHAMP-27-TEN, KXALIENS-26NOV"
cap,28,True,1,0.09137223254746299,0.3429645417228477,-0.039927551289035836,0.09138532311454234,0.3829058603491777,-0.03394944406216569,0.8956889335934768,-1.309056707934908e-05,KXTAKEOVERACQWB-27JUN30-NFLX+KXTAKEOVERACQWB-27JUN30-PSKY,"SENATEME-26-D, KXTAKEOVERACQWB-27JUN30-NFLX, KXTAKEOVERACQWB-27JUN30-PSKY","KXGOVCA-26-SHIL, SENATEME-26-D, KXTAKEOVERACQWB-27JUN30-PSKY"
cap,29,True,1,0.03997779903609687,0.1461689632382756,-0.01805245455035553,0.044243723413372515,0.20777112969522982,-0.013078053959088044,0.703509498421096,-0.0042659243772756456,KXTAKEOVERACQWB-27JUN30-NFLX+KXTAKEOVERACQWB-27JUN30-PSKY,"KXINXY-26DEC31H1600-B8900, KXTAKEOVERACQWB-27JUN30-NFLX, KXTAKEOVERACQWB-27JUN30-PSKY","KXGOVCA-26-XBEC, KXINXY-26DEC31H1600-B8900, KXTAKEOVERACQWB-27JUN30-PSKY"
cap,30,True,1,0.03143304399928132,0.1471001285997867,-0.009368024709313316,0.06480509575313709,0.40087087516345277,-0.004674464478619175,0.3669513993497469,-0.03337205175385577,KXTAKEOVERACQWB-27JUN30-NFLX+KXTAKEOVERACQWB-27JUN30-PSKY,"KXNBA-27-IND, KXTAKEOVERACQWB-27JUN30-NFLX, KXTAKEOVERACQWB-27JUN30-PSKY","KXGOVCA-26-XBEC, KXTAKEOVERACQWB-27JUN30-PSKY, SENATEMI-26-D"
cap,31,True,1,0.0018544145979702796,0.01959999999999998,0.0010855854020297173,0.006074714898368489,0.0665177886308427,0.003902953396257916,0.29465802161246124,-0.0042203003003982095,SENATEMI-26-D+SENATEMI-26-R,"KXOSCARPIC-27-BEH, SENATEMI-26-D, SENATEMI-26-R","KXNBA-27-HOU, KXNFLAFCCHAMP-27-PIT, KXOSCARPIC-27-BEH"
cap,32,True,1,0.13504240506084478,0.24056737599931016,-0.09895729866094825,0.1355199429733592,0.2851735812977906,-0.09274390577869063,0.8435822662973094,-0.00047753791251442523,KXTAKEOVERACQWB-27JUN30-NFLX+KXTAKEOVERACQWB-27JUN30-PSKY,"KXF1-26-KA, KXTAKEOVERACQWB-27JUN30-NFLX, KXTAKEOVERACQWB-27JUN30-PSKY","KXF1-26-KA, KXTAKEOVERACQWB-27JUN30-PSKY, KXALIENS-26NOV"
cap,33,True,1,0.0861581562496622,0.24054531481536515,-0.05007635902735742,0.08949686943211735,0.34114578783516,-0.038325001256843357,0.7051100244907479,-0.0033387131824551552,KXBALLONDOR-26-HKAN+KXBALLONDOR-26-LYAM,"KXBALLONDOR-26-HKAN, KXBALLONDOR-26-LYAM, KXF1-26-KA","KXBALLONDOR-26-HKAN, KXF1-26-KA, KXOSCARPIC-27-PRO"
cap,34,True,1,0.0018323021982123086,0.01959999999999998,0.0011076978017876883,0.005348152509095733,0.05870724696683069,0.00345793453592887,0.3338599749205389,-0.003515850310883424,SENATEMI-26-D+SENATEMI-26-R,"KXOSCARPIC-27-PRO, SENATEMI-26-D, SENATEMI-26-R","KXNBA-27-HOU, KXOSCARPIC-27-PRO, KXALIENS-26NOV"
cap,35,True,1,0.11897620418723684,0.390343685793832,-0.06042465131816204,0.08048637872284019,0.19290633408982785,-0.05155042860936601,2.023488174380352,0.03848982546439665,KXOSCARPIC-27-DUN+KXOSCARPIC-27-ODY,"KXTAKEOVERACQWB-27JUN30-PSKY, KXOSCARPIC-27-DUN, KXOSCARPIC-27-ODY","KXNBA-27-IND, KXMLBAL-26-SEA, KXTAKEOVERACQWB-27JUN30-PSKY"
cap,36,True,1,0.1120390948405793,0.3767563939689377,-0.05552563574523866,0.12084234655571746,0.4824203162766437,-0.0484792991142209,0.7809712428298456,-0.008803251715138155,KXTAKEOVERACQWB-27JUN30-NFLX+KXTAKEOVERACQWB-27JUN30-PSKY,"CONTROLS-2026-D, KXTAKEOVERACQWB-27JUN30-NFLX, KXTAKEOVERACQWB-27JUN30-PSKY","CONTROLS-2026-D, KXTAKEOVERACQWB-27JUN30-PSKY, KXRATECUTCOUNT-26DEC31-T0"
cap,37,True,1,0.08561506153588039,0.24056737599931016,-0.049529955135983864,0.08857256664711011,0.3018098848623177,-0.04330108391776245,0.7970824948594852,-0.002957505111229719,KXTAKEOVERACQWB-27JUN30-NFLX+KXTAKEOVERACQWB-27JUN30-PSKY,"KXF1-26-KA, KXTAKEOVERACQWB-27JUN30-NFLX, KXTAKEOVERACQWB-27JUN30-PSKY","KXGOVCA-26-XBEC, KXF1-26-KA, KXTAKEOVERACQWB-27JUN30-PSKY"
cap,38,True,1,0.08210754167439922,0.3233815360636395,-0.0336003112648533,0.08108280634390459,0.3818925321027973,-0.023798926528485004,0.8467867498822735,0.0010247353304946305,KXF1-26-GR+KXF1-26-KA,"KXF1-26-GR, KXF1-26-KA, KXOSCARPIC-27-ODY","KXF1-26-KA, KXINXY-26DEC31H1600-B8900, KXOSCARPIC-27-ODY"
cap,39,True,1,0.0807516697594904,0.14709781424181997,-0.0586869976232174,0.08194327116195124,0.1931275264658277,-0.05297414219207709,0.7616615659800712,-0.001191601402460843,KXTAKEOVERACQWB-27JUN30-NFLX+KXTAKEOVERACQWB-27JUN30-PSKY,"KXNBA-27-CLE, KXTAKEOVERACQWB-27JUN30-NFLX, KXTAKEOVERACQWB-27JUN30-PSKY","KXFEDDECISION-26SEP-H26, KXNBA-27-CLE, KXTAKEOVERACQWB-27JUN30-PSKY"
cap,40,True,3,0.04593339243148076,0.047498660814540905,-0.03880859330929962,0.08752771891035785,0.3614945437692858,-0.03330353734496498,0.13139523578772366,-0.04159432647887709,KXF1-26-GR+KXF1-26-KA;KXF1-26-GR+KXF1-26-LN;KXF1-26-KA+KXF1-26-LN,"KXF1-26-GR, KXF1-26-KA, KXF1-26-LN","KXF1-26-KA, KXNFLAFCCHAMP-27-PIT, SENATEMI-26-D"
cap,41,False,0,0.13367120912048647,0.516401190608196,-0.056211030529257064,0.13367120912048647,0.516401190608196,-0.056211030529257064,1.0,0.0,,"KXF1-26-KA, KXTAKEOVERACQWB-27JUN30-PSKY, KXOSCARPIC-27-ODY","KXF1-26-KA, KXTAKEOVERACQWB-27JUN30-PSKY, KXOSCARPIC-27-ODY"
cap,42,True,1,0.06277801476392093,0.1471121749611508,-0.04071118851974831,0.06167530056639222,0.193057168217585,-0.03271672533375447,0.762013533708047,0.0011027141975287133,KXTAKEOVERACQWB-27JUN30-NFLX+KXTAKEOVERACQWB-27JUN30-PSKY,"KXFEDDECISION-26SEP-H26, KXTAKEOVERACQWB-27JUN30-NFLX, KXTAKEOVERACQWB-27JUN30-PSKY","KXFEDDECISION-26SEP-H26, KXTAKEOVERACQWB-27JUN30-PSKY, KXOSCARPIC-27-PRO"
cap,43,True,1,0.07308941296985279,0.3788896396901428,-0.016255967016331377,0.09828148431702166,0.5622602783599975,-0.013942442563022045,0.6738687655391365,-0.025192071347168873,KXTAKEOVERACQWB-27JUN30-NFLX+KXTAKEOVERACQWB-27JUN30-PSKY,"KXTAKEOVERACQWB-27JUN30-NFLX, KXTAKEOVERACQWB-27JUN30-PSKY, SENATEOHS-26-D","SENATEME-26-R, KXTAKEOVERACQWB-27JUN30-PSKY, SENATEOHS-26-D"
cap,44,True,3,0.052542661573907884,0.08195970009968134,-0.04024870655895568,0.09011632033135256,0.46177413928556343,-0.02085019943851804,0.1774887182432645,-0.03757365875744467,KXBALLONDOR-26-HKAN+KXBALLONDOR-26-KMBA;KXBALLONDOR-26-HKAN+KXBALLONDOR-26-LYAM;KXBALLONDOR-26-KMBA+KXBALLONDOR-26-LYAM,"KXBALLONDOR-26-HKAN, KXBALLONDOR-26-KMBA, KXBALLONDOR-26-LYAM","CONTROLH-2026-D, KXBALANCEPOWERCOMBO-27FEB-RR, KXBALLONDOR-26-HKAN"
cap,45,True,3,0.05349347305984212,0.08195970009968134,-0.041199518044889916,0.12308069231855273,0.6467520946636631,-0.026067878119003268,0.12672506324436977,-0.06958721925871061,KXBALLONDOR-26-HKAN+KXBALLONDOR-26-KMBA;KXBALLONDOR-26-HKAN+KXBALLONDOR-26-LYAM;KXBALLONDOR-26-KMBA+KXBALLONDOR-26-LYAM,"KXBALLONDOR-26-HKAN, KXBALLONDOR-26-KMBA, KXBALLONDOR-26-LYAM","KXATP-26USO-ZVE, SENATETX-26-D, KXBALLONDOR-26-HKAN"
cap,46,True,1,0.001994396729892739,0.01960000000000008,0.0009456032701072726,0.005764086088956934,0.05877777500955012,0.0030525801624755843,0.33345937298265377,-0.0037696893590641947,CONTROLS-2026-D+CONTROLS-2026-R,"CONTROLS-2026-D, CONTROLS-2026-R, KXWNBA-26-WSH","KXFEDDECISION-26SEP-H26, KXINXY-26DEC31H1600-B6700, KXWNBA-26-WSH"
cap,47,True,3,0.042665600628875366,0.1976624067771728,-0.013016239612299446,0.005224235897824427,0.05857672615921128,0.003562273026057265,3.3744188133684236,0.03744136473105094,KXOSCARPIC-27-BLA+KXOSCARPIC-27-DUN;KXOSCARPIC-27-BLA+KXOSCARPIC-27-ODY;KXOSCARPIC-27-DUN+KXOSCARPIC-27-ODY,"KXOSCARPIC-27-BLA, KXOSCARPIC-27-DUN, KXOSCARPIC-27-ODY","KXFEDDECISION-26SEP-H26, KXNFLNFCCHAMP-27-NO, KXINXY-26DEC31H1600-B8900"
cap,48,True,1,0.001977931178206129,0.019600000000000204,0.0009620688217939015,0.009462456546948796,0.08887946558838394,0.003869463291308795,0.2205233781531852,-0.007484525368742667,KXGOVCA-26-SHIL+KXGOVCA-26-XBEC,"KXGOVCA-26-SHIL, KXGOVCA-26-XBEC, KXOSCARPIC-27-PRO","KXGOVCA-26-XBEC, KXNFLAFCCHAMP-27-IND, KXOSCARPIC-27-PRO"
cap,49,True,1,0.11242050619191843,0.3559789004575134,-0.05902367112329142,0.14949272320937607,0.6334893031733111,-0.05446932773337941,0.5619335617418059,-0.03707221701745764,KXTAKEOVERACQWB-27JUN30-NFLX+KXTAKEOVERACQWB-27JUN30-PSKY,"KXBALLONDOR-26-HKAN, KXTAKEOVERACQWB-27JUN30-NFLX, KXTAKEOVERACQWB-27JUN30-PSKY","KXBALLONDOR-26-HKAN, KXTAKEOVERACQWB-27JUN30-PSKY, KXWNBA-26-MIN"
cap,50,True,1,0.11643549868192632,0.24386048187475742,-0.07985642640071271,0.11654406586629763,0.2851735812977906,-0.07376802867162904,0.8551299905306017,-0.00010856718437131374,KXF1-26-KA+KXF1-26-LN,"KXF1-26-KA, KXF1-26-LN, KXTAKEOVERACQWB-27JUN30-PSKY","KXF1-26-KA, KXTAKEOVERACQWB-27JUN30-PSKY, KXALIENS-26NOV"
cap,51,True,1,0.0017973512266001059,0.0195999999999998,0.0011426487733998641,0.004956152001027059,0.058763150491350544,0.0038583205726755217,0.3335423617711709,-0.003158800774426953,CONTROLH-2026-D+CONTROLH-2026-R,"CONTROLH-2026-D, CONTROLH-2026-R, KXALIENS-26NOV","KXNBA-27-IND, KXOSCARPIC-27-AVEN, KXALIENS-26NOV"
cap,52,True,3,0.058978615723994515,0.08195970009968134,-0.046684660709042314,0.07514145467170338,0.38310270682030007,-0.017676048648658377,0.2139366249326078,-0.01616283894770887,KXBALLONDOR-26-HKAN+KXBALLONDOR-26-KMBA;KXBALLONDOR-26-HKAN+KXBALLONDOR-26-LYAM;KXBALLONDOR-26-KMBA+KXBALLONDOR-26-LYAM,"KXBALLONDOR-26-HKAN, KXBALLONDOR-26-KMBA, KXBALLONDOR-26-LYAM","CONTROLH-2026-D, KXBALLONDOR-26-HKAN, KXNFLNFCCHAMP-27-WAS"
cap,53,True,1,0.10724416258452946,0.31781139718811724,-0.05957245300631187,0.11278402723728546,0.4505841735986814,-0.04519640119748325,0.705331913124805,-0.0055398646527560075,KXBALLONDOR-26-HKAN+KXBALLONDOR-26-LYAM,"KXBALLONDOR-26-HKAN, KXBALLONDOR-26-LYAM, KXTAKEOVERACQWB-27JUN30-PSKY","KXBALLONDOR-26-HKAN, KXNFLNFCCHAMP-27-PHI, KXTAKEOVERACQWB-27JUN30-PSKY"
cap,54,True,1,0.03680251678843516,0.1463206218706386,-0.01485442350783937,0.037768510193956426,0.19151451993378607,-0.009041332203888516,0.7640184249279233,-0.0009659934055212677,KXTAKEOVERACQWB-27JUN30-NFLX+KXTAKEOVERACQWB-27JUN30-PSKY,"KXTAKEOVERACQWB-27JUN30-NFLX, KXTAKEOVERACQWB-27JUN30-PSKY, KXALIENS-26NOV","KXTAKEOVERACQWB-27JUN30-PSKY, KXOSCARPIC-27-PRO, KXALIENS-26NOV"
cap,55,True,1,0.1235665962614047,0.31781139718811724,-0.07589488668318711,0.14066096781395698,0.47172768231781137,-0.06990181546628528,0.6737179290105813,-0.01709437155255228,KXBALLONDOR-26-HKAN+KXBALLONDOR-26-LYAM,"KXBALLONDOR-26-HKAN, KXBALLONDOR-26-LYAM, KXTAKEOVERACQWB-27JUN30-PSKY","KXBALLONDOR-26-HKAN, KXF1-26-KA, KXTAKEOVERACQWB-27JUN30-PSKY"
cap,56,True,1,0.10317725310217876,0.24054531481536515,-0.06709545587987399,0.12414838249987947,0.47172768231781137,-0.05338923015220777,0.5099241020443347,-0.02097112939770071,KXBALLONDOR-26-HKAN+KXBALLONDOR-26-LYAM,"KXBALLONDOR-26-HKAN, KXBALLONDOR-26-LYAM, KXF1-26-KA","KXBALLONDOR-26-HKAN, KXF1-26-KA, KXTAKEOVERACQWB-27JUN30-PSKY"
cap,57,True,3,0.036387025352054875,0.2467851066849595,0.0006307406506890489,0.0051694366872041715,0.060412747315169595,0.003892475410071268,4.084984008383144,0.031217588664850703,KXMLB-26-LAD+KXMLB-26-MIL;KXMLB-26-LAD+KXMLB-26-NYY;KXMLB-26-MIL+KXMLB-26-NYY,"KXMLB-26-LAD, KXMLB-26-MIL, KXMLB-26-NYY","KXNBA-27-ORL, KXMLBAL-26-SEA, KXINXY-26DEC31H1600-B6700"
cap,58,True,1,0.06649600397687011,0.31781139718811724,-0.018824294398652526,0.03862517774078834,0.1963714339270125,-0.009169462651736463,1.6184197000172726,0.027870826236081774,KXBALLONDOR-26-HKAN+KXBALLONDOR-26-LYAM,"KXBALLONDOR-26-HKAN, KXBALLONDOR-26-LYAM, KXTAKEOVERACQWB-27JUN30-PSKY","KXNFLNFCCHAMP-27-WAS, KXINXY-26DEC31H1600-B8900, KXTAKEOVERACQWB-27JUN30-PSKY"
cap,59,True,1,0.04893084316649227,0.25262039210387355,-0.01103778435091124,0.09774095112175918,0.5803721352268696,-0.010685130837728748,0.4352731235194869,-0.048810107955266906,KXTAKEOVERACQWB-27JUN30-NFLX+KXTAKEOVERACQWB-27JUN30-PSKY,"CONTROLH-2026-D, KXTAKEOVERACQWB-27JUN30-NFLX, KXTAKEOVERACQWB-27JUN30-PSKY","CONTROLS-2026-D, KXTAKEOVERACQWB-27JUN30-PSKY, SENATEOHS-26-R"
cap,60,True,3,0.029602764295584824,0.1976624067771728,4.659672099109613e-05,0.00644892092484952,0.06804008670166226,0.003757092080399817,2.9050875205945883,0.023153843370735304,KXOSCARPIC-27-BLA+KXOSCARPIC-27-DUN;KXOSCARPIC-27-BLA+KXOSCARPIC-27-ODY;KXOSCARPIC-27-DUN+KXOSCARPIC-27-ODY,"KXOSCARPIC-27-BLA, KXOSCARPIC-27-DUN, KXOSCARPIC-27-ODY","KXF1-26-LN, KXMLBAL-26-SEA, KXOSCARPIC-27-SOC"
cap,61,True,3,0.03408404375726794,0.1976624067771728,-0.004434682740692017,0.06459499024371095,0.4534048896946584,0.0034157432104878205,0.4359512022693157,-0.030510946486443008,KXOSCARPIC-27-BLA+KXOSCARPIC-27-DUN;KXOSCARPIC-27-BLA+KXOSCARPIC-27-ODY;KXOSCARPIC-27-DUN+KXOSCARPIC-27-ODY,"KXOSCARPIC-27-BLA, KXOSCARPIC-27-DUN, KXOSCARPIC-27-ODY","KXNFLAFCCHAMP-27-TEN, SENATEMI-26-D, SENATEOHS-26-D"
cap,62,True,1,0.001834015043275461,0.01960000000000005,0.0011059849567245468,0.005193652424955723,0.05886558765253933,0.0036361857229251764,0.3329619355147056,-0.0033596373816802624,CONTROLS-2026-D+CONTROLS-2026-R,"CONTROLS-2026-D, CONTROLS-2026-R, KXNFLAFCCHAMP-27-TEN","KXNBA-27-TOR, KXATP-26USO-MUS, KXNFLAFCCHAMP-27-TEN"
cap,63,True,1,0.10435307235392141,0.22747827861054576,-0.07023133056233954,0.10457989430474536,0.2876382898419017,-0.061434150828460106,0.790848390649164,-0.0002268219508239494,KXF1-26-GR+KXF1-26-KA,"KXF1-26-GR, KXF1-26-KA, KXTAKEOVERACQWB-27JUN30-PSKY","KXF1-26-KA, KXTAKEOVERACQWB-27JUN30-PSKY, KXOSCARPIC-27-SOC"
cap,64,True,1,0.0018278371741674224,0.019599999999999968,0.0011121628258325728,0.004975851634825869,0.05795335797942602,0.003717152062088034,0.3382030081321284,-0.0031480144606584465,CONTROLS-2026-D+CONTROLS-2026-R,"CONTROLS-2026-D, CONTROLS-2026-R, KXINXY-26DEC31H1600-B8900","KXNBA-27-HOU, KXINXY-26DEC31H1600-B8900, KXWNBA-26-WSH"
cap,65,True,1,0.09717477707835134,0.24054531481536515,-0.06109297985604657,0.11596920171373348,0.5339580497147882,-0.03587549425651525,0.45049478127326964,-0.01879442463538214,KXBALLONDOR-26-HKAN+KXBALLONDOR-26-LYAM,"KXBALLONDOR-26-HKAN, KXBALLONDOR-26-LYAM, KXF1-26-KA","KXBALLONDOR-26-HKAN, KXF1-26-KA, SENATEME-26-R"
cap,66,True,3,0.04111813987954484,0.2321930539223671,-0.006289181791189771,0.005400232426441259,0.06820807684980636,0.004830979101029694,3.404187079393169,0.035717907453103576,KXWNBA-26-ATL+KXWNBA-26-MIN;KXWNBA-26-ATL+KXWNBA-26-NY;KXWNBA-26-MIN+KXWNBA-26-NY,"KXWNBA-26-ATL, KXWNBA-26-MIN, KXWNBA-26-NY","KXNBA-27-TOR, KXINXY-26DEC31H1600-T9000, KXBTCMAXY-26DEC31-199999.99"
cap,67,True,1,0.058778353722662026,0.2903792777563818,-0.015221462059204757,0.05614456760831571,0.3493327548217853,-0.003744654385047917,0.8312397670940446,0.002633786114346316,KXF1-26-GR+KXF1-26-KA,"KXF1-26-GR, KXF1-26-KA, SENATEME-26-D","KXF1-26-KA, SENATEME-26-D, KXINXY-26DEC31H1600-B8900"
cap,68,True,3,0.017814948784684412,0.08195970009968134,-0.00552099376973221,0.038467733492404385,0.26568126080756543,0.0013844556287304285,0.30848882548417766,-0.020652784707719973,KXBALLONDOR-26-HKAN+KXBALLONDOR-26-KMBA;KXBALLONDOR-26-HKAN+KXBALLONDOR-26-LYAM;KXBALLONDOR-26-KMBA+KXBALLONDOR-26-LYAM,"KXBALLONDOR-26-HKAN, KXBALLONDOR-26-KMBA, KXBALLONDOR-26-LYAM","KXBALLONDOR-26-HKAN, KXMLBAL-26-SEA, KXINXY-26DEC31H1600-B6700"
cap,69,True,1,0.001588370001384648,0.01959999999999998,0.0013516299986153489,0.00882025064378441,0.0889698943619647,0.0045252335105102955,0.22029923875439741,-0.007231880642399761,SENATEMI-26-D+SENATEMI-26-R,"KXOSCARPIC-27-AVEN, SENATEMI-26-D, SENATEMI-26-R","KXGOVCA-26-XBEC, KXF1-26-LN, KXOSCARPIC-27-AVEN"
cap,70,True,1,0.011739137683453887,0.08025599999999977,0.00029926231654607734,0.015516186703898371,0.11934622774225612,0.0023857474574400447,0.6724636506595179,-0.003777049020444484,CONTROLH-2026-D+CONTROLH-2026-R,"CONTROLH-2026-D, CONTROLH-2026-R, KXRATECUTCOUNT-26DEC31-T0","KXMLBAL-26-SEA, KXRATECUTCOUNT-26DEC31-T0, KXBTCMAXY-26DEC31-199999.99"
cap,71,False,0,0.11651688131983884,0.5423926486926071,-0.03515798401594779,0.11651688131983884,0.5423926486926071,-0.03515798401594779,1.0,0.0,,"SENATEME-26-D, KXTAKEOVERACQWB-27JUN30-PSKY, SENATEOHS-26-R","SENATEME-26-D, KXTAKEOVERACQWB-27JUN30-PSKY, SENATEOHS-26-R"
cap,72,True,1,0.08713758463366159,0.22747827861054576,-0.053015842842079726,0.12495801139044549,0.5079870831763618,-0.04875994891399123,0.44780327324104496,-0.037820426756783904,KXF1-26-GR+KXF1-26-KA,"KXF1-26-GR, KXF1-26-KA, KXTAKEOVERACQWB-27JUN30-PSKY","KXF1-26-KA, KXTAKEOVERACQWB-27JUN30-PSKY, KXWNBA-26-MIN"
cap,73,True,3,0.04999999999999994,0.047498660814540905,-0.042875200877818806,0.0524537358386356,0.1715418119506461,-0.026722464046038685,0.276892614543483,-0.0024537358386356595,KXF1-26-GR+KXF1-26-KA;KXF1-26-GR+KXF1-26-LN;KXF1-26-KA+KXF1-26-LN,"KXF1-26-GR, KXF1-26-KA, KXF1-26-LN","KXNBA-27-BOS, KXF1-26-KA, KXINXY-26DEC31H1600-B8900"
cap,74,True,1,0.11507761383077758,0.31781139718811724,-0.06740590425255999,0.1188236973336255,0.4207055195127699,-0.055717869406710016,0.7554248338747325,-0.0037460835028479134,KXBALLONDOR-26-HKAN+KXBALLONDOR-26-LYAM,"KXBALLONDOR-26-HKAN, KXBALLONDOR-26-LYAM, KXTAKEOVERACQWB-27JUN30-PSKY","KXNBA-27-HOU, KXTAKEOVERACQWB-27JUN30-PSKY, KXWNBA-26-MIN"
cap,75,True,1,0.001860780557530771,0.019600000000000062,0.001079219442469238,0.00531780995012638,0.05838156916007345,0.003439425423884637,0.3357223911926694,-0.003457029392595609,CONTROLS-2026-D+CONTROLS-2026-R,"KXNBA-27-ORL, CONTROLS-2026-D, CONTROLS-2026-R","KXNBA-27-ORL, KXINXY-26DEC31H1600-B6300, KXOSCARPIC-27-SOC"
cap,76,True,1,0.026159453135264306,0.1463206218706386,-0.004211359854668518,0.028773891148019638,0.19151451993378607,-4.6713157951728396e-05,0.7640184249279233,-0.0026144380127553317,KXTAKEOVERACQWB-27JUN30-NFLX+KXTAKEOVERACQWB-27JUN30-PSKY,"KXTAKEOVERACQWB-27JUN30-NFLX, KXTAKEOVERACQWB-27JUN30-PSKY, KXALIENS-26NOV","KXTAKEOVERACQWB-27JUN30-PSKY, KXOSCARPIC-27-PRO, KXALIENS-26NOV"
cap,77,True,3,0.03276879048508894,0.15398976956898353,-0.009670325049741413,0.014757765700402162,0.11656888962916906,0.0027275677439731957,1.3210194423131112,0.018011024784686778,KXBALLONDOR-26-HKAN+KXBALLONDOR-26-KKVA;KXBALLONDOR-26-HKAN+KXBALLONDOR-26-LYAM;KXBALLONDOR-26-KKVA+KXBALLONDOR-26-LYAM,"KXBALLONDOR-26-HKAN, KXBALLONDOR-26-KKVA, KXBALLONDOR-26-LYAM","KXFEDDECISION-26SEP-H26, KXNBA-27-CLE, KXRATECUTCOUNT-26DEC31-T0"
cap,78,True,3,0.0500000000000001,0.047498660814540905,-0.042875200877818966,0.05711426690577519,0.15602417461620052,-0.033710640713345105,0.3044314186015182,-0.007114266905775088,KXF1-26-GR+KXF1-26-KA;KXF1-26-GR+KXF1-26-LN;KXF1-26-KA+KXF1-26-LN,"KXF1-26-GR, KXF1-26-KA, KXF1-26-LN","KXF1-26-KA, KXNFLAFCCHAMP-27-PIT, KXOSCARPIC-27-BEH"
cap,79,True,3,0.04999999999999998,0.047498660814540905,-0.04287520087781885,0.054560172292440264,0.14757645475609785,-0.03242370407902559,0.3218579880716254,-0.0045601722924402815,KXF1-26-GR+KXF1-26-KA;KXF1-26-GR+KXF1-26-LN;KXF1-26-KA+KXF1-26-LN,"KXF1-26-GR, KXF1-26-KA, KXF1-26-LN","KXF1-26-KA, KXOSCARPIC-27-PRO, KXWNBA-26-WSH"
cap,80,True,3,0.04722986755671832,0.16001749986464472,-0.02322724257702161,0.042619041155567805,0.2612316251359859,-0.0034342973851699196,0.612550259875107,0.004610826401150514,KXBALLONDOR-26-HKAN+KXBALLONDOR-26-KKVA;KXBALLONDOR-26-HKAN+KXBALLONDOR-26-KMBA;KXBALLONDOR-26-KKVA+KXBALLONDOR-26-KMBA,"KXBALLONDOR-26-HKAN, KXBALLONDOR-26-KKVA, KXBALLONDOR-26-KMBA","KXNBA-27-ORL, KXBALLONDOR-26-HKAN, KXMLBAL-26-SEA"
cap,81,True,3,0.043320980542032206,0.047498660814540905,-0.03619618141985107,0.042800756979657066,0.1543633201893526,-0.01964625895125418,0.30770691350947754,0.0005202235623751397,KXF1-26-GR+KXF1-26-KA;KXF1-26-GR+KXF1-26-LN;KXF1-26-KA+KXF1-26-LN,"KXF1-26-GR, KXF1-26-KA, KXF1-26-LN","KXNBA-27-IND, KXF1-26-KA, KXBTCMAXY-26DEC31-199999.99"
cap,82,True,1,0.039668505071472626,0.14703601291541069,-0.017613103134161024,0.041279588329325254,0.19145586903387252,-0.012561207974244377,0.7679890601285091,-0.0016110832578526274,KXTAKEOVERACQWB-27JUN30-NFLX+KXTAKEOVERACQWB-27JUN30-PSKY,"KXINXY-26DEC31H1600-B6300, KXTAKEOVERACQWB-27JUN30-NFLX, KXTAKEOVERACQWB-27JUN30-PSKY","KXINXY-26DEC31H1600-B6300, KXTAKEOVERACQWB-27JUN30-PSKY, KXALIENS-26NOV"
cap,83,True,3,0.046321429053920116,0.23614389819264162,-0.010899844325023875,0.04469089159152126,0.28918979912113807,-0.0013124217233505472,0.8165706359985534,0.0016305374623988567,KXOSCARPIC-27-BLA+KXOSCARPIC-27-ODY;KXOSCARPIC-27-BLA+KXOSCARPIC-27-SOC;KXOSCARPIC-27-ODY+KXOSCARPIC-27-SOC,"KXOSCARPIC-27-BLA, KXOSCARPIC-27-ODY, KXOSCARPIC-27-SOC","KXNBA-27-IND, KXINXY-26DEC31H1600-B8900, KXOSCARPIC-27-ODY"
cap,84,True,3,0.06318081963630576,0.16001749986464472,-0.039178194656609044,0.053156541718173696,0.2633814609592183,-0.013649322574290947,0.6075503540829005,0.010024277918132062,KXBALLONDOR-26-HKAN+KXBALLONDOR-26-KKVA;KXBALLONDOR-26-HKAN+KXBALLONDOR-26-KMBA;KXBALLONDOR-26-KKVA+KXBALLONDOR-26-KMBA,"KXBALLONDOR-26-HKAN, KXBALLONDOR-26-KKVA, KXBALLONDOR-26-KMBA","KXBALLONDOR-26-HKAN, KXNFLAFCCHAMP-27-TEN, KXBTCMAXY-26DEC31-199999.99"
cap,85,True,1,0.0017721463725784911,0.01959999999999998,0.0011678536274215058,0.0060857697341295605,0.06823936767095959,0.004150135416514378,0.2872242324182773,-0.004313623361551069,SENATEMI-26-D+SENATEMI-26-R,"KXNBA-27-TOR, SENATEMI-26-D, SENATEMI-26-R","KXNBA-27-TOR, KXMLBAL-26-SEA, KXINXY-26DEC31H1600-T9000"
cap,86,True,1,0.0014850892400517061,0.01959999999999998,0.0014549107599482907,0.0036166849727677294,0.058835976083308796,0.00520871143972859,0.33312951198850443,-0.0021315957327160233,SENATEMI-26-D+SENATEMI-26-R,"KXNBA-27-TOR, SENATEMI-26-D, SENATEMI-26-R","KXNBA-27-TOR, KXINXY-26DEC31H1600-B6300, KXOSCARPIC-27-SOC"
cap,87,True,1,0.07386337967338025,0.3767563939689377,-0.0173499205780396,0.07867207001593315,0.42353029752239646,-0.015142525387573685,0.8895618475771846,-0.004808690342552907,KXTAKEOVERACQWB-27JUN30-NFLX+KXTAKEOVERACQWB-27JUN30-PSKY,"CONTROLS-2026-D, KXTAKEOVERACQWB-27JUN30-NFLX, KXTAKEOVERACQWB-27JUN30-PSKY","KXFEDDECISION-26SEP-H26, CONTROLS-2026-D, KXTAKEOVERACQWB-27JUN30-PSKY"
cap,88,True,3,0.05000000000000002,0.047498660814540905,-0.04287520087781888,0.05327433614304289,0.15193112152518443,-0.030484667914265226,0.3126328584803307,-0.003274336143042872,KXF1-26-GR+KXF1-26-KA;KXF1-26-GR+KXF1-26-LN;KXF1-26-KA+KXF1-26-LN,"KXF1-26-GR, KXF1-26-KA, KXF1-26-LN","KXNBA-27-TOR, KXF1-26-KA, KXOSCARPIC-27-AVEN"
cap,89,True,3,0.0192224758188084,0.08195970009968134,-0.006928520803856197,0.005681202609410161,0.059471125690618444,0.0032394662441826046,1.3781427398239154,0.013541273209398238,KXBALLONDOR-26-HKAN+KXBALLONDOR-26-KMBA;KXBALLONDOR-26-HKAN+KXBALLONDOR-26-LYAM;KXBALLONDOR-26-KMBA+KXBALLONDOR-26-LYAM,"KXBALLONDOR-26-HKAN, KXBALLONDOR-26-KMBA, KXBALLONDOR-26-LYAM","KXNBA-27-ORL, KXINXY-26DEC31H1600-B6700, KXBTCMAXY-26DEC31-199999.99"
cap,90,False,0,0.1358910542221653,0.47172768231781137,-0.0651319018744936,0.1358910542221653,0.47172768231781137,-0.0651319018744936,1.0,0.0,,"KXBALLONDOR-26-HKAN, KXF1-26-KA, KXTAKEOVERACQWB-27JUN30-PSKY","KXBALLONDOR-26-HKAN, KXF1-26-KA, KXTAKEOVERACQWB-27JUN30-PSKY"
cap,91,True,1,0.04235235912224099,0.1481249155635129,-0.020133621787714055,0.0402623129881911,0.19506044407151635,-0.011003246377463648,0.7593795670290018,0.0020900461340498874,KXTAKEOVERACQWB-27JUN30-NFLX+KXTAKEOVERACQWB-27JUN30-PSKY,"KXTAKEOVERACQWB-27JUN30-NFLX, KXTAKEOVERACQWB-27JUN30-PSKY, KXNFLAFCCHAMP-27-TEN","KXINXY-26DEC31H1600-B6300, KXTAKEOVERACQWB-27JUN30-PSKY, KXNFLAFCCHAMP-27-TEN"
cap,92,True,3,0.03270630751258696,0.1976624067771728,-0.0030569464960110426,0.005440318166062656,0.05879376044464206,0.0033787459006336517,3.3619623116858484,0.027265989346524307,KXOSCARPIC-27-BLA+KXOSCARPIC-27-DUN;KXOSCARPIC-27-BLA+KXOSCARPIC-27-ODY;KXOSCARPIC-27-DUN+KXOSCARPIC-27-ODY,"KXOSCARPIC-27-BLA, KXOSCARPIC-27-DUN, KXOSCARPIC-27-ODY","KXNBA-27-HOU, KXATP-26USO-MUS, KXOSCARPIC-27-PRO"
cap,93,True,3,0.050000000000000086,0.047498660814540905,-0.04287520087781895,0.05120930813901758,0.14702935932606917,-0.029154904240107204,0.3230556198589047,-0.0012093081390174912,KXF1-26-GR+KXF1-26-KA;KXF1-26-GR+KXF1-26-LN;KXF1-26-KA+KXF1-26-LN,"KXF1-26-GR, KXF1-26-KA, KXF1-26-LN","KXF1-26-KA, KXINXY-26DEC31H1600-B8900, KXWNBA-26-WSH"
cap,94,True,1,0.0018126053010407497,0.019600000000000097,0.0011273946989592645,0.006281697135275422,0.06829791428974158,0.0039629900081858144,0.28697801688131547,-0.004469091834234672,SENATEME-26-D+SENATEME-26-R,"SENATEME-26-D, SENATEME-26-R, KXOSCARPIC-27-PRO","KXBALLONDOR-26-KKVA, KXINXY-26DEC31H1600-B8900, KXOSCARPIC-27-PRO"
cap,95,True,3,0.050000000000000155,0.047498660814540905,-0.04287520087781902,0.05739110674860394,0.1472959932642249,-0.0352967077589702,0.32247082735873256,-0.007391106748603785,KXF1-26-GR+KXF1-26-KA;KXF1-26-GR+KXF1-26-LN;KXF1-26-KA+KXF1-26-LN,"KXF1-26-GR, KXF1-26-KA, KXF1-26-LN","KXNBA-27-TOR, KXF1-26-KA, KXWNBA-26-WSH"
cap,96,True,3,0.050000000000000044,0.047498660814540905,-0.04287520087781891,0.05866531743396912,0.14424950236525289,-0.03702789207918118,0.32928128025197595,-0.008665317433969075,KXF1-26-GR+KXF1-26-KA;KXF1-26-GR+KXF1-26-LN;KXF1-26-KA+KXF1-26-LN,"KXF1-26-GR, KXF1-26-KA, KXF1-26-LN","KXNFLNFCCHAMP-27-ATL, KXF1-26-KA, KXWNBA-26-WSH"
cap,97,True,1,0.0016855177945042064,0.019599999999999885,0.0012544822054957761,0.007600910982259224,0.07518757524696701,0.003677225304785826,0.2606813683726359,-0.005915393187755018,CONTROLH-2026-D+CONTROLH-2026-R,"CONTROLH-2026-D, CONTROLH-2026-R, KXWNBA-26-WSH","KXNFLNFCCHAMP-27-WAS, KXNFLAFCCHAMP-27-PIT, KXWNBA-26-WSH"
cap,98,True,1,0.07467003030238968,0.22747827861054576,-0.04054828851080782,0.07304176018313412,0.2841893409359458,-0.030413359042742248,0.800446202033375,0.0016282701192555649,KXF1-26-GR+KXF1-26-KA,"KXF1-26-GR, KXF1-26-KA, KXTAKEOVERACQWB-27JUN30-PSKY","KXNFLNFCCHAMP-27-ATL, KXF1-26-KA, KXTAKEOVERACQWB-27JUN30-PSKY"
cap,99,True,3,0.05887298197774807,0.08195970009968134,-0.046579026962795866,0.06376700650056415,0.26633505026756,-0.02381674896043015,0.30773155849124884,-0.004894024522816079,KXBALLONDOR-26-HKAN+KXBALLONDOR-26-KMBA;KXBALLONDOR-26-HKAN+KXBALLONDOR-26-LYAM;KXBALLONDOR-26-KMBA+KXBALLONDOR-26-LYAM,"KXBALLONDOR-26-HKAN, KXBALLONDOR-26-KMBA, KXBALLONDOR-26-LYAM","KXBALLONDOR-26-HKAN, KXNFLNFCCHAMP-27-NO, KXINXY-26DEC31H1600-B8900"
match,frozen,False,0,0.06594010940087312,0.39711942199379396,-0.006372196101804034,0.06594010940087312,0.39711942199379396,-0.006372196101804034,1.0,0.0,,"KXATP-26USO-SHE, CONTROLS-2026-R, KXMLBAL-26-HOU","KXATP-26USO-SHE, CONTROLS-2026-R, KXMLBAL-26-HOU"
match,0,True,3,0.03446987749433337,0.21002004306435818,-0.002966871034679644,0.060259493693342436,0.3839266596592234,-0.0026704947444589275,0.5470316733169136,-0.025789616199009067,KXBALLONDOR-26-KKVA+KXBALLONDOR-26-KMBA;KXBALLONDOR-26-KKVA+KXBALLONDOR-26-LYAM;KXBALLONDOR-26-KMBA+KXBALLONDOR-26-LYAM,"KXBALLONDOR-26-KKVA, KXBALLONDOR-26-KMBA, KXBALLONDOR-26-LYAM","KXGOVCA-26-XBEC, SENATETX-26-D, KXBALLONDOR-26-LYAM"
match,1,True,1,0.005931004379582196,0.03839999999999988,-0.0001710043795822144,0.010807073943137149,0.0872394148310063,0.0022788382815137967,0.44016801435893965,-0.004876069563554953,CONTROLH-2026-D+CONTROLH-2026-R,"CONTROLH-2026-D, CONTROLH-2026-R, KXOSCARPIC-27-DEB","KXINXY-26DEC31H1600-B6900, KXNFLAFCCHAMP-27-TEN, KXOSCARPIC-27-DEB"
match,2,True,1,0.001421399189472792,0.019600000000000176,0.0015186008105272345,0.003847975670767268,0.057069315593365984,0.00471242166823763,0.34344200199727953,-0.0024265764812944762,KXGOVCA-26-SHIL+KXGOVCA-26-XBEC,"KXGOVCA-26-SHIL, KXGOVCA-26-XBEC, KXNFLAFCCHAMP-27-TEN","KXNFLAFCCHAMP-27-TEN, KXOSCARPIC-27-BEH, KXWNBA-26-WSH"
match,3,True,1,0.00249090403750157,0.0195999999999999,0.0004490959624984148,0.0060466118940662,0.058751425322321124,0.0027661019042819687,0.3336089276552985,-0.00355570785656463,CONTROLH-2026-D+CONTROLH-2026-R,"CONTROLH-2026-D, CONTROLH-2026-R, KXOSCARPIC-27-BEH","KXNFLNFCCHAMP-27-ATL, KXOSCARPIC-27-BEH, KXALIENS-26NOV"
match,4,True,1,0.023686387251733027,0.12040000000000008,-0.005626387251733016,0.03732386367725559,0.21453987529321672,-0.005142882383273081,0.5612010347048377,-0.013637476425522564,CONTROLS-2026-D+CONTROLS-2026-R,"CONTROLS-2026-D, CONTROLS-2026-R, KXBALLONDOR-26-LYAM","KXNBA-27-ORL, KXBALLONDOR-26-LYAM, KXRATECUTCOUNT-26DEC31-T0"
match,5,False,0,0.05983760931680943,0.38925797769176074,-0.0014489126630453236,0.05983760931680943,0.38925797769176074,-0.0014489126630453236,1.0,0.0,,"CONTROLH-2026-R, CONTROLS-2026-R, KXF1-26-GR","CONTROLH-2026-R, CONTROLS-2026-R, KXF1-26-GR"
match,6,False,0,0.0912028269362421,0.5806731161022084,-0.004101859520910842,0.0912028269362421,0.5806731161022084,-0.004101859520910842,1.0,0.0,,"CONTROLH-2026-D, CONTROLS-2026-D, SENATEMI-26-R","CONTROLH-2026-D, CONTROLS-2026-D, SENATEMI-26-R"
match,7,True,1,0.01733441755346045,0.11310000000000021,-0.00036941755346041674,0.022889518063526147,0.1533134830459607,0.00010750439336795758,0.7377041976542585,-0.005555100510065698,KXGOVCA-26-SHIL+KXGOVCA-26-XBEC,"KXGOVCA-26-SHIL, KXGOVCA-26-XBEC, KXBALLONDOR-26-KMBA","KXBALLONDOR-26-KMBA, KXOSCARPIC-27-BEH, KXALIENS-26DEC"
match,8,True,1,0.004164297924820183,0.029099999999999987,0.00020070207517981515,0.011432205425854384,0.08892052404205156,0.001905873180453349,0.3272585301705853,-0.007267907501034201,SENATEMI-26-D+SENATEMI-26-R,"KXBALLONDOR-26-KKVA, SENATEMI-26-D, SENATEMI-26-R","KXGOVCA-26-SHIL, KXBALLONDOR-26-KKVA, KXOSCARPIC-27-AVEN"
match,9,True,1,0.04686269242963858,0.3014876573589597,-0.0016395438257946204,0.04433007817693528,0.2958797251971018,5.188060262999172e-05,1.0189534181773428,0.0025326142527032983,KXATP-26USO-TIA+KXATP-26USO-ZVE,"KXATP-26USO-TIA, KXATP-26USO-ZVE, KXRATECUTCOUNT-26DEC31-T1","KXATP-26USO-ZVE, KXOSCARPIC-27-PRO, KXRATECUTCOUNT-26DEC31-T1"
match,10,True,1,0.007340532761698999,0.04749999999999988,-0.00021553276169901728,0.03194405987798374,0.22443527049182793,0.0017212306957904502,0.21164231404408176,-0.02460352711628474,CONTROLH-2026-D+CONTROLH-2026-R,"CONTROLH-2026-D, CONTROLH-2026-R, KXATP-26USO-TIA","CONTROLH-2026-D, KXATP-26USO-TIA, KXOSCARPIC-27-DIG"
match,11,True,1,0.0025023293246193568,0.019599999999999968,0.0004376706753806384,0.016487317255604126,0.12829749604351828,0.0027573071509236144,0.15276993397713454,-0.01398498793098477,CONTROLS-2026-D+CONTROLS-2026-R,"CONTROLS-2026-D, CONTROLS-2026-R, KXINXY-26DEC31H1600-B8900","KXNFLNFCCHAMP-27-PHI, KXINXY-26DEC31H1600-B8900, KXOSCARPIC-27-PRO"
match,12,True,1,0.014155401858906347,0.08189999999999999,-0.0018704018589063495,0.017943902226373952,0.1215543792429565,0.00028925466006952255,0.6737725165483555,-0.003788500367467605,CONTROLS-2026-D+CONTROLS-2026-R,"CONTROLS-2026-D, CONTROLS-2026-R, KXRATECUTCOUNT-26DEC31-T1","KXNBA-27-HOU, KXOSCARPIC-27-SOC, KXRATECUTCOUNT-26DEC31-T1"
match,13,False,0,0.0524174360258842,0.33296208819349743,-0.0024731227968595865,0.0524174360258842,0.33296208819349743,-0.0024731227968595865,1.0,0.0,,"SENATEME-26-R, KXTAKEOVERACQWB-27JUN30-NFLX, KXRATECUTCOUNT-26DEC31-T1","SENATEME-26-R, KXTAKEOVERACQWB-27JUN30-NFLX, KXRATECUTCOUNT-26DEC31-T1"
match,14,True,1,0.04372136051446504,0.2490999999999998,-0.006356360514465073,0.053255099766123,0.3218484883337437,-0.004977826516061448,0.7739666614239098,-0.009533739251657958,CONTROLH-2026-D+CONTROLH-2026-R,"CONTROLH-2026-D, CONTROLH-2026-R, CONTROLS-2026-D","CONTROLS-2026-D, KXLLM1-26DEC31-GOOG, KXOSCARPIC-27-SOC"
match,15,True,1,0.0021771760829723923,0.0196,0.0007628239170276076,0.005975830032068783,0.058293373506908594,0.002768175993967505,0.336230326379672,-0.003798653949096391,CONTROLS-2026-D+CONTROLS-2026-R,"CONTROLS-2026-D, CONTROLS-2026-R, KXNFLNFCCHAMP-27-ATL","KXNBA-27-CLE, KXNFLNFCCHAMP-27-ATL, KXOSCARPIC-27-SOC"
match,16,True,1,0.014533174235370927,0.08189999999999979,-0.002248174235370959,0.02051665236286401,0.13002474768346473,-0.0010129402103443014,0.6298800917451427,-0.0059834781274930825,CONTROLH-2026-D+CONTROLH-2026-R,"CONTROLH-2026-D, CONTROLH-2026-R, KXRATECUTCOUNT-26DEC31-T1","KXATP-26USO-MUS, KXINXY-26DEC31H1600-T9000, KXRATECUTCOUNT-26DEC31-T1"
match,17,True,1,0.050802161715927746,0.3150591883146293,-0.003543283468733352,0.018110350574148264,0.11915892294556543,-0.0002365121323134496,2.6440251432832746,0.03269181114177948,KXATP-26USO-SHE+KXATP-26USO-ZVE,"KXATP-26USO-SHE, KXATP-26USO-ZVE, KXRATECUTCOUNT-26DEC31-T1","KXNBA-27-ORL, KXNFLNFCCHAMP-27-ATL, KXRATECUTCOUNT-26DEC31-T1"
match,18,True,1,0.01722184801596789,0.11291676987627258,-0.00028433253452700424,0.01804469705696979,0.12407480177492286,0.0005665232092686399,0.9100701210960511,-0.0008228490410018968,KXOSCARPIC-27-DEB+KXOSCARPIC-27-PRO,"KXINXY-26DEC31H1600-B8500, KXOSCARPIC-27-DEB, KXOSCARPIC-27-PRO","KXNBA-27-DET, KXINXY-26DEC31H1600-B8500, KXOSCARPIC-27-DEB"
match,19,False,0,0.05331054892477821,0.3617214784093923,0.0009476728366306295,0.05331054892477821,0.3617214784093923,0.0009476728366306295,1.0,0.0,,"CONTROLH-2026-R, KXLLM1-26DEC31-GOOG, SENATEME-26-R","CONTROLH-2026-R, KXLLM1-26DEC31-GOOG, SENATEME-26-R"
match,20,True,1,0.008331799109442387,0.05639999999999992,0.0001282008905576018,0.014682439676216005,0.1152907420251747,0.002611171627560197,0.4891979963810495,-0.006350640566773619,SENATEMI-26-D+SENATEMI-26-R,"KXWNBA-26-NY, SENATEMI-26-D, SENATEMI-26-R","KXBALLONDOR-26-KKVA, KXINXY-26DEC31H1600-T9000, KXWNBA-26-NY"
match,21,True,1,0.001906337503032169,0.01959999999999998,0.0010336624969678279,0.039239645142155215,0.2866226499391259,0.003753752348713668,0.06838259294637987,-0.03733330763912304,SENATEMI-26-D+SENATEMI-26-R,"KXOSCARPIC-27-AVEN, SENATEMI-26-D, SENATEMI-26-R","CONTROLS-2026-D, KXOSCARPIC-27-AVEN, KXBTCMAXY-26DEC31-199999.99"
match,22,True,1,0.00307059727455445,0.029100000000000105,0.0012944027254455657,0.011039662197158826,0.09997174441095538,0.00395609946448448,0.2910822470034962,-0.007969064922604376,KXGOVCA-26-SHIL+KXGOVCA-26-XBEC,"KXGOVCA-26-SHIL, KXGOVCA-26-XBEC, KXNFLNFCCHAMP-27-WAS","KXMLB-26-CHC, KXATP-26USO-MUS, KXNFLNFCCHAMP-27-WAS"
match,23,True,1,0.002128401663778763,0.01959999999999988,0.000811598336221219,0.005538751983677537,0.0583029610633527,0.003206692175825367,0.3361750354103334,-0.0034103503198987736,CONTROLH-2026-D+CONTROLH-2026-R,"CONTROLH-2026-D, CONTROLH-2026-R, KXMLBAL-26-SEA","KXNBA-27-CLE, KXMLBAL-26-SEA, KXWNBA-26-WSH"
match,24,False,0,0.08440256029490964,0.4050096046733541,-0.023651119593906526,0.08440256029490964,0.4050096046733541,-0.023651119593906526,1.0,0.0,,"KXNBA-27-CLE, CONTROLS-2026-D, SENATEME-26-R","KXNBA-27-CLE, CONTROLS-2026-D, SENATEME-26-R"
match,25,True,1,0.001990163583510344,0.019600000000000208,0.0009498364164896873,0.006196851492973651,0.0681768787829111,0.004029680324463013,0.28748749355937153,-0.004206687909463307,KXGOVCA-26-SHIL+KXGOVCA-26-XBEC,"KXGOVCA-26-SHIL, KXGOVCA-26-XBEC, KXBTCMAXY-26DEC31-199999.99","KXNBA-27-DET, KXNFLNFCCHAMP-27-ATL, KXBTCMAXY-26DEC31-199999.99"
match,26,True,1,0.008218541265508,0.05639999999999997,0.00024145873449199495,0.020301675539333312,0.15275109466202952,0.002610988659971114,0.3692281232078119,-0.012083134273825312,CONTROLS-2026-D+CONTROLS-2026-R,"CONTROLS-2026-D, CONTROLS-2026-R, KXWNBA-26-NY","KXNFLNFCCHAMP-27-ATL, KXWNBA-26-NY, KXRATECUTCOUNT-26DEC31-T0"
match,27,True,1,0.0019178265285783036,0.0195999999999999,0.0010221734714216811,0.007632911278673361,0.07762330698740895,0.004010584769437981,0.2525014813293017,-0.005715084750095058,SENATEMI-26-D+SENATEMI-26-R,"SENATEMI-26-D, SENATEMI-26-R, KXALIENS-26NOV","KXNBA-27-DET, KXBALLONDOR-26-KKVA, KXALIENS-26NOV"
match,28,False,0,0.047614593308757565,0.2938175587195061,-0.0035419595008316512,0.047614593308757565,0.2938175587195061,-0.0035419595008316512,1.0,0.0,,"KXGOVCA-26-SHIL, KXF1-26-GR, SENATEMI-26-R","KXGOVCA-26-SHIL, KXF1-26-GR, SENATEMI-26-R"
match,29,True,1,0.0018240496038170705,0.019600000000000208,0.0011159503961829607,0.06771500940692327,0.46066462895459065,0.0013846849362653263,0.04254722148839487,-0.06589095980310619,KXGOVCA-26-SHIL+KXGOVCA-26-XBEC,"KXGOVCA-26-SHIL, KXGOVCA-26-XBEC, KXBTCMAXY-26DEC31-199999.99","CONTROLS-2026-R, SENATEMI-26-R, KXBTCMAXY-26DEC31-199999.99"
match,30,True,1,0.004823781635046362,0.0291000000000001,-0.0004587816350463472,0.009191118188879542,0.06769114315283324,0.0009625532840454431,0.4298937592810044,-0.00436733655383318,CONTROLS-2026-D+CONTROLS-2026-R,"CONTROLS-2026-D, CONTROLS-2026-R, KXBALLONDOR-26-KKVA","KXBALLONDOR-26-KKVA, KXNFLNFCCHAMP-27-ATL, KXOSCARPIC-27-SOC"
match,31,True,1,0.006761110182380445,0.03840000000000007,-0.001001110182380434,0.02650469070458918,0.1814103441373932,0.0007068609160198018,0.2116748092981809,-0.019743580522208735,CONTROLH-2026-D+CONTROLH-2026-R,"CONTROLH-2026-D, CONTROLH-2026-R, KXTAKEOVERACQWB-27JUN30-NFLX","CONTROLH-2026-R, KXNBA-27-HOU, KXTAKEOVERACQWB-27JUN30-NFLX"
match,32,True,1,0.0020909773922433463,0.01959999999999988,0.0008490226077566359,0.004952586056851047,0.05860797746101638,0.0038386105623014113,0.3344254630359322,-0.0028616086646077003,CONTROLH-2026-D+CONTROLH-2026-R,"CONTROLH-2026-D, CONTROLH-2026-R, KXMLBAL-26-SEA","KXNBA-27-CLE, KXMLBAL-26-SEA, KXALIENS-26NOV"
match,33,True,1,0.0015184173169047535,0.01959999999999998,0.0014215826830952434,0.0042473939660344386,0.058865047005496066,0.004582363084789971,0.33296499360936516,-0.002728976649129685,SENATEMI-26-D+SENATEMI-26-R,"KXINXY-26DEC31H1600-B6700, SENATEMI-26-D, SENATEMI-26-R","KXNBA-27-IND, KXINXY-26DEC31H1600-B6700, KXOSCARPIC-27-PRO"
match,34,True,1,0.020333422286840347,0.12750000000000003,-0.0012084222868403438,0.03816050215201966,0.2514815502723763,-0.00043826961116321533,0.5069954430530053,-0.017827079865179313,SENATEMI-26-D+SENATEMI-26-R,"CONTROLH-2026-R, SENATEMI-26-D, SENATEMI-26-R","CONTROLH-2026-R, KXOSCARPIC-27-PRO, KXWNBA-26-ATL"
match,35,True,1,0.004488330828446525,0.029099999999999775,-0.00012333082844655924,0.012277901091358623,0.08704881172871505,0.0007794206679486351,0.33429520084305153,-0.0077895702629120975,CONTROLH-2026-D+CONTROLH-2026-R,"CONTROLH-2026-D, CONTROLH-2026-R, KXF1-26-LN","KXBALLONDOR-26-KKVA, KXF1-26-LN, KXNFLAFCCHAMP-27-IND"
match,36,True,1,0.040116937529291796,0.24910000000000013,-0.00275193752929178,0.04664262494360173,0.29806685217184925,-0.0019325971178243487,0.8357185583869706,-0.006525687414309936,KXGOVCA-26-SHIL+KXGOVCA-26-XBEC,"KXGOVCA-26-SHIL, KXGOVCA-26-XBEC, CONTROLS-2026-D","CONTROLS-2026-D, KXF1-26-LN, KXMLBAL-26-SEA"
match,37,True,1,0.004922896080672201,0.03840000000000011,0.0008371039193278149,0.011508431872501536,0.1000987697946093,0.003506383596689859,0.38362109822920215,-0.006585535791829335,KXGOVCA-26-SHIL+KXGOVCA-26-XBEC,"KXNBA-27-MIA, KXGOVCA-26-SHIL, KXGOVCA-26-XBEC","KXNBA-27-MIA, KXGOVCA-26-XBEC, KXWNBA-26-WSH"
match,38,True,1,0.00609538344239087,0.03840000000000005,-0.0003353834423908625,0.011228917181397093,0.07913428584105209,0.0006412256947607199,0.4852511094512144,-0.005133533739006223,CONTROLS-2026-D+CONTROLS-2026-R,"CONTROLS-2026-D, CONTROLS-2026-R, KXTAKEOVERACQWB-27JUN30-NFLX","KXNFLNFCCHAMP-27-NO, KXINXY-26DEC31H1600-B8900, KXTAKEOVERACQWB-27JUN30-NFLX"
match,39,True,1,0.002320757412954285,0.0196,0.0006192425870457149,0.005862048683454503,0.05876998844967109,0.002953449583996159,0.333503553719172,-0.003541291270500218,CONTROLS-2026-D+CONTROLS-2026-R,"CONTROLS-2026-D, CONTROLS-2026-R, KXNFLNFCCHAMP-27-ATL","KXFEDDECISION-26SEP-H26, KXNFLNFCCHAMP-27-ATL, KXINXY-26DEC31H1600-B6700"
match,40,True,1,0.03909441268953798,0.23309999999999959,-0.004129412689538044,0.044732077860192954,0.27863220634819297,-0.002937246907964007,0.8365867070969749,-0.005637665170654976,CONTROLH-2026-D+CONTROLH-2026-R,"CONTROLH-2026-D, CONTROLH-2026-R, SENATEMI-26-D","KXNBA-27-ORL, KXNFLAFCCHAMP-27-PIT, SENATEMI-26-D"
match,41,True,1,0.0060085837014472315,0.0402359999999999,2.681629855275265e-05,0.019473997985537863,0.13924063570248527,0.0014120973698349276,0.28896736787364247,-0.013465414284090631,CONTROLH-2026-D+CONTROLH-2026-R,"CONTROLH-2026-D, CONTROLH-2026-R, KXGOVCA-26-SHIL","KXGOVCA-26-SHIL, KXINXY-26DEC31H1600-B8900, KXRATECUTCOUNT-26DEC31-T1"
match,42,True,1,0.003076047397665038,0.019600000000000208,-0.00013604739766500708,0.01348504351858578,0.1012708249526893,0.001705580224317613,0.1935404397975107,-0.010408996120920742,KXGOVCA-26-SHIL+KXGOVCA-26-XBEC,"KXFEDDECISION-26SEP-H26, KXGOVCA-26-SHIL, KXGOVCA-26-XBEC","KXFEDDECISION-26SEP-H26, KXMLB-26-CWS, KXF1-26-GR"
match,43,False,0,0.07806235074590959,0.4379553633787342,-0.012369046239099457,0.07806235074590959,0.4379553633787342,-0.012369046239099457,1.0,0.0,,"KXATP-26USO-TIA, SENATEME-26-R, SENATEOHS-26-D","KXATP-26USO-TIA, SENATEME-26-R, SENATEOHS-26-D"
match,44,False,0,0.04569712838947596,0.28431818493538036,-0.003049400649168907,0.04569712838947596,0.28431818493538036,-0.003049400649168907,1.0,0.0,,"KXMLB-26-CHC, CONTROLH-2026-D, KXBALANCEPOWERCOMBO-27FEB-RR","KXMLB-26-CHC, CONTROLH-2026-D, KXBALANCEPOWERCOMBO-27FEB-RR"
match,45,True,1,0.02906432879026761,0.1813531923655496,-0.001861349935435172,0.039839442787612846,0.2612339953930179,-0.0006543434786601618,0.6942174279144249,-0.010775113997345237,KXNFLNFCCHAMP-27-DET+KXNFLNFCCHAMP-27-PHI,"KXNFLNFCCHAMP-27-DET, KXNFLNFCCHAMP-27-PHI, KXF1-26-GR","KXATP-26USO-ZVE, KXF1-26-GR, KXTAKEOVERACQWB-27JUN30-NFLX"
match,46,True,1,0.00679597762740021,0.03840000000000005,-0.0010359776274002025,0.012219544374328782,0.07718918672607686,-0.000641166365417254,0.49747900747122864,-0.005423566746928572,CONTROLS-2026-D+CONTROLS-2026-R,"CONTROLS-2026-D, CONTROLS-2026-R, KXTAKEOVERACQWB-27JUN30-NFLX","KXINXY-26DEC31H1600-B6700, KXTAKEOVERACQWB-27JUN30-NFLX, KXWNBA-26-WSH"
match,47,True,1,0.023146785000671438,0.12750000000000003,-0.004021785000671435,0.03015421523306665,0.1761313074642521,-0.003734519113428838,0.7238917477852576,-0.007007430232395213,SENATEMI-26-D+SENATEMI-26-R,"CONTROLH-2026-R, SENATEMI-26-D, SENATEMI-26-R","KXFEDDECISION-26SEP-H26, CONTROLH-2026-R, KXBALLONDOR-26-KKVA"
match,48,True,1,0.03428417876484056,0.1888405348087142,-0.0059580985435334285,0.033521376658551136,0.18942440325909068,-0.005107716169687533,0.9969176703722916,0.0007628021062894216,KXNBA-27-CLE+KXNBA-27-MIN,"CONTROLH-2026-R, KXNBA-27-CLE, KXNBA-27-MIN","CONTROLH-2026-R, KXNBA-27-MIN, KXNFLNFCCHAMP-27-ATL"
match,49,True,1,0.001490825096802064,0.019599999999999767,0.0014491749031979007,0.004317313543267105,0.058697845796331555,0.004487363326182629,0.3339134466366517,-0.0028264884464650405,CONTROLH-2026-D+CONTROLH-2026-R,"CONTROLH-2026-D, CONTROLH-2026-R, KXINXY-26DEC31H1600-B8900","KXNBA-27-HOU, KXINXY-26DEC31H1600-B8900, KXOSCARPIC-27-AVEN"
match,50,True,1,0.0019889340299887766,0.019600000000000204,0.0009510659700112541,0.03462252229131134,0.246451970092167,0.0023452732225137107,0.07952868054846665,-0.032633588261322566,KXGOVCA-26-SHIL+KXGOVCA-26-XBEC,"KXGOVCA-26-SHIL, KXGOVCA-26-XBEC, KXNFLNFCCHAMP-27-NO","KXGOVCA-26-SHIL, KXNFLNFCCHAMP-27-NO, SENATEME-26-D"
match,51,True,1,0.0018916219521132663,0.019599999999999906,0.0010483780478867193,0.005117296798654133,0.058763150491350544,0.0036971757750484478,0.3335423617711727,-0.0032256748465408665,CONTROLH-2026-D+CONTROLH-2026-R,"CONTROLH-2026-D, CONTROLH-2026-R, KXOSCARPIC-27-AVEN","KXNBA-27-IND, KXOSCARPIC-27-AVEN, KXALIENS-26NOV"
match,52,True,1,0.01952826464093027,0.12749999999999995,-0.000403264640930278,0.027163050346383964,0.1794390109475986,-0.0002471987042441774,0.7105478308573249,-0.0076347857054536936,SENATEME-26-D+SENATEME-26-R,"CONTROLH-2026-D, SENATEME-26-D, SENATEME-26-R","CONTROLH-2026-D, KXGOVCA-26-XBEC, KXNFLNFCCHAMP-27-WAS"
match,53,True,1,0.0027960409569701937,0.01959999999999988,0.00014395904302978843,0.011425935139650904,0.08623796094482955,0.0015097590020735283,0.2272781010272137,-0.00862989418268071,CONTROLH-2026-D+CONTROLH-2026-R,"CONTROLH-2026-D, CONTROLH-2026-R, KXOSCARPIC-27-SOC","KXF1-26-GR, KXINXY-26DEC31H1600-B6300, KXOSCARPIC-27-SOC"
match,54,True,1,0.002203225351494125,0.019600000000000204,0.0007367746485059056,0.007031221890858648,0.06766488494533039,0.003118510850940911,0.2896627994836015,-0.004827996539364523,KXGOVCA-26-SHIL+KXGOVCA-26-XBEC,"KXGOVCA-26-SHIL, KXGOVCA-26-XBEC, KXOSCARPIC-27-PRO","KXNFLAFCCHAMP-27-PIT, KXOSCARPIC-27-PRO, KXALIENS-26NOV"
match,55,True,1,0.023707390651269755,0.12750000000000003,-0.004582390651269752,0.03200440025916865,0.19297765269805794,-0.0030577523544599583,0.6606982633346288,-0.008297009607898892,SENATEMI-26-D+SENATEMI-26-R,"CONTROLH-2026-R, SENATEMI-26-D, SENATEMI-26-R","CONTROLH-2026-R, KXATP-26USO-TIA, KXOSCARPIC-27-BEH"
match,56,True,1,0.006179266131684805,0.0402359999999999,-0.00014386613168482047,0.013843003548906881,0.09852131280053378,0.000935193371173185,0.4083989428912878,-0.007663737417222077,CONTROLH-2026-D+CONTROLH-2026-R,"CONTROLH-2026-D, CONTROLH-2026-R, KXGOVCA-26-SHIL","KXNBA-27-HOU, KXGOVCA-26-SHIL, KXOSCARPIC-27-DEB"
match,57,True,1,0.001733171037958229,0.01959999999999998,0.001206828962041768,0.00705406163783228,0.0771269194849075,0.004514976284903846,0.25412657643918196,-0.0053208905998740515,SENATEMI-26-D+SENATEMI-26-R,"KXNBA-27-ORL, SENATEMI-26-D, SENATEMI-26-R","KXNBA-27-ORL, KXINXY-26DEC31H1600-B6700, KXTAKEOVERACQWB-27JUN30-NFLX"
match,58,True,3,0.02949575878228492,0.19361937155303893,-0.0004528530493290821,0.022094885542746703,0.1673313039252482,0.0030048100460405257,1.1571019110658123,0.007400873239538218,KXWNBA-26-ATL+KXWNBA-26-IND;KXWNBA-26-ATL+KXWNBA-26-WSH;KXWNBA-26-IND+KXWNBA-26-WSH,"KXWNBA-26-ATL, KXWNBA-26-IND, KXWNBA-26-WSH","KXNFLNFCCHAMP-27-WAS, KXF1-26-GR, KXWNBA-26-IND"
match,59,False,0,0.07393979628947037,0.4502274170409435,-0.006405683733328851,0.07393979628947037,0.4502274170409435,-0.006405683733328851,1.0,0.0,,"KXNBA-27-ORL, CONTROLS-2026-D, SENATEOHS-26-R","KXNBA-27-ORL, CONTROLS-2026-D, SENATEOHS-26-R"
match,60,True,1,0.0024170205523697634,0.019600000000000204,0.0005229794476302673,0.00684457217293994,0.0681504450992327,0.003377994591944964,0.287599002052899,-0.004427551620570177,KXGOVCA-26-SHIL+KXGOVCA-26-XBEC,"KXGOVCA-26-SHIL, KXGOVCA-26-XBEC, KXNFLNFCCHAMP-27-NO","KXNFLNFCCHAMP-27-NO, KXF1-26-LN, KXMLBAL-26-SEA"
match,61,True,1,0.005024587357890312,0.029100000000000084,-0.0006595873578902995,0.013998179208989756,0.105056565191269,0.001760305569700596,0.27699363620940576,-0.008973591851099444,KXGOVCA-26-SHIL+KXGOVCA-26-XBEC,"KXGOVCA-26-SHIL, KXGOVCA-26-XBEC, KXF1-26-LN","KXLLM1-26DEC31-XAI, KXF1-26-LN, KXALIENS-26DEC"
match,62,True,1,0.004808126105104095,0.029099999999999987,-0.0004431261051040967,0.009452112892969034,0.06871523985439609,0.0008551730851903798,0.4234868431174995,-0.004643986787864939,SENATEMI-26-D+SENATEMI-26-R,"KXBALLONDOR-26-KKVA, SENATEMI-26-D, SENATEMI-26-R","KXBALLONDOR-26-KKVA, KXNFLAFCCHAMP-27-TEN, KXOSCARPIC-27-AVEN"
match,63,True,1,0.00333759961561763,0.029099999999999786,0.001027400384382338,0.006582173896495003,0.0682123419489438,0.003649677395846566,0.42660901485805636,-0.0032445742808773735,CONTROLH-2026-D+CONTROLH-2026-R,"CONTROLH-2026-D, CONTROLH-2026-R, KXINXY-26DEC31H1600-T9000","KXNFLNFCCHAMP-27-NO, KXINXY-26DEC31H1600-T9000, KXBTCMAXY-26DEC31-199999.99"
match,64,True,1,0.004259624203764391,0.029099999999999987,0.0001053757962356074,0.00836982226016197,0.06624466047303905,0.001566876810793887,0.43928068756339106,-0.00411019805639758,SENATEME-26-D+SENATEME-26-R,"KXNFLNFCCHAMP-27-WAS, SENATEME-26-D, SENATEME-26-R","KXNFLNFCCHAMP-27-WAS, KXINXY-26DEC31H1600-B8900, KXWNBA-26-WSH"
match,65,True,1,0.035356453800232446,0.21759999999999965,-0.002716453800232499,0.04345394316411387,0.2748114275436447,-0.0022322290325671665,0.7918156895620402,-0.008097489363881424,SENATEMI-26-D+SENATEMI-26-R,"SENATEME-26-R, SENATEMI-26-D, SENATEMI-26-R","KXNBA-27-BOS, KXGOVCA-26-XBEC, SENATEME-26-R"
match,66,False,0,0.07016586448829856,0.451548380742102,-0.0024336073769832683,0.07016586448829856,0.451548380742102,-0.0024336073769832683,1.0,0.0,,"KXLLM1-26DEC31-XAI, SENATEME-26-R, SENATEMI-26-R","KXLLM1-26DEC31-XAI, SENATEME-26-R, SENATEMI-26-R"
match,67,True,1,0.036509191728848644,0.21759999999999985,-0.00386919172884867,0.04653995386823077,0.29204193689438945,-0.0027336633340723504,0.7450984687815233,-0.010030762139382123,CONTROLS-2026-D+CONTROLS-2026-R,"CONTROLS-2026-D, CONTROLS-2026-R, SENATEME-26-D","KXNBA-27-MIN, SENATEME-26-D, KXINXY-26DEC31H1600-B6900"
match,68,False,0,0.06083553410286176,0.32867135539879333,-0.01153483079304276,0.06083553410286176,0.32867135539879333,-0.01153483079304276,1.0,0.0,,"KXGOVCA-26-XBEC, SENATEME-26-R, KXMLBAL-26-CWS","KXGOVCA-26-XBEC, SENATEME-26-R, KXMLBAL-26-CWS"
match,69,True,1,0.0014935888465940038,0.01959999999999998,0.001446411153405993,0.008523704896363806,0.08675825159577819,0.004490032843002921,0.2259151105455628,-0.007030116049769802,SENATEMI-26-D+SENATEMI-26-R,"KXOSCARPIC-27-AVEN, SENATEMI-26-D, SENATEMI-26-R","KXNBA-27-TOR, KXINXY-26DEC31H1600-B7300, KXOSCARPIC-27-AVEN"
match,70,True,3,0.01685722228303744,0.11308902052513779,0.00010613079573322873,0.027464778898550098,0.1912344505627588,0.0012203886858637228,0.5913632203420615,-0.010607556615512659,KXNBA-27-DET+KXNBA-27-HOU;KXNBA-27-DET+KXNBA-27-NYK;KXNBA-27-HOU+KXNBA-27-NYK,"KXNBA-27-DET, KXNBA-27-HOU, KXNBA-27-NYK","KXNBA-27-NYK, KXGOVCA-26-SHIL, KXRATECUTCOUNT-26DEC31-T0"
match,71,False,0,0.07826341969087802,0.429350126534227,-0.013860900710743973,0.07826341969087802,0.429350126534227,-0.013860900710743973,1.0,0.0,,"KXGOVCA-26-SHIL, SENATEME-26-D, SENATEOHS-26-R","KXGOVCA-26-SHIL, SENATEME-26-D, SENATEOHS-26-R"
match,72,True,1,0.006826878156665266,0.0475000000000001,0.00029812184333474854,0.013263985765523338,0.11112833656018838,0.003405264718504917,0.4274337353576201,-0.0064371076088580725,CONTROLS-2026-D+CONTROLS-2026-R,"KXATP-26USO-TIA, CONTROLS-2026-D, CONTROLS-2026-R","KXMLB-26-CWS, KXNBA-27-TOR, KXATP-26USO-TIA"
match,73,True,1,0.0032620715979054804,0.02910000000000007,0.00110292840209453,0.01079801027549349,0.09588464006030356,0.0035846857335520444,0.30348969325742436,-0.007535938677588009,SENATEME-26-D+SENATEME-26-R,"KXBALLONDOR-26-KKVA, SENATEME-26-D, SENATEME-26-R","KXBALLONDOR-26-KKVA, KXINXY-26DEC31H1600-B8900, KXOSCARPIC-27-DIG"
match,74,True,1,0.0022171957101773387,0.019599999999999895,0.0007228042898226456,0.005417615865213738,0.05816752894443257,0.0033075134764511474,0.3369577555670926,-0.0032004201550363993,CONTROLH-2026-D+CONTROLH-2026-R,"KXFEDDECISION-26SEP-H26, CONTROLH-2026-D, CONTROLH-2026-R","KXFEDDECISION-26SEP-H26, KXNBA-27-HOU, KXNFLNFCCHAMP-27-ATL"
match,75,True,1,0.008866005797823352,0.04749999999999988,-0.0017410057978233702,0.013057523526839223,0.08202606594384079,-0.0007536136352631045,0.5790842149192038,-0.004191517729015871,CONTROLS-2026-D+CONTROLS-2026-R,"CONTROLS-2026-D, CONTROLS-2026-R, KXF1-26-GR","KXNBA-27-ORL, KXF1-26-GR, KXOSCARPIC-27-SOC"
match,76,True,1,0.018536479470925682,0.12039999999999998,-0.00047647947092568574,0.025471899141740997,0.1715407504197221,0.00025921342121731916,0.70187404278813,-0.006935419670815315,SENATEMI-26-D+SENATEMI-26-R,"KXBALLONDOR-26-LYAM, SENATEMI-26-D, SENATEMI-26-R","KXBALLONDOR-26-LYAM, KXMLBAL-26-TEX, KXOSCARPIC-27-PRO"
match,77,True,1,0.01184851040884203,0.08025600000000012,0.00018988959115798752,0.020858863354727697,0.148896183856082,0.0014755642236846007,0.5390064266359764,-0.009010352945885668,KXGOVCA-26-SHIL+KXGOVCA-26-XBEC,"KXGOVCA-26-SHIL, KXGOVCA-26-XBEC, KXRATECUTCOUNT-26DEC31-T0","KXFEDDECISION-26SEP-H26, KXMLB-26-CHC, KXRATECUTCOUNT-26DEC31-T0"
match,78,True,1,0.015012401053481075,0.08189999999999989,-0.002727401053481092,0.027193151253071736,0.1720941290007091,-0.0013790319029653685,0.4759023476022382,-0.01218075019959066,SENATEMI-26-D+SENATEMI-26-R,"KXRATECUTCOUNT-26DEC31-T1, SENATEMI-26-D, SENATEMI-26-R","KXNBA-27-BOS, KXATP-26USO-TIA, KXRATECUTCOUNT-26DEC31-T1"
match,79,True,1,0.0019437796786469855,0.019600000000000076,0.0009962203213530257,0.005447333856927319,0.05750368597006628,0.0031782190385826227,0.3408477155743184,-0.003503554178280334,SENATEME-26-D+SENATEME-26-R,"SENATEME-26-D, SENATEME-26-R, KXWNBA-26-WSH","KXNFLAFCCHAMP-27-TEN, KXOSCARPIC-27-PRO, KXWNBA-26-WSH"
match,80,True,1,0.011521568032670439,0.08190000000000021,0.0007634319673295916,0.015640864213655934,0.11787405004481569,0.002040243293066419,0.6948094170757843,-0.004119296180985495,KXGOVCA-26-SHIL+KXGOVCA-26-XBEC,"KXGOVCA-26-SHIL, KXGOVCA-26-XBEC, KXATP-26USO-SHE","KXATP-26USO-SHE, KXMLBAL-26-SEA, KXOSCARPIC-27-AVEN"
match,81,True,1,0.004371674517653197,0.029100000000000133,-6.674517653177184e-06,0.007709024074093056,0.06835341752926444,0.0025439885552966095,0.4257285305089746,-0.0033373495564398593,KXGOVCA-26-SHIL+KXGOVCA-26-XBEC,"KXNBA-27-DET, KXGOVCA-26-SHIL, KXGOVCA-26-XBEC","KXNBA-27-DET, KXATP-26USO-MUS, KXNFLNFCCHAMP-27-NO"
match,82,True,1,0.0028116538605765483,0.019600000000000194,0.00012834613942348068,0.012994194021994001,0.09652242708829109,0.0014841700412496616,0.20306161574316467,-0.010182540161417453,KXGOVCA-26-SHIL+KXGOVCA-26-XBEC,"KXGOVCA-26-SHIL, KXGOVCA-26-XBEC, KXINXY-26DEC31H1600-B6300","KXMLB-26-HOU, KXF1-26-GR, KXINXY-26DEC31H1600-B6300"
match,83,True,1,0.0020706685004893213,0.01959999999999988,0.0008693314995106608,0.035239989404656565,0.24803872747986055,0.0019658197173225145,0.07901991837783194,-0.03316932090416724,CONTROLH-2026-D+CONTROLH-2026-R,"CONTROLH-2026-D, CONTROLH-2026-R, KXNBA-27-IND","KXNBA-27-IND, KXGOVCA-26-XBEC, SENATEME-26-R"
match,84,True,1,0.008334233882576661,0.04749999999999988,-0.001209233882576679,0.01533301434094237,0.09775943640685117,-0.0006690988799146966,0.48588659822379043,-0.0069987804583657096,CONTROLH-2026-D+CONTROLH-2026-R,"CONTROLH-2026-D, CONTROLH-2026-R, KXF1-26-GR","KXF1-26-GR, KXMLBAL-26-TEX, KXBTCMAXY-26DEC31-199999.99"
match,85,True,1,0.003425382025651111,0.029099999999999876,0.00093961797434887,0.008215502775113348,0.07785046055706896,0.003462066308446995,0.3737935497333104,-0.004790120749462237,SENATEMI-26-D+SENATEMI-26-R,"KXF1-26-LN, SENATEMI-26-D, SENATEMI-26-R","KXNBA-27-TOR, KXF1-26-LN, KXINXY-26DEC31H1600-T9000"
match,86,True,1,0.0019256124909113673,0.01960000000000029,0.0010143875090886764,0.021319369056307054,0.15736493776893773,0.002285371609033606,0.1245512518727608,-0.019393756565395687,KXGOVCA-26-SHIL+KXGOVCA-26-XBEC,"KXNBA-27-TOR, KXGOVCA-26-SHIL, KXGOVCA-26-XBEC","KXNBA-27-TOR, KXF1-26-GR, KXWNBA-26-IND"
match,87,False,0,0.06511703522347638,0.3609726563327227,-0.01097113677356798,0.06511703522347638,0.3609726563327227,-0.01097113677356798,1.0,0.0,,"KXGOVCA-26-SHIL, CONTROLS-2026-D, KXBALLONDOR-26-KMBA","KXGOVCA-26-SHIL, CONTROLS-2026-D, KXBALLONDOR-26-KMBA"
match,88,True,1,0.012556175187576207,0.08189999999999988,-0.0002711751875762256,0.03322814288756448,0.2289113830520138,0.0011085645702375857,0.35778037294628706,-0.020671967699988275,CONTROLH-2026-D+CONTROLH-2026-R,"CONTROLH-2026-D, CONTROLH-2026-R, KXATP-26USO-SHE","KXMLB-26-TB, KXATP-26USO-SHE, KXNFLNFCCHAMP-27-SF"
match,89,True,1,0.012748065388507354,0.08189999999999992,-0.00046306538850736725,0.016646548202313007,0.11791919354910216,0.0010413308300523151,0.6945434202439346,-0.003898482813805653,CONTROLS-2026-D+CONTROLS-2026-R,"KXATP-26USO-SHE, CONTROLS-2026-D, CONTROLS-2026-R","KXNBA-27-ORL, KXATP-26USO-SHE, KXINXY-26DEC31H1600-B6700"
match,90,True,1,0.002473447538904841,0.01959999999999988,0.0004665524610951411,0.005398086530184264,0.05915122417428451,0.0034745970959584125,0.3313540890083694,-0.0029246389912794234,CONTROLH-2026-D+CONTROLH-2026-R,"CONTROLH-2026-D, CONTROLH-2026-R, KXNBA-27-IND","KXNBA-27-IND, KXNFLNFCCHAMP-27-NO, KXBTCMAXY-26DEC31-199999.99"
match,91,True,1,0.004321570500803305,0.029099999999999775,4.342949919666078e-05,0.012663592898930803,0.0950905678880329,0.0015999922842741317,0.30602404261865807,-0.008342022398127497,CONTROLH-2026-D+CONTROLH-2026-R,"CONTROLH-2026-D, CONTROLH-2026-R, KXF1-26-LN","KXF1-26-LN, KXNFLAFCCHAMP-27-TEN, KXOSCARPIC-27-DIG"
match,92,True,1,0.0020924977006659858,0.019599999999999885,0.0008475022993339968,0.005624140492618085,0.05850308780578946,0.003151322678250334,0.3350250514137866,-0.003531642791952099,CONTROLH-2026-D+CONTROLH-2026-R,"CONTROLH-2026-D, CONTROLH-2026-R, KXNBA-27-HOU","KXNBA-27-HOU, KXATP-26USO-MUS, KXINXY-26DEC31H1600-B8900"
match,93,True,1,0.0018415607566354998,0.019600000000000107,0.0010984392433645161,0.005483947267893738,0.05795335797942602,0.003209056429020165,0.3382030081321308,-0.003642386511258238,KXGOVCA-26-SHIL+KXGOVCA-26-XBEC,"KXGOVCA-26-SHIL, KXGOVCA-26-XBEC, KXINXY-26DEC31H1600-B8900","KXNBA-27-HOU, KXINXY-26DEC31H1600-B8900, KXWNBA-26-WSH"
match,94,True,1,0.003882381881867167,0.02910000000000007,0.00048261811813284355,0.007802410793525252,0.06839387540527508,0.0024566705172660106,0.425476694039707,-0.003920028911658085,SENATEME-26-D+SENATEME-26-R,"KXBALLONDOR-26-KKVA, SENATEME-26-D, SENATEME-26-R","KXNBA-27-CLE, KXBALLONDOR-26-KKVA, KXOSCARPIC-27-PRO"
match,95,True,3,0.03010425316882423,0.20799639233776657,0.0010952056818407524,0.007601059436301159,0.07737861919222344,0.004005733442532357,2.688034427456806,0.02250319373252307,KXMLB-26-ATL+KXMLB-26-MIL;KXMLB-26-ATL+KXMLB-26-TB;KXMLB-26-MIL+KXMLB-26-TB,"KXMLB-26-ATL, KXMLB-26-MIL, KXMLB-26-TB","KXMLBAL-26-SEA, KXTAKEOVERACQWB-27JUN30-NFLX, KXWNBA-26-WSH"
match,96,False,0,0.04176430572564487,0.2749934051346254,-0.000515294955451065,0.04176430572564487,0.2749934051346254,-0.000515294955451065,1.0,0.0,,"CONTROLH-2026-R, KXNBA-27-MIN, KXBALLONDOR-26-LYAM","CONTROLH-2026-R, KXNBA-27-MIN, KXBALLONDOR-26-LYAM"
match,97,True,1,0.008752617695023349,0.0402359999999999,-0.0027172176950233645,0.018303817609826238,0.10611875574187504,-0.002386004248544984,0.3791601184796266,-0.00955119991480289,CONTROLH-2026-D+CONTROLH-2026-R,"CONTROLH-2026-D, CONTROLH-2026-R, KXGOVCA-26-SHIL","KXGOVCA-26-SHIL, KXMLBAL-26-TEX, KXNFLAFCCHAMP-27-PIT"
match,98,True,1,0.004434701590198105,0.02909999999999979,-6.970159019813703e-05,0.008292140186502626,0.06871691513366318,0.0020153970835468504,0.423476518749373,-0.003857438596304521,CONTROLH-2026-D+CONTROLH-2026-R,"CONTROLH-2026-D, CONTROLH-2026-R, KXINXY-26DEC31H1600-B6900","KXNFLNFCCHAMP-27-ATL, KXINXY-26DEC31H1600-B6900, KXWNBA-26-WSH"
match,99,True,1,0.04032858210665835,0.2490999999999999,-0.002963582106658369,0.052706698856541334,0.3415048742924019,-0.0014809677126810528,0.7294185786253713,-0.012378116749882984,SENATEMI-26-D+SENATEMI-26-R,"CONTROLS-2026-D, SENATEMI-26-D, SENATEMI-26-R","KXGOVCA-26-SHIL, CONTROLS-2026-D, KXNFLNFCCHAMP-27-CHI"
