mode,seed,violation,n_violated_pairs,edge0,var0,obj0,edge1,var1,obj1,var_ratio,edge_diff,violated,portfolio0,portfolio1
none,frozen,True,1,0.11627445409108629,0.12040715566740794,-0.05607087625738232,0.11480116224114428,0.21718806293154724,-0.006207130775370662,0.5543912222531197,0.0014732918499420072,KXRATECUTCOUNT-26DEC31-T0+KXRATECUTCOUNT-26DEC31-T1,"KXVENEZUELALEADER-26DEC31-NMAD, KXRATECUTCOUNT-26DEC31-T0, KXRATECUTCOUNT-26DEC31-T1","KXFEDDECISION-26SEP-H26, KXVENEZUELALEADER-26DEC31-NMAD, KXRATECUTCOUNT-26DEC31-T0"
none,0,True,1,0.10680727391030131,0.040207858848257505,-0.08670334448617256,0.026383103446479303,0.07799426702612772,0.012614030066584556,0.5155232606364267,0.08042417046382201,SENATEOHS-26-D+SENATEOHS-26-R,"KXGOVCA-26-XBEC, SENATEOHS-26-D, SENATEOHS-26-R","KXGOVCA-26-XBEC, KXNFLNFCCHAMP-27-ATL, KXWTA-26USO-SWI"
none,1,True,1,0.1321648525946264,0.1131039855882958,-0.0756128598004785,0.1315985545763687,0.21029283925279618,-0.026452134949970618,0.5378404038395801,0.0005662980182576938,KXRATECUTCOUNT-26DEC31-T0+KXRATECUTCOUNT-26DEC31-T1,"KXF1-26-KA, KXRATECUTCOUNT-26DEC31-T0, KXRATECUTCOUNT-26DEC31-T1","KXFEDDECISION-26SEP-H26, KXF1-26-KA, KXRATECUTCOUNT-26DEC31-T0"
none,2,True,1,0.03896223962996882,0.01959799925593351,-0.02916324000200207,0.004888863860633173,0.0577241322127144,0.023973202245724027,0.3395113708026749,0.034073375769335654,SENATETX-26-D+SENATETX-26-R,"SENATETX-26-D, SENATETX-26-R, KXNASCARCUPSERIES-NCS26-BWAL","KXNFLAFCCHAMP-27-TEN, KXWNBA-26-WSH, KXNASCARCUPSERIES-NCS26-BWAL"
none,3,True,1,0.14926144167869954,0.11309999999999978,-0.09271144167869964,0.07878347815604811,0.14424950236525289,-0.006658726973421666,0.7840581641219134,0.07047796352265143,SENATEMI-26-D+SENATEMI-26-R,"KXF1-26-KA, SENATEMI-26-D, SENATEMI-26-R","KXNFLNFCCHAMP-27-ATL, KXF1-26-KA, KXWNBA-26-WSH"
none,4,True,1,0.168095616224338,0.08025143696966938,-0.1279698977395033,0.234738130303354,0.3308948719753582,-0.06929069431567489,0.2425285000356419,-0.066642514079016,SENATETX-26-D+SENATETX-26-R,"SENATETX-26-D, SENATETX-26-R, KXRATECUTCOUNT-26DEC31-T0","CONTROLH-2026-D, KXVENEZUELALEADER-26DEC31-NMAD, KXRATECUTCOUNT-26DEC31-T0"
none,5,True,1,0.06563564712281184,0.04023600000000027,-0.0455176471228117,0.01857989863673734,0.0788444707117143,0.02084233671911981,0.5103211377639728,0.047055748486074495,SENATEME-26-D+SENATEME-26-R,"KXGOVCA-26-XBEC, SENATEME-26-D, SENATEME-26-R","KXNBA-27-CLE, KXGOVCA-26-XBEC, KXINXY-26DEC31H1600-B6700"
none,6,True,1,0.09374561990315564,0.04023599999999988,-0.0736276199031557,0.10008995890079705,0.1693322858332177,-0.01542381598418821,0.23761564312448938,-0.006344338997641419,CONTROLH-2026-D+CONTROLH-2026-R,"CONTROLH-2026-D, CONTROLH-2026-R, KXGOVCA-26-XBEC","CONTROLH-2026-D, KXGOVCA-26-XBEC, KXNASCARCUPSERIES-NCS26-BWAL"
none,7,True,1,0.1383423926729886,0.08025599999999991,-0.09821439267298863,0.09887959127555077,0.13788633875550102,-0.029936421897800256,0.5820446080761432,0.039462801397437824,SENATEMI-26-D+SENATEMI-26-R,"KXRATECUTCOUNT-26DEC31-T0, SENATEMI-26-D, SENATEMI-26-R","KXGOVCA-26-XBEC, KXOSCARPIC-27-BEH, KXRATECUTCOUNT-26DEC31-T0"
none,8,True,1,0.16188562044687388,0.1130999999999999,-0.10533562044687393,0.14929109668710377,0.2521291497360243,-0.023226521819091628,0.44857962722047023,0.012594523759770104,CONTROLH-2026-D+CONTROLH-2026-R,"CONTROLH-2026-D, CONTROLH-2026-R, KXF1-26-KA","CONTROLH-2026-D, KXF1-26-KA, KXWNBA-26-WSH"
none,9,True,1,0.16156793679637427,0.12459126801331195,-0.0992723027897183,0.1773865104515675,0.3018098848623177,-0.026481568020408658,0.4128137422342847,-0.015818573655193235,KXFEDDECISION-26SEP-H0+KXFEDDECISION-26SEP-H25,"KXFEDDECISION-26SEP-H0, KXFEDDECISION-26SEP-H25, KXF1-26-KA","KXGOVCA-26-XBEC, KXF1-26-KA, KXTAKEOVERACQWB-27JUN30-PSKY"
none,10,True,3,0.07247323325310562,0.03015850947891248,-0.05739397851364938,0.07516976994652907,0.16017536363827808,0.004917911872609967,0.18828432034666107,-0.002696536693423457,KXVENEZUELALEADER-26DEC31-DROD+KXVENEZUELALEADER-26DEC31-JROD;KXVENEZUELALEADER-26DEC31-DROD+KXVENEZUELALEADER-26DEC31-NMAD;KXVENEZUELALEADER-26DEC31-JROD+KXVENEZUELALEADER-26DEC31-NMAD,"KXVENEZUELALEADER-26DEC31-DROD, KXVENEZUELALEADER-26DEC31-JROD, KXVENEZUELALEADER-26DEC31-NMAD","KXINXY-26DEC31H1600-B8900, KXVENEZUELALEADER-26DEC31-NMAD, KXOSCARPIC-27-PRO"
none,11,True,1,0.11185062507743959,0.04023600000000002,-0.09173262507743958,0.10433000161556234,0.17801345033059693,-0.015323276450263879,0.22602786432865551,0.007520623461877249,SENATEMI-26-D+SENATEMI-26-R,"KXGOVCA-26-XBEC, SENATEMI-26-D, SENATEMI-26-R","KXNBA-27-ORL, KXGOVCA-26-XBEC, KXVENEZUELALEADER-26DEC31-NMAD"
none,12,True,1,0.09621098994574973,0.04020501759601747,-0.07610848114774099,0.035678783165424735,0.07861258267075347,0.0036275081699519984,0.5114323461983789,0.06053220678032499,SENATETX-26-D+SENATETX-26-R,"KXGOVCA-26-XBEC, SENATETX-26-D, SENATETX-26-R","KXFEDDECISION-26SEP-H26, KXNBA-27-HOU, KXGOVCA-26-XBEC"
none,13,True,1,0.11185159706272663,0.040236000000000105,-0.09173359706272657,0.08114916362835346,0.1693322858332177,0.0035169792882553813,0.23761564312449068,0.030702433434373164,CONTROLS-2026-D+CONTROLS-2026-R,"KXGOVCA-26-XBEC, CONTROLS-2026-D, CONTROLS-2026-R","CONTROLH-2026-D, KXGOVCA-26-XBEC, KXNASCARCUPSERIES-NCS26-BWAL"
none,14,True,1,0.153901515929673,0.12039999999999998,-0.093701515929673,0.11054224825194309,0.1780818575821972,-0.021501319460844492,0.6760935764858977,0.04335926767772991,SENATEMI-26-D+SENATEMI-26-R,"KXVENEZUELALEADER-26DEC31-NMAD, SENATEMI-26-D, SENATEMI-26-R","KXNBA-27-HOU, KXGOVCA-26-XBEC, KXVENEZUELALEADER-26DEC31-NMAD"
none,15,True,1,0.12112598975867911,0.04023600000000002,-0.1010079897586791,0.12002819095265682,0.22960798391737697,-0.0052241989939683375,0.1752378088667801,0.0010977988060222876,SENATEMI-26-D+SENATEMI-26-R,"KXGOVCA-26-XBEC, SENATEMI-26-D, SENATEMI-26-R","CONTROLH-2026-D, KXGOVCA-26-XBEC, KXRATECUTCOUNT-26DEC31-T0"
none,16,True,1,0.10168768564426284,0.11309900627968009,-0.045138182504422794,0.05504780914363124,0.15458642859846952,0.02224540515560352,0.7316231269786888,0.046639876500631595,SENATETX-26-D+SENATETX-26-R,"SENATETX-26-D, SENATETX-26-R, KXF1-26-KA","KXNBA-27-TOR, KXF1-26-KA, KXNFLAFCCHAMP-27-PIT"
none,17,True,1,0.09740925381011191,0.01960059721324936,-0.08760895520348723,0.005332867822847202,0.0585988701193108,0.0239665672368082,0.3344876304498939,0.09207638598726471,SENATETX-26-D+SENATETX-26-R,"KXNBA-27-TOR, SENATETX-26-D, SENATETX-26-R","KXNBA-27-TOR, KXNFLNFCCHAMP-27-NO, KXOSCARPIC-27-AVEN"
none,18,True,1,0.14895108128601597,0.08025143696966938,-0.10882536280118128,0.12525572161138177,0.21029283925279618,-0.020109301984983674,0.3816175446335475,0.02369535967463421,SENATETX-26-D+SENATETX-26-R,"SENATETX-26-D, SENATETX-26-R, KXRATECUTCOUNT-26DEC31-T0","KXFEDDECISION-26SEP-H26, KXF1-26-KA, KXRATECUTCOUNT-26DEC31-T0"
none,19,True,1,0.06070233354063152,0.019599978294814524,-0.05090234439322426,0.004434892442216735,0.05878370674919982,0.024956960932383174,0.33342535506373666,0.05626744109841479,SENATEOHS-26-D+SENATEOHS-26-R,"KXNBA-27-IND, SENATEOHS-26-D, SENATEOHS-26-R","KXNBA-27-IND, KXINXY-26DEC31H1600-B8900, KXOSCARPIC-27-AVEN"
none,20,True,1,0.1468907579335903,0.1204000000000003,-0.08669075793359016,0.12684200536056944,0.2205536719364925,-0.016565169392323192,0.5458988687101477,0.020048752573020856,CONTROLS-2026-D+CONTROLS-2026-R,"CONTROLS-2026-D, CONTROLS-2026-R, KXVENEZUELALEADER-26DEC31-NMAD","KXVENEZUELALEADER-26DEC31-NMAD, KXOSCARPIC-27-AVEN, KXRATECUTCOUNT-26DEC31-T0"
none,21,True,1,0.09787724149778632,0.04020501759601747,-0.07777473269977758,0.07229560732669808,0.13788633875550102,-0.003352437948947573,0.291580862606764,0.025581634171088233,SENATETX-26-D+SENATETX-26-R,"KXGOVCA-26-XBEC, SENATETX-26-D, SENATETX-26-R","KXGOVCA-26-XBEC, KXOSCARPIC-27-BEH, KXRATECUTCOUNT-26DEC31-T0"
none,22,True,1,0.1412944307113424,0.11310000000000009,-0.08474443071134236,0.18726110238645144,0.3018098848623177,-0.036356159955292594,0.3747392172115073,-0.04596667167510904,SENATEME-26-D+SENATEME-26-R,"KXF1-26-KA, SENATEME-26-D, SENATEME-26-R","KXGOVCA-26-XBEC, KXF1-26-KA, KXTAKEOVERACQWB-27JUN30-PSKY"
none,23,True,1,0.02040976252033683,0.01959799925593351,-0.010610762892370076,0.005065020629941696,0.058227021031312304,0.024048489885714456,0.33657911582655825,0.015344741890395135,SENATETX-26-D+SENATETX-26-R,"SENATETX-26-D, SENATETX-26-R, KXNASCARCUPSERIES-NCS26-BWAL","KXNBA-27-CLE, KXWNBA-26-WSH, KXNASCARCUPSERIES-NCS26-BWAL"
none,24,True,1,0.12282055254476387,0.08025599999999977,-0.08269255254476399,0.11873193806608445,0.21551715703217506,-0.010973359549996925,0.3723879857417485,0.00408861447867942,CONTROLH-2026-D+CONTROLH-2026-R,"CONTROLH-2026-D, CONTROLH-2026-R, KXRATECUTCOUNT-26DEC31-T0","CONTROLH-2026-D, KXVENEZUELALEADER-26DEC31-DFIG, KXRATECUTCOUNT-26DEC31-T0"
none,25,True,1,0.06737957467031326,0.019599999999999878,-0.05757957467031332,0.13421550114299866,0.2893984276065535,0.010483712660278088,0.06772669831726491,-0.0668359264726854,CONTROLH-2026-D+CONTROLH-2026-R,"CONTROLH-2026-D, CONTROLH-2026-R, KXBTCMAXY-26DEC31-199999.99","CONTROLH-2026-D, KXTAKEOVERACQWB-27JUN30-PSKY, KXVENEZUELALEADER-26DEC31-DFIG"
none,26,True,1,0.16952708967612373,0.0802534383315362,-0.12940037051035563,0.11160220620003732,0.13788633875550102,-0.042659036822286805,0.5820260299596537,0.05792488347608642,SENATEOHS-26-D+SENATEOHS-26-R,"KXRATECUTCOUNT-26DEC31-T0, SENATEOHS-26-D, SENATEOHS-26-R","KXGOVCA-26-XBEC, KXOSCARPIC-27-BEH, KXRATECUTCOUNT-26DEC31-T0"
none,27,True,1,0.09372087535367635,0.01960071497633883,-0.08392051786550693,0.0055237944401339105,0.05657830566123999,0.022765358390486084,0.3464351706411502,0.08819708091354243,SENATETX-26-D+SENATETX-26-R,"SENATETX-26-D, SENATETX-26-R, KXALIENS-26NOV","KXWNBA-26-WSH, KXWTA-26USO-SWI, KXALIENS-26NOV"
none,28,True,1,0.04270637813198659,0.01959999999999989,-0.032906378131986644,0.004987292126847464,0.05874457566826857,0.024384995707286822,0.33364782666371373,0.037719086005139124,CONTROLH-2026-D+CONTROLH-2026-R,"CONTROLH-2026-D, CONTROLH-2026-R, KXATP-26USO-MUS","KXNBA-27-IND, KXATP-26USO-MUS, KXNFLNFCCHAMP-27-NO"
none,29,True,1,0.08675572980114013,0.04023599999999988,-0.06663772980114019,0.09355951512144753,0.1660634706802468,-0.010527779781324131,0.24229290063119188,-0.006803785320307398,CONTROLH-2026-D+CONTROLH-2026-R,"CONTROLH-2026-D, CONTROLH-2026-R, KXGOVCA-26-XBEC","CONTROLH-2026-D, KXGOVCA-26-XBEC, KXVENEZUELALEADER-26DEC31-DFIG"
none,30,True,1,0.10393096959778736,0.04020501759601747,-0.08382846079977863,0.09751257571303139,0.17831187753065428,-0.008356636947704249,0.22547582445317288,0.006418393884755971,SENATETX-26-D+SENATETX-26-R,"KXGOVCA-26-XBEC, SENATETX-26-D, SENATETX-26-R","KXNBA-27-IND, KXGOVCA-26-XBEC, KXVENEZUELALEADER-26DEC31-NMAD"
none,31,True,1,0.0788720505543459,0.019600000000000097,-0.06907205055434586,0.004114350861091486,0.057069315593365984,0.024420306935591506,0.34344200199727815,0.07475769969325441,CONTROLS-2026-D+CONTROLS-2026-R,"CONTROLS-2026-D, CONTROLS-2026-R, KXOSCARPIC-27-BEH","KXNFLAFCCHAMP-27-TEN, KXOSCARPIC-27-BEH, KXWNBA-26-WSH"
none,32,True,1,0.13737247485839466,0.1538999999999998,-0.06042247485839476,0.1952662978567261,0.3855295827891856,-0.0025015064621333183,0.3991911564518125,-0.05789382299833146,CONTROLH-2026-D+CONTROLH-2026-R,"CONTROLH-2026-D, CONTROLH-2026-R, KXTAKEOVERACQWB-27JUN30-PSKY","CONTROLH-2026-D, KXF1-26-KA, KXTAKEOVERACQWB-27JUN30-PSKY"
none,33,True,1,0.101222858015043,0.0802534383315362,-0.061096138849274895,0.049943039825155654,0.11684028058475592,0.008477100467222304,0.6868644779855725,0.05127981818988734,SENATEOHS-26-D+SENATEOHS-26-R,"KXRATECUTCOUNT-26DEC31-T0, SENATEOHS-26-D, SENATEOHS-26-R","KXINXY-26DEC31H1600-B6700, KXOSCARPIC-27-SOC, KXRATECUTCOUNT-26DEC31-T0"
none,34,True,3,0.045489079132429874,0.0010946459619916235,-0.04494175615143406,0.00512817375862536,0.058066765787100905,0.023905209134925092,0.018851505627247987,0.04036090537380452,KXFEDDECISION-26SEP-H0+KXFEDDECISION-26SEP-H25;KXFEDDECISION-26SEP-H0+KXFEDDECISION-26SEP-H26;KXFEDDECISION-26SEP-H25+KXFEDDECISION-26SEP-H26,"KXFEDDECISION-26SEP-H0, KXFEDDECISION-26SEP-H25, KXFEDDECISION-26SEP-H26","KXNBA-27-HOU, KXNFLNFCCHAMP-27-ATL, KXALIENS-26NOV"
none,35,True,1,0.10127203411774705,0.04020501759601747,-0.08116952531973831,0.14373306263272234,0.26687875380775,-0.01029368572884734,0.15064900080048987,-0.042461028514975296,SENATETX-26-D+SENATETX-26-R,"KXGOVCA-26-XBEC, SENATETX-26-D, SENATETX-26-R","KXGOVCA-26-XBEC, KXTAKEOVERACQWB-27JUN30-PSKY, KXRATECUTCOUNT-26DEC31-T0"
none,36,True,1,0.11989464894237983,0.08025599999999977,-0.07976664894237995,0.2019553876949567,0.35105579630542944,-0.026427489542241972,0.22861323141400167,-0.08206073875257686,CONTROLH-2026-D+CONTROLH-2026-R,"CONTROLH-2026-D, CONTROLH-2026-R, KXRATECUTCOUNT-26DEC31-T0","KXTAKEOVERACQWB-27JUN30-PSKY, KXVENEZUELALEADER-26DEC31-NMAD, KXRATECUTCOUNT-26DEC31-T0"
none,37,True,1,0.14452836868769708,0.1130999999999999,-0.08797836868769714,0.1776054234585649,0.2599369650218649,-0.047636940947632433,0.4351054879419953,-0.03307705477086781,CONTROLH-2026-D+CONTROLH-2026-R,"CONTROLH-2026-D, CONTROLH-2026-R, KXF1-26-KA","CONTROLH-2026-D, KXGOVCA-26-XBEC, KXF1-26-KA"
none,38,True,1,0.12346906774742678,0.08025599999999998,-0.08334106774742678,0.05773814268216383,0.11731689924591662,0.0009203069407944797,0.6840958166799946,0.06573092506526294,SENATEME-26-D+SENATEME-26-R,"SENATEME-26-D, SENATEME-26-R, KXRATECUTCOUNT-26DEC31-T0","KXNFLNFCCHAMP-27-NO, KXOSCARPIC-27-BEH, KXRATECUTCOUNT-26DEC31-T0"
none,39,True,1,0.10800151143196074,0.15390000000000012,-0.03105151143196068,0.10954587493829508,0.20782893639244968,-0.005631406742070244,0.7405128596211746,-0.0015443635063343425,KXGOVCA-26-SHIL+KXGOVCA-26-XBEC,"KXGOVCA-26-SHIL, KXGOVCA-26-XBEC, KXTAKEOVERACQWB-27JUN30-PSKY","KXGOVCA-26-XBEC, KXTAKEOVERACQWB-27JUN30-PSKY, KXNASCARCUPSERIES-NCS26-BWAL"
none,40,True,3,0.04593339243148076,0.047498660814540905,-0.022184062024210305,0.005216347059167303,0.0587825330766655,0.024174919479165446,0.8080403876537965,0.04071704537231345,KXF1-26-GR+KXF1-26-KA;KXF1-26-GR+KXF1-26-LN;KXF1-26-KA+KXF1-26-LN,"KXF1-26-GR, KXF1-26-KA, KXF1-26-LN","KXNBA-27-TOR, KXOSCARPIC-27-AVEN, KXBTCMAXY-26DEC31-199999.99"
none,41,True,1,0.03954555438325677,0.01959999999999998,-0.02974555438325678,0.0037067572683502532,0.058299549681468985,0.02544301757238424,0.3361947065987374,0.03583879711490652,SENATEMI-26-D+SENATEMI-26-R,"KXNBA-27-ORL, SENATEMI-26-D, SENATEMI-26-R","KXFEDDECISION-26SEP-H26, KXNBA-27-ORL, KXINXY-26DEC31H1600-B8900"
none,42,True,1,0.09984370338707532,0.09008598168351221,-0.054800712545319215,0.10997601122196675,0.17796628150461866,-0.02099287046965742,0.5061969094475588,-0.010132307834891427,KXVENEZUELALEADER-26DEC31-DROD+KXVENEZUELALEADER-26DEC31-NMAD,"KXGOVCA-26-XBEC, KXVENEZUELALEADER-26DEC31-DROD, KXVENEZUELALEADER-26DEC31-NMAD","KXFEDDECISION-26SEP-H26, KXGOVCA-26-XBEC, KXVENEZUELALEADER-26DEC31-NMAD"
none,43,True,1,0.06949982267303922,0.04020501759601747,-0.04939731387503049,0.03581274548402144,0.0791494855708876,0.0037619973014223623,0.5079630942137858,0.03368707718901778,SENATETX-26-D+SENATETX-26-R,"KXGOVCA-26-XBEC, SENATETX-26-D, SENATETX-26-R","KXNBA-27-HOU, KXGOVCA-26-XBEC, KXBTCMAXY-26DEC31-199999.99"
none,44,True,1,0.07706704840425657,0.04023599999999988,-0.05694904840425663,0.09113427333502752,0.1660634706802468,-0.008102537994904124,0.24229290063119188,-0.01406722493077095,CONTROLH-2026-D+CONTROLH-2026-R,"CONTROLH-2026-D, CONTROLH-2026-R, KXGOVCA-26-XBEC","CONTROLH-2026-D, KXGOVCA-26-XBEC, KXVENEZUELALEADER-26DEC31-DFIG"
none,45,True,1,0.12794719458684276,0.08025599999999977,-0.08781919458684287,0.12859894152420404,0.21551715703217506,-0.020840363008116508,0.3723879857417485,-0.0006517469373612805,CONTROLH-2026-D+CONTROLH-2026-R,"CONTROLH-2026-D, CONTROLH-2026-R, KXRATECUTCOUNT-26DEC31-T0","CONTROLH-2026-D, KXVENEZUELALEADER-26DEC31-DFIG, KXRATECUTCOUNT-26DEC31-T0"
none,46,True,1,0.11754925658058385,0.08025599999999998,-0.07742125658058385,0.09724715246086274,0.1364633535030245,-0.029015475709350494,0.588113936377954,0.02030210411972111,SENATEME-26-D+SENATEME-26-R,"SENATEME-26-D, SENATEME-26-R, KXRATECUTCOUNT-26DEC31-T0","KXFEDDECISION-26SEP-H26, KXGOVCA-26-XBEC, KXRATECUTCOUNT-26DEC31-T0"
none,47,True,1,0.0497014152805893,0.040207858848257505,-0.029597485856460548,0.03534892820572533,0.07951596786966594,0.004409055729107644,0.5056576675789436,0.014352487074863973,SENATEOHS-26-D+SENATEOHS-26-R,"KXGOVCA-26-XBEC, SENATEOHS-26-D, SENATEOHS-26-R","KXFEDDECISION-26SEP-H26, KXGOVCA-26-XBEC, KXNFLNFCCHAMP-27-NO"
none,48,True,1,0.1626295396690537,0.08025599999999998,-0.1225015396690537,0.1009267191155899,0.1364633535030245,-0.03269504236407765,0.588113936377954,0.061702820553463794,SENATEME-26-D+SENATEME-26-R,"SENATEME-26-D, SENATEME-26-R, KXRATECUTCOUNT-26DEC31-T0","KXFEDDECISION-26SEP-H26, KXGOVCA-26-XBEC, KXRATECUTCOUNT-26DEC31-T0"
none,49,True,1,0.11358546715300566,0.040236000000000105,-0.0934674671530056,0.140015266565514,0.23904791170805118,-0.02049131071148841,0.16831772221938615,-0.026429799412508337,CONTROLS-2026-D+CONTROLS-2026-R,"KXGOVCA-26-XBEC, CONTROLS-2026-D, CONTROLS-2026-R","KXGOVCA-26-XBEC, KXVENEZUELALEADER-26DEC31-NMAD, KXRATECUTCOUNT-26DEC31-T0"
none,50,True,3,0.07769355567087166,0.013397404063044571,-0.07099485363934938,0.07575901299943881,0.14778877355335213,-0.001864626222762747,0.09065238002132871,0.0019345426714328512,KXBALANCEPOWERCOMBO-27FEB-DD+KXBALANCEPOWERCOMBO-27FEB-DR;KXBALANCEPOWERCOMBO-27FEB-DD+KXBALANCEPOWERCOMBO-27FEB-RR;KXBALANCEPOWERCOMBO-27FEB-DR+KXBALANCEPOWERCOMBO-27FEB-RR,"KXBALANCEPOWERCOMBO-27FEB-DD, KXBALANCEPOWERCOMBO-27FEB-DR, KXBALANCEPOWERCOMBO-27FEB-RR","KXF1-26-KA, KXWNBA-26-WSH, KXALIENS-26NOV"
none,51,True,1,0.17197197690960014,0.08025599999999998,-0.13184397690960015,0.11084637367962606,0.1364633535030245,-0.042614696928113815,0.588113936377954,0.06112560322997408,SENATEME-26-D+SENATEME-26-R,"SENATEME-26-D, SENATEME-26-R, KXRATECUTCOUNT-26DEC31-T0","KXFEDDECISION-26SEP-H26, KXGOVCA-26-XBEC, KXRATECUTCOUNT-26DEC31-T0"
none,52,True,1,0.1267303708192674,0.12040790897867854,-0.06652641632992815,0.05933762607082249,0.1596158471256226,0.02047029749198881,0.7543606173634739,0.06739274474844492,SENATEOHS-26-D+SENATEOHS-26-R,"KXVENEZUELALEADER-26DEC31-NMAD, SENATEOHS-26-D, SENATEOHS-26-R","KXNBA-27-HOU, KXINXY-26DEC31H1600-B6300, KXVENEZUELALEADER-26DEC31-NMAD"
none,53,True,1,0.09276757543367392,0.04023599999999988,-0.07264957543367398,0.0922425608801182,0.1691154599421661,-0.007684830909035156,0.23792029429928963,0.0005250145535557194,CONTROLH-2026-D+CONTROLH-2026-R,"CONTROLH-2026-D, CONTROLH-2026-R, KXGOVCA-26-XBEC","CONTROLH-2026-D, KXGOVCA-26-XBEC, KXNASCARCUPSERIES-NCS26-CELL"
none,54,True,1,0.1568478319196536,0.12550517093293478,-0.0940952464531862,0.14830986665846124,0.21853711724024633,-0.03904130803833808,0.5742968174827807,0.008537965261192354,KXVENEZUELALEADER-26DEC31-DROD+KXVENEZUELALEADER-26DEC31-NMAD,"KXVENEZUELALEADER-26DEC31-DROD, KXVENEZUELALEADER-26DEC31-NMAD, KXRATECUTCOUNT-26DEC31-T0","KXVENEZUELALEADER-26DEC31-NMAD, KXOSCARPIC-27-BEH, KXRATECUTCOUNT-26DEC31-T0"
none,55,True,1,0.05174051977849419,0.019629160059272205,-0.04192593974885809,0.0494169884083943,0.11658752629239377,0.008876774737802587,0.16836415252557616,0.002323531370099892,KXRATECUTCOUNT-26DEC31-T0+KXRATECUTCOUNT-26DEC31-T1,"KXOSCARPIC-27-BEH, KXRATECUTCOUNT-26DEC31-T0, KXRATECUTCOUNT-26DEC31-T1","KXINXY-26DEC31H1600-B6700, KXOSCARPIC-27-BEH, KXRATECUTCOUNT-26DEC31-T0"
none,56,True,1,0.14555342356185139,0.08025599999999977,-0.1054254235618515,0.2311972260914471,0.3152113327554672,-0.0735915597137135,0.2546101350431468,-0.08564380252959572,CONTROLH-2026-D+CONTROLH-2026-R,"CONTROLH-2026-D, CONTROLH-2026-R, KXRATECUTCOUNT-26DEC31-T0","CONTROLH-2026-D, KXF1-26-KA, KXRATECUTCOUNT-26DEC31-T0"
none,57,True,1,0.0971277690672736,0.040207858848257505,-0.07702383964314485,0.03533167618200357,0.07803665493763365,0.003686651286813253,0.5152432389675256,0.061796092885270035,SENATEOHS-26-D+SENATEOHS-26-R,"KXGOVCA-26-XBEC, SENATEOHS-26-D, SENATEOHS-26-R","KXGOVCA-26-XBEC, KXMLBAL-26-SEA, KXINXY-26DEC31H1600-B6700"
none,58,True,1,0.1315822498085234,0.08025143696966938,-0.09145653132368871,0.0758931398663279,0.11741478861731203,-0.017185745557671883,0.6834866196559914,0.0556891099421955,SENATETX-26-D+SENATETX-26-R,"SENATETX-26-D, SENATETX-26-R, KXRATECUTCOUNT-26DEC31-T0","KXATP-26USO-MUS, KXOSCARPIC-27-BEH, KXRATECUTCOUNT-26DEC31-T0"
none,59,True,1,0.12578311530026123,0.08025599999999977,-0.08565511530026135,0.16291469389900937,0.22960798391737697,-0.04811070194032088,0.34953488389532394,-0.03713157859874813,CONTROLH-2026-D+CONTROLH-2026-R,"CONTROLH-2026-D, CONTROLH-2026-R, KXRATECUTCOUNT-26DEC31-T0","CONTROLH-2026-D, KXGOVCA-26-XBEC, KXRATECUTCOUNT-26DEC31-T0"
none,60,True,1,0.03580752538638433,0.019600000000000093,-0.026007525386384282,0.00490146382252292,0.05892494725216396,0.02456100980355906,0.33262651752785916,0.030906061563861408,SENATEME-26-D+SENATEME-26-R,"SENATEME-26-D, SENATEME-26-R, KXOSCARPIC-27-SOC","KXNFLNFCCHAMP-27-NO, KXOSCARPIC-27-SOC, KXBTCMAXY-26DEC31-199999.99"
none,61,True,1,0.1319745326666858,0.09259806750172775,-0.08567549891582192,0.1440845189912267,0.22059356265694768,-0.033787737662752865,0.41976776831756446,-0.012109986324540911,KXFEDDECISION-26SEP-H0+KXFEDDECISION-26SEP-H25,"KXFEDDECISION-26SEP-H0, KXFEDDECISION-26SEP-H25, KXRATECUTCOUNT-26DEC31-T0","KXNBA-27-CLE, KXVENEZUELALEADER-26DEC31-NMAD, KXRATECUTCOUNT-26DEC31-T0"
none,62,True,1,0.0812221981349821,0.019604292913947496,-0.07142005167800836,0.00532978485106669,0.05886558765253933,0.024103008975202976,0.3330348629094474,0.07589241328391541,SENATETX-26-D+SENATETX-26-R,"SENATETX-26-D, SENATETX-26-R, KXNFLAFCCHAMP-27-TEN","KXNBA-27-TOR, KXATP-26USO-MUS, KXNFLAFCCHAMP-27-TEN"
none,63,True,3,0.06447571797652193,0.03015850947891248,-0.049396463237065695,0.07771112816916625,0.1597502362029684,0.00216398993231795,0.18878538270575707,-0.01323541019264432,KXVENEZUELALEADER-26DEC31-DROD+KXVENEZUELALEADER-26DEC31-JROD;KXVENEZUELALEADER-26DEC31-DROD+KXVENEZUELALEADER-26DEC31-NMAD;KXVENEZUELALEADER-26DEC31-JROD+KXVENEZUELALEADER-26DEC31-NMAD,"KXVENEZUELALEADER-26DEC31-DROD, KXVENEZUELALEADER-26DEC31-JROD, KXVENEZUELALEADER-26DEC31-NMAD","KXVENEZUELALEADER-26DEC31-NMAD, KXOSCARPIC-27-SOC, KXNASCARCUPSERIES-NCS26-BWAL"
none,64,True,1,0.06485924093854972,0.01959318137864971,-0.05506265024922487,0.06304137197081926,0.11721356818162215,-0.004434587880008181,0.16715796372899527,0.0018178689677304655,KXRATECUTCOUNT-26DEC31-T0+KXRATECUTCOUNT-26DEC31-T1,"KXINXY-26DEC31H1600-B8900, KXRATECUTCOUNT-26DEC31-T0, KXRATECUTCOUNT-26DEC31-T1","KXFEDDECISION-26SEP-H26, KXNBA-27-HOU, KXRATECUTCOUNT-26DEC31-T0"
none,65,True,1,0.14606706682016962,0.11309785119943688,-0.08951814122045118,0.08735537655103004,0.1490116680959427,-0.012849542503058684,0.7589865454470159,0.05871169026913958,SENATEOHS-26-D+SENATEOHS-26-R,"KXF1-26-KA, SENATEOHS-26-D, SENATEOHS-26-R","KXNFLNFCCHAMP-27-ATL, KXF1-26-KA, KXOSCARPIC-27-BEH"
none,66,True,1,0.06914513772001306,0.019603569493445487,-0.05934335297329031,0.0036445450401649433,0.058393853893338114,0.025552381906504114,0.3357128907650668,0.06550059267984812,SENATETX-26-D+SENATETX-26-R,"SENATETX-26-D, SENATETX-26-R, KXBTCMAXY-26DEC31-199999.99","KXNBA-27-TOR, KXWTA-26USO-SWI, KXBTCMAXY-26DEC31-199999.99"
none,67,True,1,0.09573830388882215,0.04020501759601747,-0.07563579509081342,0.09183629128783864,0.177871731312262,-0.0029004256317076427,0.22603376770103908,0.0039020126009835093,SENATETX-26-D+SENATETX-26-R,"KXGOVCA-26-XBEC, SENATETX-26-D, SENATETX-26-R","KXGOVCA-26-XBEC, KXMLBAL-26-SEA, KXVENEZUELALEADER-26DEC31-NMAD"
none,68,True,3,0.03616485519731669,0.0010946459619916235,-0.035617532216320885,0.0056343609509565545,0.05840127704965559,0.02356627757387124,0.01874352783520303,0.03053049424636014,KXFEDDECISION-26SEP-H0+KXFEDDECISION-26SEP-H25;KXFEDDECISION-26SEP-H0+KXFEDDECISION-26SEP-H26;KXFEDDECISION-26SEP-H25+KXFEDDECISION-26SEP-H26,"KXFEDDECISION-26SEP-H0, KXFEDDECISION-26SEP-H25, KXFEDDECISION-26SEP-H26","KXATP-26USO-MUS, KXNFLNFCCHAMP-27-ATL, KXINXY-26DEC31H1600-B6700"
none,69,True,1,0.05872778019527619,0.040207858848257505,-0.03862385077114744,0.03550107201739991,0.07865117808111408,0.0038245170231571285,0.5112175027663358,0.023226708177876282,SENATEOHS-26-D+SENATEOHS-26-R,"KXGOVCA-26-XBEC, SENATEOHS-26-D, SENATEOHS-26-R","KXGOVCA-26-XBEC, KXOSCARPIC-27-AVEN, KXNASCARCUPSERIES-NCS26-BWAL"
none,70,True,1,0.16184448039749935,0.08025599999999977,-0.12171648039749947,0.1524637835528676,0.2227957579765636,-0.04106590456458581,0.3602222983457436,0.009380696844631747,CONTROLH-2026-D+CONTROLH-2026-R,"CONTROLH-2026-D, CONTROLH-2026-R, KXRATECUTCOUNT-26DEC31-T0","KXFEDDECISION-26SEP-H26, CONTROLH-2026-D, KXRATECUTCOUNT-26DEC31-T0"
none,71,True,3,0.04737016116195268,0.03015850947891248,-0.03229090642249644,0.0048719825486804105,0.058386264706907394,0.024321149804773286,0.5165343189927437,0.04249817861327227,KXVENEZUELALEADER-26DEC31-DROD+KXVENEZUELALEADER-26DEC31-JROD;KXVENEZUELALEADER-26DEC31-DROD+KXVENEZUELALEADER-26DEC31-NMAD;KXVENEZUELALEADER-26DEC31-JROD+KXVENEZUELALEADER-26DEC31-NMAD,"KXVENEZUELALEADER-26DEC31-DROD, KXVENEZUELALEADER-26DEC31-JROD, KXVENEZUELALEADER-26DEC31-NMAD","KXNFLNFCCHAMP-27-NO, KXMLBAL-26-SEA, KXWNBA-26-WSH"
none,72,True,1,0.05833813875782938,0.019600000000000093,-0.048538138757829336,0.004384110298989843,0.05717493040916789,0.024203354905594103,0.342807588216273,0.05395402845883954,SENATEME-26-D+SENATEME-26-R,"SENATEME-26-D, SENATEME-26-R, KXOSCARPIC-27-SOC","KXNFLNFCCHAMP-27-ATL, KXOSCARPIC-27-SOC, KXWTA-26USO-SWI"
none,73,True,1,0.14907916500850887,0.15911691141651246,-0.06952070930025264,0.16942545673446763,0.27164150571337287,-0.033604703877781195,0.5857606737919033,-0.020346291725958754,KXVENEZUELALEADER-26DEC31-DROD+KXVENEZUELALEADER-26DEC31-NMAD,"KXF1-26-KA, KXVENEZUELALEADER-26DEC31-DROD, KXVENEZUELALEADER-26DEC31-NMAD","KXGOVCA-26-XBEC, KXF1-26-KA, KXVENEZUELALEADER-26DEC31-NMAD"
none,74,True,1,0.11104652535595655,0.15390000000000012,-0.03409652535595649,0.1126104553017774,0.20850088994133487,-0.008360010331109974,0.7381263458554177,-0.0015639299458208578,KXGOVCA-26-SHIL+KXGOVCA-26-XBEC,"KXGOVCA-26-SHIL, KXGOVCA-26-XBEC, KXTAKEOVERACQWB-27JUN30-PSKY","KXNBA-27-HOU, KXGOVCA-26-XBEC, KXTAKEOVERACQWB-27JUN30-PSKY"
none,75,True,1,0.1416846253152999,0.1204000000000003,-0.08148462531529976,0.06333812095480612,0.15960572197904146,0.01646474003471461,0.754358919637045,0.07834650436049378,CONTROLS-2026-D+CONTROLS-2026-R,"CONTROLS-2026-D, CONTROLS-2026-R, KXVENEZUELALEADER-26DEC31-NMAD","KXNBA-27-ORL, KXINXY-26DEC31H1600-B6300, KXVENEZUELALEADER-26DEC31-NMAD"
none,76,True,1,0.047022456570585,0.0195999999999999,-0.03722245657058505,0.005201476906087379,0.058720230264630066,0.024158638226227654,0.33378615703089115,0.04182097966449762,SENATEMI-26-D+SENATEMI-26-R,"SENATEMI-26-D, SENATEMI-26-R, KXALIENS-26NOV","KXINXY-26DEC31H1600-B6700, KXOSCARPIC-27-PRO, KXALIENS-26NOV"
none,77,True,1,0.15225834061412713,0.08025599999999977,-0.11213034061412724,0.14900160647948074,0.21551715703217506,-0.041243027963393214,0.3723879857417485,0.0032567341346463885,CONTROLH-2026-D+CONTROLH-2026-R,"CONTROLH-2026-D, CONTROLH-2026-R, KXRATECUTCOUNT-26DEC31-T0","CONTROLH-2026-D, KXVENEZUELALEADER-26DEC31-DFIG, KXRATECUTCOUNT-26DEC31-T0"
none,78,True,1,0.12435154903143841,0.12039999999999998,-0.06415154903143842,0.11385186305904049,0.24953236540609552,0.01091431964400727,0.48250253951649863,0.01049968597239792,SENATEMI-26-D+SENATEMI-26-R,"KXVENEZUELALEADER-26DEC31-NMAD, SENATEMI-26-D, SENATEMI-26-R","KXNFLNFCCHAMP-27-ATL, KXF1-26-KA, KXVENEZUELALEADER-26DEC31-NMAD"
none,79,True,1,0.1400429931884581,0.1131039855882958,-0.08349100039431018,0.1414666280198286,0.20927237701712192,-0.03683043951126763,0.5404630424733123,-0.0014236348313705072,KXRATECUTCOUNT-26DEC31-T0+KXRATECUTCOUNT-26DEC31-T1,"KXF1-26-KA, KXRATECUTCOUNT-26DEC31-T0, KXRATECUTCOUNT-26DEC31-T1","KXF1-26-KA, KXWNBA-26-WSH, KXRATECUTCOUNT-26DEC31-T0"
none,80,True,1,0.06125978045062075,0.019598332364355084,-0.05146061426844321,0.004610053124463113,0.05814361847651317,0.024461756113793472,0.3370676417786371,0.05664972732615764,SENATETX-26-D+SENATETX-26-R,"SENATETX-26-D, SENATETX-26-R, KXMLBAL-26-SEA","KXMLBAL-26-SEA, KXOSCARPIC-27-AVEN, KXWNBA-26-WSH"
none,81,True,1,0.09980692876179198,0.040236000000000105,-0.07968892876179193,0.01873706955791469,0.07899428916222404,0.02076007502319733,0.5093532763788882,0.0810698592038773,CONTROLS-2026-D+CONTROLS-2026-R,"KXGOVCA-26-XBEC, CONTROLS-2026-D, CONTROLS-2026-R","KXGOVCA-26-XBEC, KXWTA-26USO-SWI, KXBTCMAXY-26DEC31-199999.99"
none,82,True,3,0.07213334126285151,0.0010946459619916235,-0.07158601828185569,0.005679971603467844,0.0588364983662619,0.023738277579663104,0.01860487949465254,0.06645336965938367,KXFEDDECISION-26SEP-H0+KXFEDDECISION-26SEP-H25;KXFEDDECISION-26SEP-H0+KXFEDDECISION-26SEP-H26;KXFEDDECISION-26SEP-H25+KXFEDDECISION-26SEP-H26,"KXFEDDECISION-26SEP-H0, KXFEDDECISION-26SEP-H25, KXFEDDECISION-26SEP-H26","KXINXY-26DEC31H1600-B6300, KXWNBA-26-WSH, KXALIENS-26NOV"
none,83,True,1,0.07675815126493524,0.040236000000000105,-0.056640151264935185,0.035744204811055114,0.07919628911315918,0.003853939745524476,0.5080541077184705,0.041013946453880123,CONTROLS-2026-D+CONTROLS-2026-R,"KXGOVCA-26-XBEC, CONTROLS-2026-D, CONTROLS-2026-R","KXNBA-27-IND, KXGOVCA-26-XBEC, KXOSCARPIC-27-SOC"
none,84,True,1,0.10502038271177791,0.09008598168351221,-0.0599773918700218,0.1161533360700738,0.17816435476279918,-0.027071158688674213,0.5056341477701813,-0.011132953358295894,KXVENEZUELALEADER-26DEC31-DROD+KXVENEZUELALEADER-26DEC31-NMAD,"KXGOVCA-26-XBEC, KXVENEZUELALEADER-26DEC31-DROD, KXVENEZUELALEADER-26DEC31-NMAD","KXGOVCA-26-XBEC, KXVENEZUELALEADER-26DEC31-NMAD, KXBTCMAXY-26DEC31-199999.99"
none,85,True,1,0.05480531583192333,0.04023600000000027,-0.03468731583192319,0.026414308348240524,0.07851521992879346,0.012843301616156204,0.5124611513091456,0.028391007483682805,SENATEME-26-D+SENATEME-26-R,"KXGOVCA-26-XBEC, SENATEME-26-D, SENATEME-26-R","KXNBA-27-TOR, KXGOVCA-26-XBEC, KXMLBAL-26-SEA"
none,86,True,1,0.06333588869367164,0.01960000000000009,-0.053535888693671596,0.0037705029331118085,0.05870518375131463,0.025582088942545506,0.33387170855352566,0.059565385760559836,SENATEME-26-D+SENATEME-26-R,"KXNBA-27-TOR, SENATEME-26-D, SENATEME-26-R","KXNBA-27-TOR, KXINXY-26DEC31H1600-B6300, KXNASCARCUPSERIES-NCS26-BWAL"
none,87,True,1,0.16785282514707264,0.12550517093293478,-0.10510023968060525,0.16009248024746428,0.21718806293154724,-0.05149844878169066,0.5778640374562904,0.007760344899608362,KXVENEZUELALEADER-26DEC31-DROD+KXVENEZUELALEADER-26DEC31-NMAD,"KXVENEZUELALEADER-26DEC31-DROD, KXVENEZUELALEADER-26DEC31-NMAD, KXRATECUTCOUNT-26DEC31-T0","KXFEDDECISION-26SEP-H26, KXVENEZUELALEADER-26DEC31-NMAD, KXRATECUTCOUNT-26DEC31-T0"
none,88,True,1,0.1524297423093649,0.12040000000000006,-0.09222974230936487,0.14316861218181942,0.2485448842643189,-0.018896170049659974,0.48441954601631965,0.00926113012754548,SENATEME-26-D+SENATEME-26-R,"SENATEME-26-D, SENATEME-26-R, KXVENEZUELALEADER-26DEC31-NMAD","KXF1-26-KA, KXVENEZUELALEADER-26DEC31-NMAD, KXWNBA-26-WSH"
none,89,True,3,0.09286707329821517,0.03015850947891248,-0.07778781855875894,0.0860375050984454,0.1594334941340235,-0.006320758031433657,0.18916043735176835,0.006829568199769764,KXVENEZUELALEADER-26DEC31-DROD+KXVENEZUELALEADER-26DEC31-JROD;KXVENEZUELALEADER-26DEC31-DROD+KXVENEZUELALEADER-26DEC31-NMAD;KXVENEZUELALEADER-26DEC31-JROD+KXVENEZUELALEADER-26DEC31-NMAD,"KXVENEZUELALEADER-26DEC31-DROD, KXVENEZUELALEADER-26DEC31-JROD, KXVENEZUELALEADER-26DEC31-NMAD","KXNBA-27-ORL, KXINXY-26DEC31H1600-B6700, KXVENEZUELALEADER-26DEC31-NMAD"
none,90,True,1,0.14415776033700767,0.1131000000000001,-0.08760776033700762,0.057528601472209825,0.14762741793487727,0.01628510749522881,0.7661178498013952,0.08662915886479784,CONTROLS-2026-D+CONTROLS-2026-R,"CONTROLS-2026-D, CONTROLS-2026-R, KXF1-26-KA","KXF1-26-KA, KXWNBA-26-WSH, KXBTCMAXY-26DEC31-199999.99"
none,91,True,1,0.11606791447474263,0.12040790897867854,-0.05586395998540336,0.06085687320908932,0.1599684080905126,0.01912733083616698,0.7526980509210911,0.05521104126565331,SENATEOHS-26-D+SENATEOHS-26-R,"KXVENEZUELALEADER-26DEC31-NMAD, SENATEOHS-26-D, SENATEOHS-26-R","KXINXY-26DEC31H1600-B6300, KXNFLAFCCHAMP-27-TEN, KXVENEZUELALEADER-26DEC31-NMAD"
none,92,True,1,0.12252495459565071,0.08025599999999977,-0.08239695459565083,0.11534862256652992,0.21551715703217506,-0.0075900440504423905,0.3723879857417485,0.007176332029120797,CONTROLH-2026-D+CONTROLH-2026-R,"CONTROLH-2026-D, CONTROLH-2026-R, KXRATECUTCOUNT-26DEC31-T0","CONTROLH-2026-D, KXVENEZUELALEADER-26DEC31-DFIG, KXRATECUTCOUNT-26DEC31-T0"
none,93,True,3,0.0630713016447536,0.047498660814540905,-0.03932197123748314,0.06320682767586316,0.14702935932606917,0.01030785198717142,0.3230556198589047,-0.00013552603110957018,KXF1-26-GR+KXF1-26-KA;KXF1-26-GR+KXF1-26-LN;KXF1-26-KA+KXF1-26-LN,"KXF1-26-GR, KXF1-26-KA, KXF1-26-LN","KXF1-26-KA, KXINXY-26DEC31H1600-B8900, KXWNBA-26-WSH"
none,94,True,3,0.059749041640400055,0.03015850947891248,-0.044669786900943816,0.004594222441461893,0.05879559446369654,0.024803574790386376,0.5129382525000902,0.055154819198938165,KXVENEZUELALEADER-26DEC31-DROD+KXVENEZUELALEADER-26DEC31-JROD;KXVENEZUELALEADER-26DEC31-DROD+KXVENEZUELALEADER-26DEC31-NMAD;KXVENEZUELALEADER-26DEC31-JROD+KXVENEZUELALEADER-26DEC31-NMAD,"KXVENEZUELALEADER-26DEC31-DROD, KXVENEZUELALEADER-26DEC31-JROD, KXVENEZUELALEADER-26DEC31-NMAD","KXNBA-27-CLE, KXINXY-26DEC31H1600-B8900, KXOSCARPIC-27-PRO"
none,95,True,1,0.17054873417560007,0.1131039855882958,-0.11399674138145216,0.16470377640041317,0.20927237701712192,-0.06006758789185221,0.5404630424733123,0.005844957775186899,KXRATECUTCOUNT-26DEC31-T0+KXRATECUTCOUNT-26DEC31-T1,"KXF1-26-KA, KXRATECUTCOUNT-26DEC31-T0, KXRATECUTCOUNT-26DEC31-T1","KXF1-26-KA, KXWNBA-26-WSH, KXRATECUTCOUNT-26DEC31-T0"
none,96,True,1,0.1573604391013368,0.1131000000000001,-0.10081043910133675,0.17887766628361212,0.27164150571337287,-0.04305691342692569,0.41635758019740726,-0.021517227182275334,CONTROLS-2026-D+CONTROLS-2026-R,"CONTROLS-2026-D, CONTROLS-2026-R, KXF1-26-KA","KXGOVCA-26-XBEC, KXF1-26-KA, KXVENEZUELALEADER-26DEC31-NMAD"
none,97,True,1,0.07307309447768304,0.019599999999999885,-0.06327309447768309,0.061291940100357656,0.1586003234167784,0.018008221608031547,0.12358108468980834,0.011781154377325381,CONTROLH-2026-D+CONTROLH-2026-R,"CONTROLH-2026-D, CONTROLH-2026-R, KXWNBA-26-WSH","CONTROLH-2026-D, KXNFLNFCCHAMP-27-NO, KXVENEZUELALEADER-26DEC31-VLOP"
none,98,True,1,0.07848980026591378,0.04024598649426191,-0.05836680701878282,0.08358454101530605,0.1364633535030245,-0.0153528642637938,0.2949215702321863,-0.005094740749392271,KXRATECUTCOUNT-26DEC31-T0+KXRATECUTCOUNT-26DEC31-T1,"KXGOVCA-26-XBEC, KXRATECUTCOUNT-26DEC31-T0, KXRATECUTCOUNT-26DEC31-T1","KXFEDDECISION-26SEP-H26, KXGOVCA-26-XBEC, KXRATECUTCOUNT-26DEC31-T0"
none,99,True,1,0.08950376559681034,0.08025599999999991,-0.04937576559681038,0.05314049943638667,0.11658752629239377,0.005153263709810216,0.688375528259543,0.036363266160423666,SENATEMI-26-D+SENATEMI-26-R,"KXRATECUTCOUNT-26DEC31-T0, SENATEMI-26-D, SENATEMI-26-R","KXINXY-26DEC31H1600-B6700, KXOSCARPIC-27-BEH, KXRATECUTCOUNT-26DEC31-T0"
cap,frozen,True,1,0.0017955421490133301,0.01959999999999998,0.00800445785098666,0.005144598654087996,0.05855271737341708,0.024131760032620544,0.3347410825530426,-0.0033490565050746657,SENATEMI-26-D+SENATEMI-26-R,"KXATP-26USO-MUS, SENATEMI-26-D, SENATEMI-26-R","KXATP-26USO-MUS, KXOSCARPIC-27-SOC, KXWNBA-26-WSH"
cap,0,True,1,0.0018487541804698068,0.019599999999999784,0.007951245819530085,0.005075815106733283,0.0574752092564881,0.023661789521510768,0.3410165922586395,-0.003227060926263476,CONTROLH-2026-D+CONTROLH-2026-R,"CONTROLH-2026-D, CONTROLH-2026-R, KXNFLNFCCHAMP-27-ATL","KXNBA-27-ORL, KXNFLNFCCHAMP-27-ATL, KXOSCARPIC-27-SOC"
cap,1,True,3,0.050000000000000155,0.047498660814540905,-0.026250669592729703,0.056883002402593155,0.1486978141093663,0.017465904652089997,0.3194307939160823,-0.006883002402593,KXF1-26-GR+KXF1-26-KA;KXF1-26-GR+KXF1-26-LN;KXF1-26-KA+KXF1-26-LN,"KXF1-26-GR, KXF1-26-KA, KXF1-26-LN","KXNFLNFCCHAMP-27-ATL, KXF1-26-KA, KXINXY-26DEC31H1600-B6700"
cap,2,True,3,0.04254950943340252,0.08195970009968134,-0.00156965938356185,0.004261249392940952,0.057069315593365984,0.02427340840374204,1.4361430349658642,0.03828826004046157,KXBALLONDOR-26-HKAN+KXBALLONDOR-26-KMBA;KXBALLONDOR-26-HKAN+KXBALLONDOR-26-LYAM;KXBALLONDOR-26-KMBA+KXBALLONDOR-26-LYAM,"KXBALLONDOR-26-HKAN, KXBALLONDOR-26-KMBA, KXBALLONDOR-26-LYAM","KXNFLAFCCHAMP-27-TEN, KXOSCARPIC-27-BEH, KXWNBA-26-WSH"
cap,3,True,3,0.05000000000000004,0.047498660814540905,-0.026250669592729585,0.05303611431103927,0.14424950236525289,0.01908863687158717,0.32928128025197595,-0.0030361143110392355,KXF1-26-GR+KXF1-26-KA;KXF1-26-GR+KXF1-26-LN;KXF1-26-KA+KXF1-26-LN,"KXF1-26-GR, KXF1-26-KA, KXF1-26-LN","KXNFLNFCCHAMP-27-ATL, KXF1-26-KA, KXWNBA-26-WSH"
cap,4,True,1,0.001706882772961115,0.019600000000000062,0.008093117227038916,0.004494263466772137,0.0573722376386125,0.024191855352534115,0.3416286483971635,-0.0027873806938110215,CONTROLS-2026-D+CONTROLS-2026-R,"KXNBA-27-ORL, CONTROLS-2026-D, CONTROLS-2026-R","KXNBA-27-ORL, KXNFLNFCCHAMP-27-ATL, KXOSCARPIC-27-BEH"
cap,5,True,1,0.0019424976112167973,0.019600000000000208,0.007857502388783306,0.005514217041985549,0.05909090649325507,0.024031236204641985,0.33169232227360484,-0.0035717194307687515,KXGOVCA-26-SHIL+KXGOVCA-26-XBEC,"KXGOVCA-26-SHIL, KXGOVCA-26-XBEC, KXINXY-26DEC31H1600-B6700","KXNBA-27-CLE, KXNFLNFCCHAMP-27-NO, KXINXY-26DEC31H1600-B6700"
cap,6,True,3,0.05979007235334269,0.08195970009968134,-0.018810222303502017,0.004728902306864308,0.05829711301792179,0.024419654202096585,1.4058963790279833,0.05506117004647838,KXBALLONDOR-26-HKAN+KXBALLONDOR-26-KMBA;KXBALLONDOR-26-HKAN+KXBALLONDOR-26-LYAM;KXBALLONDOR-26-KMBA+KXBALLONDOR-26-LYAM,"KXBALLONDOR-26-HKAN, KXBALLONDOR-26-KMBA, KXBALLONDOR-26-LYAM","KXNBA-27-HOU, KXOSCARPIC-27-AVEN, KXWNBA-26-WSH"
cap,7,True,1,0.0017672370727658503,0.01959999999999998,0.008032762927234139,0.004644248350077977,0.057793328604533095,0.02425241595218857,0.3391394902016879,-0.002877011277312127,SENATEMI-26-D+SENATEMI-26-R,"KXOSCARPIC-27-BEH, SENATEMI-26-D, SENATEMI-26-R","KXINXY-26DEC31H1600-B8900, KXNFLAFCCHAMP-27-TEN, KXOSCARPIC-27-BEH"
cap,8,True,3,0.04999999999999989,0.047498660814540905,-0.02625066959272944,0.05999127637315596,0.14756569798117583,0.013791572617431955,0.3218814498515777,-0.009991276373156069,KXF1-26-GR+KXF1-26-KA;KXF1-26-GR+KXF1-26-LN;KXF1-26-KA+KXF1-26-LN,"KXF1-26-GR, KXF1-26-KA, KXF1-26-LN","KXF1-26-KA, KXOSCARPIC-27-AVEN, KXWNBA-26-WSH"
cap,9,True,3,0.04999999999999996,0.047498660814540905,-0.02625066959272951,0.052563927597865365,0.1484156362032655,0.021643890503767388,0.3200381174763028,-0.0025639275978654036,KXF1-26-GR+KXF1-26-KA;KXF1-26-GR+KXF1-26-LN;KXF1-26-KA+KXF1-26-LN,"KXF1-26-GR, KXF1-26-KA, KXF1-26-LN","KXNFLNFCCHAMP-27-ATL, KXF1-26-KA, KXOSCARPIC-27-PRO"
cap,10,True,3,0.04525492975174231,0.08195970009968134,-0.004275079701901635,0.0032422650593845366,0.05852520576182604,0.02602033782152848,1.400417119987997,0.04201266469235777,KXBALLONDOR-26-HKAN+KXBALLONDOR-26-KMBA;KXBALLONDOR-26-HKAN+KXBALLONDOR-26-LYAM;KXBALLONDOR-26-KMBA+KXBALLONDOR-26-LYAM,"KXBALLONDOR-26-HKAN, KXBALLONDOR-26-KMBA, KXBALLONDOR-26-LYAM","KXINXY-26DEC31H1600-B8900, KXOSCARPIC-27-PRO, KXBTCMAXY-26DEC31-199999.99"
cap,11,True,1,0.001689800953083534,0.01959999999999998,0.008110199046916455,0.004691156359772471,0.058319264536441234,0.024468475908448147,0.3360810558190899,-0.0030013554066889367,SENATEMI-26-D+SENATEMI-26-R,"KXOSCARPIC-27-PRO, SENATEMI-26-D, SENATEMI-26-R","KXINXY-26DEC31H1600-B8900, KXNFLAFCCHAMP-27-TEN, KXOSCARPIC-27-PRO"
cap,12,True,3,0.03967552207144165,0.047498660814540905,-0.015926191664171196,0.0051931954615517875,0.05794431729161439,0.023778963184255406,0.819729406345337,0.03448232660988986,KXF1-26-GR+KXF1-26-KA;KXF1-26-GR+KXF1-26-LN;KXF1-26-KA+KXF1-26-LN,"KXF1-26-GR, KXF1-26-KA, KXF1-26-LN","KXFEDDECISION-26SEP-H26, KXNBA-27-HOU, KXWNBA-26-WSH"
cap,13,True,3,0.039868643585998786,0.047498660814540905,-0.016119313178728334,0.004362384588346386,0.05892484566340692,0.025100038243357076,0.8060888455417402,0.035506258997652404,KXF1-26-GR+KXF1-26-KA;KXF1-26-GR+KXF1-26-LN;KXF1-26-KA+KXF1-26-LN,"KXF1-26-GR, KXF1-26-KA, KXF1-26-LN","KXNBA-27-IND, KXOSCARPIC-27-PRO, KXBTCMAXY-26DEC31-199999.99"
cap,14,True,3,0.061002277155873585,0.08195970009968134,-0.020022427106032914,0.004982735272185526,0.058066765787100905,0.024050647621364926,1.4114734820978798,0.05601954188368806,KXBALLONDOR-26-HKAN+KXBALLONDOR-26-KMBA;KXBALLONDOR-26-HKAN+KXBALLONDOR-26-LYAM;KXBALLONDOR-26-KMBA+KXBALLONDOR-26-LYAM,"KXBALLONDOR-26-HKAN, KXBALLONDOR-26-KMBA, KXBALLONDOR-26-LYAM","KXNBA-27-HOU, KXNFLNFCCHAMP-27-ATL, KXALIENS-26NOV"
cap,15,True,1,0.001975658804911542,0.01959999999999988,0.007824341195088399,0.0053620908464870574,0.058293373506908594,0.02378459590696724,0.33623032637966993,-0.0033864320415755156,CONTROLH-2026-D+CONTROLH-2026-R,"CONTROLH-2026-D, CONTROLH-2026-R, KXOSCARPIC-27-SOC","KXNBA-27-CLE, KXNFLNFCCHAMP-27-ATL, KXOSCARPIC-27-SOC"
cap,16,True,3,0.05000000000000017,0.047498660814540905,-0.026250669592729717,0.054455991284185955,0.15458642859846952,0.022837223015048806,0.3072628124291317,-0.0044559912841857854,KXF1-26-GR+KXF1-26-KA;KXF1-26-GR+KXF1-26-LN;KXF1-26-KA+KXF1-26-LN,"KXF1-26-GR, KXF1-26-KA, KXF1-26-LN","KXNBA-27-TOR, KXF1-26-KA, KXNFLAFCCHAMP-27-PIT"
cap,17,True,1,0.00195202664628576,0.01960000000000009,0.007847973353714285,0.005332867822847202,0.0585988701193108,0.0239665672368082,0.33447743890101156,-0.0033808411765614416,SENATEME-26-D+SENATEME-26-R,"KXNBA-27-TOR, SENATEME-26-D, SENATEME-26-R","KXNBA-27-TOR, KXNFLNFCCHAMP-27-NO, KXOSCARPIC-27-AVEN"
cap,18,True,3,0.04954081744566783,0.047498660814540905,-0.025791487038397377,0.0556615559865974,0.1484156362032655,0.01854626211503535,0.3200381174763028,-0.0061207385409295725,KXF1-26-GR+KXF1-26-KA;KXF1-26-GR+KXF1-26-LN;KXF1-26-KA+KXF1-26-LN,"KXF1-26-GR, KXF1-26-KA, KXF1-26-LN","KXNFLNFCCHAMP-27-ATL, KXF1-26-KA, KXOSCARPIC-27-PRO"
cap,19,True,3,0.031688459608796765,0.047498660814540905,-0.007939129201526313,0.004343324305023228,0.05878370674919982,0.02504852906957668,0.808024254360031,0.027345135303773537,KXF1-26-GR+KXF1-26-KA;KXF1-26-GR+KXF1-26-LN;KXF1-26-KA+KXF1-26-LN,"KXF1-26-GR, KXF1-26-KA, KXF1-26-LN","KXNBA-27-IND, KXINXY-26DEC31H1600-B8900, KXOSCARPIC-27-AVEN"
cap,20,True,1,0.0013604716153570555,0.019600000000000062,0.008439528384642975,0.0032913619913260313,0.0588386682061624,0.02612797211175517,0.33311426987647685,-0.0019308903759689758,CONTROLS-2026-D+CONTROLS-2026-R,"CONTROLS-2026-D, CONTROLS-2026-R, KXOSCARPIC-27-AVEN","KXOSCARPIC-27-AVEN, KXWNBA-26-WSH, KXALIENS-26NOV"
cap,21,True,3,0.03664567821649867,0.08195970009968134,0.004334171833342004,0.004519063854902385,0.05852626611147043,0.02474406920083283,1.400391747930392,0.03212661436159628,KXBALLONDOR-26-HKAN+KXBALLONDOR-26-KMBA;KXBALLONDOR-26-HKAN+KXBALLONDOR-26-LYAM;KXBALLONDOR-26-KMBA+KXBALLONDOR-26-LYAM,"KXBALLONDOR-26-HKAN, KXBALLONDOR-26-KMBA, KXBALLONDOR-26-LYAM","KXINXY-26DEC31H1600-B8900, KXOSCARPIC-27-AVEN, KXBTCMAXY-26DEC31-199999.99"
cap,22,True,3,0.0500000000000002,0.047498660814540905,-0.026250669592729745,0.11922522567489077,0.2816138915318521,0.02158172009103529,0.1686659012315397,-0.06922522567489058,KXF1-26-GR+KXF1-26-KA;KXF1-26-GR+KXF1-26-LN;KXF1-26-KA+KXF1-26-LN,"KXF1-26-GR, KXF1-26-KA, KXF1-26-LN","KXF1-26-KA, KXTAKEOVERACQWB-27JUN30-PSKY, KXWNBA-26-WSH"
cap,23,True,1,0.0018063510400051393,0.01959999999999988,0.007993648959994801,0.004981300548240777,0.0583029610633527,0.024170179983435573,0.3361750354103334,-0.0031749495082356374,CONTROLH-2026-D+CONTROLH-2026-R,"CONTROLH-2026-D, CONTROLH-2026-R, KXMLBAL-26-SEA","KXNBA-27-CLE, KXMLBAL-26-SEA, KXWNBA-26-WSH"
cap,24,True,3,0.03411432970777009,0.08195970009968134,0.00686552034207058,0.005103740453700576,0.058691454679818546,0.024241986886208697,1.3964503103015393,0.029010589254069515,KXBALLONDOR-26-HKAN+KXBALLONDOR-26-KMBA;KXBALLONDOR-26-HKAN+KXBALLONDOR-26-LYAM;KXBALLONDOR-26-KMBA+KXBALLONDOR-26-LYAM,"KXBALLONDOR-26-HKAN, KXBALLONDOR-26-KMBA, KXBALLONDOR-26-LYAM","KXNBA-27-CLE, KXNFLNFCCHAMP-27-ATL, KXINXY-26DEC31H1600-B6300"
cap,25,True,1,0.07430254018479222,0.1475593833966493,-0.000522848486467567,0.07124003300461207,0.19048380244264188,0.02400186821670887,0.774655805398898,0.0030625071801801546,KXTAKEOVERACQWB-27JUN30-NFLX+KXTAKEOVERACQWB-27JUN30-PSKY,"KXTAKEOVERACQWB-27JUN30-NFLX, KXTAKEOVERACQWB-27JUN30-PSKY, KXBTCMAXY-26DEC31-199999.99","KXNFLNFCCHAMP-27-NO, KXTAKEOVERACQWB-27JUN30-PSKY, KXWNBA-26-WSH"
cap,26,True,3,0.04546008884161226,0.047498660814540905,-0.02171075843434181,0.003002358526855698,0.0579942654226131,0.025994774184450852,0.8190234063387282,0.04245773031475657,KXF1-26-GR+KXF1-26-KA;KXF1-26-GR+KXF1-26-LN;KXF1-26-KA+KXF1-26-LN,"KXF1-26-GR, KXF1-26-KA, KXF1-26-LN","KXNFLNFCCHAMP-27-ATL, KXOSCARPIC-27-BEH, KXNASCARCUPSERIES-NCS26-BWAL"
cap,27,True,1,0.0019178265285783036,0.0195999999999999,0.007882173471421646,0.004713019094053698,0.05806037383020218,0.024317167821047394,0.33757963834887084,-0.002795192565475394,SENATEMI-26-D+SENATEMI-26-R,"SENATEMI-26-D, SENATEMI-26-R, KXALIENS-26NOV","KXNFLAFCCHAMP-27-TEN, KXWNBA-26-WSH, KXALIENS-26NOV"
cap,28,True,1,0.0016434803116012857,0.019599999999999895,0.008156519688398662,0.0039503191808073455,0.05874457566826857,0.02542196865332694,0.33364782666371384,-0.00230683886920606,CONTROLH-2026-D+CONTROLH-2026-R,"CONTROLH-2026-D, CONTROLH-2026-R, KXNFLNFCCHAMP-27-NO","KXNBA-27-IND, KXATP-26USO-MUS, KXNFLNFCCHAMP-27-NO"
cap,29,True,1,0.0018240496038170705,0.019600000000000208,0.007975950396183033,0.005102333943058035,0.05844239927660803,0.02411886569524598,0.33537295255852445,-0.0032782843392409645,KXGOVCA-26-SHIL+KXGOVCA-26-XBEC,"KXGOVCA-26-SHIL, KXGOVCA-26-XBEC, KXBTCMAXY-26DEC31-199999.99","KXINXY-26DEC31H1600-B8900, KXOSCARPIC-27-BEH, KXBTCMAXY-26DEC31-199999.99"
cap,30,True,1,0.001972412535105647,0.01959999999999998,0.007827587464894342,0.004812718227436976,0.05819653389504857,0.02428554872008731,0.3367898169905883,-0.002840305692331329,SENATEMI-26-D+SENATEMI-26-R,"KXNBA-27-IND, SENATEMI-26-D, SENATEMI-26-R","KXNBA-27-IND, KXNFLNFCCHAMP-27-ATL, KXOSCARPIC-27-SOC"
cap,31,True,1,0.0018544145979702796,0.01959999999999998,0.00794558540202971,0.004785845399237761,0.0586019732307885,0.02451514121615649,0.3344597275387045,-0.0029314308012674817,SENATEMI-26-D+SENATEMI-26-R,"KXOSCARPIC-27-BEH, SENATEMI-26-D, SENATEMI-26-R","KXNFLAFCCHAMP-27-TEN, KXOSCARPIC-27-BEH, KXBTCMAXY-26DEC31-199999.99"
cap,32,True,3,0.0478922814673224,0.047498660814540905,-0.024142951060051945,0.13516674368439888,0.284243674689971,0.0069550936605866365,0.1671054276453062,-0.08727446221707648,KXF1-26-GR+KXF1-26-KA;KXF1-26-GR+KXF1-26-LN;KXF1-26-KA+KXF1-26-LN,"KXF1-26-GR, KXF1-26-KA, KXF1-26-LN","KXF1-26-KA, KXINXY-26DEC31H1600-B8900, KXTAKEOVERACQWB-27JUN30-PSKY"
cap,33,True,3,0.04261869085660923,0.047498660814540905,-0.018869360449338776,0.004901344382641188,0.05880400686888305,0.024500659051800336,0.8077453109691999,0.037717346473968044,KXF1-26-GR+KXF1-26-KA;KXF1-26-GR+KXF1-26-LN;KXF1-26-KA+KXF1-26-LN,"KXF1-26-GR, KXF1-26-KA, KXF1-26-LN","KXNBA-27-IND, KXINXY-26DEC31H1600-B6700, KXOSCARPIC-27-SOC"
cap,34,True,1,0.0018323021982123086,0.01959999999999998,0.00796769780178768,0.00512817375862536,0.058066765787100905,0.023905209134925092,0.33754247777226765,-0.0032958715604130516,SENATEMI-26-D+SENATEMI-26-R,"KXOSCARPIC-27-PRO, SENATEMI-26-D, SENATEMI-26-R","KXNBA-27-HOU, KXNFLNFCCHAMP-27-ATL, KXALIENS-26NOV"
cap,35,True,1,0.08183545218839963,0.1467570600487855,-0.008456922164006883,0.07997843766552064,0.19062357649868808,0.015333350583823402,0.7698788510024389,0.0018570145228789942,KXTAKEOVERACQWB-27JUN30-NFLX+KXTAKEOVERACQWB-27JUN30-PSKY,"KXMLBAL-26-SEA, KXTAKEOVERACQWB-27JUN30-NFLX, KXTAKEOVERACQWB-27JUN30-PSKY","KXMLBAL-26-SEA, KXINXY-26DEC31H1600-B8900, KXTAKEOVERACQWB-27JUN30-PSKY"
cap,36,True,1,0.07371069802573232,0.1467570600487855,-0.000332168001339575,0.07210117035067697,0.1894792027226534,0.02263843101064973,0.7745285917399514,0.0016095276750553583,KXTAKEOVERACQWB-27JUN30-NFLX+KXTAKEOVERACQWB-27JUN30-PSKY,"KXMLBAL-26-SEA, KXTAKEOVERACQWB-27JUN30-NFLX, KXTAKEOVERACQWB-27JUN30-PSKY","KXNFLNFCCHAMP-27-NO, KXINXY-26DEC31H1600-B8900, KXTAKEOVERACQWB-27JUN30-PSKY"
cap,37,True,3,0.05000000000000005,0.047498660814540905,-0.0262506695927296,0.05570075050233017,0.14424950236525289,0.016424000680296272,0.32928128025197595,-0.005700750502330119,KXF1-26-GR+KXF1-26-KA;KXF1-26-GR+KXF1-26-LN;KXF1-26-KA+KXF1-26-LN,"KXF1-26-GR, KXF1-26-KA, KXF1-26-LN","KXNFLNFCCHAMP-27-ATL, KXF1-26-KA, KXWNBA-26-WSH"
cap,38,True,3,0.04025513546715497,0.047498660814540905,-0.01650580505988452,0.00545684022321696,0.058648522161072004,0.023867420857319042,0.8098867467468459,0.034798295243938016,KXF1-26-GR+KXF1-26-KA;KXF1-26-GR+KXF1-26-LN;KXF1-26-KA+KXF1-26-LN,"KXF1-26-GR, KXF1-26-KA, KXF1-26-LN","KXNFLNFCCHAMP-27-NO, KXINXY-26DEC31H1600-B8900, KXOSCARPIC-27-BEH"
cap,39,True,1,0.0807516697594904,0.14709781424181997,-0.007202762638580412,0.08194327116195124,0.1931275264658277,0.01462049207096261,0.7616615659800712,-0.001191601402460843,KXTAKEOVERACQWB-27JUN30-NFLX+KXTAKEOVERACQWB-27JUN30-PSKY,"KXNBA-27-CLE, KXTAKEOVERACQWB-27JUN30-NFLX, KXTAKEOVERACQWB-27JUN30-PSKY","KXFEDDECISION-26SEP-H26, KXNBA-27-CLE, KXTAKEOVERACQWB-27JUN30-PSKY"
cap,40,True,3,0.04593339243148076,0.047498660814540905,-0.022184062024210305,0.005216347059167303,0.0587825330766655,0.024174919479165446,0.8080403876537965,0.04071704537231345,KXF1-26-GR+KXF1-26-KA;KXF1-26-GR+KXF1-26-LN;KXF1-26-KA+KXF1-26-LN,"KXF1-26-GR, KXF1-26-KA, KXF1-26-LN","KXNBA-27-TOR, KXOSCARPIC-27-AVEN, KXBTCMAXY-26DEC31-199999.99"
cap,41,True,3,0.03549472929423603,0.047498660814540905,-0.011745398886965575,0.0037067572683502532,0.058299549681468985,0.02544301757238424,0.8147346089988542,0.03178797202588578,KXF1-26-GR+KXF1-26-KA;KXF1-26-GR+KXF1-26-LN;KXF1-26-KA+KXF1-26-LN,"KXF1-26-GR, KXF1-26-KA, KXF1-26-LN","KXFEDDECISION-26SEP-H26, KXNBA-27-ORL, KXINXY-26DEC31H1600-B8900"
cap,42,True,1,0.0017955421490133856,0.01959999999999998,0.008004457850986604,0.004280086273332158,0.05876108243913011,0.0251004549462329,0.33355410054441015,-0.0024845441243187723,SENATEMI-26-D+SENATEMI-26-R,"KXFEDDECISION-26SEP-H26, SENATEMI-26-D, SENATEMI-26-R","KXFEDDECISION-26SEP-H26, KXNBA-27-TOR, KXOSCARPIC-27-PRO"
cap,43,True,1,0.0019947929835868253,0.019600000000000208,0.0078052070164132785,0.005255115155751815,0.05874891477878708,0.024119342233641726,0.3336231839141534,-0.00326032217216499,KXGOVCA-26-SHIL+KXGOVCA-26-XBEC,"KXNBA-27-HOU, KXGOVCA-26-SHIL, KXGOVCA-26-XBEC","KXNBA-27-TOR, KXNFLNFCCHAMP-27-NO, KXBTCMAXY-26DEC31-199999.99"
cap,44,True,3,0.052542661573907884,0.08195970009968134,-0.011562811524067212,0.00461662255449951,0.05830914532588678,0.02453795010844388,1.4056062671063492,0.047926039019408374,KXBALLONDOR-26-HKAN+KXBALLONDOR-26-KMBA;KXBALLONDOR-26-HKAN+KXBALLONDOR-26-LYAM;KXBALLONDOR-26-KMBA+KXBALLONDOR-26-LYAM,"KXBALLONDOR-26-HKAN, KXBALLONDOR-26-KMBA, KXBALLONDOR-26-LYAM","KXINXY-26DEC31H1600-B8900, KXWNBA-26-WSH, KXBTCMAXY-26DEC31-199999.99"
cap,45,True,3,0.05349347305984212,0.08195970009968134,-0.012513623010001446,0.003612802406392158,0.05804765313220289,0.02541102415970929,1.4119382210512288,0.04988067065344996,KXBALLONDOR-26-HKAN+KXBALLONDOR-26-KMBA;KXBALLONDOR-26-HKAN+KXBALLONDOR-26-LYAM;KXBALLONDOR-26-KMBA+KXBALLONDOR-26-LYAM,"KXBALLONDOR-26-HKAN, KXBALLONDOR-26-KMBA, KXBALLONDOR-26-LYAM","KXNBA-27-ORL, KXATP-26USO-MUS, KXWNBA-26-WSH"
cap,46,True,1,0.0019943967298926557,0.019599999999999885,0.007805603270107287,0.005764086088956934,0.05877777500955012,0.023624801415818127,0.33345937298265044,-0.003769689359064278,CONTROLH-2026-D+CONTROLH-2026-R,"CONTROLH-2026-D, CONTROLH-2026-R, KXWNBA-26-WSH","KXFEDDECISION-26SEP-H26, KXINXY-26DEC31H1600-B6700, KXWNBA-26-WSH"
cap,47,True,1,0.001875307692099197,0.019600000000000107,0.007924692307900856,0.005224235897824427,0.05857672615921128,0.024064127181781213,0.33460388255102197,-0.0033489282057252295,KXGOVCA-26-SHIL+KXGOVCA-26-XBEC,"KXGOVCA-26-SHIL, KXGOVCA-26-XBEC, KXINXY-26DEC31H1600-B8900","KXFEDDECISION-26SEP-H26, KXNFLNFCCHAMP-27-NO, KXINXY-26DEC31H1600-B8900"
cap,48,True,1,0.001977931178206129,0.019600000000000204,0.007822068821793973,0.004456989573821804,0.058737190723274754,0.024911605787815573,0.33368977573920056,-0.002479058395615675,KXGOVCA-26-SHIL+KXGOVCA-26-XBEC,"KXGOVCA-26-SHIL, KXGOVCA-26-XBEC, KXOSCARPIC-27-PRO","KXFEDDECISION-26SEP-H26, KXNBA-27-CLE, KXOSCARPIC-27-PRO"
cap,49,True,3,0.048433826327871535,0.08195970009968134,-0.007453976278030863,0.004182838596403622,0.058697845796331555,0.025166084301762155,1.3962982625301656,0.04425098773146791,KXBALLONDOR-26-HKAN+KXBALLONDOR-26-KMBA;KXBALLONDOR-26-HKAN+KXBALLONDOR-26-LYAM;KXBALLONDOR-26-KMBA+KXBALLONDOR-26-LYAM,"KXBALLONDOR-26-HKAN, KXBALLONDOR-26-KMBA, KXBALLONDOR-26-LYAM","KXNBA-27-HOU, KXINXY-26DEC31H1600-B8900, KXOSCARPIC-27-AVEN"
cap,50,True,3,0.050000000000000044,0.047498660814540905,-0.026250669592729592,0.0540468734800799,0.14778877355335213,0.01984751329659616,0.32139559502734333,-0.004046873480079857,KXF1-26-GR+KXF1-26-KA;KXF1-26-GR+KXF1-26-LN;KXF1-26-KA+KXF1-26-LN,"KXF1-26-GR, KXF1-26-KA, KXF1-26-LN","KXF1-26-KA, KXWNBA-26-WSH, KXALIENS-26NOV"
cap,51,True,1,0.0017973512266001059,0.0195999999999998,0.008002648773399795,0.004956152001027059,0.058763150491350544,0.024425423244648213,0.3335423617711709,-0.003158800774426953,CONTROLH-2026-D+CONTROLH-2026-R,"CONTROLH-2026-D, CONTROLH-2026-R, KXALIENS-26NOV","KXNBA-27-IND, KXOSCARPIC-27-AVEN, KXALIENS-26NOV"
cap,52,True,3,0.058978615723994515,0.08195970009968134,-0.017998765674153844,0.004571805668570201,0.058304662027483314,0.024580525345171456,1.4057143502700977,0.05440681005542432,KXBALLONDOR-26-HKAN+KXBALLONDOR-26-KMBA;KXBALLONDOR-26-HKAN+KXBALLONDOR-26-LYAM;KXBALLONDOR-26-KMBA+KXBALLONDOR-26-LYAM,"KXBALLONDOR-26-HKAN, KXBALLONDOR-26-KMBA, KXBALLONDOR-26-LYAM","KXNBA-27-HOU, KXNFLNFCCHAMP-27-ATL, KXINXY-26DEC31H1600-B6300"
cap,53,True,3,0.05273256336044069,0.08195970009968134,-0.011752713310600016,0.00531798809429683,0.05917323701088242,0.02426863041114438,1.385080557357515,0.04741457526614386,KXBALLONDOR-26-HKAN+KXBALLONDOR-26-KMBA;KXBALLONDOR-26-HKAN+KXBALLONDOR-26-LYAM;KXBALLONDOR-26-KMBA+KXBALLONDOR-26-LYAM,"KXBALLONDOR-26-HKAN, KXBALLONDOR-26-KMBA, KXBALLONDOR-26-LYAM","KXFEDDECISION-26SEP-H26, KXINXY-26DEC31H1600-B6300, KXOSCARPIC-27-SOC"
cap,54,True,1,-6.164203909956104e-05,0.019607130289208727,0.009865207183703924,0.0053184676979363965,0.05889448587981705,0.024128775241972128,0.33291962730127217,-0.0053801097370359575,KXRATECUTCOUNT-26DEC31-T0+KXRATECUTCOUNT-26DEC31-T1,"KXOSCARPIC-27-PRO, KXRATECUTCOUNT-26DEC31-T0, KXRATECUTCOUNT-26DEC31-T1","KXINXY-26DEC31H1600-B8900, KXOSCARPIC-27-PRO, KXALIENS-26NOV"
cap,55,True,3,0.06027449869117732,0.08195970009968134,-0.019294648641336648,0.004582086238076606,0.05841872004345217,0.02462727378364948,1.40296980212369,0.05569241245310071,KXBALLONDOR-26-HKAN+KXBALLONDOR-26-KMBA;KXBALLONDOR-26-HKAN+KXBALLONDOR-26-LYAM;KXBALLONDOR-26-KMBA+KXBALLONDOR-26-LYAM,"KXBALLONDOR-26-HKAN, KXBALLONDOR-26-KMBA, KXBALLONDOR-26-LYAM","KXNFLNFCCHAMP-27-ATL, KXINXY-26DEC31H1600-B6700, KXOSCARPIC-27-BEH"
cap,56,True,3,0.04999999999999998,0.047498660814540905,-0.02625066959272953,0.05001198688606253,0.14424950236525289,0.022112764296563912,0.32928128025197595,-1.1986886062548274e-05,KXF1-26-GR+KXF1-26-KA;KXF1-26-GR+KXF1-26-LN;KXF1-26-KA+KXF1-26-LN,"KXF1-26-GR, KXF1-26-KA, KXF1-26-LN","KXNFLNFCCHAMP-27-ATL, KXF1-26-KA, KXWNBA-26-WSH"
cap,57,True,1,0.0018377605052007397,0.01959999999999998,0.00796223949479925,0.0051694366872041715,0.060412747315169595,0.025036936970380626,0.32443483984841776,-0.003331676182003432,SENATEMI-26-D+SENATEMI-26-R,"KXNBA-27-ORL, SENATEMI-26-D, SENATEMI-26-R","KXNBA-27-ORL, KXMLBAL-26-SEA, KXINXY-26DEC31H1600-B6700"
cap,58,True,1,0.0016334915200384229,0.019599999999999923,0.008166508479961539,0.004203731944977349,0.057793328604533095,0.0246929323572892,0.3391394902016869,-0.0025702404249389257,SENATEMI-26-D+SENATEMI-26-R,"KXINXY-26DEC31H1600-B8900, SENATEMI-26-D, SENATEMI-26-R","KXINXY-26DEC31H1600-B8900, KXNFLAFCCHAMP-27-TEN, KXOSCARPIC-27-BEH"
cap,59,True,1,0.001972529653209494,0.019600000000000208,0.00782747034679061,0.004112274309448705,0.0587753160330716,0.025275383707087096,0.3334733238860291,-0.0021397446562392113,KXGOVCA-26-SHIL+KXGOVCA-26-XBEC,"KXNBA-27-ORL, KXGOVCA-26-SHIL, KXGOVCA-26-XBEC","KXNBA-27-ORL, KXOSCARPIC-27-SOC, KXBTCMAXY-26DEC31-199999.99"
cap,60,True,1,0.0018371716500073139,0.019600000000000086,0.00796282834999273,0.004837162280429071,0.05892494725216396,0.02462531134565291,0.33262651752785904,-0.0029999906304217575,CONTROLS-2026-D+CONTROLS-2026-R,"CONTROLS-2026-D, CONTROLS-2026-R, KXOSCARPIC-27-SOC","KXNFLNFCCHAMP-27-NO, KXOSCARPIC-27-SOC, KXBTCMAXY-26DEC31-199999.99"
cap,61,True,1,0.0019780319517426932,0.019599999999999868,0.00782196804825724,0.0037103313698737365,0.05864144502596319,0.02561039114310786,0.33423460133566063,-0.0017322994181310433,CONTROLH-2026-D+CONTROLH-2026-R,"CONTROLH-2026-D, CONTROLH-2026-R, KXNFLAFCCHAMP-27-TEN","KXNBA-27-CLE, KXINXY-26DEC31H1600-B8900, KXNFLAFCCHAMP-27-TEN"
cap,62,True,1,0.001834015043275461,0.01960000000000005,0.007965984956724565,0.00515086649169633,0.05873756813938443,0.024217917577995886,0.33368763162766957,-0.003316851448420869,CONTROLS-2026-D+CONTROLS-2026-R,"CONTROLS-2026-D, CONTROLS-2026-R, KXNFLAFCCHAMP-27-TEN","KXNBA-27-TOR, KXNFLAFCCHAMP-27-TEN, KXOSCARPIC-27-AVEN"
cap,63,True,3,0.046620260349234124,0.047498660814540905,-0.022870929941963672,0.005180081655268582,0.05892494725216396,0.0242823919708134,0.8060874558151864,0.041440178693965546,KXF1-26-GR+KXF1-26-KA;KXF1-26-GR+KXF1-26-LN;KXF1-26-KA+KXF1-26-LN,"KXF1-26-GR, KXF1-26-KA, KXF1-26-LN","KXNFLNFCCHAMP-27-NO, KXOSCARPIC-27-SOC, KXBTCMAXY-26DEC31-199999.99"
cap,64,True,1,0.0018278371741674224,0.019599999999999968,0.007972162825832562,0.004975851634825869,0.05795335797942602,0.024000827354887143,0.3382030081321284,-0.0031480144606584465,CONTROLS-2026-D+CONTROLS-2026-R,"CONTROLS-2026-D, CONTROLS-2026-R, KXINXY-26DEC31H1600-B8900","KXNBA-27-HOU, KXINXY-26DEC31H1600-B8900, KXWNBA-26-WSH"
cap,65,True,3,0.0500000000000002,0.047498660814540905,-0.026250669592729745,0.05730382411694926,0.14849175854795857,0.016942055157030025,0.3198740541496126,-0.007303824116949062,KXF1-26-GR+KXF1-26-KA;KXF1-26-GR+KXF1-26-LN;KXF1-26-KA+KXF1-26-LN,"KXF1-26-GR, KXF1-26-KA, KXF1-26-LN","KXNFLNFCCHAMP-27-ATL, KXF1-26-KA, KXINXY-26DEC31H1600-B6300"
cap,66,True,1,0.001517275965540233,0.019600000000000083,0.008282724034459808,0.0033221853912487505,0.05886177133039924,0.02610870027395087,0.3329835232103801,-0.0018049094257085174,CONTROLS-2026-D+CONTROLS-2026-R,"CONTROLS-2026-D, CONTROLS-2026-R, KXBTCMAXY-26DEC31-199999.99","KXNBA-27-TOR, KXOSCARPIC-27-SOC, KXBTCMAXY-26DEC31-199999.99"
cap,67,True,3,0.02168267141349196,0.047498660814540905,0.0020666589937784925,0.004956919056024696,0.05806657239998343,0.02407636714396702,0.8180035233929953,0.016725752357467264,KXF1-26-GR+KXF1-26-KA;KXF1-26-GR+KXF1-26-LN;KXF1-26-KA+KXF1-26-LN,"KXF1-26-GR, KXF1-26-KA, KXF1-26-LN","KXMLBAL-26-SEA, KXINXY-26DEC31H1600-B8900, KXWNBA-26-WSH"
cap,68,True,1,0.00045143195500690556,0.019600000000000208,0.009348568044993198,0.005089645377052445,0.05797374124986853,0.02389722524788182,0.33808409768697917,-0.0046382134220455395,KXGOVCA-26-SHIL+KXGOVCA-26-XBEC,"KXGOVCA-26-SHIL, KXGOVCA-26-XBEC, KXINXY-26DEC31H1600-B6700","KXNFLNFCCHAMP-27-ATL, KXMLBAL-26-SEA, KXINXY-26DEC31H1600-B6700"
cap,69,True,1,0.001588370001384648,0.01959999999999998,0.008211629998615341,0.0035542994728972183,0.05872444475376185,0.025807922903983708,0.3337622021320928,-0.0019659294715125702,SENATEMI-26-D+SENATEMI-26-R,"KXOSCARPIC-27-AVEN, SENATEMI-26-D, SENATEMI-26-R","KXNBA-27-TOR, KXOSCARPIC-27-AVEN, KXNASCARCUPSERIES-NCS26-BWAL"
cap,70,True,1,0.0019118851415987487,0.019599999999999878,0.00788811485840119,0.005284251230486106,0.05832675356268486,0.023879125550856323,0.33603790375432757,-0.0033723660888873574,CONTROLH-2026-D+CONTROLH-2026-R,"CONTROLH-2026-D, CONTROLH-2026-R, KXBTCMAXY-26DEC31-199999.99","KXNFLNFCCHAMP-27-ATL, KXMLBAL-26-SEA, KXBTCMAXY-26DEC31-199999.99"
cap,71,True,3,0.017948219548956937,0.047498660814540905,0.005801110858313516,0.0048719825486804105,0.058386264706907394,0.024321149804773286,0.8135245687145588,0.013076237000276526,KXF1-26-GR+KXF1-26-KA;KXF1-26-GR+KXF1-26-LN;KXF1-26-KA+KXF1-26-LN,"KXF1-26-GR, KXF1-26-KA, KXF1-26-LN","KXNFLNFCCHAMP-27-NO, KXMLBAL-26-SEA, KXWNBA-26-WSH"
cap,72,True,3,0.036198289953723733,0.047498660814540905,-0.012448959546453281,0.004798307041285206,0.05885848874318366,0.024630937330306624,0.8069976281890465,0.03139998291243853,KXF1-26-GR+KXF1-26-KA;KXF1-26-GR+KXF1-26-LN;KXF1-26-KA+KXF1-26-LN,"KXF1-26-GR, KXF1-26-KA, KXF1-26-LN","KXNBA-27-TOR, KXNFLNFCCHAMP-27-NO, KXOSCARPIC-27-SOC"
cap,73,True,3,0.04999999999999994,0.047498660814540905,-0.026250669592729488,0.0030319530108615274,0.05798001020192768,0.025958052090102313,0.8192247750408589,0.04696804698913841,KXF1-26-GR+KXF1-26-KA;KXF1-26-GR+KXF1-26-LN;KXF1-26-KA+KXF1-26-LN,"KXF1-26-GR, KXF1-26-KA, KXF1-26-LN","KXFEDDECISION-26SEP-H26, KXINXY-26DEC31H1600-B8900, KXNFLAFCCHAMP-27-TEN"
cap,74,True,1,0.08443985461878657,0.14711341591515745,-0.010883146661207849,0.0818519101667633,0.19148422088785155,0.013890200277162479,0.7682795753772255,0.0025879444520232747,KXTAKEOVERACQWB-27JUN30-NFLX+KXTAKEOVERACQWB-27JUN30-PSKY,"KXNBA-27-HOU, KXTAKEOVERACQWB-27JUN30-NFLX, KXTAKEOVERACQWB-27JUN30-PSKY","KXNBA-27-HOU, KXTAKEOVERACQWB-27JUN30-PSKY, KXALIENS-26NOV"
cap,75,True,1,0.001860780557530771,0.019600000000000062,0.00793921944246926,0.00531780995012638,0.05838156916007345,0.023872974629910344,0.3357223911926694,-0.003457029392595609,CONTROLS-2026-D+CONTROLS-2026-R,"KXNBA-27-ORL, CONTROLS-2026-D, CONTROLS-2026-R","KXNBA-27-ORL, KXINXY-26DEC31H1600-B6300, KXOSCARPIC-27-SOC"
cap,76,True,1,0.0018492403497849391,0.0195999999999999,0.00795075965021501,0.005201476906087379,0.058720230264630066,0.024158638226227654,0.33378615703089115,-0.0033522365563024396,SENATEMI-26-D+SENATEMI-26-R,"SENATEMI-26-D, SENATEMI-26-R, KXALIENS-26NOV","KXINXY-26DEC31H1600-B6700, KXOSCARPIC-27-PRO, KXALIENS-26NOV"
cap,77,True,1,0.0016176825266422008,0.019600000000000034,0.008182317473357816,0.003993469436084633,0.05864950817718867,0.0253312846525097,0.334188650666696,-0.0023757869094424323,SENATEMI-26-D+SENATEMI-26-R,"KXNBA-27-CLE, SENATEMI-26-D, SENATEMI-26-R","KXFEDDECISION-26SEP-H26, KXNBA-27-CLE, KXNFLNFCCHAMP-27-ATL"
cap,78,True,3,0.0500000000000001,0.047498660814540905,-0.026250669592729647,0.05535664180738574,0.1490116680959427,0.019149192240585616,0.31875799674934446,-0.00535664180738564,KXF1-26-GR+KXF1-26-KA;KXF1-26-GR+KXF1-26-LN;KXF1-26-KA+KXF1-26-LN,"KXF1-26-GR, KXF1-26-KA, KXF1-26-LN","KXNFLNFCCHAMP-27-ATL, KXF1-26-KA, KXOSCARPIC-27-BEH"
cap,79,True,3,0.04999999999999998,0.047498660814540905,-0.02625066959272953,0.05305464824060659,0.14424950236525289,0.01907010294201985,0.32928128025197595,-0.003054648240606611,KXF1-26-GR+KXF1-26-KA;KXF1-26-GR+KXF1-26-LN;KXF1-26-KA+KXF1-26-LN,"KXF1-26-GR, KXF1-26-KA, KXF1-26-LN","KXNFLNFCCHAMP-27-ATL, KXF1-26-KA, KXWNBA-26-WSH"
cap,80,True,3,0.034328114168560575,0.08195970009968134,0.006651735881280096,0.004610053124463113,0.05814361847651317,0.024461756113793472,1.4096078339669995,0.029718061044097462,KXBALLONDOR-26-HKAN+KXBALLONDOR-26-KMBA;KXBALLONDOR-26-HKAN+KXBALLONDOR-26-LYAM;KXBALLONDOR-26-KMBA+KXBALLONDOR-26-LYAM,"KXBALLONDOR-26-HKAN, KXBALLONDOR-26-KMBA, KXBALLONDOR-26-LYAM","KXMLBAL-26-SEA, KXOSCARPIC-27-AVEN, KXWNBA-26-WSH"
cap,81,True,3,0.043320980542032206,0.047498660814540905,-0.019571650134761753,0.0046591581388096825,0.05915122417428451,0.024916453948332574,0.8030038511897872,0.03866182240322252,KXF1-26-GR+KXF1-26-KA;KXF1-26-GR+KXF1-26-LN;KXF1-26-KA+KXF1-26-LN,"KXF1-26-GR, KXF1-26-KA, KXF1-26-LN","KXNBA-27-IND, KXNFLNFCCHAMP-27-NO, KXBTCMAXY-26DEC31-199999.99"
cap,82,True,1,0.001953303358111603,0.019600000000000093,0.007846696641888444,0.005679971603467844,0.0588364983662619,0.023738277579663104,0.3331265548467641,-0.0037266682453562412,CONTROLS-2026-D+CONTROLS-2026-R,"CONTROLS-2026-D, CONTROLS-2026-R, KXINXY-26DEC31H1600-B6300","KXINXY-26DEC31H1600-B6300, KXWNBA-26-WSH, KXALIENS-26NOV"
cap,83,True,1,0.0018875490170782022,0.019600000000000086,0.00791245098292184,0.004639367744883459,0.05819653389504857,0.024458899202640827,0.3367898169905902,-0.0027518187278052567,CONTROLS-2026-D+CONTROLS-2026-R,"CONTROLS-2026-D, CONTROLS-2026-R, KXOSCARPIC-27-SOC","KXNBA-27-IND, KXNFLNFCCHAMP-27-ATL, KXOSCARPIC-27-SOC"
cap,84,True,3,0.049956558028728865,0.08195970009968134,-0.008976707978888193,0.00542535452378921,0.059384813127933034,0.024267052040177307,1.3801457945672928,0.04453120350493965,KXBALLONDOR-26-HKAN+KXBALLONDOR-26-KMBA;KXBALLONDOR-26-HKAN+KXBALLONDOR-26-LYAM;KXBALLONDOR-26-KMBA+KXBALLONDOR-26-LYAM,"KXBALLONDOR-26-HKAN, KXBALLONDOR-26-KMBA, KXBALLONDOR-26-LYAM","KXNBA-27-CLE, KXNFLAFCCHAMP-27-TEN, KXBTCMAXY-26DEC31-199999.99"
cap,85,True,1,0.0017721463725784911,0.01959999999999998,0.008027853627421498,0.004185471542883949,0.05811742505032985,0.024873240982280977,0.3372482518457472,-0.002413325170305458,SENATEMI-26-D+SENATEMI-26-R,"KXNBA-27-TOR, SENATEMI-26-D, SENATEMI-26-R","KXNBA-27-TOR, KXMLBAL-26-SEA, KXWNBA-26-WSH"
cap,86,True,1,0.0014850892400517061,0.01959999999999998,0.008314910759948283,0.0036166849727677294,0.058835976083308796,0.02580130306888667,0.33312951198850443,-0.0021315957327160233,SENATEMI-26-D+SENATEMI-26-R,"KXNBA-27-TOR, SENATEMI-26-D, SENATEMI-26-R","KXNBA-27-TOR, KXINXY-26DEC31H1600-B6300, KXOSCARPIC-27-SOC"
cap,87,True,1,0.0018099275794703704,0.019600000000000062,0.00799007242052966,0.0050284224527854665,0.05880969067120971,0.02437642288281939,0.3332784066078287,-0.003218494873315096,CONTROLS-2026-D+CONTROLS-2026-R,"KXFEDDECISION-26SEP-H26, CONTROLS-2026-D, CONTROLS-2026-R","KXFEDDECISION-26SEP-H26, KXINXY-26DEC31H1600-B6700, KXOSCARPIC-27-AVEN"
cap,88,True,3,0.05000000000000002,0.047498660814540905,-0.026250669592729564,0.05105117085581988,0.14424950236525289,0.021073580326806562,0.32928128025197595,-0.0010511708558198635,KXF1-26-GR+KXF1-26-KA;KXF1-26-GR+KXF1-26-LN;KXF1-26-KA+KXF1-26-LN,"KXF1-26-GR, KXF1-26-KA, KXF1-26-LN","KXNFLNFCCHAMP-27-ATL, KXF1-26-KA, KXWNBA-26-WSH"
cap,89,True,1,0.0019968082093834716,0.01960000000000009,0.007803191790616573,0.0054064399409379585,0.05872926188599672,0.0239581910020604,0.33373482605735716,-0.003409631731554487,SENATEME-26-D+SENATEME-26-R,"KXNBA-27-ORL, SENATEME-26-D, SENATEME-26-R","KXNBA-27-TOR, KXMLBAL-26-SEA, KXINXY-26DEC31H1600-B6700"
cap,90,True,3,0.04999999999999999,0.047498660814540905,-0.026250669592729536,0.0049299436876403605,0.05899337317846291,0.024566742901591096,0.8051524816329971,0.04507005631235963,KXF1-26-GR+KXF1-26-KA;KXF1-26-GR+KXF1-26-LN;KXF1-26-KA+KXF1-26-LN,"KXF1-26-GR, KXF1-26-KA, KXF1-26-LN","KXNBA-27-IND, KXNFLNFCCHAMP-27-NO, KXOSCARPIC-27-SOC"
cap,91,True,1,0.0018701453452973499,0.019600000000000176,0.007929854654702738,0.005068954544928943,0.05867161526460281,0.02426685308737246,0.33406273053172714,-0.003198809199631593,KXGOVCA-26-SHIL+KXGOVCA-26-XBEC,"KXGOVCA-26-SHIL, KXGOVCA-26-XBEC, KXNFLAFCCHAMP-27-TEN","KXNBA-27-TOR, KXINXY-26DEC31H1600-B6300, KXNFLAFCCHAMP-27-TEN"
cap,92,True,1,0.0019562293844926776,0.019599999999999885,0.007843770615507265,0.005440318166062656,0.05879376044464206,0.023956562056258374,0.3333687087161994,-0.0034840887815699786,CONTROLH-2026-D+CONTROLH-2026-R,"CONTROLH-2026-D, CONTROLH-2026-R, KXNBA-27-HOU","KXNBA-27-HOU, KXATP-26USO-MUS, KXOSCARPIC-27-PRO"
cap,93,True,3,0.050000000000000086,0.047498660814540905,-0.026250669592729634,0.05120930813901758,0.14702935932606917,0.022305371524017008,0.3230556198589047,-0.0012093081390174912,KXF1-26-GR+KXF1-26-KA;KXF1-26-GR+KXF1-26-LN;KXF1-26-KA+KXF1-26-LN,"KXF1-26-GR, KXF1-26-KA, KXF1-26-LN","KXF1-26-KA, KXINXY-26DEC31H1600-B8900, KXWNBA-26-WSH"
cap,94,True,1,0.0018126053010406942,0.01959999999999988,0.007987394698959246,0.004594222441461893,0.05879559446369654,0.024803574790386376,0.33335830990027565,-0.002781617140421199,CONTROLH-2026-D+CONTROLH-2026-R,"CONTROLH-2026-D, CONTROLH-2026-R, KXOSCARPIC-27-PRO","KXNBA-27-CLE, KXINXY-26DEC31H1600-B8900, KXOSCARPIC-27-PRO"
cap,95,True,3,0.050000000000000155,0.047498660814540905,-0.026250669592729703,0.05679896601093001,0.14424950236525289,0.01532578517169643,0.32928128025197595,-0.006798966010929858,KXF1-26-GR+KXF1-26-KA;KXF1-26-GR+KXF1-26-LN;KXF1-26-KA+KXF1-26-LN,"KXF1-26-GR, KXF1-26-KA, KXF1-26-LN","KXNFLNFCCHAMP-27-ATL, KXF1-26-KA, KXWNBA-26-WSH"
cap,96,True,3,0.050000000000000044,0.047498660814540905,-0.026250669592729592,0.05866531743396912,0.14424950236525289,0.013459433748657323,0.32928128025197595,-0.008665317433969075,KXF1-26-GR+KXF1-26-KA;KXF1-26-GR+KXF1-26-LN;KXF1-26-KA+KXF1-26-LN,"KXF1-26-GR, KXF1-26-KA, KXF1-26-LN","KXNFLNFCCHAMP-27-ATL, KXF1-26-KA, KXWNBA-26-WSH"
cap,97,True,1,0.0016855177945042064,0.019599999999999885,0.008114482205495736,0.0045605015652184985,0.05810221740009351,0.024490607134828257,0.33733652306303097,-0.002874983770714292,CONTROLH-2026-D+CONTROLH-2026-R,"CONTROLH-2026-D, CONTROLH-2026-R, KXWNBA-26-WSH","KXNBA-27-CLE, KXNFLNFCCHAMP-27-NO, KXWNBA-26-WSH"
cap,98,True,3,0.031629788507831436,0.047498660814540905,-0.007880458100560983,0.004355092096551008,0.0581655382915915,0.02472767704924474,0.8166117293787237,0.027274696411280427,KXF1-26-GR+KXF1-26-KA;KXF1-26-GR+KXF1-26-LN;KXF1-26-KA+KXF1-26-LN,"KXF1-26-GR, KXF1-26-KA, KXF1-26-LN","KXNBA-27-HOU, KXNFLNFCCHAMP-27-ATL, KXWNBA-26-WSH"
cap,99,True,3,0.05887298197774807,0.08195970009968134,-0.017893131927907396,0.004577394441476975,0.05787628999349853,0.02436075055527229,1.4161187613941424,0.05429558753627109,KXBALLONDOR-26-HKAN+KXBALLONDOR-26-KMBA;KXBALLONDOR-26-HKAN+KXBALLONDOR-26-LYAM;KXBALLONDOR-26-KMBA+KXBALLONDOR-26-LYAM,"KXBALLONDOR-26-HKAN, KXBALLONDOR-26-KMBA, KXBALLONDOR-26-LYAM","KXNFLNFCCHAMP-27-NO, KXINXY-26DEC31H1600-B8900, KXWNBA-26-WSH"
match,frozen,True,1,0.0026504606711835674,0.01959999999999989,0.007149539328816377,0.007549313924367206,0.05855271737341708,0.021727044762341333,0.3347410825530411,-0.004898853253183639,CONTROLH-2026-D+CONTROLH-2026-R,"CONTROLH-2026-D, CONTROLH-2026-R, KXATP-26USO-MUS","KXATP-26USO-MUS, KXOSCARPIC-27-SOC, KXWNBA-26-WSH"
match,0,True,1,0.001888326817946217,0.01959999999999989,0.007911673182053727,0.005300120999775941,0.05820669506872042,0.02380322653458427,0.3367310234133649,-0.003411794181829724,CONTROLH-2026-D+CONTROLH-2026-R,"CONTROLH-2026-D, CONTROLH-2026-R, KXINXY-26DEC31H1600-B6300","KXNBA-27-ORL, KXNFLNFCCHAMP-27-ATL, KXINXY-26DEC31H1600-B6300"
match,1,True,1,0.0022559104152653393,0.0195999999999999,0.00754408958473461,0.005605224464835107,0.05955213712730452,0.024170844098817153,0.3291233689582123,-0.0033493140495697675,CONTROLH-2026-D+CONTROLH-2026-R,"CONTROLH-2026-D, CONTROLH-2026-R, KXOSCARPIC-27-BEH","KXNFLNFCCHAMP-27-NO, KXNFLAFCCHAMP-27-TEN, KXOSCARPIC-27-BEH"
match,2,True,1,0.0014213991894726462,0.019599999999999868,0.008378600810527288,0.003847975670767268,0.057069315593365984,0.024686682125915724,0.34344200199727415,-0.002426576481294622,CONTROLH-2026-D+CONTROLH-2026-R,"CONTROLH-2026-D, CONTROLH-2026-R, KXNFLAFCCHAMP-27-TEN","KXNFLAFCCHAMP-27-TEN, KXOSCARPIC-27-BEH, KXWNBA-26-WSH"
match,3,True,1,0.00249090403750157,0.0195999999999999,0.0073090959624983794,0.0058897925612148225,0.058141764377381604,0.02318108962747598,0.33710707285698954,-0.0033988885237132525,CONTROLH-2026-D+CONTROLH-2026-R,"CONTROLH-2026-D, CONTROLH-2026-R, KXOSCARPIC-27-BEH","KXNBA-27-IND, KXNFLNFCCHAMP-27-ATL, KXOSCARPIC-27-BEH"
match,4,True,1,0.001890149857562827,0.019600000000000062,0.007909850142437204,0.004870476384612868,0.05851921145143427,0.02438912934110427,0.3349327428355099,-0.002980326527050041,CONTROLS-2026-D+CONTROLS-2026-R,"KXNBA-27-ORL, CONTROLS-2026-D, CONTROLS-2026-R","KXNBA-27-ORL, KXNFLNFCCHAMP-27-ATL, KXBTCMAXY-26DEC31-199999.99"
match,5,True,1,0.0019566140707987408,0.01959999999999988,0.0078433859292012,0.005341601758038356,0.05909090649325507,0.024203851488589178,0.3316923222735993,-0.003384987687239615,CONTROLH-2026-D+CONTROLH-2026-R,"CONTROLH-2026-D, CONTROLH-2026-R, KXNBA-27-CLE","KXNBA-27-CLE, KXNFLNFCCHAMP-27-NO, KXINXY-26DEC31H1600-B6700"
match,6,True,1,0.0019656064588257083,0.01959999999999998,0.007834393541174281,0.004845325188591473,0.05829711301792179,0.02430323132036942,0.3362087586391202,-0.002879718729765765,SENATEMI-26-D+SENATEMI-26-R,"KXWNBA-26-WSH, SENATEMI-26-D, SENATEMI-26-R","KXNBA-27-HOU, KXOSCARPIC-27-AVEN, KXWNBA-26-WSH"
match,7,True,1,0.0026871634380862333,0.0195999999999999,0.007112836561913716,0.005700816592699835,0.057793328604533095,0.023195847709566713,0.3391394902016865,-0.0030136531546136013,CONTROLH-2026-D+CONTROLH-2026-R,"CONTROLH-2026-D, CONTROLH-2026-R, KXOSCARPIC-27-BEH","KXINXY-26DEC31H1600-B8900, KXNFLAFCCHAMP-27-TEN, KXOSCARPIC-27-BEH"
match,8,True,1,0.002127120060256813,0.01959999999999998,0.007672879939743176,0.005685245768702621,0.057509248165083036,0.023069378313838897,0.3408147493727834,-0.0035581257084458077,SENATEMI-26-D+SENATEMI-26-R,"KXOSCARPIC-27-AVEN, SENATEMI-26-D, SENATEMI-26-R","KXNFLAFCCHAMP-27-TEN, KXOSCARPIC-27-AVEN, KXWNBA-26-WSH"
match,9,True,1,0.0024864292874351296,0.01959999999999998,0.00731357071256486,0.006636302446588239,0.05890506398490734,0.02281622954586543,0.3327387948347173,-0.004149873159153109,SENATEMI-26-D+SENATEMI-26-R,"KXNBA-27-IND, SENATEMI-26-D, SENATEMI-26-R","KXNBA-27-IND, KXNFLAFCCHAMP-27-TEN, KXOSCARPIC-27-BEH"
match,10,True,1,0.0018661245060032049,0.01959999999999988,0.007933875493996736,0.004033616036007211,0.05852520576182604,0.025228986844905807,0.3348984381150913,-0.0021674915300040065,CONTROLH-2026-D+CONTROLH-2026-R,"CONTROLH-2026-D, CONTROLH-2026-R, KXOSCARPIC-27-PRO","KXINXY-26DEC31H1600-B8900, KXOSCARPIC-27-PRO, KXBTCMAXY-26DEC31-199999.99"
match,11,True,1,0.0025023293246193568,0.019599999999999968,0.007297670675380627,0.005520423491993918,0.058319264536441234,0.0236392087762267,0.33608105581908976,-0.003018094167374561,CONTROLS-2026-D+CONTROLS-2026-R,"CONTROLS-2026-D, CONTROLS-2026-R, KXINXY-26DEC31H1600-B8900","KXINXY-26DEC31H1600-B8900, KXNFLAFCCHAMP-27-TEN, KXOSCARPIC-27-PRO"
match,12,True,1,0.0021740960331313036,0.019600000000000062,0.007625903966868727,0.005962596400598909,0.05871427755341485,0.023394542376108517,0.33381999773682164,-0.003788500367467605,CONTROLS-2026-D+CONTROLS-2026-R,"KXFEDDECISION-26SEP-H26, CONTROLS-2026-D, CONTROLS-2026-R","KXFEDDECISION-26SEP-H26, KXNBA-27-HOU, KXOSCARPIC-27-SOC"
match,13,True,1,0.0016710895440024617,0.01960000000000001,0.008128910455997543,0.004628385366019529,0.058681134521122516,0.02471218189454173,0.3340085388591952,-0.0029572958220170677,SENATEMI-26-D+SENATEMI-26-R,"SENATEMI-26-D, SENATEMI-26-R, KXBTCMAXY-26DEC31-199999.99","KXOSCARPIC-27-PRO, KXWNBA-26-WSH, KXBTCMAXY-26DEC31-199999.99"
match,14,True,1,0.0024020513497368806,0.01959999999999988,0.00739794865026306,0.005491302252676258,0.057640557048310094,0.02332897627147879,0.34003835153037465,-0.0030892509029393778,CONTROLH-2026-D+CONTROLH-2026-R,"CONTROLH-2026-D, CONTROLH-2026-R, KXOSCARPIC-27-SOC","KXNBA-27-HOU, KXNFLNFCCHAMP-27-ATL, KXOSCARPIC-27-SOC"
match,15,True,1,0.002177176082972309,0.019599999999999784,0.007622823917027583,0.005975830032068783,0.058293373506908594,0.023170856721385514,0.33623032637966827,-0.003798653949096474,CONTROLH-2026-D+CONTROLH-2026-R,"CONTROLH-2026-D, CONTROLH-2026-R, KXNFLNFCCHAMP-27-ATL","KXNBA-27-CLE, KXNFLNFCCHAMP-27-ATL, KXOSCARPIC-27-SOC"
match,16,True,1,0.0024170405374786506,0.01959999999999989,0.0073829594625212935,0.005553769947998662,0.05864957789440749,0.02377101899920508,0.3341882534139916,-0.0031367294105200116,CONTROLH-2026-D+CONTROLH-2026-R,"CONTROLH-2026-D, CONTROLH-2026-R, KXATP-26USO-MUS","KXNBA-27-TOR, KXATP-26USO-MUS, KXOSCARPIC-27-BEH"
match,17,True,1,0.001890591780195825,0.019599999999999954,0.007909408219804152,0.005015963187486514,0.0585988701193108,0.024283471872168887,0.3344774389010092,-0.003125371407290689,CONTROLH-2026-D+CONTROLH-2026-R,"CONTROLH-2026-D, CONTROLH-2026-R, KXNBA-27-TOR","KXNBA-27-TOR, KXNFLNFCCHAMP-27-NO, KXOSCARPIC-27-AVEN"
match,18,True,1,0.0025955929544473344,0.01959999999999998,0.007204407045552655,0.006187719564623568,0.05867728203161591,0.023150921451184386,0.3340304683751252,-0.0035921266101762335,SENATEMI-26-D+SENATEMI-26-R,"KXOSCARPIC-27-PRO, SENATEMI-26-D, SENATEMI-26-R","KXFEDDECISION-26SEP-H26, KXNBA-27-HOU, KXOSCARPIC-27-PRO"
match,19,True,1,0.0016171778886058842,0.019599999999999767,0.008182822111394,0.0037416963802102098,0.05846457119359116,0.02549058921658537,0.3352457667926641,-0.0021245184916043255,CONTROLH-2026-D+CONTROLH-2026-R,"CONTROLH-2026-D, CONTROLH-2026-R, KXINXY-26DEC31H1600-B8900","KXNBA-27-IND, KXINXY-26DEC31H1600-B8900, KXWNBA-26-WSH"
match,20,True,1,0.001953795959664148,0.01959999999999998,0.007846204040335841,0.0034223125170226333,0.05855361364635134,0.025854494306153036,0.3347359587126237,-0.0014685165573584853,SENATEMI-26-D+SENATEMI-26-R,"KXWNBA-26-WSH, SENATEMI-26-D, SENATEMI-26-R","KXNBA-27-CLE, KXINXY-26DEC31H1600-B8900, KXWNBA-26-WSH"
match,21,True,1,0.001906337503032169,0.01959999999999998,0.00789366249696782,0.0044121801646803335,0.05871003174546279,0.024942835708051062,0.3338441390216877,-0.0025058426616481645,SENATEMI-26-D+SENATEMI-26-R,"KXOSCARPIC-27-AVEN, SENATEMI-26-D, SENATEMI-26-R","KXATP-26USO-MUS, KXOSCARPIC-27-AVEN, KXBTCMAXY-26DEC31-199999.99"
match,22,True,1,0.001529585633580171,0.019599999999999895,0.008270414366419777,0.0045423019765567195,0.058506789985385825,0.024711093016136193,0.3350038517733702,-0.0030127163429765486,CONTROLH-2026-D+CONTROLH-2026-R,"CONTROLH-2026-D, CONTROLH-2026-R, KXNFLNFCCHAMP-27-NO","KXATP-26USO-MUS, KXNFLNFCCHAMP-27-NO, KXOSCARPIC-27-BEH"
match,23,True,1,0.002128401663778763,0.01959999999999988,0.007671598336221178,0.005538751983677537,0.0583029610633527,0.023612728547998812,0.3361750354103334,-0.0034103503198987736,CONTROLH-2026-D+CONTROLH-2026-R,"CONTROLH-2026-D, CONTROLH-2026-R, KXMLBAL-26-SEA","KXNBA-27-CLE, KXMLBAL-26-SEA, KXWNBA-26-WSH"
match,24,True,1,0.002313855468380706,0.01959999999999988,0.007486144531619235,0.006006802260305005,0.058691454679818546,0.023338925079604268,0.33394980763254917,-0.0036929467919242995,CONTROLH-2026-D+CONTROLH-2026-R,"CONTROLH-2026-D, CONTROLH-2026-R, KXNBA-27-CLE","KXNBA-27-CLE, KXNFLNFCCHAMP-27-ATL, KXINXY-26DEC31H1600-B6300"
match,25,True,1,0.001990163583510212,0.019599999999999878,0.007809836416489727,0.004617958836810786,0.058560768621696464,0.024662425474037446,0.3346950605552363,-0.0026277952533005737,CONTROLH-2026-D+CONTROLH-2026-R,"CONTROLH-2026-D, CONTROLH-2026-R, KXBTCMAXY-26DEC31-199999.99","KXNBA-27-HOU, KXNFLNFCCHAMP-27-ATL, KXBTCMAXY-26DEC31-199999.99"
match,26,True,1,0.0017729131932463157,0.0196,0.008027086806753684,0.0030940414485443914,0.0579942654226131,0.02590309126276216,0.337964449711912,-0.0013211282552980756,CONTROLS-2026-D+CONTROLS-2026-R,"CONTROLS-2026-D, CONTROLS-2026-R, KXNFLNFCCHAMP-27-ATL","KXNFLNFCCHAMP-27-ATL, KXOSCARPIC-27-BEH, KXNASCARCUPSERIES-NCS26-BWAL"
match,27,True,1,0.0019178265285783036,0.0195999999999999,0.007882173471421646,0.004375354864475156,0.058763150491350544,0.025006220381200116,0.3335423617711725,-0.0024575283358968525,SENATEMI-26-D+SENATEMI-26-R,"SENATEMI-26-D, SENATEMI-26-R, KXALIENS-26NOV","KXNBA-27-IND, KXOSCARPIC-27-AVEN, KXALIENS-26NOV"
match,28,True,1,0.002128688181745955,0.019599999999999895,0.0076713118182539924,0.0036080204205817742,0.05849817846847467,0.02564106881365556,0.3350531676907266,-0.001479332238835819,CONTROLH-2026-D+CONTROLH-2026-R,"CONTROLH-2026-D, CONTROLH-2026-R, KXNFLNFCCHAMP-27-NO","KXATP-26USO-MUS, KXNFLNFCCHAMP-27-NO, KXINXY-26DEC31H1600-B6300"
match,29,True,1,0.0018240496038170705,0.019600000000000208,0.007975950396183033,0.004669921420963931,0.05810471300795987,0.024382435083016005,0.33732203439874436,-0.0028458718171468604,KXGOVCA-26-SHIL+KXGOVCA-26-XBEC,"KXGOVCA-26-SHIL, KXGOVCA-26-XBEC, KXBTCMAXY-26DEC31-199999.99","KXINXY-26DEC31H1600-B8900, KXNFLAFCCHAMP-27-TEN, KXBTCMAXY-26DEC31-199999.99"
match,30,True,1,0.0022125515143654358,0.0196,0.007587448485634564,0.006366733627805033,0.05819653389504857,0.022731533319719253,0.3367898169905887,-0.004154182113439597,CONTROLS-2026-D+CONTROLS-2026-R,"CONTROLS-2026-D, CONTROLS-2026-R, KXNFLNFCCHAMP-27-ATL","KXNBA-27-IND, KXNFLNFCCHAMP-27-ATL, KXOSCARPIC-27-SOC"
match,31,True,1,0.002209505532094539,0.019599999999999885,0.007590494467905403,0.0048617904247313555,0.0575486347031649,0.023912526926851096,0.3405814942630077,-0.0026522848926368164,CONTROLH-2026-D+CONTROLH-2026-R,"CONTROLH-2026-D, CONTROLH-2026-R, KXNBA-27-HOU","KXNBA-27-HOU, KXNFLNFCCHAMP-27-ATL, KXOSCARPIC-27-BEH"
match,32,True,1,0.0020909773922433463,0.01959999999999988,0.0077090226077565945,0.004952586056851047,0.05860797746101638,0.024351402673657145,0.3344254630359322,-0.0028616086646077003,CONTROLH-2026-D+CONTROLH-2026-R,"CONTROLH-2026-D, CONTROLH-2026-R, KXMLBAL-26-SEA","KXNBA-27-CLE, KXMLBAL-26-SEA, KXALIENS-26NOV"
match,33,True,1,0.0015184173169047535,0.01959999999999998,0.008281582683095236,0.004219337834368755,0.05880400686888305,0.02518266560007277,0.3333106202048893,-0.0027009205174640012,SENATEMI-26-D+SENATEMI-26-R,"KXINXY-26DEC31H1600-B6700, SENATEMI-26-D, SENATEMI-26-R","KXNBA-27-IND, KXINXY-26DEC31H1600-B6700, KXOSCARPIC-27-SOC"
match,34,True,1,0.002795669759191266,0.01959999999999998,0.007004330240808723,0.0061794454257611195,0.05829068663519816,0.02296589789183796,0.33624582470031744,-0.0033837756665698535,SENATEMI-26-D+SENATEMI-26-R,"KXOSCARPIC-27-PRO, SENATEMI-26-D, SENATEMI-26-R","KXNBA-27-HOU, KXOSCARPIC-27-PRO, KXWNBA-26-WSH"
match,35,True,1,0.0020317028081716544,0.01959999999999989,0.00776829719182829,0.005518304306172492,0.05923877812767517,0.024101084757665092,0.3308643530384223,-0.0034866014980008374,CONTROLH-2026-D+CONTROLH-2026-R,"CONTROLH-2026-D, CONTROLH-2026-R, KXINXY-26DEC31H1600-B6300","KXNBA-27-IND, KXMLBAL-26-SEA, KXINXY-26DEC31H1600-B6300"
match,36,True,1,0.00270520323633781,0.01959999999999988,0.0070947967636621305,0.0061959825606619015,0.05803563740208712,0.02282183614038166,0.33772352432705444,-0.0034907793243240913,CONTROLH-2026-D+CONTROLH-2026-R,"CONTROLH-2026-D, CONTROLH-2026-R, KXMLBAL-26-SEA","KXNBA-27-TOR, KXNFLNFCCHAMP-27-ATL, KXMLBAL-26-SEA"
match,37,True,1,0.0016786465044562882,0.01959999999999998,0.008121353495543701,0.004433539203662379,0.05855271737341708,0.02484281948304616,0.3347410825530426,-0.0027548926992060907,SENATEMI-26-D+SENATEMI-26-R,"KXWNBA-26-WSH, SENATEMI-26-D, SENATEMI-26-R","KXATP-26USO-MUS, KXOSCARPIC-27-SOC, KXWNBA-26-WSH"
match,38,True,1,0.0026829098065184187,0.019599999999999968,0.007117090193481565,0.005981706212140166,0.058648522161072004,0.023342554868395836,0.33419426914408223,-0.0032987964056217477,CONTROLS-2026-D+CONTROLS-2026-R,"CONTROLS-2026-D, CONTROLS-2026-R, KXINXY-26DEC31H1600-B8900","KXNFLNFCCHAMP-27-NO, KXINXY-26DEC31H1600-B8900, KXOSCARPIC-27-BEH"
match,39,True,1,0.0023207574129542295,0.019599999999999784,0.007479242587045663,0.005477632229996372,0.057911162371171256,0.023477948955589256,0.33844943181034914,-0.0031568748170421428,CONTROLH-2026-D+CONTROLH-2026-R,"CONTROLH-2026-D, CONTROLH-2026-R, KXNFLNFCCHAMP-27-ATL","KXFEDDECISION-26SEP-H26, KXNFLNFCCHAMP-27-ATL, KXNFLAFCCHAMP-27-TEN"
match,40,True,1,0.0023979331516011983,0.019599999999999906,0.007402066848398755,0.006428294991658166,0.0587825330766655,0.022962971546674583,0.3334323815960286,-0.004030361840056968,CONTROLH-2026-D+CONTROLH-2026-R,"CONTROLH-2026-D, CONTROLH-2026-R, KXOSCARPIC-27-AVEN","KXNBA-27-TOR, KXOSCARPIC-27-AVEN, KXBTCMAXY-26DEC31-199999.99"
match,41,True,1,0.001843434631046758,0.019599999999999767,0.007956565368953126,0.004688392932504042,0.058299549681468985,0.02446138190823045,0.33619470659873374,-0.0028449583014572843,CONTROLH-2026-D+CONTROLH-2026-R,"CONTROLH-2026-D, CONTROLH-2026-R, KXINXY-26DEC31H1600-B8900","KXFEDDECISION-26SEP-H26, KXNBA-27-ORL, KXINXY-26DEC31H1600-B8900"
match,42,True,1,0.0030760473976649758,0.01959999999999998,0.0067239526023350135,0.004864380636885667,0.058740404591197413,0.02450582165871304,0.3336715185468292,-0.0017883332392206915,SENATEMI-26-D+SENATEMI-26-R,"KXFEDDECISION-26SEP-H26, SENATEMI-26-D, SENATEMI-26-R","KXFEDDECISION-26SEP-H26, KXINXY-26DEC31H1600-B6300, KXOSCARPIC-27-PRO"
match,43,True,1,0.002172932176244813,0.01959999999999989,0.007627067823755131,0.005644983112536899,0.05872977538081404,0.02371990457787012,0.3337319080978957,-0.0034720509362920864,CONTROLH-2026-D+CONTROLH-2026-R,"CONTROLH-2026-D, CONTROLH-2026-R, KXATP-26USO-MUS","KXNBA-27-TOR, KXATP-26USO-MUS, KXBTCMAXY-26DEC31-199999.99"
match,44,True,1,0.0019276406995856615,0.0195999999999999,0.007872359300414288,0.00500655684767606,0.05882024893108102,0.02440356761786445,0.3332185829911224,-0.0030789161480903986,CONTROLH-2026-D+CONTROLH-2026-R,"CONTROLH-2026-D, CONTROLH-2026-R, KXOSCARPIC-27-BEH","KXNBA-27-IND, KXOSCARPIC-27-BEH, KXBTCMAXY-26DEC31-199999.99"
match,45,True,1,0.0020273191600364733,0.01959999999999998,0.007772680839963516,0.00484160376373504,0.057593974232998786,0.023955383352764353,0.34031337932519423,-0.002814284603698567,SENATEMI-26-D+SENATEMI-26-R,"KXNBA-27-ORL, SENATEMI-26-D, SENATEMI-26-R","KXNBA-27-ORL, KXOSCARPIC-27-BEH, KXWNBA-26-WSH"
match,46,True,1,0.0027148068803405263,0.019599999999999892,0.00708519311965942,0.00786339961661129,0.05877777500955012,0.02152548788816377,0.33345937298265055,-0.0051485927362707636,CONTROLH-2026-D+CONTROLH-2026-R,"CONTROLH-2026-D, CONTROLH-2026-R, KXINXY-26DEC31H1600-B6700","KXFEDDECISION-26SEP-H26, KXINXY-26DEC31H1600-B6700, KXWNBA-26-WSH"
match,47,True,1,0.0027423750242400804,0.019599999999999767,0.007057624975759803,0.007680996447890751,0.05857672615921128,0.021607366631714888,0.33460388255101614,-0.004938621423650671,CONTROLH-2026-D+CONTROLH-2026-R,"CONTROLH-2026-D, CONTROLH-2026-R, KXINXY-26DEC31H1600-B8900","KXFEDDECISION-26SEP-H26, KXNFLNFCCHAMP-27-NO, KXINXY-26DEC31H1600-B8900"
match,48,True,1,0.002484288243853848,0.01959999999999988,0.007315711756146093,0.006143405929716118,0.058636968721454304,0.023175078431011034,0.33426011656752924,-0.0036591176858622697,CONTROLH-2026-D+CONTROLH-2026-R,"CONTROLH-2026-D, CONTROLH-2026-R, KXNBA-27-CLE","KXNBA-27-CLE, KXNFLNFCCHAMP-27-ATL, KXOSCARPIC-27-PRO"
match,49,True,1,0.001490825096802064,0.019599999999999767,0.00830917490319782,0.004317313543267105,0.058697845796331555,0.025031609354898673,0.3339134466366517,-0.0028264884464650405,CONTROLH-2026-D+CONTROLH-2026-R,"CONTROLH-2026-D, CONTROLH-2026-R, KXINXY-26DEC31H1600-B8900","KXNBA-27-HOU, KXINXY-26DEC31H1600-B8900, KXOSCARPIC-27-AVEN"
match,50,True,1,0.0019889340299887766,0.019600000000000204,0.0078110659700113255,0.004911609954438977,0.059548756677260076,0.02486276838419106,0.3291420525574948,-0.0029226759244502,KXGOVCA-26-SHIL+KXGOVCA-26-XBEC,"KXGOVCA-26-SHIL, KXGOVCA-26-XBEC, KXNFLNFCCHAMP-27-NO","KXNBA-27-ORL, KXNFLNFCCHAMP-27-NO, KXALIENS-26NOV"
match,51,True,1,0.0018916219521132663,0.019599999999999906,0.007908378047886687,0.005117296798654133,0.058763150491350544,0.02426427844702114,0.3335423617711727,-0.0032256748465408665,CONTROLH-2026-D+CONTROLH-2026-R,"CONTROLH-2026-D, CONTROLH-2026-R, KXOSCARPIC-27-AVEN","KXNBA-27-IND, KXOSCARPIC-27-AVEN, KXALIENS-26NOV"
match,52,True,1,0.002281651702899047,0.01959999999999998,0.007518348297100942,0.005914042575601457,0.058304662027483314,0.0232382884381402,0.336165227932563,-0.0036323908727024096,SENATEME-26-D+SENATEME-26-R,"KXNFLNFCCHAMP-27-ATL, SENATEME-26-D, SENATEME-26-R","KXNBA-27-HOU, KXNFLNFCCHAMP-27-ATL, KXINXY-26DEC31H1600-B6300"
match,53,True,1,0.0027960409569701937,0.01959999999999988,0.007003959043029747,0.006511290107066983,0.05917323701088242,0.023075328398374225,0.33123082308975743,-0.0037152491500967895,CONTROLH-2026-D+CONTROLH-2026-R,"CONTROLH-2026-D, CONTROLH-2026-R, KXOSCARPIC-27-SOC","KXFEDDECISION-26SEP-H26, KXINXY-26DEC31H1600-B6300, KXOSCARPIC-27-SOC"
match,54,True,1,0.002203225351494014,0.01959999999999988,0.007596774648505927,0.005376828877396475,0.0583225165114499,0.023784429378328475,0.33606231644946255,-0.003173603525902461,CONTROLH-2026-D+CONTROLH-2026-R,"CONTROLH-2026-D, CONTROLH-2026-R, KXOSCARPIC-27-PRO","KXMLBAL-26-SEA, KXOSCARPIC-27-PRO, KXALIENS-26NOV"
match,55,True,1,0.0025619390670271296,0.01959999999999998,0.00723806093297286,0.0058833347658577805,0.05878802796363828,0.02351067921596136,0.33340121584148086,-0.003321395698830651,SENATEMI-26-D+SENATEMI-26-R,"KXATP-26USO-MUS, SENATEMI-26-D, SENATEMI-26-R","KXATP-26USO-MUS, KXINXY-26DEC31H1600-B6700, KXOSCARPIC-27-BEH"
match,56,True,1,0.002109370611903239,0.019599999999999885,0.007690629388096703,0.0053130749570844404,0.05778882145755098,0.02358133577169105,0.3391659408454479,-0.0032037043451812013,CONTROLH-2026-D+CONTROLH-2026-R,"CONTROLH-2026-D, CONTROLH-2026-R, KXNBA-27-HOU","KXNBA-27-HOU, KXOSCARPIC-27-BEH, KXWNBA-26-WSH"
match,57,True,1,0.001733171037958229,0.01959999999999998,0.00806682896204176,0.004006516155190858,0.05901805267122756,0.025502510180422922,0.33210177416706527,-0.0022733451172326294,SENATEMI-26-D+SENATEMI-26-R,"KXNBA-27-ORL, SENATEMI-26-D, SENATEMI-26-R","KXNBA-27-ORL, KXINXY-26DEC31H1600-B6700, KXOSCARPIC-27-PRO"
match,58,True,1,0.0015652900839995126,0.019599999999999868,0.008234709916000421,0.004004205628367799,0.05685938800607054,0.02442548837466747,0.3447100063389232,-0.0024389155443682864,CONTROLH-2026-D+CONTROLH-2026-R,"CONTROLH-2026-D, CONTROLH-2026-R, KXNFLAFCCHAMP-27-TEN","KXINXY-26DEC31H1600-B8900, KXNFLAFCCHAMP-27-TEN, KXWNBA-26-WSH"
match,59,True,1,0.0015459677281489947,0.019600000000000062,0.008254032271851036,0.0037598622109293114,0.05793114570015814,0.02520571063914976,0.3383326837940745,-0.0022138944827803167,CONTROLS-2026-D+CONTROLS-2026-R,"KXNBA-27-ORL, CONTROLS-2026-D, CONTROLS-2026-R","KXNBA-27-ORL, KXATP-26USO-MUS, KXNFLNFCCHAMP-27-ATL"
match,60,True,1,0.002417020552369673,0.01960000000000001,0.007382979447630332,0.0053478100701829165,0.05904215760692602,0.024173268733280094,0.3319661881343714,-0.0029307895178132433,CONTROLS-2026-D+CONTROLS-2026-R,"CONTROLS-2026-D, CONTROLS-2026-R, KXNFLNFCCHAMP-27-NO","KXNBA-27-CLE, KXNFLNFCCHAMP-27-NO, KXBTCMAXY-26DEC31-199999.99"
match,61,True,1,0.0014456498172171553,0.01959999999999988,0.008354350182782785,0.007887953135034723,0.06797291785795942,0.026098505793944987,0.28835013440142887,-0.006442303317817567,CONTROLH-2026-D+CONTROLH-2026-R,"CONTROLH-2026-D, CONTROLH-2026-R, KXNBA-27-CLE","KXNBA-27-CLE, KXF1-26-LN, KXNFLAFCCHAMP-27-TEN"
match,62,True,1,0.0026738819096161458,0.01959999999999998,0.0071261180903838435,0.006292678756849496,0.058325999301636525,0.022870320893968767,0.33604224933442395,-0.00361879684723335,SENATEMI-26-D+SENATEMI-26-R,"KXOSCARPIC-27-AVEN, SENATEMI-26-D, SENATEMI-26-R","KXINXY-26DEC31H1600-B8900, KXNFLAFCCHAMP-27-TEN, KXOSCARPIC-27-AVEN"
match,63,True,1,0.001683170618281972,0.019599999999999895,0.008116829381717976,0.004744012743350973,0.05892494725216396,0.024718460882731007,0.3326265175278558,-0.0030608421250690014,CONTROLH-2026-D+CONTROLH-2026-R,"CONTROLH-2026-D, CONTROLH-2026-R, KXNFLNFCCHAMP-27-NO","KXNFLNFCCHAMP-27-NO, KXOSCARPIC-27-SOC, KXBTCMAXY-26DEC31-199999.99"
match,64,True,1,0.002149603860809663,0.019599999999999767,0.00765039613919022,0.00542719897286232,0.05795335797942602,0.023549480016850692,0.33820300813212495,-0.0032775951120526566,CONTROLH-2026-D+CONTROLH-2026-R,"CONTROLH-2026-D, CONTROLH-2026-R, KXINXY-26DEC31H1600-B8900","KXNBA-27-HOU, KXINXY-26DEC31H1600-B8900, KXWNBA-26-WSH"
match,65,True,1,0.0016875764574539667,0.01959999999999998,0.008112423542546023,0.0041112197170487565,0.05863407684421909,0.02520581870506079,0.3342766025305368,-0.0024236432595947897,SENATEMI-26-D+SENATEMI-26-R,"KXNBA-27-IND, SENATEMI-26-D, SENATEMI-26-R","KXNBA-27-IND, KXNFLNFCCHAMP-27-ATL, KXINXY-26DEC31H1600-B6300"
match,66,True,1,0.0017840321431348526,0.019599999999999954,0.008015967856865125,0.003954978933726448,0.05886177133039924,0.025475906731473173,0.33298352321037794,-0.0021709467905915956,CONTROLH-2026-D+CONTROLH-2026-R,"CONTROLH-2026-D, CONTROLH-2026-R, KXNBA-27-TOR","KXNBA-27-TOR, KXOSCARPIC-27-SOC, KXBTCMAXY-26DEC31-199999.99"
match,67,True,1,0.0024596777112668756,0.019599999999999767,0.007340322288733008,0.006313313655643516,0.058169956863370446,0.022771664776041707,0.33694369150103093,-0.0038536359443766405,CONTROLH-2026-D+CONTROLH-2026-R,"CONTROLH-2026-D, CONTROLH-2026-R, KXINXY-26DEC31H1600-B8900","KXNBA-27-HOU, KXINXY-26DEC31H1600-B8900, KXOSCARPIC-27-SOC"
match,68,True,1,0.0024604661243160485,0.019599999999999892,0.0073395338756838974,0.0060204093200362276,0.05797374124986853,0.022966461304898038,0.33808409768697373,-0.003559943195720179,CONTROLH-2026-D+CONTROLH-2026-R,"CONTROLH-2026-D, CONTROLH-2026-R, KXINXY-26DEC31H1600-B6700","KXNFLNFCCHAMP-27-ATL, KXMLBAL-26-SEA, KXINXY-26DEC31H1600-B6700"
match,69,True,1,0.0014935888465940038,0.01959999999999998,0.008306411153405985,0.004009643509002483,0.05872444475376185,0.025352578867878443,0.3337622021320928,-0.002516054662408479,SENATEMI-26-D+SENATEMI-26-R,"KXOSCARPIC-27-AVEN, SENATEMI-26-D, SENATEMI-26-R","KXNBA-27-TOR, KXOSCARPIC-27-AVEN, KXNASCARCUPSERIES-NCS26-BWAL"
match,70,True,1,0.002385922941822327,0.019599999999999885,0.007414077058177615,0.005340495899506057,0.058788572348314604,0.024053790274651245,0.33339812853206313,-0.00295457295768373,CONTROLH-2026-D+CONTROLH-2026-R,"CONTROLH-2026-D, CONTROLH-2026-R, KXNBA-27-HOU","KXNBA-27-HOU, KXOSCARPIC-27-SOC, KXBTCMAXY-26DEC31-199999.99"
match,71,True,1,0.00197116125982889,0.01959999999999998,0.0078288387401711,0.004717541808259902,0.058386264706907394,0.024475590545193795,0.3356953916882646,-0.002746380548431012,SENATEMI-26-D+SENATEMI-26-R,"KXNFLNFCCHAMP-27-NO, SENATEMI-26-D, SENATEMI-26-R","KXNFLNFCCHAMP-27-NO, KXMLBAL-26-SEA, KXWNBA-26-WSH"
match,72,True,1,0.001426632347132084,0.019600000000000062,0.008373367652867947,0.004013247110060427,0.05885848874318366,0.025415997261531403,0.33300209398036773,-0.002586614762928343,CONTROLS-2026-D+CONTROLS-2026-R,"KXNBA-27-CLE, CONTROLS-2026-D, CONTROLS-2026-R","KXNBA-27-TOR, KXNFLNFCCHAMP-27-NO, KXOSCARPIC-27-SOC"
match,73,True,1,0.0017816675949411213,0.019599999999999996,0.008018332405058877,0.0038960633035113844,0.05887242711175551,0.025540150252366372,0.3329232539163705,-0.002114395708570263,SENATEME-26-D+SENATEME-26-R,"SENATEME-26-D, SENATEME-26-R, KXINXY-26DEC31H1600-B8900","KXFEDDECISION-26SEP-H26, KXNFLNFCCHAMP-27-ATL, KXINXY-26DEC31H1600-B8900"
match,74,True,1,0.0022171957101773387,0.019599999999999895,0.007582804289822609,0.005417615865213738,0.05816752894443257,0.023666148607002547,0.3369577555670926,-0.0032004201550363993,CONTROLH-2026-D+CONTROLH-2026-R,"KXFEDDECISION-26SEP-H26, CONTROLH-2026-D, CONTROLH-2026-R","KXFEDDECISION-26SEP-H26, KXNBA-27-HOU, KXNFLNFCCHAMP-27-ATL"
match,75,True,1,0.0025341964373921007,0.019600000000000086,0.007265803562607942,0.005466082830559948,0.05838156916007345,0.023724701749476777,0.33572239119266983,-0.002931886393167847,CONTROLS-2026-D+CONTROLS-2026-R,"CONTROLS-2026-D, CONTROLS-2026-R, KXOSCARPIC-27-SOC","KXNBA-27-ORL, KXINXY-26DEC31H1600-B6300, KXOSCARPIC-27-SOC"
match,76,True,1,0.002645461453565246,0.01959999999999998,0.007154538546434743,0.006559006854190953,0.05877655188525993,0.022829269088439012,0.33346631218282297,-0.003913545400625707,SENATEMI-26-D+SENATEMI-26-R,"KXOSCARPIC-27-PRO, SENATEMI-26-D, SENATEMI-26-R","KXNBA-27-CLE, KXOSCARPIC-27-PRO, KXALIENS-26NOV"
match,77,True,1,0.0020416694293616602,0.019600000000000062,0.007758330570638371,0.005314625141569385,0.05864950817718867,0.02401012894702495,0.33418865066669645,-0.0032729557122077244,CONTROLS-2026-D+CONTROLS-2026-R,"KXFEDDECISION-26SEP-H26, CONTROLS-2026-D, CONTROLS-2026-R","KXFEDDECISION-26SEP-H26, KXNBA-27-CLE, KXNFLNFCCHAMP-27-ATL"
match,78,True,1,0.0024519264786683655,0.01959999999999998,0.007348073521331624,0.0051642508118848116,0.0575486347031649,0.02361006653969764,0.3405814942630094,-0.002712324333216446,SENATEMI-26-D+SENATEMI-26-R,"KXNBA-27-HOU, SENATEMI-26-D, SENATEMI-26-R","KXNBA-27-HOU, KXNFLNFCCHAMP-27-ATL, KXOSCARPIC-27-BEH"
match,79,True,1,0.0019437796786469855,0.019600000000000076,0.007856220321353052,0.005447333856927319,0.05750368597006628,0.023304509128105822,0.3408477155743184,-0.003503554178280334,SENATEME-26-D+SENATEME-26-R,"SENATEME-26-D, SENATEME-26-R, KXWNBA-26-WSH","KXNFLAFCCHAMP-27-TEN, KXOSCARPIC-27-PRO, KXWNBA-26-WSH"
match,80,True,1,0.0020596874040828446,0.019599999999999906,0.007740312595917108,0.005951122735673227,0.05872331137724274,0.023410532952948142,0.3337686438369953,-0.0038914353315903823,CONTROLH-2026-D+CONTROLH-2026-R,"CONTROLH-2026-D, CONTROLH-2026-R, KXOSCARPIC-27-AVEN","KXNBA-27-TOR, KXMLBAL-26-SEA, KXOSCARPIC-27-AVEN"
match,81,True,1,0.0029172955796765952,0.01959999999999988,0.0068827044203233455,0.00605134364812206,0.058111402269138,0.02300435748644694,0.3372832049246403,-0.003134048068445465,CONTROLH-2026-D+CONTROLH-2026-R,"CONTROLH-2026-D, CONTROLH-2026-R, KXNBA-27-IND","KXNBA-27-IND, KXNFLNFCCHAMP-27-NO, KXWNBA-26-WSH"
match,82,True,1,0.002811653860576472,0.01959999999999998,0.006988346139423517,0.0066842908275492295,0.0588364983662619,0.02273395835558172,0.3331265548467622,-0.0038726369669727576,SENATEMI-26-D+SENATEMI-26-R,"KXINXY-26DEC31H1600-B6300, SENATEMI-26-D, SENATEMI-26-R","KXINXY-26DEC31H1600-B6300, KXWNBA-26-WSH, KXALIENS-26NOV"
match,83,True,1,0.0020706685004893213,0.01959999999999988,0.007729331499510619,0.004180617424809411,0.058833140952095866,0.025235953051238522,0.33314556528537087,-0.0021099489243200896,CONTROLH-2026-D+CONTROLH-2026-R,"CONTROLH-2026-D, CONTROLH-2026-R, KXNBA-27-IND","KXNBA-27-IND, KXOSCARPIC-27-SOC, KXBTCMAXY-26DEC31-199999.99"
match,84,True,1,0.001983730958703571,0.019599999999999878,0.007816269041296368,0.005118907268261048,0.059384813127933034,0.02457349929570547,0.3300507144440362,-0.003135176309557477,CONTROLH-2026-D+CONTROLH-2026-R,"CONTROLH-2026-D, CONTROLH-2026-R, KXBTCMAXY-26DEC31-199999.99","KXNBA-27-CLE, KXNFLAFCCHAMP-27-TEN, KXBTCMAXY-26DEC31-199999.99"
match,85,True,1,0.001895733011302289,0.01959999999999998,0.0079042669886977,0.004477689379481127,0.05811742505032985,0.0245810231456838,0.3372482518457472,-0.002581956368178838,SENATEMI-26-D+SENATEMI-26-R,"KXNBA-27-TOR, SENATEMI-26-D, SENATEMI-26-R","KXNBA-27-TOR, KXMLBAL-26-SEA, KXWNBA-26-WSH"
match,86,True,1,0.001925612490911291,0.019599999999999954,0.007874387509088686,0.004216053495208035,0.058835976083308796,0.025201934546446363,0.33312951198850405,-0.002290441004296744,CONTROLH-2026-D+CONTROLH-2026-R,"CONTROLH-2026-D, CONTROLH-2026-R, KXNBA-27-TOR","KXNBA-27-TOR, KXINXY-26DEC31H1600-B6300, KXOSCARPIC-27-SOC"
match,87,True,1,0.0030896567826747615,0.019600000000000062,0.0067103432173252694,0.006609365480841678,0.058917955579533096,0.02284961230892487,0.33266598963268684,-0.0035197086981669165,CONTROLS-2026-D+CONTROLS-2026-R,"KXFEDDECISION-26SEP-H26, CONTROLS-2026-D, CONTROLS-2026-R","KXFEDDECISION-26SEP-H26, KXINXY-26DEC31H1600-B6700, KXALIENS-26NOV"
match,88,True,1,0.00187558084073643,0.019599999999999906,0.007924419159263523,0.004289125464132532,0.0585988701193108,0.02501030959552287,0.3344774389010084,-0.002413544623396102,CONTROLH-2026-D+CONTROLH-2026-R,"CONTROLH-2026-D, CONTROLH-2026-R, KXOSCARPIC-27-AVEN","KXNBA-27-TOR, KXNFLNFCCHAMP-27-NO, KXOSCARPIC-27-AVEN"
match,89,True,1,0.001955410288125896,0.019599999999999892,0.00784458971187405,0.005361540019734146,0.05894758324770097,0.024112251604116338,0.33249878824785095,-0.0034061297316082505,CONTROLH-2026-D+CONTROLH-2026-R,"CONTROLH-2026-D, CONTROLH-2026-R, KXINXY-26DEC31H1600-B6700","KXNBA-27-TOR, KXINXY-26DEC31H1600-B6700, KXBTCMAXY-26DEC31-199999.99"
match,90,True,1,0.002473447538904841,0.01959999999999988,0.0073265524610951,0.005137136727720062,0.058111402269138,0.02391856440684894,0.3372832049246403,-0.0026636891888152207,CONTROLH-2026-D+CONTROLH-2026-R,"CONTROLH-2026-D, CONTROLH-2026-R, KXNBA-27-IND","KXNBA-27-IND, KXNFLNFCCHAMP-27-NO, KXWNBA-26-WSH"
match,91,True,1,0.0014877774152955714,0.019599999999999954,0.008312222584704406,0.004296788875705306,0.05842261780379988,0.024914520026194632,0.3354865073972284,-0.002809011460409735,CONTROLH-2026-D+CONTROLH-2026-R,"CONTROLH-2026-D, CONTROLH-2026-R, KXNBA-27-TOR","KXNBA-27-TOR, KXNFLAFCCHAMP-27-TEN, KXOSCARPIC-27-SOC"
match,92,True,1,0.0020924977006659858,0.019599999999999885,0.007707502299333957,0.005624140492618085,0.05850308780578946,0.023627403410276644,0.3350250514137866,-0.003531642791952099,CONTROLH-2026-D+CONTROLH-2026-R,"CONTROLH-2026-D, CONTROLH-2026-R, KXNBA-27-HOU","KXNBA-27-HOU, KXATP-26USO-MUS, KXINXY-26DEC31H1600-B8900"
match,93,True,1,0.0018415607566354304,0.019599999999999767,0.007958439243364453,0.005483947267893738,0.05795335797942602,0.023492731721819274,0.33820300813212495,-0.0036423865112583075,CONTROLH-2026-D+CONTROLH-2026-R,"CONTROLH-2026-D, CONTROLH-2026-R, KXINXY-26DEC31H1600-B8900","KXNBA-27-HOU, KXINXY-26DEC31H1600-B8900, KXWNBA-26-WSH"
match,94,True,1,0.002375815314064545,0.01959999999999988,0.007424184685935396,0.005338207577400576,0.05870601749938699,0.02401480117229292,0.33386696687787665,-0.0029623922633360313,CONTROLH-2026-D+CONTROLH-2026-R,"CONTROLH-2026-D, CONTROLH-2026-R, KXOSCARPIC-27-PRO","KXNBA-27-CLE, KXOSCARPIC-27-PRO, KXWNBA-26-WSH"
match,95,True,1,0.0015637069877208302,0.019599999999999885,0.008236293012279112,0.004568706433913432,0.05772196616253618,0.024292276647354658,0.33955877290820796,-0.0030049994461926015,CONTROLH-2026-D+CONTROLH-2026-R,"CONTROLH-2026-D, CONTROLH-2026-R, KXWNBA-26-WSH","KXMLBAL-26-SEA, KXWNBA-26-WSH, KXALIENS-26NOV"
match,96,True,1,0.00259426900984629,0.01959999999999988,0.0072057309901536505,0.007152457546940674,0.0583029610633527,0.021999022984735675,0.3361750354103334,-0.004558188537094384,CONTROLH-2026-D+CONTROLH-2026-R,"CONTROLH-2026-D, CONTROLH-2026-R, KXMLBAL-26-SEA","KXNBA-27-CLE, KXMLBAL-26-SEA, KXWNBA-26-WSH"
match,97,True,1,0.0016617818533792815,0.01959999999999988,0.00813821814662066,0.004302386845666424,0.05810221740009351,0.02474872185438033,0.3373365230630309,-0.0026406049922871426,CONTROLH-2026-D+CONTROLH-2026-R,"CONTROLH-2026-D, CONTROLH-2026-R, KXNBA-27-CLE","KXNBA-27-CLE, KXNFLNFCCHAMP-27-NO, KXWNBA-26-WSH"
match,98,True,1,0.002336386506304633,0.019599999999999784,0.007463613493695259,0.005704024029256002,0.05830838935678643,0.023450170649137212,0.3361437387691891,-0.0033676375229513694,CONTROLH-2026-D+CONTROLH-2026-R,"CONTROLH-2026-D, CONTROLH-2026-R, KXNFLNFCCHAMP-27-ATL","KXNBA-27-HOU, KXNFLNFCCHAMP-27-ATL, KXINXY-26DEC31H1600-B6700"
match,99,True,1,0.0018109276992868684,0.01959999999999998,0.007989072300713121,0.004308532609111983,0.05787628999349853,0.024629612387637282,0.3386533587795922,-0.002497604909825115,SENATEMI-26-D+SENATEMI-26-R,"KXNFLNFCCHAMP-27-NO, SENATEMI-26-D, SENATEMI-26-R","KXNFLNFCCHAMP-27-NO, KXINXY-26DEC31H1600-B8900, KXWNBA-26-WSH"
