mode,seed,violation,n_violated_pairs,edge0,var0,obj0,edge1,var1,obj1,var_ratio,edge_diff,violated,portfolio0,portfolio1
none,frozen,True,1,0.11787907779672549,0.12550517093293478,-0.0865027850634918,0.11550345236960304,0.2187825135941286,-0.06080782397107089,0.5736526602202039,0.0023756254271224547,KXVENEZUELALEADER-26DEC31-DROD+KXVENEZUELALEADER-26DEC31-NMAD,"KXVENEZUELALEADER-26DEC31-DROD, KXVENEZUELALEADER-26DEC31-NMAD, KXRATECUTCOUNT-26DEC31-T0","KXVENEZUELALEADER-26DEC31-NMAD, KXOSCARPIC-27-SOC, KXRATECUTCOUNT-26DEC31-T0"
none,0,True,1,0.10680727391030131,0.040207858848257505,-0.09675530919823694,0.026383103446479303,0.07799426702612772,-0.006884536689947374,0.5155232606364267,0.08042417046382201,SENATEOHS-26-D+SENATEOHS-26-R,"KXGOVCA-26-XBEC, SENATEOHS-26-D, SENATEOHS-26-R","KXGOVCA-26-XBEC, KXNFLNFCCHAMP-27-ATL, KXWTA-26USO-SWI"
none,1,False,0,0.18317471313754263,0.3143824654006925,-0.10457909678736951,0.18317471313754263,0.3143824654006925,-0.10457909678736951,1.0,0.0,,"KXF1-26-KA, KXVENEZUELALEADER-26DEC31-NMAD, KXRATECUTCOUNT-26DEC31-T0","KXF1-26-KA, KXVENEZUELALEADER-26DEC31-NMAD, KXRATECUTCOUNT-26DEC31-T0"
none,2,True,1,0.03896223962996882,0.01959799925593351,-0.03406273981598545,0.004888863860633173,0.0577241322127144,0.009542169192545427,0.3395113708026749,0.034073375769335654,SENATETX-26-D+SENATETX-26-R,"SENATETX-26-D, SENATETX-26-R, KXNASCARCUPSERIES-NCS26-BWAL","KXNFLAFCCHAMP-27-TEN, KXWNBA-26-WSH, KXNASCARCUPSERIES-NCS26-BWAL"
none,3,True,1,0.14926144167869954,0.11309999999999978,-0.1209864416786996,0.13643789525328326,0.3547820635252626,-0.04774237937196761,0.3187872545646502,0.012823546425416277,SENATEMI-26-D+SENATEMI-26-R,"KXF1-26-KA, SENATEMI-26-D, SENATEMI-26-R","KXNFLNFCCHAMP-27-ATL, KXF1-26-KA, SENATEMI-26-D"
none,4,False,0,0.234738130303354,0.3308948719753582,-0.15201441230951446,0.234738130303354,0.3308948719753582,-0.15201441230951446,1.0,0.0,,"CONTROLH-2026-D, KXVENEZUELALEADER-26DEC31-NMAD, KXRATECUTCOUNT-26DEC31-T0","CONTROLH-2026-D, KXVENEZUELALEADER-26DEC31-NMAD, KXRATECUTCOUNT-26DEC31-T0"
none,5,True,1,0.06563564712281184,0.04023600000000027,-0.05557664712281177,0.11261028529967831,0.4339260013635222,-0.00412878495879776,0.09272548746460689,-0.04697463817686648,SENATEME-26-D+SENATEME-26-R,"KXGOVCA-26-XBEC, SENATEME-26-D, SENATEME-26-R","KXGOVCA-26-XBEC, CONTROLS-2026-R, SENATEME-26-D"
none,6,True,1,0.09374561990315564,0.04023599999999988,-0.08368661990315567,0.14681446575059698,0.2745200503252663,-0.07818445316928041,0.14656852915597998,-0.05306884584744134,CONTROLH-2026-D+CONTROLH-2026-R,"CONTROLH-2026-D, CONTROLH-2026-R, KXGOVCA-26-XBEC","CONTROLH-2026-D, KXGOVCA-26-XBEC, KXVENEZUELALEADER-26DEC31-NMAD"
none,7,True,1,0.1383423926729886,0.08025599999999991,-0.11827839267298862,0.14521847410864241,0.26687875380775,-0.07849878565670491,0.300720828671935,-0.006876081435653825,SENATEMI-26-D+SENATEMI-26-R,"KXRATECUTCOUNT-26DEC31-T0, SENATEMI-26-D, SENATEMI-26-R","KXGOVCA-26-XBEC, KXTAKEOVERACQWB-27JUN30-PSKY, KXRATECUTCOUNT-26DEC31-T0"
none,8,True,1,0.16188562044687388,0.1130999999999999,-0.1336106204468739,0.16723067262615954,0.3152113327554672,-0.08842783943729274,0.3588068963489328,-0.005345052179285659,CONTROLH-2026-D+CONTROLH-2026-R,"CONTROLH-2026-D, CONTROLH-2026-R, KXF1-26-KA","CONTROLH-2026-D, KXF1-26-KA, KXRATECUTCOUNT-26DEC31-T0"
none,9,True,1,0.16156793679637427,0.12459126801331195,-0.13042011979304627,0.1773865104515675,0.3018098848623177,-0.10193403923598808,0.4128137422342847,-0.015818573655193235,KXFEDDECISION-26SEP-H0+KXFEDDECISION-26SEP-H25,"KXFEDDECISION-26SEP-H0, KXFEDDECISION-26SEP-H25, KXF1-26-KA","KXGOVCA-26-XBEC, KXF1-26-KA, KXTAKEOVERACQWB-27JUN30-PSKY"
none,10,True,1,0.11874965649496055,0.131904411338979,-0.0857735536602158,0.1202842946210015,0.2724772446141428,-0.0521649834674658,0.48409331034512587,-0.0015346381260409464,KXFEDDECISION-26SEP-H0+KXFEDDECISION-26SEP-H25,"KXFEDDECISION-26SEP-H0, KXFEDDECISION-26SEP-H25, KXVENEZUELALEADER-26DEC31-NMAD","CONTROLH-2026-D, KXINXY-26DEC31H1600-B8900, KXVENEZUELALEADER-26DEC31-NMAD"
none,11,True,1,0.15067944837290714,0.12039999999999998,-0.12057944837290716,0.10454724375286858,0.17850982618717054,-0.05991978720607595,0.6744726750994567,0.04613220462003856,SENATEMI-26-D+SENATEMI-26-R,"KXVENEZUELALEADER-26DEC31-NMAD, SENATEMI-26-D, SENATEMI-26-R","KXGOVCA-26-XBEC, KXVENEZUELALEADER-26DEC31-NMAD, KXWTA-26USO-SWI"
none,12,True,1,0.09621098994574973,0.04020501759601747,-0.08615973554674536,0.07421505608128796,0.1681909003513892,-0.032167330993440664,0.23904395250884564,0.02199593386446176,SENATETX-26-D+SENATETX-26-R,"KXGOVCA-26-XBEC, SENATETX-26-D, SENATETX-26-R","KXGOVCA-26-XBEC, KXF1-26-KA, KXWNBA-26-WSH"
none,13,True,1,0.11185159706272663,0.040236000000000105,-0.1017925970627266,0.12211384903449463,0.2599369650218649,-0.057129607779028396,0.15479137411878147,-0.010262251971768,CONTROLS-2026-D+CONTROLS-2026-R,"KXGOVCA-26-XBEC, CONTROLS-2026-D, CONTROLS-2026-R","CONTROLH-2026-D, KXGOVCA-26-XBEC, KXF1-26-KA"
none,14,True,1,0.153901515929673,0.12039999999999998,-0.123801515929673,0.15004022147203844,0.3065008089404073,-0.07341501923693661,0.39282114920423994,0.0038612944576345565,SENATEMI-26-D+SENATEMI-26-R,"KXVENEZUELALEADER-26DEC31-NMAD, SENATEMI-26-D, SENATEMI-26-R","KXGOVCA-26-XBEC, KXTAKEOVERACQWB-27JUN30-PSKY, KXVENEZUELALEADER-26DEC31-NMAD"
none,15,True,1,0.15307891028135506,0.12749999999999992,-0.12120391028135508,0.12002819095265682,0.22960798391737697,-0.06262619497331258,0.5552942795137299,0.03305071932869824,SENATEMI-26-D+SENATEMI-26-R,"CONTROLH-2026-D, SENATEMI-26-D, SENATEMI-26-R","CONTROLH-2026-D, KXGOVCA-26-XBEC, KXRATECUTCOUNT-26DEC31-T0"
none,16,True,1,0.10168768564426284,0.11309900627968009,-0.07341293407434282,0.05504780914363124,0.15458642859846952,-0.01640120199401386,0.7316231269786888,0.046639876500631595,SENATETX-26-D+SENATETX-26-R,"SENATETX-26-D, SENATETX-26-R, KXF1-26-KA","KXNBA-27-TOR, KXF1-26-KA, KXNFLAFCCHAMP-27-PIT"
none,17,True,1,0.14114572396436953,0.15390100647367178,-0.10267047234595159,0.15154878638450286,0.5563772746480413,-0.012454467722492535,0.2766126754027256,-0.010403062420133335,SENATETX-26-D+SENATETX-26-R,"SENATETX-26-D, SENATETX-26-R, KXTAKEOVERACQWB-27JUN30-PSKY","SENATEME-26-D, KXTAKEOVERACQWB-27JUN30-PSKY, SENATEMI-26-D"
none,18,True,1,0.14895108128601597,0.08025143696966938,-0.12888822204359862,0.12525572161138177,0.21029283925279618,-0.07268251179818272,0.3816175446335475,0.02369535967463421,SENATETX-26-D+SENATETX-26-R,"SENATETX-26-D, SENATETX-26-R, KXRATECUTCOUNT-26DEC31-T0","KXFEDDECISION-26SEP-H26, KXF1-26-KA, KXRATECUTCOUNT-26DEC31-T0"
none,19,True,1,0.09548646224189261,0.11309785119943688,-0.06721199944203339,0.03834160318414228,0.14702935932606917,-0.0015842633526249872,0.7692195063478316,0.05714485905775033,SENATEOHS-26-D+SENATEOHS-26-R,"KXF1-26-KA, SENATEOHS-26-D, SENATEOHS-26-R","KXF1-26-KA, KXINXY-26DEC31H1600-B8900, KXWNBA-26-WSH"
none,20,True,1,0.1468907579335903,0.1204000000000003,-0.11679075793359023,0.12684200536056944,0.2205536719364925,-0.07170358737644632,0.5458988687101477,0.020048752573020856,CONTROLS-2026-D+CONTROLS-2026-R,"CONTROLS-2026-D, CONTROLS-2026-R, KXVENEZUELALEADER-26DEC31-NMAD","KXVENEZUELALEADER-26DEC31-NMAD, KXOSCARPIC-27-AVEN, KXRATECUTCOUNT-26DEC31-T0"
none,21,True,1,0.09787724149778632,0.04020501759601747,-0.08782598709878195,0.11766950069680093,0.26687875380775,-0.05094981224486343,0.15064900080048987,-0.019792259199014617,SENATETX-26-D+SENATETX-26-R,"KXGOVCA-26-XBEC, SENATETX-26-D, SENATETX-26-R","KXGOVCA-26-XBEC, KXTAKEOVERACQWB-27JUN30-PSKY, KXRATECUTCOUNT-26DEC31-T0"
none,22,True,1,0.1412944307113424,0.11310000000000009,-0.11301943071134238,0.18726110238645144,0.3018098848623177,-0.11180863117087202,0.3747392172115073,-0.04596667167510904,SENATEME-26-D+SENATEME-26-R,"KXF1-26-KA, SENATEME-26-D, SENATEME-26-R","KXGOVCA-26-XBEC, KXF1-26-KA, KXTAKEOVERACQWB-27JUN30-PSKY"
none,23,True,1,0.07339536135837976,0.15390100647367178,-0.03492010973996182,0.05823506960711871,0.1915637426960389,-0.010344133933108984,0.8033931907348044,0.015160291751261053,SENATETX-26-D+SENATETX-26-R,"SENATETX-26-D, SENATETX-26-R, KXTAKEOVERACQWB-27JUN30-PSKY","KXMLBAL-26-SEA, KXTAKEOVERACQWB-27JUN30-PSKY, KXWNBA-26-WSH"
none,24,True,1,0.1436428936912555,0.13887079940073294,-0.10892519384107226,0.11873193806608445,0.21551715703217506,-0.06485264880804069,0.6443607614033281,0.02491095562517104,KXFEDDECISION-26SEP-H0+KXFEDDECISION-26SEP-H25,"KXFEDDECISION-26SEP-H0, KXFEDDECISION-26SEP-H25, CONTROLH-2026-D","CONTROLH-2026-D, KXVENEZUELALEADER-26DEC31-DFIG, KXRATECUTCOUNT-26DEC31-T0"
none,25,True,1,0.1343917781903203,0.1538999999999998,-0.09591677819032035,0.13687038372998428,0.2955665221273224,-0.06297875319815369,0.5206949653577602,-0.002478605539663975,CONTROLH-2026-D+CONTROLH-2026-R,"CONTROLH-2026-D, CONTROLH-2026-R, KXTAKEOVERACQWB-27JUN30-PSKY","CONTROLH-2026-D, KXGOVCA-26-XBEC, KXTAKEOVERACQWB-27JUN30-PSKY"
none,26,True,1,0.16952708967612373,0.0802534383315362,-0.14946373009323968,0.1536105721380685,0.23346448221242627,-0.09524445158496193,0.3437500966785802,0.01591651753805523,SENATEOHS-26-D+SENATEOHS-26-R,"KXRATECUTCOUNT-26DEC31-T0, SENATEOHS-26-D, SENATEOHS-26-R","KXGOVCA-26-XBEC, KXF1-26-KA, KXRATECUTCOUNT-26DEC31-T0"
none,27,True,1,0.09372087535367635,0.01960071497633883,-0.08882069660959165,0.0055237944401339105,0.05657830566123999,0.008620781975176087,0.3464351706411502,0.08819708091354243,SENATETX-26-D+SENATETX-26-R,"SENATETX-26-D, SENATETX-26-R, KXALIENS-26NOV","KXWNBA-26-WSH, KXWTA-26USO-SWI, KXALIENS-26NOV"
none,28,True,1,0.09710608407328411,0.1538999999999998,-0.05863108407328416,0.14771062990094996,0.46037424199668975,-0.032617069401777526,0.33429324658243237,-0.05060454582766585,CONTROLH-2026-D+CONTROLH-2026-R,"CONTROLH-2026-D, CONTROLH-2026-R, KXTAKEOVERACQWB-27JUN30-PSKY","CONTROLH-2026-D, SENATEME-26-D, KXTAKEOVERACQWB-27JUN30-PSKY"
none,29,True,1,0.08675572980114013,0.04023599999999988,-0.07669672980114016,0.12096145062580899,0.22960798391737697,-0.06355945464646474,0.17523780886677948,-0.034205720824668856,CONTROLH-2026-D+CONTROLH-2026-R,"CONTROLH-2026-D, CONTROLH-2026-R, KXGOVCA-26-XBEC","CONTROLH-2026-D, KXGOVCA-26-XBEC, KXRATECUTCOUNT-26DEC31-T0"
none,30,True,1,0.135471132775713,0.12040748388727349,-0.10536926180389461,0.14966068868771187,0.3738094010057915,-0.056208338436263994,0.32210929838387875,-0.014189555911998886,SENATETX-26-D+SENATETX-26-R,"SENATETX-26-D, SENATETX-26-R, KXVENEZUELALEADER-26DEC31-NMAD","KXGOVCA-26-XBEC, KXVENEZUELALEADER-26DEC31-NMAD, SENATEMI-26-D"
none,31,True,1,0.0788720505543459,0.019600000000000097,-0.07397205055434587,0.004785845399237761,0.0586019732307885,0.009864647908459364,0.33445972753870656,0.07408620515510814,CONTROLS-2026-D+CONTROLS-2026-R,"CONTROLS-2026-D, CONTROLS-2026-R, KXOSCARPIC-27-BEH","KXNFLAFCCHAMP-27-TEN, KXOSCARPIC-27-BEH, KXBTCMAXY-26DEC31-199999.99"
none,32,True,1,0.13737247485839466,0.1538999999999998,-0.0988974748583947,0.1952662978567261,0.3855295827891856,-0.09888390215942972,0.3991911564518125,-0.05789382299833146,CONTROLH-2026-D+CONTROLH-2026-R,"CONTROLH-2026-D, CONTROLH-2026-R, KXTAKEOVERACQWB-27JUN30-PSKY","CONTROLH-2026-D, KXF1-26-KA, KXTAKEOVERACQWB-27JUN30-PSKY"
none,33,True,1,0.101222858015043,0.0802534383315362,-0.08115949843215894,0.08738219359038704,0.21236244535194249,-0.03429158225240142,0.37790786501132234,0.013840664424655952,SENATEOHS-26-D+SENATEOHS-26-R,"KXRATECUTCOUNT-26DEC31-T0, SENATEOHS-26-D, SENATEOHS-26-R","KXF1-26-KA, KXOSCARPIC-27-SOC, KXRATECUTCOUNT-26DEC31-T0"
none,34,True,3,0.045489079132429874,0.0010946459619916235,-0.04521541764193197,0.005348152509095733,0.05870724696683069,0.00932865923261194,0.018645840480479237,0.04014092662333414,KXFEDDECISION-26SEP-H0+KXFEDDECISION-26SEP-H25;KXFEDDECISION-26SEP-H0+KXFEDDECISION-26SEP-H26;KXFEDDECISION-26SEP-H25+KXFEDDECISION-26SEP-H26,"KXFEDDECISION-26SEP-H0, KXFEDDECISION-26SEP-H25, KXFEDDECISION-26SEP-H26","KXNBA-27-HOU, KXOSCARPIC-27-PRO, KXALIENS-26NOV"
none,35,True,1,0.14612752146918845,0.15390100647367178,-0.1076522698507705,0.14373306263272234,0.26687875380775,-0.07701337418078484,0.5766701330767476,0.002394458836466107,SENATETX-26-D+SENATETX-26-R,"SENATETX-26-D, SENATETX-26-R, KXTAKEOVERACQWB-27JUN30-PSKY","KXGOVCA-26-XBEC, KXTAKEOVERACQWB-27JUN30-PSKY, KXRATECUTCOUNT-26DEC31-T0"
none,36,False,0,0.2019553876949567,0.35105579630542944,-0.11419143861859933,0.2019553876949567,0.35105579630542944,-0.11419143861859933,1.0,0.0,,"KXTAKEOVERACQWB-27JUN30-PSKY, KXVENEZUELALEADER-26DEC31-NMAD, KXRATECUTCOUNT-26DEC31-T0","KXTAKEOVERACQWB-27JUN30-PSKY, KXVENEZUELALEADER-26DEC31-NMAD, KXRATECUTCOUNT-26DEC31-T0"
none,37,True,1,0.148239458089932,0.12757136194597135,-0.11634661760343916,0.1776054234585649,0.2599369650218649,-0.11262118220309866,0.4907780697341008,-0.029365965368632896,SENATEOHS-26-D+SENATEOHS-26-R,"CONTROLH-2026-D, SENATEOHS-26-D, SENATEOHS-26-R","CONTROLH-2026-D, KXGOVCA-26-XBEC, KXF1-26-KA"
none,38,True,1,0.12658517512767914,0.09259806750172775,-0.10343565825224721,0.13112832458781443,0.3143824654006925,-0.05253270823764131,0.29453954241279956,-0.004543149460135287,KXFEDDECISION-26SEP-H0+KXFEDDECISION-26SEP-H25,"KXFEDDECISION-26SEP-H0, KXFEDDECISION-26SEP-H25, KXRATECUTCOUNT-26DEC31-T0","KXF1-26-KA, KXVENEZUELALEADER-26DEC31-NMAD, KXRATECUTCOUNT-26DEC31-T0"
none,39,True,1,0.10800151143196074,0.15390000000000012,-0.0695265114319607,0.10954587493829508,0.20782893639244968,-0.05758864084018266,0.7405128596211746,-0.0015443635063343425,KXGOVCA-26-SHIL+KXGOVCA-26-XBEC,"KXGOVCA-26-SHIL, KXGOVCA-26-XBEC, KXTAKEOVERACQWB-27JUN30-PSKY","KXGOVCA-26-XBEC, KXTAKEOVERACQWB-27JUN30-PSKY, KXNASCARCUPSERIES-NCS26-BWAL"
none,40,True,3,0.05771715271039721,0.07321425539439069,-0.039413588861799534,0.050314815937003605,0.15473375186241187,-0.011631377971400639,0.47316280070228167,0.007402336773393602,KXATP-26USO-ALC+KXATP-26USO-SHE;KXATP-26USO-ALC+KXATP-26USO-ZVE;KXATP-26USO-SHE+KXATP-26USO-ZVE,"KXATP-26USO-ALC, KXATP-26USO-SHE, KXATP-26USO-ZVE","KXF1-26-KA, KXNFLAFCCHAMP-27-PIT, KXOSCARPIC-27-AVEN"
none,41,True,1,0.07990322117886584,0.11309999999999978,-0.05162822117886589,0.08782297681018804,0.284243674689971,-0.016762058137695282,0.3978980363357591,-0.007919755631322203,SENATEMI-26-D+SENATEMI-26-R,"KXF1-26-KA, SENATEMI-26-D, SENATEMI-26-R","KXF1-26-KA, KXINXY-26DEC31H1600-B8900, KXTAKEOVERACQWB-27JUN30-PSKY"
none,42,False,0,0.16661882356048108,0.3065008089404073,-0.08999362132537925,0.16661882356048108,0.3065008089404073,-0.08999362132537925,1.0,0.0,,"KXGOVCA-26-XBEC, KXTAKEOVERACQWB-27JUN30-PSKY, KXVENEZUELALEADER-26DEC31-NMAD","KXGOVCA-26-XBEC, KXTAKEOVERACQWB-27JUN30-PSKY, KXVENEZUELALEADER-26DEC31-NMAD"
none,43,True,1,0.06949982267303922,0.04020501759601747,-0.05944856827403486,0.03581274548402144,0.0791494855708876,-0.01602537409129954,0.5079630942137858,0.03368707718901778,SENATETX-26-D+SENATETX-26-R,"KXGOVCA-26-XBEC, SENATETX-26-D, SENATETX-26-R","KXNBA-27-HOU, KXGOVCA-26-XBEC, KXBTCMAXY-26DEC31-199999.99"
none,44,True,1,0.07706704840425657,0.04023599999999988,-0.0670080484042566,0.09113427333502752,0.1660634706802468,-0.04961840566496582,0.24229290063119188,-0.01406722493077095,CONTROLH-2026-D+CONTROLH-2026-R,"CONTROLH-2026-D, CONTROLH-2026-R, KXGOVCA-26-XBEC","CONTROLH-2026-D, KXGOVCA-26-XBEC, KXVENEZUELALEADER-26DEC31-DFIG"
none,45,True,1,0.12794719458684276,0.08025599999999977,-0.10788319458684281,0.1873892772061463,0.44177094320794963,-0.07694654140415888,0.1816688065023367,-0.05944208261930353,CONTROLH-2026-D+CONTROLH-2026-R,"CONTROLH-2026-D, CONTROLH-2026-R, KXRATECUTCOUNT-26DEC31-T0","CONTROLH-2026-D, KXBALLONDOR-26-HKAN, KXRATECUTCOUNT-26DEC31-T0"
none,46,True,1,0.11754925658058385,0.08025599999999998,-0.09748525658058385,0.14364493043802584,0.22960798391737697,-0.0862429344586816,0.3495348838953249,-0.026095673857441992,SENATEME-26-D+SENATEME-26-R,"SENATEME-26-D, SENATEME-26-R, KXRATECUTCOUNT-26DEC31-T0","CONTROLH-2026-D, KXGOVCA-26-XBEC, KXRATECUTCOUNT-26DEC31-T0"
none,47,True,1,0.0497014152805893,0.040207858848257505,-0.039649450568524924,0.035689033026655465,0.08059196795458248,-0.015541041038009844,0.4989065271481719,0.014012382253933836,SENATEOHS-26-D+SENATEOHS-26-R,"KXGOVCA-26-XBEC, SENATEOHS-26-D, SENATEOHS-26-R","KXGOVCA-26-XBEC, KXNFLNFCCHAMP-27-NO, KXINXY-26DEC31H1600-B8900"
none,48,True,1,0.1626295396690537,0.08025599999999998,-0.1425655396690537,0.1009267191155899,0.1364633535030245,-0.06681088073983377,0.588113936377954,0.061702820553463794,SENATEME-26-D+SENATEME-26-R,"SENATEME-26-D, SENATEME-26-R, KXRATECUTCOUNT-26DEC31-T0","KXFEDDECISION-26SEP-H26, KXGOVCA-26-XBEC, KXRATECUTCOUNT-26DEC31-T0"
none,49,True,1,0.1462654559493055,0.1204000000000003,-0.11616545594930544,0.140015266565514,0.23904791170805118,-0.0802532886385012,0.5036647220204317,0.006250189383791516,CONTROLS-2026-D+CONTROLS-2026-R,"CONTROLS-2026-D, CONTROLS-2026-R, KXVENEZUELALEADER-26DEC31-NMAD","KXGOVCA-26-XBEC, KXVENEZUELALEADER-26DEC31-NMAD, KXRATECUTCOUNT-26DEC31-T0"
none,50,True,1,0.12152816419495982,0.11310000000000009,-0.0932531641949598,0.1982050319494012,0.4781484855488919,-0.07866791056217823,0.23653740086652503,-0.07667686775444138,SENATEME-26-D+SENATEME-26-R,"KXF1-26-KA, SENATEME-26-D, SENATEME-26-R","KXF1-26-KA, SENATEME-26-D, KXTAKEOVERACQWB-27JUN30-PSKY"
none,51,True,1,0.17197197690960014,0.08025599999999998,-0.15190797690960015,0.17765986286836255,0.36589514408265567,-0.08618607684769863,0.21934152802495285,-0.0056878859587624064,SENATEME-26-D+SENATEME-26-R,"SENATEME-26-D, SENATEME-26-R, KXRATECUTCOUNT-26DEC31-T0","KXGOVCA-26-XBEC, SENATEME-26-D, KXRATECUTCOUNT-26DEC31-T0"
none,52,True,1,0.1267303708192674,0.12040790897867854,-0.09662839357459778,0.15715117939463685,0.4485457761786214,-0.0450147353499815,0.2684406260705246,-0.03042080857536944,SENATEOHS-26-D+SENATEOHS-26-R,"KXVENEZUELALEADER-26DEC31-NMAD, SENATEOHS-26-D, SENATEOHS-26-R","CONTROLH-2026-D, SENATETX-26-R, KXVENEZUELALEADER-26DEC31-NMAD"
none,53,True,1,0.09276757543367392,0.04023599999999988,-0.08270857543367395,0.14303157536538713,0.2955665221273224,-0.06913994483355654,0.13613179094304617,-0.05026399993171321,CONTROLH-2026-D+CONTROLH-2026-R,"CONTROLH-2026-D, CONTROLH-2026-R, KXGOVCA-26-XBEC","CONTROLH-2026-D, KXGOVCA-26-XBEC, KXTAKEOVERACQWB-27JUN30-PSKY"
none,54,True,1,0.1568478319196536,0.12550517093293478,-0.1254715391864199,0.14830986665846124,0.21853711724024633,-0.09367558734839966,0.5742968174827807,0.008537965261192354,KXVENEZUELALEADER-26DEC31-DROD+KXVENEZUELALEADER-26DEC31-NMAD,"KXVENEZUELALEADER-26DEC31-DROD, KXVENEZUELALEADER-26DEC31-NMAD, KXRATECUTCOUNT-26DEC31-T0","KXVENEZUELALEADER-26DEC31-NMAD, KXOSCARPIC-27-BEH, KXRATECUTCOUNT-26DEC31-T0"
none,55,True,1,0.10162521336777602,0.12550517093293478,-0.07024892063454233,0.15401915542549716,0.35105579630542944,-0.0662552063491398,0.3575077587488155,-0.05239394205772113,KXVENEZUELALEADER-26DEC31-DROD+KXVENEZUELALEADER-26DEC31-NMAD,"KXVENEZUELALEADER-26DEC31-DROD, KXVENEZUELALEADER-26DEC31-NMAD, KXRATECUTCOUNT-26DEC31-T0","KXTAKEOVERACQWB-27JUN30-PSKY, KXVENEZUELALEADER-26DEC31-NMAD, KXRATECUTCOUNT-26DEC31-T0"
none,56,False,0,0.2311972260914471,0.3152113327554672,-0.1523943929025803,0.2311972260914471,0.3152113327554672,-0.1523943929025803,1.0,0.0,,"CONTROLH-2026-D, KXF1-26-KA, KXRATECUTCOUNT-26DEC31-T0","CONTROLH-2026-D, KXF1-26-KA, KXRATECUTCOUNT-26DEC31-T0"
none,57,True,1,0.0971277690672736,0.040207858848257505,-0.08707580435520923,0.03533167618200357,0.07803665493763365,-0.01582251244759516,0.5152432389675256,0.061796092885270035,SENATEOHS-26-D+SENATEOHS-26-R,"KXGOVCA-26-XBEC, SENATEOHS-26-D, SENATEOHS-26-R","KXGOVCA-26-XBEC, KXMLBAL-26-SEA, KXINXY-26DEC31H1600-B6700"
none,58,True,1,0.1315822498085234,0.08025143696966938,-0.11151939056610605,0.1163109617905192,0.21853711724024633,-0.061676682480457615,0.3672210834622014,0.015271288018004203,SENATETX-26-D+SENATETX-26-R,"SENATETX-26-D, SENATETX-26-R, KXRATECUTCOUNT-26DEC31-T0","KXVENEZUELALEADER-26DEC31-NMAD, KXOSCARPIC-27-BEH, KXRATECUTCOUNT-26DEC31-T0"
none,59,False,0,0.2094971284371353,0.3308948719753582,-0.12677341044329576,0.2094971284371353,0.3308948719753582,-0.12677341044329576,1.0,0.0,,"CONTROLH-2026-D, KXVENEZUELALEADER-26DEC31-NMAD, KXRATECUTCOUNT-26DEC31-T0","CONTROLH-2026-D, KXVENEZUELALEADER-26DEC31-NMAD, KXRATECUTCOUNT-26DEC31-T0"
none,60,True,1,0.03580752538638433,0.019600000000000093,-0.030907525386384305,0.00490146382252292,0.05892494725216396,0.00982977299051807,0.33262651752785916,0.030906061563861408,SENATEME-26-D+SENATEME-26-R,"SENATEME-26-D, SENATEME-26-R, KXOSCARPIC-27-SOC","KXNFLNFCCHAMP-27-NO, KXOSCARPIC-27-SOC, KXBTCMAXY-26DEC31-199999.99"
none,61,False,0,0.19732984041165913,0.3308948719753582,-0.11460612241781958,0.19732984041165913,0.3308948719753582,-0.11460612241781958,1.0,0.0,,"CONTROLH-2026-D, KXVENEZUELALEADER-26DEC31-NMAD, KXRATECUTCOUNT-26DEC31-T0","CONTROLH-2026-D, KXVENEZUELALEADER-26DEC31-NMAD, KXRATECUTCOUNT-26DEC31-T0"
none,62,True,1,0.0812221981349821,0.019604292913947496,-0.07632112490649523,0.00532978485106669,0.05886558765253933,0.009386612062068143,0.3330348629094474,0.07589241328391541,SENATETX-26-D+SENATETX-26-R,"SENATETX-26-D, SENATETX-26-R, KXNFLAFCCHAMP-27-TEN","KXNBA-27-TOR, KXATP-26USO-MUS, KXNFLAFCCHAMP-27-TEN"
none,63,False,0,0.1765298685611566,0.38619507445682155,-0.07998109994695121,0.1765298685611566,0.38619507445682155,-0.07998109994695121,1.0,0.0,,"KXF1-26-KA, KXTAKEOVERACQWB-27JUN30-PSKY, KXVENEZUELALEADER-26DEC31-NMAD","KXF1-26-KA, KXTAKEOVERACQWB-27JUN30-PSKY, KXVENEZUELALEADER-26DEC31-NMAD"
none,64,True,1,0.09271945472401255,0.08025143696966938,-0.0726565954815952,0.06418287995949747,0.12171831758575347,-0.0337533005630591,0.6593209515332836,0.028536574764515085,SENATETX-26-D+SENATETX-26-R,"SENATETX-26-D, SENATETX-26-R, KXRATECUTCOUNT-26DEC31-T0","KXNBA-27-HOU, KXINXY-26DEC31H1600-B8900, KXRATECUTCOUNT-26DEC31-T0"
none,65,True,1,0.14606706682016962,0.11309785119943688,-0.1177926040203104,0.12380847647405985,0.24953236540609552,-0.061425385122535966,0.45323920612614105,0.022258590346109774,SENATEOHS-26-D+SENATEOHS-26-R,"KXF1-26-KA, SENATEOHS-26-D, SENATEOHS-26-R","KXNFLNFCCHAMP-27-ATL, KXF1-26-KA, KXVENEZUELALEADER-26DEC31-NMAD"
none,66,True,1,0.06914513772001306,0.019603569493445487,-0.06424424534665168,0.0036445450401649433,0.058393853893338114,0.010953918433169585,0.3357128907650668,0.06550059267984812,SENATETX-26-D+SENATETX-26-R,"SENATETX-26-D, SENATETX-26-R, KXBTCMAXY-26DEC31-199999.99","KXNBA-27-TOR, KXWTA-26USO-SWI, KXBTCMAXY-26DEC31-199999.99"
none,67,True,1,0.12158593373771737,0.12040748388727349,-0.09148406276589899,0.09183629128783864,0.177871731312262,-0.04736835845977314,0.6769343447604533,0.029749642449878724,SENATETX-26-D+SENATETX-26-R,"SENATETX-26-D, SENATETX-26-R, KXVENEZUELALEADER-26DEC31-NMAD","KXGOVCA-26-XBEC, KXMLBAL-26-SEA, KXVENEZUELALEADER-26DEC31-NMAD"
none,68,True,3,0.05490386142368245,0.07321425539439069,-0.036600297575084775,0.0056343609509565545,0.05840127704965559,0.008965958311457342,1.2536413430161877,0.049269500472725894,KXATP-26USO-ALC+KXATP-26USO-SHE;KXATP-26USO-ALC+KXATP-26USO-ZVE;KXATP-26USO-SHE+KXATP-26USO-ZVE,"KXATP-26USO-ALC, KXATP-26USO-SHE, KXATP-26USO-ZVE","KXATP-26USO-MUS, KXNFLNFCCHAMP-27-ATL, KXINXY-26DEC31H1600-B6700"
none,69,True,1,0.08045977219770628,0.09008598168351221,-0.057938276776828224,0.07564497820241223,0.1772599197181662,-0.031329998272870675,0.5082140498920688,0.004814793995294053,KXVENEZUELALEADER-26DEC31-DROD+KXVENEZUELALEADER-26DEC31-NMAD,"KXGOVCA-26-XBEC, KXVENEZUELALEADER-26DEC31-DROD, KXVENEZUELALEADER-26DEC31-NMAD","KXGOVCA-26-XBEC, KXVENEZUELALEADER-26DEC31-NMAD, KXNASCARCUPSERIES-NCS26-BWAL"
none,70,True,1,0.16184448039749935,0.08025599999999977,-0.1417804803974994,0.1524637835528676,0.2227957579765636,-0.0967648440587267,0.3602222983457436,0.009380696844631747,CONTROLH-2026-D+CONTROLH-2026-R,"CONTROLH-2026-D, CONTROLH-2026-R, KXRATECUTCOUNT-26DEC31-T0","KXFEDDECISION-26SEP-H26, CONTROLH-2026-D, KXRATECUTCOUNT-26DEC31-T0"
none,71,True,1,0.08469854295308465,0.12040748388727349,-0.05459667198126628,0.15338442927275142,0.4824526451563745,-0.0327712679836578,0.24957368375137942,-0.06868588631966677,SENATETX-26-D+SENATETX-26-R,"SENATETX-26-D, SENATETX-26-R, KXVENEZUELALEADER-26DEC31-NMAD","SENATEME-26-D, KXTAKEOVERACQWB-27JUN30-PSKY, KXVENEZUELALEADER-26DEC31-NMAD"
none,72,True,1,0.10918675418554724,0.15389999999999998,-0.07071175418554725,0.12207847977082864,0.38619507445682155,-0.025529711156623253,0.39850326992507185,-0.0128917255852814,SENATEME-26-D+SENATEME-26-R,"SENATEME-26-D, SENATEME-26-R, KXTAKEOVERACQWB-27JUN30-PSKY","KXF1-26-KA, KXTAKEOVERACQWB-27JUN30-PSKY, KXVENEZUELALEADER-26DEC31-NMAD"
none,73,False,0,0.1879987587731291,0.3143824654006925,-0.10940314242295598,0.1879987587731291,0.3143824654006925,-0.10940314242295598,1.0,0.0,,"KXF1-26-KA, KXVENEZUELALEADER-26DEC31-NMAD, KXRATECUTCOUNT-26DEC31-T0","KXF1-26-KA, KXVENEZUELALEADER-26DEC31-NMAD, KXRATECUTCOUNT-26DEC31-T0"
none,74,True,1,0.11460973530054716,0.1652340265001097,-0.07330122867551973,0.1126104553017774,0.20850088994133487,-0.06048523281644369,0.792485953161164,0.001999279998769754,KXTAKEOVERACQWB-27JUN30-NFLX+KXTAKEOVERACQWB-27JUN30-PSKY,"KXGOVCA-26-XBEC, KXTAKEOVERACQWB-27JUN30-NFLX, KXTAKEOVERACQWB-27JUN30-PSKY","KXNBA-27-HOU, KXGOVCA-26-XBEC, KXTAKEOVERACQWB-27JUN30-PSKY"
none,75,True,1,0.1416846253152999,0.1204000000000003,-0.11158462531529983,0.06333812095480612,0.15960572197904146,-0.023436690460045755,0.754358919637045,0.07834650436049378,CONTROLS-2026-D+CONTROLS-2026-R,"CONTROLS-2026-D, CONTROLS-2026-R, KXVENEZUELALEADER-26DEC31-NMAD","KXNBA-27-ORL, KXINXY-26DEC31H1600-B6300, KXVENEZUELALEADER-26DEC31-NMAD"
none,76,True,1,0.0753092318688034,0.12039999999999998,-0.0452092318688034,0.03374200487375932,0.1597709932408807,0.006200743436460855,0.7535785911931926,0.041567226995044074,SENATEMI-26-D+SENATEMI-26-R,"KXVENEZUELALEADER-26DEC31-NMAD, SENATEMI-26-D, SENATEMI-26-R","KXVENEZUELALEADER-26DEC31-NMAD, KXOSCARPIC-27-PRO, KXALIENS-26NOV"
none,77,True,1,0.15225834061412713,0.08025599999999977,-0.1321943406141272,0.1981250328979859,0.3308948719753582,-0.11540131490414633,0.24254229000555938,-0.045866692283858757,CONTROLH-2026-D+CONTROLH-2026-R,"CONTROLH-2026-D, CONTROLH-2026-R, KXRATECUTCOUNT-26DEC31-T0","CONTROLH-2026-D, KXVENEZUELALEADER-26DEC31-NMAD, KXRATECUTCOUNT-26DEC31-T0"
none,78,True,1,0.12435154903143841,0.12039999999999998,-0.09425154903143843,0.11560948815742994,0.25535371194136697,-0.0517710601720882,0.4715028384926929,0.008742060874008473,SENATEMI-26-D+SENATEMI-26-R,"KXVENEZUELALEADER-26DEC31-NMAD, SENATEMI-26-D, SENATEMI-26-R","KXF1-26-KA, KXNFLAFCCHAMP-27-PIT, KXVENEZUELALEADER-26DEC31-NMAD"
none,79,True,1,0.1400429931884581,0.1131039855882958,-0.11176699679138413,0.1414666280198286,0.20927237701712192,-0.08914853376554811,0.5404630424733123,-0.0014236348313705072,KXRATECUTCOUNT-26DEC31-T0+KXRATECUTCOUNT-26DEC31-T1,"KXF1-26-KA, KXRATECUTCOUNT-26DEC31-T0, KXRATECUTCOUNT-26DEC31-T1","KXF1-26-KA, KXWNBA-26-WSH, KXRATECUTCOUNT-26DEC31-T0"
none,80,True,1,0.06125978045062075,0.019598332364355084,-0.056360197359531974,0.004610053124463113,0.05814361847651317,0.00992585149466518,0.3370676417786371,0.05664972732615764,SENATETX-26-D+SENATETX-26-R,"SENATETX-26-D, SENATETX-26-R, KXMLBAL-26-SEA","KXMLBAL-26-SEA, KXOSCARPIC-27-AVEN, KXWNBA-26-WSH"
none,81,True,1,0.12402430392180042,0.1131000000000001,-0.0957493039218004,0.055479614330622026,0.16833941553509452,-0.013394760446848397,0.6718569126576397,0.06854468959117839,CONTROLS-2026-D+CONTROLS-2026-R,"CONTROLS-2026-D, CONTROLS-2026-R, KXF1-26-KA","KXGOVCA-26-XBEC, KXNFLNFCCHAMP-27-ATL, KXF1-26-KA"
none,82,True,3,0.07213334126285151,0.0010946459619916235,-0.07185967977235361,0.041279588329325254,0.19145586903387252,0.006584378929142876,0.005717484491415397,0.030853752933526254,KXFEDDECISION-26SEP-H0+KXFEDDECISION-26SEP-H25;KXFEDDECISION-26SEP-H0+KXFEDDECISION-26SEP-H26;KXFEDDECISION-26SEP-H25+KXFEDDECISION-26SEP-H26,"KXFEDDECISION-26SEP-H0, KXFEDDECISION-26SEP-H25, KXFEDDECISION-26SEP-H26","KXINXY-26DEC31H1600-B6300, KXTAKEOVERACQWB-27JUN30-PSKY, KXALIENS-26NOV"
none,83,True,1,0.07675815126493524,0.040236000000000105,-0.06669915126493521,0.035744204811055114,0.07919628911315918,-0.01594513253276532,0.5080541077184705,0.041013946453880123,CONTROLS-2026-D+CONTROLS-2026-R,"KXGOVCA-26-XBEC, CONTROLS-2026-D, CONTROLS-2026-R","KXNBA-27-IND, KXGOVCA-26-XBEC, KXOSCARPIC-27-SOC"
none,84,True,1,0.10502038271177791,0.09008598168351221,-0.08249888729089985,0.1161533360700738,0.17816435476279918,-0.07161224737937401,0.5056341477701813,-0.011132953358295894,KXVENEZUELALEADER-26DEC31-DROD+KXVENEZUELALEADER-26DEC31-NMAD,"KXGOVCA-26-XBEC, KXVENEZUELALEADER-26DEC31-DROD, KXVENEZUELALEADER-26DEC31-NMAD","KXGOVCA-26-XBEC, KXVENEZUELALEADER-26DEC31-NMAD, KXBTCMAXY-26DEC31-199999.99"
none,85,True,1,0.05480531583192333,0.04023600000000027,-0.04474631583192326,0.026414308348240524,0.07851521992879346,-0.00678550336604216,0.5124611513091456,0.028391007483682805,SENATEME-26-D+SENATEME-26-R,"KXGOVCA-26-XBEC, SENATEME-26-D, SENATEME-26-R","KXNBA-27-TOR, KXGOVCA-26-XBEC, KXMLBAL-26-SEA"
none,86,True,1,0.08590357760157047,0.08025599999999998,-0.06583957760157047,0.08737832401989938,0.31389251522979067,-0.008905195212451714,0.2556798780029754,-0.0014747464183289122,SENATEME-26-D+SENATEME-26-R,"SENATEME-26-D, SENATEME-26-R, KXRATECUTCOUNT-26DEC31-T0","SENATEME-26-D, KXRATECUTCOUNT-26DEC31-T0, KXNASCARCUPSERIES-NCS26-BWAL"
none,87,True,1,0.16785282514707264,0.12550517093293478,-0.13647653241383895,0.16009248024746428,0.21718806293154724,-0.10579546451457747,0.5778640374562904,0.007760344899608362,KXVENEZUELALEADER-26DEC31-DROD+KXVENEZUELALEADER-26DEC31-NMAD,"KXVENEZUELALEADER-26DEC31-DROD, KXVENEZUELALEADER-26DEC31-NMAD, KXRATECUTCOUNT-26DEC31-T0","KXFEDDECISION-26SEP-H26, KXVENEZUELALEADER-26DEC31-NMAD, KXRATECUTCOUNT-26DEC31-T0"
none,88,True,1,0.1524297423093649,0.12040000000000006,-0.12232974230936489,0.1988937145255134,0.46459516475495255,-0.08274492333677527,0.2591503509587841,-0.04646397221614851,SENATEME-26-D+SENATEME-26-R,"SENATEME-26-D, SENATEME-26-R, KXVENEZUELALEADER-26DEC31-NMAD","KXF1-26-KA, KXVENEZUELALEADER-26DEC31-NMAD, SENATEMI-26-D"
none,89,True,3,0.09286707329821517,0.03015850947891248,-0.08532744592848705,0.0860375050984454,0.1594334941340235,-0.04617913156493953,0.18916043735176835,0.006829568199769764,KXVENEZUELALEADER-26DEC31-DROD+KXVENEZUELALEADER-26DEC31-JROD;KXVENEZUELALEADER-26DEC31-DROD+KXVENEZUELALEADER-26DEC31-NMAD;KXVENEZUELALEADER-26DEC31-JROD+KXVENEZUELALEADER-26DEC31-NMAD,"KXVENEZUELALEADER-26DEC31-DROD, KXVENEZUELALEADER-26DEC31-JROD, KXVENEZUELALEADER-26DEC31-NMAD","KXNBA-27-ORL, KXINXY-26DEC31H1600-B6700, KXVENEZUELALEADER-26DEC31-NMAD"
none,90,True,1,0.14415776033700767,0.1131000000000001,-0.11588276033700765,0.13266622131428352,0.38619507445682155,-0.03611745270007813,0.2928571788728114,0.011491539022724151,CONTROLS-2026-D+CONTROLS-2026-R,"CONTROLS-2026-D, CONTROLS-2026-R, KXF1-26-KA","KXF1-26-KA, KXTAKEOVERACQWB-27JUN30-PSKY, KXVENEZUELALEADER-26DEC31-NMAD"
none,91,True,1,0.11606791447474263,0.12040790897867854,-0.085965937230073,0.09573273562027047,0.2926063237736183,-0.022581154676865903,0.4115013900787562,0.020335178854472155,SENATEOHS-26-D+SENATEOHS-26-R,"KXVENEZUELALEADER-26DEC31-NMAD, SENATEOHS-26-D, SENATEOHS-26-R","KXINXY-26DEC31H1600-B6300, KXTAKEOVERACQWB-27JUN30-PSKY, KXVENEZUELALEADER-26DEC31-NMAD"
none,92,True,1,0.12252495459565071,0.08025599999999977,-0.10246095459565077,0.12132684581973341,0.22960798391737697,-0.06392484984038917,0.34953488389532394,0.001198108775917306,CONTROLH-2026-D+CONTROLH-2026-R,"CONTROLH-2026-D, CONTROLH-2026-R, KXRATECUTCOUNT-26DEC31-T0","CONTROLH-2026-D, KXGOVCA-26-XBEC, KXRATECUTCOUNT-26DEC31-T0"
none,93,True,1,0.09070248107808432,0.1131000000000001,-0.062427481078084296,0.06320682767586316,0.14702935932606917,-0.02644948784434587,0.7692341211198274,0.027495653402221154,CONTROLS-2026-D+CONTROLS-2026-R,"CONTROLS-2026-D, CONTROLS-2026-R, KXF1-26-KA","KXF1-26-KA, KXINXY-26DEC31H1600-B8900, KXWNBA-26-WSH"
none,94,True,1,0.09053000500809996,0.12039999999999988,-0.06043000500809999,0.08912597504048095,0.2721065218683041,-0.021099344573404927,0.4424737752455337,0.0014040299676190138,CONTROLH-2026-D+CONTROLH-2026-R,"CONTROLH-2026-D, CONTROLH-2026-R, KXVENEZUELALEADER-26DEC31-NMAD","CONTROLH-2026-D, KXVENEZUELALEADER-26DEC31-NMAD, KXOSCARPIC-27-PRO"
none,95,True,1,0.17054873417560007,0.1131039855882958,-0.14227273777852611,0.16470377640041317,0.20927237701712192,-0.11238568214613269,0.5404630424733123,0.005844957775186899,KXRATECUTCOUNT-26DEC31-T0+KXRATECUTCOUNT-26DEC31-T1,"KXF1-26-KA, KXRATECUTCOUNT-26DEC31-T0, KXRATECUTCOUNT-26DEC31-T1","KXF1-26-KA, KXWNBA-26-WSH, KXRATECUTCOUNT-26DEC31-T0"
none,96,True,1,0.1573604391013368,0.1131000000000001,-0.12908543910133677,0.19506448405767318,0.3143824654006925,-0.11646886770750006,0.3597528884311338,-0.03770404495633639,CONTROLS-2026-D+CONTROLS-2026-R,"CONTROLS-2026-D, CONTROLS-2026-R, KXF1-26-KA","KXF1-26-KA, KXVENEZUELALEADER-26DEC31-NMAD, KXRATECUTCOUNT-26DEC31-T0"
none,97,True,1,0.11152847535234711,0.12039999999999988,-0.08142847535234714,0.12004360157036231,0.3308948719753582,-0.03731988357652276,0.3638617887344174,-0.008515126218015201,CONTROLH-2026-D+CONTROLH-2026-R,"CONTROLH-2026-D, CONTROLH-2026-R, KXVENEZUELALEADER-26DEC31-NMAD","CONTROLH-2026-D, KXVENEZUELALEADER-26DEC31-NMAD, KXRATECUTCOUNT-26DEC31-T0"
none,98,True,1,0.09267387623193654,0.08025599999999977,-0.0726098762319366,0.12265820576841002,0.22960798391737697,-0.06525620978906578,0.34953488389532394,-0.02998432953647348,CONTROLH-2026-D+CONTROLH-2026-R,"CONTROLH-2026-D, CONTROLH-2026-R, KXRATECUTCOUNT-26DEC31-T0","CONTROLH-2026-D, KXGOVCA-26-XBEC, KXRATECUTCOUNT-26DEC31-T0"
none,99,True,1,0.08950376559681034,0.08025599999999991,-0.06943976559681037,0.11226952145213179,0.3203794270587304,-0.032174664687449187,0.25050297622664697,-0.02276575585532145,SENATEMI-26-D+SENATEMI-26-R,"KXRATECUTCOUNT-26DEC31-T0, SENATEMI-26-D, SENATEMI-26-R","KXBALLONDOR-26-HKAN, KXRATECUTCOUNT-26DEC31-T0, KXWTA-26USO-SWI"
cap,frozen,True,1,0.0017955421490133301,0.01959999999999998,0.0031044578509866645,0.005144598654087996,0.05855271737341708,0.009493580689266274,0.3347410825530426,-0.0033490565050746657,SENATEMI-26-D+SENATEMI-26-R,"KXATP-26USO-MUS, SENATEMI-26-D, SENATEMI-26-R","KXATP-26USO-MUS, KXOSCARPIC-27-SOC, KXWNBA-26-WSH"
cap,0,True,1,0.0018487541804698068,0.019599999999999784,0.0030512458195301392,0.005340931284833105,0.05820669506872042,0.009210742482347,0.33673102341336314,-0.0034921771043632983,CONTROLH-2026-D+CONTROLH-2026-R,"CONTROLH-2026-D, CONTROLH-2026-R, KXNFLNFCCHAMP-27-ATL","KXNBA-27-ORL, KXNFLNFCCHAMP-27-ATL, KXINXY-26DEC31H1600-B6300"
cap,1,True,1,0.11228492649454558,0.24056737599931016,-0.05214308249471804,0.11385164206686538,0.2895555454343851,-0.0414627557082691,0.8308159860603467,-0.001566715572319799,KXTAKEOVERACQWB-27JUN30-NFLX+KXTAKEOVERACQWB-27JUN30-PSKY,"KXF1-26-KA, KXTAKEOVERACQWB-27JUN30-NFLX, KXTAKEOVERACQWB-27JUN30-PSKY","KXNFLNFCCHAMP-27-NO, KXF1-26-KA, KXTAKEOVERACQWB-27JUN30-PSKY"
cap,2,True,3,0.04254950943340252,0.08195970009968134,-0.022059584408482186,0.004261249392940952,0.057069315593365984,0.010006079505400544,1.4361430349658642,0.03828826004046157,KXBALLONDOR-26-HKAN+KXBALLONDOR-26-KMBA;KXBALLONDOR-26-HKAN+KXBALLONDOR-26-LYAM;KXBALLONDOR-26-KMBA+KXBALLONDOR-26-LYAM,"KXBALLONDOR-26-HKAN, KXBALLONDOR-26-KMBA, KXBALLONDOR-26-LYAM","KXNFLAFCCHAMP-27-TEN, KXOSCARPIC-27-BEH, KXWNBA-26-WSH"
cap,3,True,3,0.05000000000000004,0.047498660814540905,-0.03812533479636481,0.05303611431103927,0.14424950236525289,-0.01697373871972605,0.32928128025197595,-0.0030361143110392355,KXF1-26-GR+KXF1-26-KA;KXF1-26-GR+KXF1-26-LN;KXF1-26-KA+KXF1-26-LN,"KXF1-26-GR, KXF1-26-KA, KXF1-26-LN","KXNFLNFCCHAMP-27-ATL, KXF1-26-KA, KXWNBA-26-WSH"
cap,4,True,1,0.001706882772961115,0.019600000000000062,0.0031931172270389004,0.004781727390792363,0.05851921145143427,0.009848075472066205,0.3349327428355099,-0.003074844617831248,CONTROLS-2026-D+CONTROLS-2026-R,"KXNBA-27-ORL, CONTROLS-2026-D, CONTROLS-2026-R","KXNBA-27-ORL, KXNFLNFCCHAMP-27-ATL, KXBTCMAXY-26DEC31-199999.99"
cap,5,True,1,0.0019424976112167973,0.019600000000000208,0.0029575023887832546,0.005514217041985549,0.05909090649325507,0.009258509581328218,0.33169232227360484,-0.0035717194307687515,KXGOVCA-26-SHIL+KXGOVCA-26-XBEC,"KXGOVCA-26-SHIL, KXGOVCA-26-XBEC, KXINXY-26DEC31H1600-B6700","KXNBA-27-CLE, KXNFLNFCCHAMP-27-NO, KXINXY-26DEC31H1600-B6700"
cap,6,True,3,0.05979007235334269,0.08195970009968134,-0.03930014732842235,0.004728902306864308,0.05829711301792179,0.009845375947616138,1.4058963790279833,0.05506117004647838,KXBALLONDOR-26-HKAN+KXBALLONDOR-26-KMBA;KXBALLONDOR-26-HKAN+KXBALLONDOR-26-LYAM;KXBALLONDOR-26-KMBA+KXBALLONDOR-26-LYAM,"KXBALLONDOR-26-HKAN, KXBALLONDOR-26-KMBA, KXBALLONDOR-26-LYAM","KXNBA-27-HOU, KXOSCARPIC-27-AVEN, KXWNBA-26-WSH"
cap,7,True,1,0.049992971422064186,0.1461689632382756,-0.013450730612495285,0.051499050055280604,0.19154235457521682,-0.0036134614114764,0.7631156229776662,-0.0015060786332164178,KXTAKEOVERACQWB-27JUN30-NFLX+KXTAKEOVERACQWB-27JUN30-PSKY,"KXINXY-26DEC31H1600-B8900, KXTAKEOVERACQWB-27JUN30-NFLX, KXTAKEOVERACQWB-27JUN30-PSKY","KXINXY-26DEC31H1600-B8900, KXTAKEOVERACQWB-27JUN30-PSKY, KXOSCARPIC-27-BEH"
cap,8,True,3,0.04999999999999989,0.047498660814540905,-0.038125334796364665,0.061018232580533405,0.15150486170094032,-0.023142017155298324,0.3135124528762637,-0.011018232580533513,KXF1-26-GR+KXF1-26-KA;KXF1-26-GR+KXF1-26-LN;KXF1-26-KA+KXF1-26-LN,"KXF1-26-GR, KXF1-26-KA, KXF1-26-LN","KXF1-26-KA, KXNFLAFCCHAMP-27-PIT, KXWNBA-26-WSH"
cap,9,True,1,0.1178291494331957,0.22747827861054576,-0.060959579780559256,0.1699606496583318,0.47172768231781137,-0.052028729078878955,0.4822237217303893,-0.0521315002251361,KXF1-26-GR+KXF1-26-KA,"KXF1-26-GR, KXF1-26-KA, KXTAKEOVERACQWB-27JUN30-PSKY","KXBALLONDOR-26-HKAN, KXF1-26-KA, KXTAKEOVERACQWB-27JUN30-PSKY"
cap,10,True,3,0.04525492975174231,0.08195970009968134,-0.02476500472682197,0.0032422650593845366,0.05852520576182604,0.011389036381071973,1.400417119987997,0.04201266469235777,KXBALLONDOR-26-HKAN+KXBALLONDOR-26-KMBA;KXBALLONDOR-26-HKAN+KXBALLONDOR-26-LYAM;KXBALLONDOR-26-KMBA+KXBALLONDOR-26-LYAM,"KXBALLONDOR-26-HKAN, KXBALLONDOR-26-KMBA, KXBALLONDOR-26-LYAM","KXINXY-26DEC31H1600-B8900, KXOSCARPIC-27-PRO, KXBTCMAXY-26DEC31-199999.99"
cap,11,True,1,0.0016898009530835895,0.019600000000000107,0.0032101990469164373,0.004812580556378499,0.0586635621147414,0.00985330997230685,0.3341085896158849,-0.0031227796032949097,CONTROLS-2026-D+CONTROLS-2026-R,"CONTROLS-2026-D, CONTROLS-2026-R, KXOSCARPIC-27-PRO","KXNBA-27-ORL, KXINXY-26DEC31H1600-B8900, KXOSCARPIC-27-PRO"
cap,12,True,3,0.03967552207144165,0.047498660814540905,-0.027800856867806423,0.0439905647167978,0.14745399332997183,-0.007127066384304839,0.32212529306173915,-0.0043150426453561486,KXF1-26-GR+KXF1-26-KA;KXF1-26-GR+KXF1-26-LN;KXF1-26-KA+KXF1-26-LN,"KXF1-26-GR, KXF1-26-KA, KXF1-26-LN","KXFEDDECISION-26SEP-H26, KXF1-26-KA, KXWNBA-26-WSH"
cap,13,True,3,0.039868643585998786,0.047498660814540905,-0.02799397838236356,0.04656588382565535,0.15150486170094032,-0.008689668400420271,0.3135124528762637,-0.0066972402396565656,KXF1-26-GR+KXF1-26-KA;KXF1-26-GR+KXF1-26-LN;KXF1-26-KA+KXF1-26-LN,"KXF1-26-GR, KXF1-26-KA, KXF1-26-LN","KXF1-26-KA, KXNFLAFCCHAMP-27-PIT, KXWNBA-26-WSH"
cap,14,True,3,0.061002277155873585,0.08195970009968134,-0.04051235213095325,0.045044622403318975,0.19148422088785155,0.0028264328186439133,0.42802325810273156,0.01595765475255461,KXBALLONDOR-26-HKAN+KXBALLONDOR-26-KMBA;KXBALLONDOR-26-HKAN+KXBALLONDOR-26-LYAM;KXBALLONDOR-26-KMBA+KXBALLONDOR-26-LYAM,"KXBALLONDOR-26-HKAN, KXBALLONDOR-26-KMBA, KXBALLONDOR-26-LYAM","KXNBA-27-HOU, KXTAKEOVERACQWB-27JUN30-PSKY, KXALIENS-26NOV"
cap,15,True,1,0.0019756588049115696,0.01959999999999998,0.002924341195088425,0.0053620908464870574,0.058293373506908594,0.009211252530240091,0.3362303263796716,-0.003386432041575488,SENATEMI-26-D+SENATEMI-26-R,"KXOSCARPIC-27-SOC, SENATEMI-26-D, SENATEMI-26-R","KXNBA-27-CLE, KXNFLNFCCHAMP-27-ATL, KXOSCARPIC-27-SOC"
cap,16,True,3,0.05000000000000017,0.047498660814540905,-0.03812533479636494,0.054455991284185955,0.15458642859846952,-0.015809384134568574,0.3072628124291317,-0.0044559912841857854,KXF1-26-GR+KXF1-26-KA;KXF1-26-GR+KXF1-26-LN;KXF1-26-KA+KXF1-26-LN,"KXF1-26-GR, KXF1-26-KA, KXF1-26-LN","KXNBA-27-TOR, KXF1-26-KA, KXNFLAFCCHAMP-27-PIT"
cap,17,True,1,0.04514919711109408,0.14709159176380038,-0.008376299170143986,0.04922967254655626,0.19138181908202317,-0.001384217776050467,0.7685766206494217,-0.00408047543546218,KXTAKEOVERACQWB-27JUN30-NFLX+KXTAKEOVERACQWB-27JUN30-PSKY,"KXNBA-27-TOR, KXTAKEOVERACQWB-27JUN30-NFLX, KXTAKEOVERACQWB-27JUN30-PSKY","KXNBA-27-TOR, KXNFLNFCCHAMP-27-NO, KXTAKEOVERACQWB-27JUN30-PSKY"
cap,18,True,3,0.04954081744566783,0.047498660814540905,-0.037666152242032604,0.0556615559865974,0.1484156362032655,-0.018557646935781026,0.3200381174763028,-0.0061207385409295725,KXF1-26-GR+KXF1-26-KA;KXF1-26-GR+KXF1-26-LN;KXF1-26-KA+KXF1-26-LN,"KXF1-26-GR, KXF1-26-KA, KXF1-26-LN","KXNFLNFCCHAMP-27-ATL, KXF1-26-KA, KXOSCARPIC-27-PRO"
cap,19,True,3,0.031688459608796765,0.047498660814540905,-0.01981379440516154,0.03834160318414228,0.14702935932606917,-0.0015842633526249872,0.3230556198589047,-0.0066531435753455145,KXF1-26-GR+KXF1-26-KA;KXF1-26-GR+KXF1-26-LN;KXF1-26-KA+KXF1-26-LN,"KXF1-26-GR, KXF1-26-KA, KXF1-26-LN","KXF1-26-KA, KXINXY-26DEC31H1600-B8900, KXWNBA-26-WSH"
cap,20,True,1,0.0013604716153570555,0.019600000000000062,0.00353952838464296,0.0032913619913260313,0.0588386682061624,0.01141830506021457,0.33311426987647685,-0.0019308903759689758,CONTROLS-2026-D+CONTROLS-2026-R,"CONTROLS-2026-D, CONTROLS-2026-R, KXOSCARPIC-27-AVEN","KXOSCARPIC-27-AVEN, KXWNBA-26-WSH, KXALIENS-26NOV"
cap,21,True,3,0.03664567821649867,0.08195970009968134,-0.01615575319157833,0.04940681568627296,0.19125370517019136,-0.0015933893937251226,0.42853914922457415,-0.012761137469774295,KXBALLONDOR-26-HKAN+KXBALLONDOR-26-KMBA;KXBALLONDOR-26-HKAN+KXBALLONDOR-26-LYAM;KXBALLONDOR-26-KMBA+KXBALLONDOR-26-LYAM,"KXBALLONDOR-26-HKAN, KXBALLONDOR-26-KMBA, KXBALLONDOR-26-LYAM","KXINXY-26DEC31H1600-B8900, KXTAKEOVERACQWB-27JUN30-PSKY, KXOSCARPIC-27-AVEN"
cap,22,True,1,0.12033564600211574,0.22747827861054576,-0.0634660763494793,0.11922522567489077,0.2816138915318521,-0.04882175279192774,0.8077665394031767,0.0011104203272249702,KXF1-26-GR+KXF1-26-KA,"KXF1-26-GR, KXF1-26-KA, KXTAKEOVERACQWB-27JUN30-PSKY","KXF1-26-KA, KXTAKEOVERACQWB-27JUN30-PSKY, KXWNBA-26-WSH"
cap,23,True,1,0.05948029722710499,0.1467570600487855,-0.022791032214908614,0.05823506960711871,0.1915637426960389,-0.010344133933108984,0.7661004007509408,0.0012452276199862791,KXTAKEOVERACQWB-27JUN30-NFLX+KXTAKEOVERACQWB-27JUN30-PSKY,"KXMLBAL-26-SEA, KXTAKEOVERACQWB-27JUN30-NFLX, KXTAKEOVERACQWB-27JUN30-PSKY","KXMLBAL-26-SEA, KXTAKEOVERACQWB-27JUN30-PSKY, KXWNBA-26-WSH"
cap,24,True,3,0.03411432970777009,0.08195970009968134,-0.013624404682849756,0.005103740453700576,0.058691454679818546,0.00956912321625406,1.3964503103015393,0.029010589254069515,KXBALLONDOR-26-HKAN+KXBALLONDOR-26-KMBA;KXBALLONDOR-26-HKAN+KXBALLONDOR-26-LYAM;KXBALLONDOR-26-KMBA+KXBALLONDOR-26-LYAM,"KXBALLONDOR-26-HKAN, KXBALLONDOR-26-KMBA, KXBALLONDOR-26-LYAM","KXNBA-27-CLE, KXNFLNFCCHAMP-27-ATL, KXINXY-26DEC31H1600-B6300"
cap,25,True,1,0.07430254018479222,0.1475593833966493,-0.037412694335629895,0.0720418007803625,0.19237600848865746,-0.023947798658198134,0.7670363085080303,0.0022607394044297235,KXTAKEOVERACQWB-27JUN30-NFLX+KXTAKEOVERACQWB-27JUN30-PSKY,"KXTAKEOVERACQWB-27JUN30-NFLX, KXTAKEOVERACQWB-27JUN30-PSKY, KXBTCMAXY-26DEC31-199999.99","KXNFLNFCCHAMP-27-NO, KXTAKEOVERACQWB-27JUN30-PSKY, KXBTCMAXY-26DEC31-199999.99"
cap,26,True,1,0.09985549504825036,0.24054531481536515,-0.03971916634440908,0.10176174549110838,0.3402651256511674,-0.016695464078316527,0.7069349653598268,-0.0019062504428580124,KXBALLONDOR-26-HKAN+KXBALLONDOR-26-LYAM,"KXBALLONDOR-26-HKAN, KXBALLONDOR-26-LYAM, KXF1-26-KA","KXBALLONDOR-26-HKAN, KXNFLNFCCHAMP-27-ATL, KXF1-26-KA"
cap,27,True,1,0.0019178265285783036,0.0195999999999999,0.002982173471421671,0.004713019094053698,0.05806037383020218,0.009802074363496848,0.33757963834887084,-0.002795192565475394,SENATEMI-26-D+SENATEMI-26-R,"SENATEMI-26-D, SENATEMI-26-R, KXALIENS-26NOV","KXNFLAFCCHAMP-27-TEN, KXWNBA-26-WSH, KXALIENS-26NOV"
cap,28,True,1,0.06083234132815722,0.14618500511665028,-0.024286090048994652,0.059386998068144986,0.19169167773969326,-0.011464078633221672,0.7626048602650423,0.0014453432600122357,KXTAKEOVERACQWB-27JUN30-NFLX+KXTAKEOVERACQWB-27JUN30-PSKY,"KXNFLNFCCHAMP-27-NO, KXTAKEOVERACQWB-27JUN30-NFLX, KXTAKEOVERACQWB-27JUN30-PSKY","KXNBA-27-IND, KXNFLNFCCHAMP-27-NO, KXTAKEOVERACQWB-27JUN30-PSKY"
cap,29,True,1,0.03997779903609687,0.1461689632382756,-0.0034355582265279683,0.04152404927753739,0.191919564401088,0.006455841822734613,0.7616157513404973,-0.0015462502414405194,KXTAKEOVERACQWB-27JUN30-NFLX+KXTAKEOVERACQWB-27JUN30-PSKY,"KXINXY-26DEC31H1600-B8900, KXTAKEOVERACQWB-27JUN30-NFLX, KXTAKEOVERACQWB-27JUN30-PSKY","KXINXY-26DEC31H1600-B8900, KXTAKEOVERACQWB-27JUN30-PSKY, KXBTCMAXY-26DEC31-199999.99"
cap,30,True,1,0.001972412535105647,0.01959999999999998,0.0029275874648943476,0.004812718227436976,0.05819653389504857,0.009736415246325167,0.3367898169905883,-0.002840305692331329,SENATEMI-26-D+SENATEMI-26-R,"KXNBA-27-IND, SENATEMI-26-D, SENATEMI-26-R","KXNBA-27-IND, KXNFLNFCCHAMP-27-ATL, KXOSCARPIC-27-SOC"
cap,31,True,1,0.0018544145979702796,0.01959999999999998,0.003045585402029715,0.004785845399237761,0.0586019732307885,0.009864647908459364,0.3344597275387045,-0.0029314308012674817,SENATEMI-26-D+SENATEMI-26-R,"KXOSCARPIC-27-BEH, SENATEMI-26-D, SENATEMI-26-R","KXNFLAFCCHAMP-27-TEN, KXOSCARPIC-27-BEH, KXBTCMAXY-26DEC31-199999.99"
cap,32,True,1,0.13504240506084478,0.24056737599931016,-0.07490056106101724,0.1355199429733592,0.2851735812977906,-0.06422654764891156,0.8435822662973094,-0.00047753791251442523,KXTAKEOVERACQWB-27JUN30-NFLX+KXTAKEOVERACQWB-27JUN30-PSKY,"KXF1-26-KA, KXTAKEOVERACQWB-27JUN30-NFLX, KXTAKEOVERACQWB-27JUN30-PSKY","KXF1-26-KA, KXTAKEOVERACQWB-27JUN30-PSKY, KXALIENS-26NOV"
cap,33,True,3,0.04261869085660923,0.047498660814540905,-0.030744025652974002,0.04120849833361753,0.14757645475609785,-0.004314384644593071,0.3218579880716254,0.0014101925229916962,KXF1-26-GR+KXF1-26-KA;KXF1-26-GR+KXF1-26-LN;KXF1-26-KA+KXF1-26-LN,"KXF1-26-GR, KXF1-26-KA, KXF1-26-LN","KXF1-26-KA, KXOSCARPIC-27-PRO, KXWNBA-26-WSH"
cap,34,True,1,0.0018323021982123086,0.01959999999999998,0.003067697801787686,0.005348152509095733,0.05870724696683069,0.00932865923261194,0.3338599749205389,-0.003515850310883424,SENATEMI-26-D+SENATEMI-26-R,"KXOSCARPIC-27-PRO, SENATEMI-26-D, SENATEMI-26-R","KXNBA-27-HOU, KXOSCARPIC-27-PRO, KXALIENS-26NOV"
cap,35,True,1,0.08183545218839963,0.1467570600487855,-0.04514618717620326,0.07997843766552064,0.19062357649868808,-0.03232254354084862,0.7698788510024389,0.0018570145228789942,KXTAKEOVERACQWB-27JUN30-NFLX+KXTAKEOVERACQWB-27JUN30-PSKY,"KXMLBAL-26-SEA, KXTAKEOVERACQWB-27JUN30-NFLX, KXTAKEOVERACQWB-27JUN30-PSKY","KXMLBAL-26-SEA, KXINXY-26DEC31H1600-B8900, KXTAKEOVERACQWB-27JUN30-PSKY"
cap,36,True,1,0.07371069802573232,0.1467570600487855,-0.03702143301353595,0.07307152619202475,0.19237581372168377,-0.02497757276160381,0.762866481028138,0.0006391718337075691,KXTAKEOVERACQWB-27JUN30-NFLX+KXTAKEOVERACQWB-27JUN30-PSKY,"KXMLBAL-26-SEA, KXTAKEOVERACQWB-27JUN30-NFLX, KXTAKEOVERACQWB-27JUN30-PSKY","KXNBA-27-TOR, KXMLBAL-26-SEA, KXTAKEOVERACQWB-27JUN30-PSKY"
cap,37,True,3,0.05000000000000005,0.047498660814540905,-0.038125334796364825,0.056778435090260745,0.14831293378500104,-0.019700201644010484,0.32025973461894036,-0.006778435090260694,KXF1-26-GR+KXF1-26-KA;KXF1-26-GR+KXF1-26-LN;KXF1-26-KA+KXF1-26-LN,"KXF1-26-GR, KXF1-26-KA, KXF1-26-LN","KXF1-26-KA, KXOSCARPIC-27-SOC, KXWNBA-26-WSH"
cap,38,True,3,0.04025513546715497,0.047498660814540905,-0.028380470263519746,0.04319448811655999,0.1525518867763339,-0.005056516422476509,0.3113606905706891,-0.002939352649405015,KXF1-26-GR+KXF1-26-KA;KXF1-26-GR+KXF1-26-LN;KXF1-26-KA+KXF1-26-LN,"KXF1-26-GR, KXF1-26-KA, KXF1-26-LN","KXF1-26-KA, KXINXY-26DEC31H1600-B8900, KXOSCARPIC-27-BEH"
cap,39,True,1,0.0807516697594904,0.14709781424181997,-0.043977216199035406,0.08194327116195124,0.1931275264658277,-0.033661389545494316,0.7616615659800712,-0.001191601402460843,KXTAKEOVERACQWB-27JUN30-NFLX+KXTAKEOVERACQWB-27JUN30-PSKY,"KXNBA-27-CLE, KXTAKEOVERACQWB-27JUN30-NFLX, KXTAKEOVERACQWB-27JUN30-PSKY","KXFEDDECISION-26SEP-H26, KXNBA-27-CLE, KXTAKEOVERACQWB-27JUN30-PSKY"
cap,40,True,3,0.04593339243148076,0.047498660814540905,-0.03405872722784553,0.050314815937003605,0.15473375186241187,-0.011631377971400639,0.30697026500576535,-0.004381423505522848,KXF1-26-GR+KXF1-26-KA;KXF1-26-GR+KXF1-26-LN;KXF1-26-KA+KXF1-26-LN,"KXF1-26-GR, KXF1-26-KA, KXF1-26-LN","KXF1-26-KA, KXNFLAFCCHAMP-27-PIT, KXOSCARPIC-27-AVEN"
cap,41,True,1,0.08918057896123341,0.24056737599931016,-0.029038734961405868,0.08782297681018804,0.284243674689971,-0.016762058137695282,0.8463420558494423,0.00135760215104537,KXTAKEOVERACQWB-27JUN30-NFLX+KXTAKEOVERACQWB-27JUN30-PSKY,"KXF1-26-KA, KXTAKEOVERACQWB-27JUN30-NFLX, KXTAKEOVERACQWB-27JUN30-PSKY","KXF1-26-KA, KXINXY-26DEC31H1600-B8900, KXTAKEOVERACQWB-27JUN30-PSKY"
cap,42,True,1,0.06277801476392093,0.1471121749611508,-0.02599997102363323,0.06167530056639222,0.193057168217585,-0.013411008511995968,0.762013533708047,0.0011027141975287133,KXTAKEOVERACQWB-27JUN30-NFLX+KXTAKEOVERACQWB-27JUN30-PSKY,"KXFEDDECISION-26SEP-H26, KXTAKEOVERACQWB-27JUN30-NFLX, KXTAKEOVERACQWB-27JUN30-PSKY","KXFEDDECISION-26SEP-H26, KXTAKEOVERACQWB-27JUN30-PSKY, KXOSCARPIC-27-PRO"
cap,43,True,1,0.03830689870243062,0.14711341591515745,-0.0015285447236412578,0.005255115155751815,0.05874891477878708,0.009432113538944955,2.5041043986786424,0.0330517835466788,KXTAKEOVERACQWB-27JUN30-NFLX+KXTAKEOVERACQWB-27JUN30-PSKY,"KXNBA-27-HOU, KXTAKEOVERACQWB-27JUN30-NFLX, KXTAKEOVERACQWB-27JUN30-PSKY","KXNBA-27-TOR, KXNFLNFCCHAMP-27-NO, KXBTCMAXY-26DEC31-199999.99"
cap,44,True,3,0.052542661573907884,0.08195970009968134,-0.03205273654898755,0.05869379562924684,0.26009496227918394,0.006329944940549143,0.3151145234858737,-0.006151134055338958,KXBALLONDOR-26-HKAN+KXBALLONDOR-26-KMBA;KXBALLONDOR-26-HKAN+KXBALLONDOR-26-LYAM;KXBALLONDOR-26-KMBA+KXBALLONDOR-26-LYAM,"KXBALLONDOR-26-HKAN, KXBALLONDOR-26-KMBA, KXBALLONDOR-26-LYAM","KXBALLONDOR-26-HKAN, KXNFLAFCCHAMP-27-TEN, KXNASCARCUPSERIES-NCS26-BWAL"
cap,45,True,3,0.05349347305984212,0.08195970009968134,-0.03300354803492178,0.06284218286108004,0.25956374384709574,0.002048753100693898,0.31575943113211646,-0.00934870980123792,KXBALLONDOR-26-HKAN+KXBALLONDOR-26-KMBA;KXBALLONDOR-26-HKAN+KXBALLONDOR-26-LYAM;KXBALLONDOR-26-KMBA+KXBALLONDOR-26-LYAM,"KXBALLONDOR-26-HKAN, KXBALLONDOR-26-KMBA, KXBALLONDOR-26-LYAM","KXNBA-27-ORL, KXBALLONDOR-26-HKAN, KXNFLAFCCHAMP-27-TEN"
cap,46,True,1,0.001994396729892739,0.01960000000000008,0.002905603270107281,0.005764086088956934,0.05877777500955012,0.008930357663430597,0.33345937298265377,-0.0037696893590641947,CONTROLS-2026-D+CONTROLS-2026-R,"CONTROLS-2026-D, CONTROLS-2026-R, KXWNBA-26-WSH","KXFEDDECISION-26SEP-H26, KXINXY-26DEC31H1600-B6700, KXWNBA-26-WSH"
cap,47,True,1,0.001875307692099197,0.019600000000000107,0.0030246923079008297,0.005224235897824427,0.05857672615921128,0.009419945641978393,0.33460388255102197,-0.0033489282057252295,KXGOVCA-26-SHIL+KXGOVCA-26-XBEC,"KXGOVCA-26-SHIL, KXGOVCA-26-XBEC, KXINXY-26DEC31H1600-B8900","KXFEDDECISION-26SEP-H26, KXNFLNFCCHAMP-27-NO, KXINXY-26DEC31H1600-B8900"
cap,48,True,1,0.001977931178206129,0.019600000000000204,0.002922068821793922,0.004456989573821804,0.058737190723274754,0.010227308106996885,0.33368977573920056,-0.002479058395615675,KXGOVCA-26-SHIL+KXGOVCA-26-XBEC,"KXGOVCA-26-SHIL, KXGOVCA-26-XBEC, KXOSCARPIC-27-PRO","KXFEDDECISION-26SEP-H26, KXNBA-27-CLE, KXOSCARPIC-27-PRO"
cap,49,True,3,0.048433826327871535,0.08195970009968134,-0.0279439013029512,0.11151532521642626,0.39510760528167854,-0.012738423896006629,0.2074364021448055,-0.06308149888855473,KXBALLONDOR-26-HKAN+KXBALLONDOR-26-KMBA;KXBALLONDOR-26-HKAN+KXBALLONDOR-26-LYAM;KXBALLONDOR-26-KMBA+KXBALLONDOR-26-LYAM,"KXBALLONDOR-26-HKAN, KXBALLONDOR-26-KMBA, KXBALLONDOR-26-LYAM","KXNBA-27-HOU, KXBALLONDOR-26-HKAN, KXTAKEOVERACQWB-27JUN30-PSKY"
cap,50,True,1,0.11643549868192632,0.24386048187475742,-0.055470378213236964,0.11654406586629763,0.2851735812977906,-0.04525067054184999,0.8551299905306017,-0.00010856718437131374,KXF1-26-KA+KXF1-26-LN,"KXF1-26-KA, KXF1-26-LN, KXTAKEOVERACQWB-27JUN30-PSKY","KXF1-26-KA, KXTAKEOVERACQWB-27JUN30-PSKY, KXALIENS-26NOV"
cap,51,True,1,0.0017973512266001059,0.0195999999999998,0.0031026487733998446,0.004956152001027059,0.058763150491350544,0.009734635621810577,0.3335423617711709,-0.003158800774426953,CONTROLH-2026-D+CONTROLH-2026-R,"CONTROLH-2026-D, CONTROLH-2026-R, KXALIENS-26NOV","KXNBA-27-IND, KXOSCARPIC-27-AVEN, KXALIENS-26NOV"
cap,52,True,3,0.058978615723994515,0.08195970009968134,-0.03848869069907418,0.05755073739853971,0.2676723194701194,0.009367342468990132,0.30619415657893834,0.0014278783254548025,KXBALLONDOR-26-HKAN+KXBALLONDOR-26-KMBA;KXBALLONDOR-26-HKAN+KXBALLONDOR-26-LYAM;KXBALLONDOR-26-KMBA+KXBALLONDOR-26-LYAM,"KXBALLONDOR-26-HKAN, KXBALLONDOR-26-KMBA, KXBALLONDOR-26-LYAM","KXNBA-27-HOU, KXBALLONDOR-26-HKAN, KXNFLNFCCHAMP-27-WAS"
cap,53,True,3,0.05273256336044069,0.08195970009968134,-0.03224263833552035,0.0557782299174869,0.1933239916266898,-0.007447232010814445,0.4239499681857707,-0.00304566655704621,KXBALLONDOR-26-HKAN+KXBALLONDOR-26-KMBA;KXBALLONDOR-26-HKAN+KXBALLONDOR-26-LYAM;KXBALLONDOR-26-KMBA+KXBALLONDOR-26-LYAM,"KXBALLONDOR-26-HKAN, KXBALLONDOR-26-KMBA, KXBALLONDOR-26-LYAM","KXINXY-26DEC31H1600-B6300, KXTAKEOVERACQWB-27JUN30-PSKY, KXOSCARPIC-27-SOC"
cap,54,True,1,0.03680251678843516,0.1463206218706386,-0.00022236132077550763,0.0053184676979363965,0.05889448587981705,0.009405153772017866,2.4844536748181754,0.03148404909049876,KXTAKEOVERACQWB-27JUN30-NFLX+KXTAKEOVERACQWB-27JUN30-PSKY,"KXTAKEOVERACQWB-27JUN30-NFLX, KXTAKEOVERACQWB-27JUN30-PSKY, KXALIENS-26NOV","KXINXY-26DEC31H1600-B8900, KXOSCARPIC-27-PRO, KXALIENS-26NOV"
cap,55,True,1,0.1235665962614047,0.31781139718811724,-0.044113746964375394,0.14066096781395698,0.47172768231781137,-0.02272904723450414,0.6737179290105813,-0.01709437155255228,KXBALLONDOR-26-HKAN+KXBALLONDOR-26-LYAM,"KXBALLONDOR-26-HKAN, KXBALLONDOR-26-LYAM, KXTAKEOVERACQWB-27JUN30-PSKY","KXBALLONDOR-26-HKAN, KXF1-26-KA, KXTAKEOVERACQWB-27JUN30-PSKY"
cap,56,True,1,0.10317725310217876,0.24054531481536515,-0.043040924398337475,0.05210782969240726,0.15150486170094032,-0.014231614267172177,1.5877069033611888,0.051069423409771504,KXBALLONDOR-26-HKAN+KXBALLONDOR-26-LYAM,"KXBALLONDOR-26-HKAN, KXBALLONDOR-26-LYAM, KXF1-26-KA","KXF1-26-KA, KXNFLAFCCHAMP-27-PIT, KXWNBA-26-WSH"
cap,57,True,1,0.0018377605052007397,0.01959999999999998,0.003062239494799255,0.0051694366872041715,0.060412747315169595,0.009933750141588227,0.32443483984841776,-0.003331676182003432,SENATEMI-26-D+SENATEMI-26-R,"KXNBA-27-ORL, SENATEMI-26-D, SENATEMI-26-R","KXNBA-27-ORL, KXMLBAL-26-SEA, KXINXY-26DEC31H1600-B6700"
cap,58,True,1,0.03844976209905137,0.1461689632382756,-0.001907521289482468,0.004203731944977349,0.057793328604533095,0.010244600206155925,2.529166718160107,0.03424603015407402,KXTAKEOVERACQWB-27JUN30-NFLX+KXTAKEOVERACQWB-27JUN30-PSKY,"KXINXY-26DEC31H1600-B8900, KXTAKEOVERACQWB-27JUN30-NFLX, KXTAKEOVERACQWB-27JUN30-PSKY","KXINXY-26DEC31H1600-B8900, KXNFLAFCCHAMP-27-TEN, KXOSCARPIC-27-BEH"
cap,59,True,1,0.001972529653209494,0.019600000000000208,0.002927470346790558,0.004112274309448705,0.0587753160330716,0.010581554698819195,0.3334733238860291,-0.0021397446562392113,KXGOVCA-26-SHIL+KXGOVCA-26-XBEC,"KXNBA-27-ORL, KXGOVCA-26-SHIL, KXGOVCA-26-XBEC","KXNBA-27-ORL, KXOSCARPIC-27-SOC, KXBTCMAXY-26DEC31-199999.99"
cap,60,True,1,0.0018371716500073139,0.019600000000000086,0.0030628283499927076,0.004837162280429071,0.05892494725216396,0.009894074532611919,0.33262651752785904,-0.0029999906304217575,CONTROLS-2026-D+CONTROLS-2026-R,"CONTROLS-2026-D, CONTROLS-2026-R, KXOSCARPIC-27-SOC","KXNFLNFCCHAMP-27-NO, KXOSCARPIC-27-SOC, KXBTCMAXY-26DEC31-199999.99"
cap,61,True,1,0.0019780319517426932,0.019599999999999868,0.0029219680482572737,0.006628410083208896,0.06797291785795942,0.010364819381280959,0.28835013440142865,-0.004650378131466203,CONTROLH-2026-D+CONTROLH-2026-R,"CONTROLH-2026-D, CONTROLH-2026-R, KXNFLAFCCHAMP-27-TEN","KXNBA-27-CLE, KXF1-26-LN, KXNFLAFCCHAMP-27-TEN"
cap,62,True,1,0.001834015043275461,0.01960000000000005,0.003065984956724552,0.005193652424955723,0.05886558765253933,0.00952274448817911,0.3329619355147056,-0.0033596373816802624,CONTROLS-2026-D+CONTROLS-2026-R,"CONTROLS-2026-D, CONTROLS-2026-R, KXNFLAFCCHAMP-27-TEN","KXNBA-27-TOR, KXATP-26USO-MUS, KXNFLAFCCHAMP-27-TEN"
cap,63,True,1,0.10435307235392141,0.22747827861054576,-0.04748350270128497,0.10457989430474536,0.2876382898419017,-0.032670321844269934,0.790848390649164,-0.0002268219508239494,KXF1-26-GR+KXF1-26-KA,"KXF1-26-GR, KXF1-26-KA, KXTAKEOVERACQWB-27JUN30-PSKY","KXF1-26-KA, KXTAKEOVERACQWB-27JUN30-PSKY, KXOSCARPIC-27-SOC"
cap,64,True,1,0.0018278371741674224,0.019599999999999968,0.0030721628258325697,0.004975851634825869,0.05795335797942602,0.009512487860030637,0.3382030081321284,-0.0031480144606584465,CONTROLS-2026-D+CONTROLS-2026-R,"CONTROLS-2026-D, CONTROLS-2026-R, KXINXY-26DEC31H1600-B8900","KXNBA-27-HOU, KXINXY-26DEC31H1600-B8900, KXWNBA-26-WSH"
cap,65,True,3,0.0500000000000002,0.047498660814540905,-0.03812533479636497,0.0574418661124317,0.1490116680959427,-0.02018894908844602,0.31875799674934446,-0.0074418661124315,KXF1-26-GR+KXF1-26-KA;KXF1-26-GR+KXF1-26-LN;KXF1-26-KA+KXF1-26-LN,"KXF1-26-GR, KXF1-26-KA, KXF1-26-LN","KXNFLNFCCHAMP-27-ATL, KXF1-26-KA, KXOSCARPIC-27-BEH"
cap,66,True,1,0.001517275965540233,0.019600000000000083,0.0033827240344597876,0.0033221853912487505,0.05886177133039924,0.01139325744135106,0.3329835232103801,-0.0018049094257085174,CONTROLS-2026-D+CONTROLS-2026-R,"CONTROLS-2026-D, CONTROLS-2026-R, KXBTCMAXY-26DEC31-199999.99","KXNBA-27-TOR, KXOSCARPIC-27-SOC, KXBTCMAXY-26DEC31-199999.99"
cap,67,True,3,0.02168267141349196,0.047498660814540905,-0.009808006209856734,0.004956919056024696,0.05806657239998343,0.009559724043971162,0.8180035233929953,0.016725752357467264,KXF1-26-GR+KXF1-26-KA;KXF1-26-GR+KXF1-26-LN;KXF1-26-KA+KXF1-26-LN,"KXF1-26-GR, KXF1-26-KA, KXF1-26-LN","KXMLBAL-26-SEA, KXINXY-26DEC31H1600-B8900, KXWNBA-26-WSH"
cap,68,True,3,0.017814948784684412,0.08195970009968134,0.002674976240235924,0.005089645377052445,0.05797374124986853,0.009403789935414688,1.413738329331423,0.012725303407631967,KXBALLONDOR-26-HKAN+KXBALLONDOR-26-KMBA;KXBALLONDOR-26-HKAN+KXBALLONDOR-26-LYAM;KXBALLONDOR-26-KMBA+KXBALLONDOR-26-LYAM,"KXBALLONDOR-26-HKAN, KXBALLONDOR-26-KMBA, KXBALLONDOR-26-LYAM","KXNFLNFCCHAMP-27-ATL, KXMLBAL-26-SEA, KXINXY-26DEC31H1600-B6700"
cap,69,True,1,0.001588370001384648,0.01959999999999998,0.0033116299986153466,0.0035542994728972183,0.05872444475376185,0.011126811715543245,0.3337622021320928,-0.0019659294715125702,SENATEMI-26-D+SENATEMI-26-R,"KXOSCARPIC-27-AVEN, SENATEMI-26-D, SENATEMI-26-R","KXNBA-27-TOR, KXOSCARPIC-27-AVEN, KXNASCARCUPSERIES-NCS26-BWAL"
cap,70,True,1,0.0019118851415987487,0.019599999999999878,0.002988114858401221,0.005284251230486106,0.05832675356268486,0.009297437160185109,0.33603790375432757,-0.0033723660888873574,CONTROLH-2026-D+CONTROLH-2026-R,"CONTROLH-2026-D, CONTROLH-2026-R, KXBTCMAXY-26DEC31-199999.99","KXNFLNFCCHAMP-27-ATL, KXMLBAL-26-SEA, KXBTCMAXY-26DEC31-199999.99"
cap,71,True,1,0.06364601831675765,0.22747827861054576,-0.006776448664121207,0.04695947833431818,0.1917499457268291,0.0009780080973890923,1.1863277340094582,0.016686539982439463,KXF1-26-GR+KXF1-26-KA,"KXF1-26-GR, KXF1-26-KA, KXTAKEOVERACQWB-27JUN30-PSKY","KXNFLNFCCHAMP-27-NO, KXMLBAL-26-SEA, KXTAKEOVERACQWB-27JUN30-PSKY"
cap,72,True,1,0.08713758463366159,0.22747827861054576,-0.030268014981025146,0.08814136925347472,0.2816138915318521,-0.017737896370511694,0.8077665394031767,-0.001003784619813139,KXF1-26-GR+KXF1-26-KA,"KXF1-26-GR, KXF1-26-KA, KXTAKEOVERACQWB-27JUN30-PSKY","KXF1-26-KA, KXTAKEOVERACQWB-27JUN30-PSKY, KXWNBA-26-WSH"
cap,73,True,3,0.04999999999999994,0.047498660814540905,-0.038125334796364714,0.04729997758666212,0.14702935932606917,-0.01054263775514483,0.3230556198589047,0.0027000224133378187,KXF1-26-GR+KXF1-26-KA;KXF1-26-GR+KXF1-26-LN;KXF1-26-KA+KXF1-26-LN,"KXF1-26-GR, KXF1-26-KA, KXF1-26-LN","KXF1-26-KA, KXINXY-26DEC31H1600-B8900, KXWNBA-26-WSH"
cap,74,True,1,0.08443985461878657,0.14711341591515745,-0.04766150063999721,0.0818519101667633,0.19148422088785155,-0.03398085494480041,0.7682795753772255,0.0025879444520232747,KXTAKEOVERACQWB-27JUN30-NFLX+KXTAKEOVERACQWB-27JUN30-PSKY,"KXNBA-27-HOU, KXTAKEOVERACQWB-27JUN30-NFLX, KXTAKEOVERACQWB-27JUN30-PSKY","KXNBA-27-HOU, KXTAKEOVERACQWB-27JUN30-PSKY, KXALIENS-26NOV"
cap,75,True,1,0.001860780557530771,0.019600000000000062,0.0030392194424692445,0.00531780995012638,0.05838156916007345,0.009277582339891982,0.3357223911926694,-0.003457029392595609,CONTROLS-2026-D+CONTROLS-2026-R,"KXNBA-27-ORL, CONTROLS-2026-D, CONTROLS-2026-R","KXNBA-27-ORL, KXINXY-26DEC31H1600-B6300, KXOSCARPIC-27-SOC"
cap,76,True,1,0.0018492403497849391,0.0195999999999999,0.0030507596502150356,0.005201476906087379,0.058720230264630066,0.009478580660070138,0.33378615703089115,-0.0033522365563024396,SENATEMI-26-D+SENATEMI-26-R,"SENATEMI-26-D, SENATEMI-26-R, KXALIENS-26NOV","KXINXY-26DEC31H1600-B6700, KXOSCARPIC-27-PRO, KXALIENS-26NOV"
cap,77,True,3,0.021723427520377786,0.08195970009968134,-0.0012335024954574503,0.0040612635237061885,0.058835789378071504,0.010647683820811688,1.393024568311958,0.017662163996671598,KXBALLONDOR-26-HKAN+KXBALLONDOR-26-KMBA;KXBALLONDOR-26-HKAN+KXBALLONDOR-26-LYAM;KXBALLONDOR-26-KMBA+KXBALLONDOR-26-LYAM,"KXBALLONDOR-26-HKAN, KXBALLONDOR-26-KMBA, KXBALLONDOR-26-LYAM","KXFEDDECISION-26SEP-H26, KXNBA-27-CLE, KXALIENS-26NOV"
cap,78,True,3,0.0500000000000001,0.047498660814540905,-0.038125334796364874,0.05630253182606432,0.1517506450364066,-0.01836487056696267,0.31300467159889483,-0.006302531826064217,KXF1-26-GR+KXF1-26-KA;KXF1-26-GR+KXF1-26-LN;KXF1-26-KA+KXF1-26-LN,"KXF1-26-GR, KXF1-26-KA, KXF1-26-LN","KXNFLNFCCHAMP-27-ATL, KXF1-26-KA, KXNFLAFCCHAMP-27-PIT"
cap,79,True,3,0.04999999999999998,0.047498660814540905,-0.038125334796364756,0.054560172292440264,0.14757645475609785,-0.017666058603415802,0.3218579880716254,-0.0045601722924402815,KXF1-26-GR+KXF1-26-KA;KXF1-26-GR+KXF1-26-LN;KXF1-26-KA+KXF1-26-LN,"KXF1-26-GR, KXF1-26-KA, KXF1-26-LN","KXF1-26-KA, KXOSCARPIC-27-PRO, KXWNBA-26-WSH"
cap,80,True,3,0.034328114168560575,0.08195970009968134,-0.01383818914364024,0.004610053124463113,0.05814361847651317,0.00992585149466518,1.4096078339669995,0.029718061044097462,KXBALLONDOR-26-HKAN+KXBALLONDOR-26-KMBA;KXBALLONDOR-26-HKAN+KXBALLONDOR-26-LYAM;KXBALLONDOR-26-KMBA+KXBALLONDOR-26-LYAM,"KXBALLONDOR-26-HKAN, KXBALLONDOR-26-KMBA, KXBALLONDOR-26-LYAM","KXMLBAL-26-SEA, KXOSCARPIC-27-AVEN, KXWNBA-26-WSH"
cap,81,True,3,0.043320980542032206,0.047498660814540905,-0.03144631533839698,0.041825293255283974,0.1486601995958737,-0.004660243356315548,0.3195116173909624,0.0014956872867482318,KXF1-26-GR+KXF1-26-KA;KXF1-26-GR+KXF1-26-LN;KXF1-26-KA+KXF1-26-LN,"KXF1-26-GR, KXF1-26-KA, KXF1-26-LN","KXNFLNFCCHAMP-27-ATL, KXF1-26-KA, KXBTCMAXY-26DEC31-199999.99"
cap,82,True,1,0.039551737255316355,0.1463206218706386,-0.0029715817876567047,0.041279588329325254,0.19145586903387252,0.006584378929142876,0.7642524755652774,-0.0017278510740088987,KXTAKEOVERACQWB-27JUN30-NFLX+KXTAKEOVERACQWB-27JUN30-PSKY,"KXTAKEOVERACQWB-27JUN30-NFLX, KXTAKEOVERACQWB-27JUN30-PSKY, KXALIENS-26NOV","KXINXY-26DEC31H1600-B6300, KXTAKEOVERACQWB-27JUN30-PSKY, KXALIENS-26NOV"
cap,83,True,1,0.0018875490170782022,0.019600000000000086,0.0030124509829218193,0.004748407487026832,0.05852396723006009,0.009882584320488191,0.3349055255080656,-0.0028608584699486295,CONTROLS-2026-D+CONTROLS-2026-R,"CONTROLS-2026-D, CONTROLS-2026-R, KXOSCARPIC-27-SOC","KXNBA-27-IND, KXINXY-26DEC31H1600-B8900, KXOSCARPIC-27-SOC"
cap,84,True,3,0.049956558028728865,0.08195970009968134,-0.02946663300380853,0.00542535452378921,0.059384813127933034,0.009420848758194048,1.3801457945672928,0.04453120350493965,KXBALLONDOR-26-HKAN+KXBALLONDOR-26-KMBA;KXBALLONDOR-26-HKAN+KXBALLONDOR-26-LYAM;KXBALLONDOR-26-KMBA+KXBALLONDOR-26-LYAM,"KXBALLONDOR-26-HKAN, KXBALLONDOR-26-KMBA, KXBALLONDOR-26-LYAM","KXNBA-27-CLE, KXNFLAFCCHAMP-27-TEN, KXBTCMAXY-26DEC31-199999.99"
cap,85,True,1,0.0017721463725784911,0.01959999999999998,0.0031278536274215035,0.004185471542883949,0.05811742505032985,0.010343884719698514,0.3372482518457472,-0.002413325170305458,SENATEMI-26-D+SENATEMI-26-R,"KXNBA-27-TOR, SENATEMI-26-D, SENATEMI-26-R","KXNBA-27-TOR, KXMLBAL-26-SEA, KXWNBA-26-WSH"
cap,86,True,1,0.0014850892400517061,0.01959999999999998,0.0034149107599482885,0.0036166849727677294,0.058835976083308796,0.01109230904805947,0.33312951198850443,-0.0021315957327160233,SENATEMI-26-D+SENATEMI-26-R,"KXNBA-27-TOR, SENATEMI-26-D, SENATEMI-26-R","KXNBA-27-TOR, KXINXY-26DEC31H1600-B6300, KXOSCARPIC-27-SOC"
cap,87,True,1,0.0018099275794703704,0.019600000000000062,0.003090072420529645,0.005072825524015435,0.058917955579533096,0.00965666337086784,0.33266598963268684,-0.0032628979445450644,CONTROLS-2026-D+CONTROLS-2026-R,"KXFEDDECISION-26SEP-H26, CONTROLS-2026-D, CONTROLS-2026-R","KXFEDDECISION-26SEP-H26, KXINXY-26DEC31H1600-B6700, KXALIENS-26NOV"
cap,88,True,3,0.05000000000000002,0.047498660814540905,-0.03812533479636479,0.05218434383887663,0.14756569798117583,-0.015292919343582671,0.3218814498515777,-0.0021843438388766123,KXF1-26-GR+KXF1-26-KA;KXF1-26-GR+KXF1-26-LN;KXF1-26-KA+KXF1-26-LN,"KXF1-26-GR, KXF1-26-KA, KXF1-26-LN","KXF1-26-KA, KXOSCARPIC-27-AVEN, KXWNBA-26-WSH"
cap,89,True,3,0.0192224758188084,0.08195970009968134,0.001267449206111937,0.005681202609410161,0.059471125690618444,0.00918657881324445,1.3781427398239154,0.013541273209398238,KXBALLONDOR-26-HKAN+KXBALLONDOR-26-KMBA;KXBALLONDOR-26-HKAN+KXBALLONDOR-26-LYAM;KXBALLONDOR-26-KMBA+KXBALLONDOR-26-LYAM,"KXBALLONDOR-26-HKAN, KXBALLONDOR-26-KMBA, KXBALLONDOR-26-LYAM","KXNBA-27-ORL, KXINXY-26DEC31H1600-B6700, KXBTCMAXY-26DEC31-199999.99"
cap,90,True,1,0.09844089860053568,0.22747827861054576,-0.041571328947899236,0.09486411757566898,0.2816138915318521,-0.024460644692705952,0.8077665394031767,0.003576781024866693,KXF1-26-GR+KXF1-26-KA,"KXF1-26-GR, KXF1-26-KA, KXTAKEOVERACQWB-27JUN30-PSKY","KXF1-26-KA, KXTAKEOVERACQWB-27JUN30-PSKY, KXWNBA-26-WSH"
cap,91,True,1,0.042128373663359156,0.14703601291541069,-0.005369370434506485,0.03994481695611009,0.19298945427260442,0.008302546612041016,0.7618862567885037,0.002183556707249068,KXTAKEOVERACQWB-27JUN30-NFLX+KXTAKEOVERACQWB-27JUN30-PSKY,"KXINXY-26DEC31H1600-B6300, KXTAKEOVERACQWB-27JUN30-NFLX, KXTAKEOVERACQWB-27JUN30-PSKY","KXNBA-27-TOR, KXINXY-26DEC31H1600-B6300, KXTAKEOVERACQWB-27JUN30-PSKY"
cap,92,True,1,0.0019562293844926776,0.019599999999999885,0.0029437706155072936,0.005440318166062656,0.05879376044464206,0.009258121945097859,0.3333687087161994,-0.0034840887815699786,CONTROLH-2026-D+CONTROLH-2026-R,"CONTROLH-2026-D, CONTROLH-2026-R, KXNBA-27-HOU","KXNBA-27-HOU, KXATP-26USO-MUS, KXOSCARPIC-27-PRO"
cap,93,True,3,0.050000000000000086,0.047498660814540905,-0.03812533479636486,0.05120930813901758,0.14702935932606917,-0.014451968307500285,0.3230556198589047,-0.0012093081390174912,KXF1-26-GR+KXF1-26-KA;KXF1-26-GR+KXF1-26-LN;KXF1-26-KA+KXF1-26-LN,"KXF1-26-GR, KXF1-26-KA, KXF1-26-LN","KXF1-26-KA, KXINXY-26DEC31H1600-B8900, KXWNBA-26-WSH"
cap,94,True,1,0.0018126053010407497,0.019600000000000097,0.0030873946989592744,0.004594222441461893,0.05879559446369654,0.010104676174462241,0.3333583099002793,-0.0027816171404211436,SENATEME-26-D+SENATEME-26-R,"SENATEME-26-D, SENATEME-26-R, KXOSCARPIC-27-PRO","KXNBA-27-CLE, KXINXY-26DEC31H1600-B8900, KXOSCARPIC-27-PRO"
cap,95,True,3,0.050000000000000155,0.047498660814540905,-0.03812533479636493,0.05679896601093001,0.14424950236525289,-0.020736590419616792,0.32928128025197595,-0.006798966010929858,KXF1-26-GR+KXF1-26-KA;KXF1-26-GR+KXF1-26-LN;KXF1-26-KA+KXF1-26-LN,"KXF1-26-GR, KXF1-26-KA, KXF1-26-LN","KXNFLNFCCHAMP-27-ATL, KXF1-26-KA, KXWNBA-26-WSH"
cap,96,True,3,0.050000000000000044,0.047498660814540905,-0.03812533479636482,0.05866531743396912,0.14424950236525289,-0.022602941842655898,0.32928128025197595,-0.008665317433969075,KXF1-26-GR+KXF1-26-KA;KXF1-26-GR+KXF1-26-LN;KXF1-26-KA+KXF1-26-LN,"KXF1-26-GR, KXF1-26-KA, KXF1-26-LN","KXNFLNFCCHAMP-27-ATL, KXF1-26-KA, KXWNBA-26-WSH"
cap,97,True,1,0.0016855177945042064,0.019599999999999885,0.0032144822054957648,0.0045605015652184985,0.05810221740009351,0.00996505278480488,0.33733652306303097,-0.002874983770714292,CONTROLH-2026-D+CONTROLH-2026-R,"CONTROLH-2026-D, CONTROLH-2026-R, KXWNBA-26-WSH","KXNBA-27-CLE, KXNFLNFCCHAMP-27-NO, KXWNBA-26-WSH"
cap,98,True,3,0.031629788507831436,0.047498660814540905,-0.01975512330419621,0.07256214716353558,0.2816138915318521,-0.0021586742805725506,0.1686659012315397,-0.040932358655704146,KXF1-26-GR+KXF1-26-KA;KXF1-26-GR+KXF1-26-LN;KXF1-26-KA+KXF1-26-LN,"KXF1-26-GR, KXF1-26-KA, KXF1-26-LN","KXF1-26-KA, KXTAKEOVERACQWB-27JUN30-PSKY, KXWNBA-26-WSH"
cap,99,True,3,0.05887298197774807,0.08195970009968134,-0.03838305695282773,0.06277558268041142,0.2619039870626651,0.002700414085254857,0.3129379625674467,-0.0039026007026633502,KXBALLONDOR-26-HKAN+KXBALLONDOR-26-KMBA;KXBALLONDOR-26-HKAN+KXBALLONDOR-26-LYAM;KXBALLONDOR-26-KMBA+KXBALLONDOR-26-LYAM,"KXBALLONDOR-26-HKAN, KXBALLONDOR-26-KMBA, KXBALLONDOR-26-LYAM","KXNBA-27-HOU, KXBALLONDOR-26-HKAN, KXNFLNFCCHAMP-27-NO"
match,frozen,True,1,0.0026504606711835674,0.01959999999999989,0.0022495393288164047,0.007549313924367206,0.05855271737341708,0.0070888654189870635,0.3347410825530411,-0.004898853253183639,CONTROLH-2026-D+CONTROLH-2026-R,"CONTROLH-2026-D, CONTROLH-2026-R, KXATP-26USO-MUS","KXATP-26USO-MUS, KXOSCARPIC-27-SOC, KXWNBA-26-WSH"
match,0,True,1,0.001888326817946217,0.01959999999999989,0.003011673182053755,0.005300120999775941,0.05820669506872042,0.009251552767404164,0.3367310234133649,-0.003411794181829724,CONTROLH-2026-D+CONTROLH-2026-R,"CONTROLH-2026-D, CONTROLH-2026-R, KXINXY-26DEC31H1600-B6300","KXNBA-27-ORL, KXNFLNFCCHAMP-27-ATL, KXINXY-26DEC31H1600-B6300"
match,1,True,1,0.0022559104152653393,0.0195999999999999,0.0026440895847346354,0.005605224464835107,0.05955213712730452,0.009282809816991023,0.3291233689582123,-0.0033493140495697675,CONTROLH-2026-D+CONTROLH-2026-R,"CONTROLH-2026-D, CONTROLH-2026-R, KXOSCARPIC-27-BEH","KXNFLNFCCHAMP-27-NO, KXNFLAFCCHAMP-27-TEN, KXOSCARPIC-27-BEH"
match,2,True,1,0.001421399189472792,0.019600000000000176,0.003478600810527252,0.003847975670767268,0.057069315593365984,0.010419353227574228,0.34344200199727953,-0.0024265764812944762,KXGOVCA-26-SHIL+KXGOVCA-26-XBEC,"KXGOVCA-26-SHIL, KXGOVCA-26-XBEC, KXNFLAFCCHAMP-27-TEN","KXNFLAFCCHAMP-27-TEN, KXOSCARPIC-27-BEH, KXWNBA-26-WSH"
match,3,True,1,0.00249090403750157,0.0195999999999999,0.0024090959624984047,0.0060466118940662,0.058751425322321124,0.008641244436514081,0.3336089276552985,-0.00355570785656463,CONTROLH-2026-D+CONTROLH-2026-R,"CONTROLH-2026-D, CONTROLH-2026-R, KXOSCARPIC-27-BEH","KXNFLNFCCHAMP-27-ATL, KXOSCARPIC-27-BEH, KXALIENS-26NOV"
match,4,True,1,0.001890149857562827,0.019600000000000062,0.0030098501424371885,0.004870476384612868,0.05851921145143427,0.0097593264782457,0.3349327428355099,-0.002980326527050041,CONTROLS-2026-D+CONTROLS-2026-R,"KXNBA-27-ORL, CONTROLS-2026-D, CONTROLS-2026-R","KXNBA-27-ORL, KXNFLNFCCHAMP-27-ATL, KXBTCMAXY-26DEC31-199999.99"
match,5,True,1,0.001956614070798838,0.0196000000000002,0.0029433859292012123,0.011196490613410652,0.081290709547308,0.009126186773416346,0.2411099633543458,-0.009239876542611814,KXGOVCA-26-SHIL+KXGOVCA-26-XBEC,"KXNBA-27-CLE, KXGOVCA-26-SHIL, KXGOVCA-26-XBEC","KXNBA-27-HOU, KXNFLNFCCHAMP-27-NO, KXF1-26-GR"
match,6,True,1,0.0019656064588257083,0.01959999999999998,0.0029343935411742864,0.004845325188591473,0.05829711301792179,0.009728953065888973,0.3362087586391202,-0.002879718729765765,SENATEMI-26-D+SENATEMI-26-R,"KXWNBA-26-WSH, SENATEMI-26-D, SENATEMI-26-R","KXNBA-27-HOU, KXOSCARPIC-27-AVEN, KXWNBA-26-WSH"
match,7,True,1,0.0026871634380863305,0.019600000000000225,0.0022128365619137258,0.005700816592699835,0.057793328604533095,0.00874751555843344,0.33913949020169215,-0.003013653154613504,KXGOVCA-26-SHIL+KXGOVCA-26-XBEC,"KXGOVCA-26-SHIL, KXGOVCA-26-XBEC, KXOSCARPIC-27-BEH","KXINXY-26DEC31H1600-B8900, KXNFLAFCCHAMP-27-TEN, KXOSCARPIC-27-BEH"
match,8,True,1,0.002127120060256813,0.01959999999999998,0.0027728799397431815,0.005685245768702621,0.057509248165083036,0.008692066272568138,0.3408147493727834,-0.0035581257084458077,SENATEMI-26-D+SENATEMI-26-R,"KXOSCARPIC-27-AVEN, SENATEMI-26-D, SENATEMI-26-R","KXNFLAFCCHAMP-27-TEN, KXOSCARPIC-27-AVEN, KXWNBA-26-WSH"
match,9,True,1,0.0024864292874351296,0.01959999999999998,0.002413570712564865,0.006636302446588239,0.05890506398490734,0.008089963549638595,0.3327387948347173,-0.004149873159153109,SENATEMI-26-D+SENATEMI-26-R,"KXNBA-27-IND, SENATEMI-26-D, SENATEMI-26-R","KXNBA-27-IND, KXNFLAFCCHAMP-27-TEN, KXOSCARPIC-27-BEH"
match,10,True,1,0.0018661245060032049,0.01959999999999988,0.0030338754939967655,0.004076590592689604,0.05869024684342939,0.010595971118167744,0.33395668026900077,-0.002210466086686399,CONTROLH-2026-D+CONTROLH-2026-R,"CONTROLH-2026-D, CONTROLH-2026-R, KXOSCARPIC-27-PRO","KXNBA-27-HOU, KXINXY-26DEC31H1600-B8900, KXOSCARPIC-27-PRO"
match,11,True,1,0.0025023293246193568,0.019599999999999968,0.0023976706753806353,0.005520423491993918,0.058319264536441234,0.00905939264211639,0.33608105581908976,-0.003018094167374561,CONTROLS-2026-D+CONTROLS-2026-R,"CONTROLS-2026-D, CONTROLS-2026-R, KXINXY-26DEC31H1600-B8900","KXINXY-26DEC31H1600-B8900, KXNFLAFCCHAMP-27-TEN, KXOSCARPIC-27-PRO"
match,12,True,1,0.0021740960331313036,0.019600000000000062,0.002725903966868712,0.005962596400598909,0.05871427755341485,0.008715972987754804,0.33381999773682164,-0.003788500367467605,CONTROLS-2026-D+CONTROLS-2026-R,"KXFEDDECISION-26SEP-H26, CONTROLS-2026-D, CONTROLS-2026-R","KXFEDDECISION-26SEP-H26, KXNBA-27-HOU, KXOSCARPIC-27-SOC"
match,13,True,1,0.0016710895440024617,0.01960000000000001,0.0032289104559975407,0.009413821791641987,0.07716098528632782,0.009876424529939969,0.2540143821034507,-0.007742732247639526,SENATEMI-26-D+SENATEMI-26-R,"SENATEMI-26-D, SENATEMI-26-R, KXBTCMAXY-26DEC31-199999.99","KXTAKEOVERACQWB-27JUN30-NFLX, KXOSCARPIC-27-PRO, KXBTCMAXY-26DEC31-199999.99"
match,14,True,1,0.0024020513497368806,0.01959999999999988,0.0024979486502630897,0.0058608547434430315,0.05873748199615514,0.008823515755595753,0.333688121007347,-0.003458803393706151,CONTROLH-2026-D+CONTROLH-2026-R,"CONTROLH-2026-D, CONTROLH-2026-R, KXOSCARPIC-27-SOC","KXNFLNFCCHAMP-27-ATL, KXOSCARPIC-27-SOC, KXALIENS-26NOV"
match,15,True,1,0.0021771760829723923,0.0196,0.0027228239170276076,0.005975830032068783,0.058293373506908594,0.008597513344658365,0.336230326379672,-0.003798653949096391,CONTROLS-2026-D+CONTROLS-2026-R,"CONTROLS-2026-D, CONTROLS-2026-R, KXNFLNFCCHAMP-27-ATL","KXNBA-27-CLE, KXNFLNFCCHAMP-27-ATL, KXOSCARPIC-27-SOC"
match,16,True,1,0.0024170405374786506,0.01959999999999989,0.0024829594625213215,0.00807414640710449,0.06817701553607991,0.008970107476915488,0.28748691690130357,-0.005657105869625839,CONTROLH-2026-D+CONTROLH-2026-R,"CONTROLH-2026-D, CONTROLH-2026-R, KXATP-26USO-MUS","KXNBA-27-TOR, KXATP-26USO-MUS, KXINXY-26DEC31H1600-T9000"
match,17,True,1,0.001890591780195825,0.019599999999999954,0.0030094082198041635,0.005015963187486514,0.0585988701193108,0.009633754342341186,0.3344774389010092,-0.003125371407290689,CONTROLH-2026-D+CONTROLH-2026-R,"CONTROLH-2026-D, CONTROLH-2026-R, KXNBA-27-TOR","KXNBA-27-TOR, KXNFLNFCCHAMP-27-NO, KXOSCARPIC-27-AVEN"
match,18,True,1,0.0025955929544473344,0.01959999999999998,0.0023044070455526602,0.006187719564623568,0.05867728203161591,0.00848160094328041,0.3340304683751252,-0.0035921266101762335,SENATEMI-26-D+SENATEMI-26-R,"KXOSCARPIC-27-PRO, SENATEMI-26-D, SENATEMI-26-R","KXFEDDECISION-26SEP-H26, KXNBA-27-HOU, KXOSCARPIC-27-PRO"
match,19,True,1,0.0016171778886058842,0.019599999999999767,0.0032828221113940575,0.0037416963802102098,0.05846457119359116,0.01087444641818758,0.3352457667926641,-0.0021245184916043255,CONTROLH-2026-D+CONTROLH-2026-R,"CONTROLH-2026-D, CONTROLH-2026-R, KXINXY-26DEC31H1600-B8900","KXNBA-27-IND, KXINXY-26DEC31H1600-B8900, KXWNBA-26-WSH"
match,20,True,1,0.001953795959664148,0.01959999999999998,0.0029462040403358467,0.006491004756711247,0.06801097151438962,0.010511738121886157,0.28818879606583847,-0.004537208797047099,SENATEMI-26-D+SENATEMI-26-R,"KXWNBA-26-WSH, SENATEMI-26-D, SENATEMI-26-R","KXBALLONDOR-26-KKVA, KXINXY-26DEC31H1600-B8900, KXWNBA-26-WSH"
match,21,True,1,0.001906337503032169,0.01959999999999998,0.0029936624969678256,0.0044121801646803335,0.05871003174546279,0.010265327771685364,0.3338441390216877,-0.0025058426616481645,SENATEMI-26-D+SENATEMI-26-R,"KXOSCARPIC-27-AVEN, SENATEMI-26-D, SENATEMI-26-R","KXATP-26USO-MUS, KXOSCARPIC-27-AVEN, KXBTCMAXY-26DEC31-199999.99"
match,22,True,1,0.001529585633580268,0.019600000000000204,0.003370414366419783,0.0045423019765567195,0.058506789985385825,0.010084395519789737,0.3350038517733755,-0.0030127163429764514,KXGOVCA-26-SHIL+KXGOVCA-26-XBEC,"KXGOVCA-26-SHIL, KXGOVCA-26-XBEC, KXNFLNFCCHAMP-27-NO","KXATP-26USO-MUS, KXNFLNFCCHAMP-27-NO, KXOSCARPIC-27-BEH"
match,23,True,1,0.002128401663778763,0.01959999999999988,0.0027715983362212072,0.005538751983677537,0.0583029610633527,0.009036988282160638,0.3361750354103334,-0.0034103503198987736,CONTROLH-2026-D+CONTROLH-2026-R,"CONTROLH-2026-D, CONTROLH-2026-R, KXMLBAL-26-SEA","KXNBA-27-CLE, KXMLBAL-26-SEA, KXWNBA-26-WSH"
match,24,True,1,0.002313855468380706,0.01959999999999988,0.0025861445316192645,0.006006802260305005,0.058691454679818546,0.008666061409649631,0.33394980763254917,-0.0036929467919242995,CONTROLH-2026-D+CONTROLH-2026-R,"CONTROLH-2026-D, CONTROLH-2026-R, KXNBA-27-CLE","KXNBA-27-CLE, KXNFLNFCCHAMP-27-ATL, KXINXY-26DEC31H1600-B6300"
match,25,True,1,0.001990163583510344,0.019600000000000208,0.002909836416489708,0.004617958836810786,0.058560768621696464,0.01002223331861333,0.3346950605552419,-0.002627795253300442,KXGOVCA-26-SHIL+KXGOVCA-26-XBEC,"KXGOVCA-26-SHIL, KXGOVCA-26-XBEC, KXBTCMAXY-26DEC31-199999.99","KXNBA-27-HOU, KXNFLNFCCHAMP-27-ATL, KXBTCMAXY-26DEC31-199999.99"
match,26,True,1,0.0017729131932463157,0.0196,0.003127086806753684,0.005605513859731525,0.06753446908435817,0.011278103411358018,0.2902221675203723,-0.0038326006664852093,CONTROLS-2026-D+CONTROLS-2026-R,"CONTROLS-2026-D, CONTROLS-2026-R, KXNFLNFCCHAMP-27-ATL","KXNBA-27-DET, KXNFLNFCCHAMP-27-ATL, KXOSCARPIC-27-BEH"
match,27,True,1,0.0019178265285783036,0.0195999999999999,0.002982173471421671,0.004437693676237888,0.05901000500551362,0.010314807575140517,0.3321470655386077,-0.0025198671476595845,SENATEMI-26-D+SENATEMI-26-R,"SENATEMI-26-D, SENATEMI-26-R, KXALIENS-26NOV","KXNBA-27-IND, KXOSCARPIC-27-BEH, KXALIENS-26NOV"
match,28,True,1,0.002128688181745955,0.019599999999999895,0.0027713118182540186,0.006378791504615358,0.06743252531310966,0.010479339823662056,0.2906609222921899,-0.004250103322869403,CONTROLH-2026-D+CONTROLH-2026-R,"CONTROLH-2026-D, CONTROLH-2026-R, KXNFLNFCCHAMP-27-NO","KXATP-26USO-MUS, KXNFLNFCCHAMP-27-NO, KXF1-26-LN"
match,29,True,1,0.0018240496038170705,0.019600000000000208,0.0030759503961829814,0.004669921420963931,0.05810471300795987,0.009856256831026037,0.33732203439874436,-0.0028458718171468604,KXGOVCA-26-SHIL+KXGOVCA-26-XBEC,"KXGOVCA-26-SHIL, KXGOVCA-26-XBEC, KXBTCMAXY-26DEC31-199999.99","KXINXY-26DEC31H1600-B8900, KXNFLAFCCHAMP-27-TEN, KXBTCMAXY-26DEC31-199999.99"
match,30,True,1,0.004823781635046362,0.0291000000000001,0.0024512183649536634,0.009191118188879542,0.06769114315283324,0.007731667599328768,0.4298937592810044,-0.00436733655383318,CONTROLS-2026-D+CONTROLS-2026-R,"CONTROLS-2026-D, CONTROLS-2026-R, KXBALLONDOR-26-KKVA","KXBALLONDOR-26-KKVA, KXNFLNFCCHAMP-27-ATL, KXOSCARPIC-27-SOC"
match,31,True,1,0.002209505532094539,0.019599999999999885,0.002690494467905432,0.010756931103875891,0.07698122169524646,0.008488374319935724,0.25460754672863517,-0.008547425571781352,CONTROLH-2026-D+CONTROLH-2026-R,"CONTROLH-2026-D, CONTROLH-2026-R, KXNBA-27-HOU","KXNBA-27-HOU, KXTAKEOVERACQWB-27JUN30-NFLX, KXOSCARPIC-27-BEH"
match,32,True,1,0.0020909773922433463,0.01959999999999988,0.002809022607756624,0.004952586056851047,0.05860797746101638,0.00969940830840305,0.3344254630359322,-0.0028616086646077003,CONTROLH-2026-D+CONTROLH-2026-R,"CONTROLH-2026-D, CONTROLH-2026-R, KXMLBAL-26-SEA","KXNBA-27-CLE, KXMLBAL-26-SEA, KXALIENS-26NOV"
match,33,True,1,0.0015184173169047535,0.01959999999999998,0.003381582683095241,0.0042473939660344386,0.058865047005496066,0.010468867785339578,0.33296499360936516,-0.002728976649129685,SENATEMI-26-D+SENATEMI-26-R,"KXINXY-26DEC31H1600-B6700, SENATEMI-26-D, SENATEMI-26-R","KXNBA-27-IND, KXINXY-26DEC31H1600-B6700, KXOSCARPIC-27-PRO"
match,34,True,1,0.002795669759191266,0.01959999999999998,0.0021043302408087286,0.006435845434603151,0.05884324096315613,0.008274964806185881,0.3330883832906526,-0.003640175675411885,SENATEMI-26-D+SENATEMI-26-R,"KXOSCARPIC-27-PRO, SENATEMI-26-D, SENATEMI-26-R","KXOSCARPIC-27-PRO, KXWNBA-26-WSH, KXALIENS-26NOV"
match,35,True,1,0.004488330828446525,0.029099999999999775,0.0027866691715534185,0.008489180857878822,0.06761799071521976,0.008415316820926118,0.4303588392999944,-0.004000850029432297,CONTROLH-2026-D+CONTROLH-2026-R,"CONTROLH-2026-D, CONTROLH-2026-R, KXF1-26-LN","KXF1-26-LN, KXMLBAL-26-SEA, KXINXY-26DEC31H1600-B6300"
match,36,True,1,0.002705203236337949,0.019600000000000208,0.002194796763662103,0.0061959825606619015,0.05803563740208712,0.008312926789859879,0.3377235243270601,-0.0034907793243239525,KXGOVCA-26-SHIL+KXGOVCA-26-XBEC,"KXGOVCA-26-SHIL, KXGOVCA-26-XBEC, KXMLBAL-26-SEA","KXNBA-27-TOR, KXNFLNFCCHAMP-27-ATL, KXMLBAL-26-SEA"
match,37,True,1,0.0016786465044563922,0.01960000000000021,0.0032213534955436605,0.004433539203662379,0.05855271737341708,0.010204640139691891,0.3347410825530466,-0.0027548926992059866,KXGOVCA-26-SHIL+KXGOVCA-26-XBEC,"KXGOVCA-26-SHIL, KXGOVCA-26-XBEC, KXWNBA-26-WSH","KXATP-26USO-MUS, KXOSCARPIC-27-SOC, KXWNBA-26-WSH"
match,38,True,1,0.0026829098065184187,0.019599999999999968,0.0022170901934815733,0.011228917181397093,0.07913428584105209,0.008554654278865929,0.24768025378238995,-0.008546007374878675,CONTROLS-2026-D+CONTROLS-2026-R,"CONTROLS-2026-D, CONTROLS-2026-R, KXINXY-26DEC31H1600-B8900","KXNFLNFCCHAMP-27-NO, KXINXY-26DEC31H1600-B8900, KXTAKEOVERACQWB-27JUN30-NFLX"
match,39,True,1,0.002320757412954285,0.0196,0.002579242587045715,0.005862048683454503,0.05876998844967109,0.008830448428963269,0.333503553719172,-0.003541291270500218,CONTROLS-2026-D+CONTROLS-2026-R,"CONTROLS-2026-D, CONTROLS-2026-R, KXNFLNFCCHAMP-27-ATL","KXFEDDECISION-26SEP-H26, KXNFLNFCCHAMP-27-ATL, KXINXY-26DEC31H1600-B6700"
match,40,True,1,0.0023979331516012226,0.01959999999999998,0.002502066848398772,0.006428294991658166,0.0587825330766655,0.008267338277508208,0.3334323815960299,-0.004030361840056944,SENATEMI-26-D+SENATEMI-26-R,"KXOSCARPIC-27-AVEN, SENATEMI-26-D, SENATEMI-26-R","KXNBA-27-TOR, KXOSCARPIC-27-AVEN, KXBTCMAXY-26DEC31-199999.99"
match,41,True,1,0.001843434631046758,0.019599999999999767,0.0030565653689531838,0.004688392932504042,0.058299549681468985,0.009886494487863204,0.33619470659873374,-0.0028449583014572843,CONTROLH-2026-D+CONTROLH-2026-R,"CONTROLH-2026-D, CONTROLH-2026-R, KXINXY-26DEC31H1600-B8900","KXFEDDECISION-26SEP-H26, KXNBA-27-ORL, KXINXY-26DEC31H1600-B8900"
match,42,True,1,0.003076047397665038,0.019600000000000208,0.0018239526023350137,0.007427756728637741,0.06829612121329384,0.00964627357468572,0.28698555132857334,-0.004351709330972703,KXGOVCA-26-SHIL+KXGOVCA-26-XBEC,"KXFEDDECISION-26SEP-H26, KXGOVCA-26-SHIL, KXGOVCA-26-XBEC","KXFEDDECISION-26SEP-H26, KXF1-26-LN, KXINXY-26DEC31H1600-B6300"
match,43,True,1,0.002172932176244813,0.01959999999999989,0.0027270678237551593,0.0058211704625705865,0.05913789032738036,0.008963302119274503,0.331428799564824,-0.0036482382863257737,CONTROLH-2026-D+CONTROLH-2026-R,"CONTROLH-2026-D, CONTROLH-2026-R, KXATP-26USO-MUS","KXNBA-27-HOU, KXATP-26USO-MUS, KXBTCMAXY-26DEC31-199999.99"
match,44,True,1,0.0019276406995856615,0.0195999999999999,0.002972359300414313,0.005236365883490517,0.05966536719184294,0.009679975914470219,0.3284987744562055,-0.003308725183904855,CONTROLH-2026-D+CONTROLH-2026-R,"CONTROLH-2026-D, CONTROLH-2026-R, KXOSCARPIC-27-BEH","KXNBA-27-IND, KXMLBAL-26-SEA, KXOSCARPIC-27-BEH"
match,45,True,1,0.0020273191600364733,0.01959999999999998,0.0028726808399635213,0.010680687660996765,0.0769650389226444,0.008560572069664336,0.25466108085385936,-0.008653368500960292,SENATEMI-26-D+SENATEMI-26-R,"KXNBA-27-ORL, SENATEMI-26-D, SENATEMI-26-R","KXNBA-27-ORL, KXTAKEOVERACQWB-27JUN30-NFLX, KXWNBA-26-WSH"
match,46,True,1,0.0027148068803406096,0.019600000000000093,0.0021851931196594137,0.00786339961661129,0.05877777500955012,0.006831044135776241,0.333459372982654,-0.00514859273627068,CONTROLS-2026-D+CONTROLS-2026-R,"CONTROLS-2026-D, CONTROLS-2026-R, KXINXY-26DEC31H1600-B6700","KXFEDDECISION-26SEP-H26, KXINXY-26DEC31H1600-B6700, KXWNBA-26-WSH"
match,47,True,1,0.0027423750242400804,0.019599999999999767,0.0021576249757598613,0.007680996447890751,0.05857672615921128,0.0069631850919120684,0.33460388255101614,-0.004938621423650671,CONTROLH-2026-D+CONTROLH-2026-R,"CONTROLH-2026-D, CONTROLH-2026-R, KXINXY-26DEC31H1600-B8900","KXFEDDECISION-26SEP-H26, KXNFLNFCCHAMP-27-NO, KXINXY-26DEC31H1600-B8900"
match,48,True,1,0.002484288243853848,0.01959999999999988,0.0024157117561461224,0.006143405929716118,0.058636968721454304,0.008515836250647458,0.33426011656752924,-0.0036591176858622697,CONTROLH-2026-D+CONTROLH-2026-R,"CONTROLH-2026-D, CONTROLH-2026-R, KXNBA-27-CLE","KXNBA-27-CLE, KXNFLNFCCHAMP-27-ATL, KXOSCARPIC-27-PRO"
match,49,True,1,0.001490825096802064,0.019599999999999767,0.0034091749031978777,0.004317313543267105,0.058697845796331555,0.010357147905815784,0.3339134466366517,-0.0028264884464650405,CONTROLH-2026-D+CONTROLH-2026-R,"CONTROLH-2026-D, CONTROLH-2026-R, KXINXY-26DEC31H1600-B8900","KXNBA-27-HOU, KXINXY-26DEC31H1600-B8900, KXOSCARPIC-27-AVEN"
match,50,True,1,0.0019889340299887766,0.019600000000000204,0.0029110659700112744,0.004911609954438977,0.059548756677260076,0.009975579214876042,0.3291420525574948,-0.0029226759244502,KXGOVCA-26-SHIL+KXGOVCA-26-XBEC,"KXGOVCA-26-SHIL, KXGOVCA-26-XBEC, KXNFLNFCCHAMP-27-NO","KXNBA-27-ORL, KXNFLNFCCHAMP-27-NO, KXALIENS-26NOV"
match,51,True,1,0.0018916219521132663,0.019599999999999906,0.00300837804788671,0.005117296798654133,0.058763150491350544,0.009573490824183503,0.3335423617711727,-0.0032256748465408665,CONTROLH-2026-D+CONTROLH-2026-R,"CONTROLH-2026-D, CONTROLH-2026-R, KXOSCARPIC-27-AVEN","KXNBA-27-IND, KXOSCARPIC-27-AVEN, KXALIENS-26NOV"
match,52,True,1,0.002281651702899047,0.01959999999999998,0.0026183482971009475,0.005914042575601457,0.058304662027483314,0.008662122931269372,0.336165227932563,-0.0036323908727024096,SENATEME-26-D+SENATEME-26-R,"KXNFLNFCCHAMP-27-ATL, SENATEME-26-D, SENATEME-26-R","KXNBA-27-HOU, KXNFLNFCCHAMP-27-ATL, KXINXY-26DEC31H1600-B6300"
match,53,True,1,0.0027960409569701937,0.01959999999999988,0.0021039590430297767,0.006511290107066983,0.05917323701088242,0.008282019145653621,0.33123082308975743,-0.0037152491500967895,CONTROLH-2026-D+CONTROLH-2026-R,"CONTROLH-2026-D, CONTROLH-2026-R, KXOSCARPIC-27-SOC","KXFEDDECISION-26SEP-H26, KXINXY-26DEC31H1600-B6300, KXOSCARPIC-27-SOC"
match,54,True,1,0.002203225351494125,0.019600000000000204,0.002696774648505926,0.005376828877396475,0.0583225165114499,0.009203800250466,0.3360623164494681,-0.00317360352590235,KXGOVCA-26-SHIL+KXGOVCA-26-XBEC,"KXGOVCA-26-SHIL, KXGOVCA-26-XBEC, KXOSCARPIC-27-PRO","KXMLBAL-26-SEA, KXOSCARPIC-27-PRO, KXALIENS-26NOV"
match,55,True,1,0.0025619390670271296,0.01959999999999998,0.002338060932972865,0.0058833347658577805,0.05878802796363828,0.00881367222505179,0.33340121584148086,-0.003321395698830651,SENATEMI-26-D+SENATEMI-26-R,"KXATP-26USO-MUS, SENATEMI-26-D, SENATEMI-26-R","KXATP-26USO-MUS, KXINXY-26DEC31H1600-B6700, KXOSCARPIC-27-BEH"
match,56,True,1,0.002109370611903239,0.019599999999999885,0.002790629388096732,0.0053130749570844404,0.05778882145755098,0.009134130407303305,0.3391659408454479,-0.0032037043451812013,CONTROLH-2026-D+CONTROLH-2026-R,"CONTROLH-2026-D, CONTROLH-2026-R, KXNBA-27-HOU","KXNBA-27-HOU, KXOSCARPIC-27-BEH, KXWNBA-26-WSH"
match,57,True,1,0.001733171037958229,0.01959999999999998,0.0031668289620417657,0.004006516155190858,0.05901805267122756,0.010747997012616032,0.33210177416706527,-0.0022733451172326294,SENATEMI-26-D+SENATEMI-26-R,"KXNBA-27-ORL, SENATEMI-26-D, SENATEMI-26-R","KXNBA-27-ORL, KXINXY-26DEC31H1600-B6700, KXOSCARPIC-27-PRO"
match,58,True,1,0.0015652900839995126,0.019599999999999868,0.0033347099160004542,0.004004205628367799,0.05685938800607054,0.010210641373149835,0.3447100063389232,-0.0024389155443682864,CONTROLH-2026-D+CONTROLH-2026-R,"CONTROLH-2026-D, CONTROLH-2026-R, KXNFLAFCCHAMP-27-TEN","KXINXY-26DEC31H1600-B8900, KXNFLAFCCHAMP-27-TEN, KXWNBA-26-WSH"
match,59,True,1,0.0015459677281490468,0.019600000000000208,0.003354032271851005,0.0037598622109293114,0.05793114570015814,0.010722924214110224,0.338332683794077,-0.0022138944827802647,KXGOVCA-26-SHIL+KXGOVCA-26-XBEC,"KXNBA-27-ORL, KXGOVCA-26-SHIL, KXGOVCA-26-XBEC","KXNBA-27-ORL, KXATP-26USO-MUS, KXNFLNFCCHAMP-27-ATL"
match,60,True,1,0.0024170205523697634,0.019600000000000204,0.0024829794476302876,0.005645365775832422,0.06022771810230261,0.00941156374974323,0.3254315557283393,-0.0032283452234626586,KXGOVCA-26-SHIL+KXGOVCA-26-XBEC,"KXGOVCA-26-SHIL, KXGOVCA-26-XBEC, KXNFLNFCCHAMP-27-NO","KXNBA-27-CLE, KXNFLNFCCHAMP-27-NO, KXMLBAL-26-SEA"
match,61,True,1,0.005024587357890312,0.029100000000000084,0.0022504126421097094,0.007887953135034723,0.06797291785795942,0.009105276329455132,0.4281116791368191,-0.002863365777144411,KXGOVCA-26-SHIL+KXGOVCA-26-XBEC,"KXGOVCA-26-SHIL, KXGOVCA-26-XBEC, KXF1-26-LN","KXNBA-27-CLE, KXF1-26-LN, KXNFLAFCCHAMP-27-TEN"
match,62,True,1,0.0026738819096161458,0.01959999999999998,0.002226118090383849,0.009452112892969034,0.06871523985439609,0.007726697070629989,0.28523512457398575,-0.006778230983352888,SENATEMI-26-D+SENATEMI-26-R,"KXOSCARPIC-27-AVEN, SENATEMI-26-D, SENATEMI-26-R","KXBALLONDOR-26-KKVA, KXNFLAFCCHAMP-27-TEN, KXOSCARPIC-27-AVEN"
match,63,True,1,0.001683170618281972,0.019599999999999895,0.003216829381718002,0.004744012743350973,0.05892494725216396,0.009987224069690017,0.3326265175278558,-0.0030608421250690014,CONTROLH-2026-D+CONTROLH-2026-R,"CONTROLH-2026-D, CONTROLH-2026-R, KXNFLNFCCHAMP-27-NO","KXNFLNFCCHAMP-27-NO, KXOSCARPIC-27-SOC, KXBTCMAXY-26DEC31-199999.99"
match,64,True,1,0.002149603860809774,0.019599999999999996,0.002750396139190225,0.00836982226016197,0.06624466047303905,0.008191342858097792,0.29587290296365865,-0.006220218399352197,SENATEME-26-D+SENATEME-26-R,"SENATEME-26-D, SENATEME-26-R, KXINXY-26DEC31H1600-B8900","KXNFLNFCCHAMP-27-WAS, KXINXY-26DEC31H1600-B8900, KXWNBA-26-WSH"
match,65,True,1,0.0016875764574539667,0.01959999999999998,0.003212423542546028,0.0041112197170487565,0.05863407684421909,0.010547299494006016,0.3342766025305368,-0.0024236432595947897,SENATEMI-26-D+SENATEMI-26-R,"KXNBA-27-IND, SENATEMI-26-D, SENATEMI-26-R","KXNBA-27-IND, KXNFLNFCCHAMP-27-ATL, KXINXY-26DEC31H1600-B6300"
match,66,True,1,0.001784032143134908,0.019600000000000117,0.0031159678568651213,0.009444170572765934,0.07965932017671976,0.010470659471414005,0.24604779398717702,-0.0076601384296310256,CONTROLS-2026-D+CONTROLS-2026-R,"KXNBA-27-TOR, CONTROLS-2026-D, CONTROLS-2026-R","KXNBA-27-TOR, KXGOVCA-26-SHIL, KXBTCMAXY-26DEC31-199999.99"
match,67,True,1,0.0024596777112669867,0.019599999999999996,0.0024403222887330123,0.006313313655643516,0.058169956863370446,0.008229175560199095,0.3369436915010348,-0.0038536359443765295,SENATEME-26-D+SENATEME-26-R,"SENATEME-26-D, SENATEME-26-R, KXINXY-26DEC31H1600-B8900","KXNBA-27-HOU, KXINXY-26DEC31H1600-B8900, KXOSCARPIC-27-SOC"
match,68,True,1,0.0024604661243160485,0.019599999999999892,0.0024395338756839245,0.0060204093200362276,0.05797374124986853,0.008473025992430905,0.33808409768697373,-0.003559943195720179,CONTROLH-2026-D+CONTROLH-2026-R,"CONTROLH-2026-D, CONTROLH-2026-R, KXINXY-26DEC31H1600-B6700","KXNFLNFCCHAMP-27-ATL, KXMLBAL-26-SEA, KXINXY-26DEC31H1600-B6700"
match,69,True,1,0.0014935888465940038,0.01959999999999998,0.003406411153405991,0.004009643509002483,0.05872444475376185,0.01067146767943798,0.3337622021320928,-0.002516054662408479,SENATEMI-26-D+SENATEMI-26-R,"KXOSCARPIC-27-AVEN, SENATEMI-26-D, SENATEMI-26-R","KXNBA-27-TOR, KXOSCARPIC-27-AVEN, KXNASCARCUPSERIES-NCS26-BWAL"
match,70,True,1,0.002385922941822431,0.019600000000000208,0.0025140770581776207,0.005340495899506057,0.058788572348314604,0.009356647187572594,0.3333981285320686,-0.002954572957683626,KXGOVCA-26-SHIL+KXGOVCA-26-XBEC,"KXNBA-27-HOU, KXGOVCA-26-SHIL, KXGOVCA-26-XBEC","KXNBA-27-HOU, KXOSCARPIC-27-SOC, KXBTCMAXY-26DEC31-199999.99"
match,71,True,1,0.00197116125982889,0.01959999999999998,0.0029288387401711045,0.004717541808259902,0.058386264706907394,0.009879024368466946,0.3356953916882646,-0.002746380548431012,SENATEMI-26-D+SENATEMI-26-R,"KXNFLNFCCHAMP-27-NO, SENATEMI-26-D, SENATEMI-26-R","KXNFLNFCCHAMP-27-NO, KXMLBAL-26-SEA, KXWNBA-26-WSH"
match,72,True,1,0.001426632347132084,0.019600000000000062,0.0034733676528679314,0.0040596216032058145,0.05895680621020633,0.010679579949345768,0.3324467734924047,-0.0026329892560737304,CONTROLS-2026-D+CONTROLS-2026-R,"KXNBA-27-CLE, CONTROLS-2026-D, CONTROLS-2026-R","KXNBA-27-CLE, KXNFLNFCCHAMP-27-NO, KXOSCARPIC-27-SOC"
match,73,True,1,0.0017816675949411213,0.019599999999999996,0.0031183324050588776,0.0038960633035113844,0.05887242711175551,0.010822043474427494,0.3329232539163705,-0.002114395708570263,SENATEME-26-D+SENATEME-26-R,"SENATEME-26-D, SENATEME-26-R, KXINXY-26DEC31H1600-B8900","KXFEDDECISION-26SEP-H26, KXNFLNFCCHAMP-27-ATL, KXINXY-26DEC31H1600-B8900"
match,74,True,1,0.0022171957101773387,0.019599999999999895,0.002682804289822635,0.005417615865213738,0.05816752894443257,0.009124266370894404,0.3369577555670926,-0.0032004201550363993,CONTROLH-2026-D+CONTROLH-2026-R,"KXFEDDECISION-26SEP-H26, CONTROLH-2026-D, CONTROLH-2026-R","KXFEDDECISION-26SEP-H26, KXNBA-27-HOU, KXNFLNFCCHAMP-27-ATL"
match,75,True,1,0.0025341964373921007,0.019600000000000086,0.002365803562607921,0.013057523526839223,0.08202606594384079,0.007448992959120975,0.23894843394560994,-0.010523327089447122,CONTROLS-2026-D+CONTROLS-2026-R,"CONTROLS-2026-D, CONTROLS-2026-R, KXOSCARPIC-27-SOC","KXNBA-27-ORL, KXF1-26-GR, KXOSCARPIC-27-SOC"
match,76,True,1,0.002645461453565246,0.01959999999999998,0.0022545385464347485,0.006559006854190953,0.05877655188525993,0.00813513111712403,0.33346631218282297,-0.003913545400625707,SENATEMI-26-D+SENATEMI-26-R,"KXOSCARPIC-27-PRO, SENATEMI-26-D, SENATEMI-26-R","KXNBA-27-CLE, KXOSCARPIC-27-PRO, KXALIENS-26NOV"
match,77,True,1,0.0020416694293616602,0.019600000000000062,0.0028583305706383552,0.005314625141569385,0.05864950817718867,0.009347751902727783,0.33418865066669645,-0.0032729557122077244,CONTROLS-2026-D+CONTROLS-2026-R,"KXFEDDECISION-26SEP-H26, CONTROLS-2026-D, CONTROLS-2026-R","KXFEDDECISION-26SEP-H26, KXNBA-27-CLE, KXNFLNFCCHAMP-27-ATL"
match,78,True,1,0.0024519264786683655,0.01959999999999998,0.002448073521331629,0.0051642508118848116,0.0575486347031649,0.009222907863906414,0.3405814942630094,-0.002712324333216446,SENATEMI-26-D+SENATEMI-26-R,"KXNBA-27-HOU, SENATEMI-26-D, SENATEMI-26-R","KXNBA-27-HOU, KXNFLNFCCHAMP-27-ATL, KXOSCARPIC-27-BEH"
match,79,True,1,0.0019437796786469855,0.019600000000000076,0.0029562203213530334,0.005447333856927319,0.05750368597006628,0.008928587635589251,0.3408477155743184,-0.003503554178280334,SENATEME-26-D+SENATEME-26-R,"SENATEME-26-D, SENATEME-26-R, KXWNBA-26-WSH","KXNFLAFCCHAMP-27-TEN, KXOSCARPIC-27-PRO, KXWNBA-26-WSH"
match,80,True,1,0.002059687404082935,0.019600000000000183,0.002840312595917111,0.00606219907329834,0.059108045486098645,0.008714812298226321,0.3315961446333024,-0.004002511669215406,KXGOVCA-26-SHIL+KXGOVCA-26-XBEC,"KXGOVCA-26-SHIL, KXGOVCA-26-XBEC, KXOSCARPIC-27-AVEN","KXNBA-27-CLE, KXMLBAL-26-SEA, KXOSCARPIC-27-AVEN"
match,81,True,1,0.002917295579676713,0.0196000000000002,0.001982704420323337,0.0062546451361165725,0.05874457566826857,0.00843149878095057,0.33364782666371906,-0.0033373495564398593,KXGOVCA-26-SHIL+KXGOVCA-26-XBEC,"KXNBA-27-IND, KXGOVCA-26-SHIL, KXGOVCA-26-XBEC","KXNBA-27-IND, KXATP-26USO-MUS, KXNFLNFCCHAMP-27-NO"
match,82,True,1,0.0028116538605765275,0.019600000000000093,0.002088346139423496,0.0066842908275492295,0.0588364983662619,0.008024833764016245,0.3331265548467641,-0.003872636966972702,CONTROLS-2026-D+CONTROLS-2026-R,"CONTROLS-2026-D, CONTROLS-2026-R, KXINXY-26DEC31H1600-B6300","KXINXY-26DEC31H1600-B6300, KXWNBA-26-WSH, KXALIENS-26NOV"
match,83,True,1,0.0020706685004893213,0.01959999999999988,0.002829331499510649,0.004180617424809411,0.058833140952095866,0.010527667813214556,0.33314556528537087,-0.0021099489243200896,CONTROLH-2026-D+CONTROLH-2026-R,"CONTROLH-2026-D, CONTROLH-2026-R, KXNBA-27-IND","KXNBA-27-IND, KXOSCARPIC-27-SOC, KXBTCMAXY-26DEC31-199999.99"
match,84,True,1,0.001983730958703571,0.019599999999999878,0.0029162690412963986,0.011880290185108135,0.08242627417438622,0.00872627835848842,0.237788256187983,-0.009896559226404564,CONTROLH-2026-D+CONTROLH-2026-R,"CONTROLH-2026-D, CONTROLH-2026-R, KXBTCMAXY-26DEC31-199999.99","KXF1-26-GR, KXNFLAFCCHAMP-27-TEN, KXBTCMAXY-26DEC31-199999.99"
match,85,True,1,0.001895733011302289,0.01959999999999998,0.0030042669886977055,0.004477689379481127,0.05811742505032985,0.010051666883101336,0.3372482518457472,-0.002581956368178838,SENATEMI-26-D+SENATEMI-26-R,"KXNBA-27-TOR, SENATEMI-26-D, SENATEMI-26-R","KXNBA-27-TOR, KXMLBAL-26-SEA, KXWNBA-26-WSH"
match,86,True,1,0.001925612490911291,0.019599999999999954,0.0029743875090886976,0.004332317823988737,0.059187687437845554,0.010464604035472651,0.3311499544661615,-0.002406705333077446,CONTROLH-2026-D+CONTROLH-2026-R,"CONTROLH-2026-D, CONTROLH-2026-R, KXNBA-27-TOR","KXNBA-27-TOR, KXOSCARPIC-27-SOC, KXALIENS-26NOV"
match,87,True,1,0.0030896567826747615,0.019600000000000062,0.001810343217325254,0.006609365480841678,0.058917955579533096,0.008120123414041596,0.33266598963268684,-0.0035197086981669165,CONTROLS-2026-D+CONTROLS-2026-R,"KXFEDDECISION-26SEP-H26, CONTROLS-2026-D, CONTROLS-2026-R","KXFEDDECISION-26SEP-H26, KXINXY-26DEC31H1600-B6700, KXALIENS-26NOV"
match,88,True,1,0.00187558084073643,0.019599999999999906,0.0030244191592635463,0.004289125464132532,0.0585988701193108,0.010360592065695168,0.3344774389010084,-0.002413544623396102,CONTROLH-2026-D+CONTROLH-2026-R,"CONTROLH-2026-D, CONTROLH-2026-R, KXOSCARPIC-27-AVEN","KXNBA-27-TOR, KXNFLNFCCHAMP-27-NO, KXOSCARPIC-27-AVEN"
match,89,True,1,0.001955410288125979,0.019600000000000093,0.002944589711874044,0.005612061297665928,0.059471125690618444,0.009255720124988683,0.32957170008793,-0.003656651009539949,CONTROLS-2026-D+CONTROLS-2026-R,"CONTROLS-2026-D, CONTROLS-2026-R, KXINXY-26DEC31H1600-B6700","KXNBA-27-ORL, KXINXY-26DEC31H1600-B6700, KXBTCMAXY-26DEC31-199999.99"
match,90,True,1,0.002473447538904841,0.01959999999999988,0.0024265524610951293,0.0053650499675500195,0.05899337317846291,0.009383293327065709,0.33224070677747547,-0.0028916024286451784,CONTROLH-2026-D+CONTROLH-2026-R,"CONTROLH-2026-D, CONTROLH-2026-R, KXNBA-27-IND","KXNBA-27-IND, KXNFLNFCCHAMP-27-NO, KXOSCARPIC-27-SOC"
match,91,True,1,0.004321570500803305,0.029099999999999775,0.0029534294991966385,0.007238681745311979,0.06760439343409802,0.009662416613212526,0.43044539743362953,-0.0029171112445086737,CONTROLH-2026-D+CONTROLH-2026-R,"CONTROLH-2026-D, CONTROLH-2026-R, KXF1-26-LN","KXNBA-27-TOR, KXF1-26-LN, KXNFLAFCCHAMP-27-TEN"
match,92,True,1,0.0020924977006659858,0.019599999999999885,0.0028075022993339855,0.005624140492618085,0.05850308780578946,0.00900163145882928,0.3350250514137866,-0.003531642791952099,CONTROLH-2026-D+CONTROLH-2026-R,"CONTROLH-2026-D, CONTROLH-2026-R, KXNBA-27-HOU","KXNBA-27-HOU, KXATP-26USO-MUS, KXINXY-26DEC31H1600-B8900"
match,93,True,1,0.0018415607566354304,0.019599999999999767,0.0030584392433645113,0.005483947267893738,0.05795335797942602,0.009004392226962768,0.33820300813212495,-0.0036423865112583075,CONTROLH-2026-D+CONTROLH-2026-R,"CONTROLH-2026-D, CONTROLH-2026-R, KXINXY-26DEC31H1600-B8900","KXNBA-27-HOU, KXINXY-26DEC31H1600-B8900, KXWNBA-26-WSH"
match,94,True,1,0.0023758153140646006,0.019600000000000097,0.0025241846859354235,0.007802410793525252,0.06839387540527508,0.00929605805779352,0.2865753678068137,-0.005426595479460651,SENATEME-26-D+SENATEME-26-R,"SENATEME-26-D, SENATEME-26-R, KXOSCARPIC-27-PRO","KXNBA-27-CLE, KXBALLONDOR-26-KKVA, KXOSCARPIC-27-PRO"
match,95,True,1,0.001563706987720962,0.01960000000000021,0.0033362930122790907,0.004568706433913432,0.05772196616253618,0.009861785106720613,0.33955877290821357,-0.0030049994461924696,KXGOVCA-26-SHIL+KXGOVCA-26-XBEC,"KXGOVCA-26-SHIL, KXGOVCA-26-XBEC, KXWNBA-26-WSH","KXMLBAL-26-SEA, KXWNBA-26-WSH, KXALIENS-26NOV"
match,96,True,1,0.00259426900984629,0.01959999999999988,0.00230573099015368,0.007152457546940674,0.0583029610633527,0.0074232827188975,0.3361750354103334,-0.004558188537094384,CONTROLH-2026-D+CONTROLH-2026-R,"CONTROLH-2026-D, CONTROLH-2026-R, KXMLBAL-26-SEA","KXNBA-27-CLE, KXMLBAL-26-SEA, KXWNBA-26-WSH"
match,97,True,1,0.008752617695023349,0.0402359999999999,0.0013063823049766256,0.01184708018997932,0.07902204414063817,0.007908430845180222,0.5091743758031688,-0.0030944624949559713,CONTROLH-2026-D+CONTROLH-2026-R,"CONTROLH-2026-D, CONTROLH-2026-R, KXGOVCA-26-SHIL","KXNBA-27-CLE, KXGOVCA-26-SHIL, KXWNBA-26-WSH"
match,98,True,1,0.002336386506304633,0.019599999999999784,0.002563613493695313,0.006042773097089019,0.059183546336497105,0.008753113487035257,0.33117312518856146,-0.0037063865907843857,CONTROLH-2026-D+CONTROLH-2026-R,"CONTROLH-2026-D, CONTROLH-2026-R, KXNFLNFCCHAMP-27-ATL","KXNFLNFCCHAMP-27-ATL, KXINXY-26DEC31H1600-B6700, KXWNBA-26-WSH"
match,99,True,1,0.0018109276992868684,0.01959999999999998,0.0030890723007131263,0.004525843992741415,0.05840431131257683,0.010075233835402793,0.33559166368903487,-0.0027149162934545466,SENATEMI-26-D+SENATEMI-26-R,"KXNFLNFCCHAMP-27-NO, SENATEMI-26-D, SENATEMI-26-R","KXNFLNFCCHAMP-27-NO, KXINXY-26DEC31H1600-B8900, KXBTCMAXY-26DEC31-199999.99"
