ticker,KXFEDDECISION-26SEP-H0,KXFEDDECISION-26SEP-H25,KXFEDDECISION-26SEP-H26,KXMLB-26-ATL,KXMLB-26-BOS,KXMLB-26-CHC,KXMLB-26-CWS,KXMLB-26-HOU,KXMLB-26-LAD,KXMLB-26-MIL,KXMLB-26-NYY,KXMLB-26-PHI,KXMLB-26-TB,CONTROLH-2026-D,CONTROLH-2026-R,KXNBA-27-BOS,KXNBA-27-CLE,KXNBA-27-DEN,KXNBA-27-DET,KXNBA-27-HOU,KXNBA-27-IND,KXNBA-27-LAL,KXNBA-27-MIA,KXNBA-27-MIN,KXNBA-27-NYK,KXNBA-27-OKC,KXNBA-27-ORL,KXNBA-27-PHI,KXNBA-27-SAS,KXNBA-27-TOR,KXGOVCA-26-SHIL,KXGOVCA-26-XBEC,KXATP-26USO-ALC,KXATP-26USO-MUS,KXATP-26USO-SHE,KXATP-26USO-TIA,KXATP-26USO-ZVE,SENATETX-26-D,SENATETX-26-R,KXBALANCEPOWERCOMBO-27FEB-DD,KXBALANCEPOWERCOMBO-27FEB-DR,KXBALANCEPOWERCOMBO-27FEB-RR,CONTROLS-2026-D,CONTROLS-2026-R,KXLLM1-26DEC31-GOOG,KXLLM1-26DEC31-OAI,KXLLM1-26DEC31-XAI,KXBALLONDOR-26-HKAN,KXBALLONDOR-26-KKVA,KXBALLONDOR-26-KMBA,KXBALLONDOR-26-LYAM,KXNFLNFCCHAMP-27-ATL,KXNFLNFCCHAMP-27-CHI,KXNFLNFCCHAMP-27-DAL,KXNFLNFCCHAMP-27-DET,KXNFLNFCCHAMP-27-LAR,KXNFLNFCCHAMP-27-MIN,KXNFLNFCCHAMP-27-NO,KXNFLNFCCHAMP-27-PHI,KXNFLNFCCHAMP-27-SEA,KXNFLNFCCHAMP-27-SF,KXNFLNFCCHAMP-27-WAS,KXF1-26-GR,KXF1-26-KA,KXF1-26-LN,SENATEME-26-D,SENATEME-26-R,KXMLBAL-26-CLE,KXMLBAL-26-CWS,KXMLBAL-26-HOU,KXMLBAL-26-SEA,KXMLBAL-26-TB,KXMLBAL-26-TEX,KXINXY-26DEC31H1600-B6300,KXINXY-26DEC31H1600-B6700,KXINXY-26DEC31H1600-B6900,KXINXY-26DEC31H1600-B7300,KXINXY-26DEC31H1600-B7500,KXINXY-26DEC31H1600-B7700,KXINXY-26DEC31H1600-B8100,KXINXY-26DEC31H1600-B8300,KXINXY-26DEC31H1600-B8500,KXINXY-26DEC31H1600-B8900,KXINXY-26DEC31H1600-T9000,KXTAKEOVERACQWB-27JUN30-NFLX,KXTAKEOVERACQWB-27JUN30-PSKY,KXNFLAFCCHAMP-27-BAL,KXNFLAFCCHAMP-27-BUF,KXNFLAFCCHAMP-27-DEN,KXNFLAFCCHAMP-27-HOU,KXNFLAFCCHAMP-27-IND,KXNFLAFCCHAMP-27-KC,KXNFLAFCCHAMP-27-LAC,KXNFLAFCCHAMP-27-NE,KXNFLAFCCHAMP-27-PIT,KXNFLAFCCHAMP-27-TEN,KXVENEZUELALEADER-26DEC31-DFIG,KXVENEZUELALEADER-26DEC31-DROD,KXVENEZUELALEADER-26DEC31-DRON,KXVENEZUELALEADER-26DEC31-JROD,KXVENEZUELALEADER-26DEC31-NMAD,KXVENEZUELALEADER-26DEC31-VLOP,KXOSCARPIC-27-AVEN,KXOSCARPIC-27-BEH,KXOSCARPIC-27-BLA,KXOSCARPIC-27-DEB,KXOSCARPIC-27-DIG,KXOSCARPIC-27-DUN,KXOSCARPIC-27-ODY,KXOSCARPIC-27-PRO,KXOSCARPIC-27-SOC,KXOSCARPIC-27-WIL,KXWNBA-26-ATL,KXWNBA-26-GS,KXWNBA-26-IND,KXWNBA-26-LV,KXWNBA-26-MIN,KXWNBA-26-NY,KXWNBA-26-WSH,KXRATECUTCOUNT-26DEC31-T0,KXRATECUTCOUNT-26DEC31-T1,KXNASCARCUPSERIES-NCS26-BWAL,KXNASCARCUPSERIES-NCS26-CBEL,KXNASCARCUPSERIES-NCS26-CBRI,KXNASCARCUPSERIES-NCS26-CELL,KXNASCARCUPSERIES-NCS26-DHAM,KXNASCARCUPSERIES-NCS26-JLOG,KXNASCARCUPSERIES-NCS26-KLAR,KXNASCARCUPSERIES-NCS26-RBLA,KXNASCARCUPSERIES-NCS26-TGIB,KXNASCARCUPSERIES-NCS26-TRED,KXWTA-26USO-AND,KXWTA-26USO-GAU,KXWTA-26USO-NAV,KXWTA-26USO-PEG,KXWTA-26USO-RYB,KXWTA-26USO-SAB,KXWTA-26USO-SWI,KXWTA-26USO-ZHE,SENATEMI-26-D,SENATEMI-26-R,SENATEOHS-26-D,SENATEOHS-26-R,KXALIENS-26DEC,KXALIENS-26NOV,KXALIENS-27,KXALIENS-27-29,KXWTIMAX-26DEC31-T115,KXWTIMAX-26DEC31-T120,KXWTIMAX-26DEC31-T125,KXWTIMAX-26DEC31-T130,KXWTIMAX-26DEC31-T135,KXWTIMAX-26DEC31-T150,KXWTIMAX-26DEC31-T160,KXWTIMAX-26DEC31-T180,KXTRUMPOUT27-27-28,KXTRUMPOUT27-27-DJT,KXGREENLAND-29,KXGREENLAND-29-27,KXBTCMINY-27JAN01-45000.00,KXBTCMINY-27JAN01-50000.00,KXBTCMINY-27JAN01-55000.00,KXBTCMAXY-26DEC31-99999.99,KXBTCMAXY-26DEC31-119999.99,KXBTCMAXY-26DEC31-129999.99,KXBTCMAXY-26DEC31-139999.99,KXBTCMAXY-26DEC31-199999.99
KXFEDDECISION-26SEP-H0,0.2484,-0.24265560230807315,-0.0067328656081593365,-0.002525544213202162,0.0013373509436758234,-0.00018535560510490412,0.0027756222237359305,0.0014702308224760151,-0.00293459709328159,0.0021346156943279626,0.005134512238139587,0.0015831302876922883,-0.001095930681571664,0.003236048371215112,-0.0032360483712151117,0.0016456277605454532,-0.00023256947412268018,-0.0011205160864485452,-0.0004538629957041978,-0.0009808229885869232,-0.00034356694983754386,0.0005649578895862649,0.0016532466289754595,-0.002014210731673771,0.0023701286509035385,0.0008507850397660134,-0.0011703418971343923,-0.002817335662430004,-0.0006183887474036703,6.586510378891675e-05,0.0029355447383694216,-0.002935544738369425,-0.0009422945866311245,-0.0001530262353606102,0.0011267796349486556,-0.001371290128461833,-0.0029595529507994763,-0.003517427827638454,0.0035123838052604755,-4.097719893206212e-05,-6.292250900549847e-05,8.53588603376001e-05,0.004237175334140327,-0.004237175334140325,-0.0017280092340723975,0.005286123464107216,-0.0024455620997897737,0.0043471407642005425,-0.0002809381549598915,-0.0053816667682615275,0.004465834006277418,-2.1378534763325416e-05,2.5625084646374734e-05,2.570881236538098e-05,0.00011338592459102625,-3.982452040778081e-05,5.918746782243328e-05,4.158888886778739e-05,0.0001331762815579011,5.880739973572232e-05,0.00014228798907391495,8.758226113493277e-05,-2.294586915606991e-05,3.67999989940554e-05,-3.2851815827031744e-06,-0.007096683083868686,0.007096683083868668,0.0006315259531262893,-0.0015919151213160108,0.0012829095711152172,0.000645680484613745,0.002716138824357965,0.0011081215322811793,-5.775605958087526e-05,0.0005987276356468682,0.00032815841138850675,-0.001691850475670241,-0.0026864988619294617,-0.002332562958682308,-0.00016146746972875277,0.0009928169377227654,0.0014628496342392956,-0.0009523202281173424,-0.0002570487681322514,-0.000151127136260634,0.0003002538239266529,0.0030163526319843537,-0.0037738036389083417,0.001627517140078384,0.0017260139860859653,-0.000696474731417896,-0.0005270760653416874,0.0026690801989178157,-0.00018702512991826195,0.0013693706095810275,-0.0013525880571887499,0.0008905676077003091,0.0011787431859613309,0.0003569912632592015,8.036025260582392e-05,-0.00032348578263330016,0.0011508025900230524,-0.00026150839446722384,0.0037541262419390885,0.007616930120398029,0.000725763276578294,0.0042177943833717774,0.007714571581943434,-0.0014332335766835973,-0.0002107367093177481,0.0032654635405735093,0.004715552148260159,-0.001387001426586501,0.0005767451535835094,0.004861321171374828,0.00405172597697729,-0.0013984934353147827,0.0029433778534559904,-0.0009361519670416654,-0.02362565889367509,0.02386934063808344,0.0007557083373329148,-0.0006811220005832552,0.0017589932756593486,0.0008541607458894423,-0.003305887303949551,-0.00023039641987020106,0.0011702135307947855,-0.0019516532230407799,0.0009669586858582737,0.0008349272260356618,5.448734468403166e-05,-0.0004993727090971437,0.0005045569656131918,0.0004672756991815707,-0.0010893209632828794,0.00020360259755058854,0.00040663432361115264,-5.148948644759998e-05,-0.002867128768377686,0.002867128768377694,0.0007720514105488707,-0.0007731614245222066,0.0009575200714032204,0.0007628587828357594,0.001268892639520265,0.0005417236703600653,-0.006479433734848888,-0.00639694814890285,-0.0059807105047425145,-0.005229485924633676,-0.005015611547135854,-0.002969963957798731,-0.003589687670485619,-0.0033417161385160816,0.0020003941593053727,0.0011460755471092514,0.0005051720884802658,0.00025103853793842105,-0.004947714186005566,-0.0058213020202214595,-0.005830846886372495,0.002165338983034726,0.0023634320615668813,0.0015368815965466792,0.0008882420254979351,0.0005871262673547082
KXFEDDECISION-26SEP-H25,-0.24265560230807315,0.24840000000000004,-0.008264209102771859,0.002568443473914739,-0.0013690691693649458,0.00018359835458036706,-0.0028367350073146033,-0.0015054296961718341,0.0029796294156207827,-0.0021796282528087135,-0.005235350584821251,-0.0016189561749170133,0.0011107452077107841,-0.003295046362775513,0.0032950463627755156,-0.001673814752729853,0.00023894960215131556,0.0011431315414196061,0.00046430220164800324,0.0010021736547463763,0.0003521679309680323,-0.000573925153055652,-0.001682089854345551,0.0020528206758673125,-0.0024104414157043743,-0.0008636345472225759,0.0011954840938138579,0.0028689542663153755,0.0006310136152028041,-6.545625641290391e-05,-0.0029899915151697055,0.002989991515169707,0.0009725491922208767,0.00016425910926268336,-0.0011357069617784963,0.0014094367334801306,0.003025407584983202,0.0035772952735335754,-0.003572162893538021,4.403644946730514e-05,6.701051882082484e-05,-8.946451170309015e-05,-0.00431003343814724,0.004310033438147236,0.001759510080016593,-0.0053780493156637245,0.0024900805705271524,-0.004427225223300149,0.00028254536846121264,0.005473888501275965,-0.004550873837615827,2.035008294343637e-05,-2.0099649543347858e-05,-2.008978692781261e-05,-0.00010541969949435807,4.58470194733669e-05,-5.227301424163424e-05,-3.635063525232233e-05,-0.00012500240775168217,-5.2427256017503954e-05,-0.00013354832110631454,-7.83411011230212e-05,2.1530250626397588e-05,-3.5563684265000786e-05,3.973104841656787e-06,0.007220062149581099,-0.0072200621495810725,-0.0006436650835032439,0.0016197688138973939,-0.0013068148863771395,-0.0006588164007653533,-0.0027643653562157266,-0.0011295739208911403,5.9875347472056e-05,-0.0006104195416514741,-0.0003337152718181375,0.0017250219013512898,0.0027362294476520593,0.0023755378459671527,0.00016552243465857682,-0.0010098504625647314,-0.0014890629556140083,0.0009732590702496131,0.00026318460585971333,0.00015337942687241614,-0.0003049357788458694,-0.0030783270226857223,0.0038379934985659447,-0.001663860593056538,-0.0017645189510280134,0.0007080863624426525,0.0005316555922988307,-0.00272525879922626,0.0001853038464749766,-0.0014058812686754034,0.0013829928867000261,-0.0009096449480697056,-0.001197886941649106,-0.0003618893057454305,-7.906149002366378e-05,0.0003312937601959965,-0.0011747879507207043,0.00023809591443745194,-0.0038704305898116576,-0.00779799210552972,-0.000775870713759436,-0.004338794805132688,-0.007896289387237408,0.0014158174301672857,0.00018614963743304963,-0.0033704648446788335,-0.004844671242986374,0.001387884542923358,-0.0006136370139467072,-0.0049808708210754525,-0.0041577310629198234,0.0013957972083321253,-0.003029738430387575,0.0009432624900936476,0.02405229495261203,-0.024300442282866427,-0.0007702881349758576,0.0006949186371883486,-0.0017904120507846845,-0.0008707785149401332,0.0033651820204744767,0.00023624307654509992,-0.0011903214819101852,0.0019881423915526983,-0.0009835414850189834,-0.0008488226326582252,-5.4524826611554835e-05,0.0005096487489889878,-0.0005158382813783281,-0.0004752301465568726,0.0011104982831989538,-0.00020600596338509367,-0.0004166063964915195,5.346608661787602e-05,0.002916822031951644,-0.0029168220319516396,-0.0007842308858343625,0.0007853604056251413,-0.0009746567919242931,-0.0007765933344331967,-0.0012916472176775994,-0.0005507764665972757,0.006591071181559436,0.00650713751100341,0.006083195186869906,0.005318266807090969,0.005105599071661543,0.0030146823672454956,0.0036540272744207155,0.0034005316211911164,-0.0020343337584097787,-0.0011655345041453285,-0.0005158832311328583,-0.00025869014983489195,0.005033187371653317,0.005923198178003819,0.005931405349530705,-0.002202636692969993,-0.0024067004630815084,-0.001566548029309102,-0.0008993673273292016,-0.0005992015584159781
KXFEDDECISION-26SEP-H26,-0.0067328656081593365,-0.008264209102771859,0.0196,-0.00016773664909795402,8.061763334631499e-05,-1.6933618972894853e-05,0.00017203950708323627,8.852651056929492e-05,-0.00019754386031131806,0.00013324461002457895,0.00032745388661252256,9.685164966001988e-05,-7.609947595369218e-05,0.00020937766796436162,-0.00020937766796436604,0.00010880637550664143,-1.5587316190115294e-05,-7.44184627911811e-05,-3.0264910505192953e-05,-6.543595763687267e-05,-2.2981971890692337e-05,3.741239020942675e-05,0.00010947459659657901,-0.00013349236677068913,0.0001563610638557652,5.581861234623592e-05,-7.806169278167745e-05,-0.00018604553220855034,-4.088921323577116e-05,4.2944144385146e-06,0.00018999548204276534,-0.0001899954820427615,-4.989797276234976e-05,-1.8051534641411977e-06,8.338801945421589e-05,-7.790612762826124e-05,-0.00018161469094706798,-0.00023226038464850828,0.0002319272260554132,1.658250993359988e-05,1.5392566621612438e-05,2.1730416032132393e-05,0.0002785136898413553,-0.0002785136898413518,-0.0001141130063062309,0.0003477837379189776,-0.00016148889952355487,0.00028381387959021414,-1.9185904946748057e-05,-0.00035308348656838326,0.00029070931220207636,2.319781421012253e-06,1.0962498829178821e-05,1.1001771004544021e-05,1.9751981634677598e-05,5.953221030139841e-06,1.5146970605648307e-05,1.3151223243773885e-05,2.1430584254954322e-05,1.4117377345135997e-05,2.2635918072841114e-05,1.9707326083125172e-05,-1.3883390876534907e-06,2.2592230113507234e-06,-2.1222342285256577e-07,-0.0004644829177553665,0.00046448291775535034,3.98362196560153e-05,-0.00010382865093144493,8.187570714049045e-05,3.9613549876605744e-05,0.0001762019030484018,6.968688752745077e-05,-3.470038142544268e-06,3.904133693028956e-05,2.1633811156727942e-05,-0.00011023818304208888,-0.00017573245829660645,-0.0001526131539070684,-1.0309283002762013e-05,6.528876266995761e-05,9.594786380482519e-05,-6.13987169591751e-05,-1.644314191984727e-05,-1.144698396714097e-05,2.08039434164044e-05,0.00019510828282432198,-0.0002480217260408453,0.0001044206143013013,0.00011075381469095253,-4.586315591684128e-05,-3.5939106754115384e-05,0.00017225812941945443,-1.3743164875225615e-05,8.610920519895554e-05,-8.672406947353187e-05,4.8802325967890204e-05,5.664847506420376e-05,1.1596444062790439e-05,-9.578638325103968e-06,-4.6099790641773006e-05,6.442357634470056e-05,-3.0287124043182183e-05,0.00022318121967616325,0.00047753771465561425,3.050112296262148e-05,0.0002551234255194178,0.00048437779737321273,-0.00011293043363503092,-2.708244950187986e-05,0.00019233619527005125,0.00028799371292377,-0.00010298787384431224,2.437558147964457e-05,0.0003021930740655996,0.00024888064504231436,-0.00010510351956926345,0.0001762877947493266,-6.806101939253205e-05,-0.001544458169530768,0.0015603629058824316,4.8825484066336976e-05,-4.3228026145889436e-05,0.0001151766029861666,5.5062181010889514e-05,-0.00021529114385201276,-1.3713539323314705e-05,7.719101728389984e-05,-0.00012617396989232516,6.385823270543169e-05,5.5426163044789625e-05,5.081716125509996e-06,-3.072074834592561e-05,3.237455523343544e-05,3.171197175542716e-05,-6.899460199520925e-05,1.5074095804655426e-05,2.5594576598308812e-05,-1.8830218200362123e-06,-0.00018928770422633144,0.00018928770422631383,5.2432978577398905e-05,-5.250942779892232e-05,6.234167667965439e-05,4.9431217202178276e-05,8.241684996994033e-05,3.573808769230604e-05,-0.0004253852655318871,-0.00041996888768294777,-0.0003927203417281574,-0.00034351855135756563,-0.0003287283247337354,-0.00019597263202735156,-0.00023529239889515672,-0.000219196108823987,0.00013210251427127535,7.621385193561721e-05,3.2375685876658095e-05,1.5248520206940506e-05,-0.0003245552598162017,-0.00038138270444165083,-0.00038254357833727114,0.0001421303769630667,0.00015453523559980922,0.00010016580425959371,5.924718045684651e-05,3.808622511709124e-05
KXMLB-26-ATL,-0.002525544213202162,0.002568443473914739,-0.00016773664909795402,0.06251100000000002,-0.003348117147581573,-0.003629961956059422,-0.0027267833387971657,-0.002203665591788113,-0.02070927012573384,-0.00957959189306359,-0.007286327992056713,-0.0050236782707301164,-0.005509017600000318,0.00107411735576396,-0.0010741173557638878,0.0015381164481750487,-0.00021593019263977842,-0.0010452098986636809,-0.00042257729105120846,-0.0009137691474211216,-0.00031944901626082913,0.0005283334615281974,0.0015447830086081364,-0.0018801913269345825,0.0022158190991365114,0.0007965511345679209,-0.001090519102068495,-0.0026318347142375237,-0.0005769546891888713,6.239673583418592e-05,-0.000623745479228972,0.0006237454792289726,-0.0012207984514070358,-0.00020469507390359425,0.001443473408845558,-0.0017725225936250375,-0.003818704618052816,0.001219165227056796,-0.0012174189830494533,-0.0012109623383857156,-0.0016326240570356772,0.0012492576695432504,-0.0015716301833141619,0.0015716301833141324,0.0006001381181357803,-0.0018151852714324611,0.0008491002377181755,0.0035890552610856013,-0.00023899229977459747,-0.004455993116554313,0.0036834185378333975,0.0007985286524357473,-0.0005694152408595968,-0.0005704583960686075,-0.0033977862118389334,0.0016016531447325638,-0.0016260571638317851,-0.001075393560301708,-0.004046513347717938,-0.0016436923540823823,-0.004329807755180777,-0.0024836839530225276,0.0028802542893379187,-0.004633550811580576,0.0004276896039720797,0.001019370489678193,-0.0010193704896781868,-0.0014314247620742676,0.0035916095727711195,-0.0029031621041180028,-0.0014697850434279998,-0.006133031556398105,-0.0025128322745791316,2.3539806144865376e-05,-0.00023824266978869418,-0.00013017843897906637,0.0006735023566058883,0.0010683683412671674,0.0009275647635700987,6.464082662049157e-05,-0.0003942388491151893,-0.0005812873278413943,0.00038026012297876497,0.00010286007388180803,-0.0004210346896397615,0.0008546204875963699,0.003147279146461003,-0.003945253609162425,0.0016965217121651058,0.0017993249815948407,-0.0007303488073530668,-0.0005538698876505072,0.0027843960226411704,-0.00019871285151681597,0.0014247929643082698,-0.0014133216712031264,-0.00017958376032438858,-0.00022978463868015086,-6.278273095827969e-05,8.188414221432331e-07,0.00010172248079018558,-0.00023422021723411009,3.502430628815487e-05,-7.893313230719246e-05,-0.00020276214351830783,8.149948726801709e-06,-9.647097078410046e-05,-0.00020633815339509565,7.688002477195668e-05,3.358359134334142e-05,-6.506473889181599e-05,-0.00011253642108690097,0.00118310898123217,-0.0005690015511715371,-0.0043918211227300195,-0.003671599623332291,0.0011906151436051884,-0.00268484950652825,0.0007934736688354455,0.0012688771964929199,-0.001281980960367947,-0.0013192663857329286,0.0011991493950768625,-0.0030789328497686764,-0.0014915863131690172,0.0058024015789296755,0.0004080448483404777,-0.002046975737485484,0.003426891096992486,-0.0016905998794638224,-0.0014592116062415736,-0.0002215733925899363,0.0021283896409436784,-0.0021322276268000455,-0.0019722034480120594,0.004630399360363389,-0.0008526384054103243,-0.0017166915954319,0.00022642280804966114,-0.0008908836454293337,0.0008908836454293281,-8.627047824337985e-05,8.639117631506585e-05,-0.0006706313980274897,-0.0005348087190033405,-0.0008891555628740698,-0.000378696545430623,0.0014166626614048185,0.0013986204498187146,0.0013070102381414503,0.001141775723765756,0.0011011299417044117,0.0006412657418687351,0.0007882186907143704,0.0007319236719897452,0.0004685028879588412,0.00026634198343830607,0.00039576213170704904,0.00019861726796507228,0.0010382370377372224,0.0012224855952947262,0.001223577629322094,0.0008848546232700256,0.0009684718428956846,0.0006329248163431392,0.00035679157259541647,0.00024252397168363706
KXMLB-26-BOS,0.0013373509436758234,-0.0013690691693649458,8.061763334631499e-05,-0.003348117147581573,0.048399,-0.0027033687788348203,-0.0019747010396550433,-0.0015933013851971412,-0.01569136927981823,-0.007212034633600562,-0.005447191587078692,-0.0037458045367281035,-0.004137250449450957,-0.0005637672509664002,0.0005637672509663531,-0.0008215190984487096,0.00011895425375204357,0.0005634608277482198,0.00022975249319841668,0.0004950839569931708,0.00017475022237549155,-0.0002812156769322181,-0.0008259806596587256,0.0010104010715209985,-0.0011827346535758663,-0.0004225274544212651,0.0005903504451653734,0.001410232613881126,0.00031104060978104765,-3.106237718526678e-05,0.0003391181321839954,-0.000339118132183994,0.0007438551134776242,0.00016855298797889198,-0.0006994924060571856,0.0010408982849554652,0.002136153724930351,-0.0006359779004677759,0.0006350804032259122,0.000399957261261436,0.0006218676916128567,-0.0008741684879575164,0.0008371695259656677,-0.000837169525965682,-0.00029573363834933895,0.00094567914303035,-0.00041898264191193683,-0.0019329328827480368,0.00011386883591756867,0.002372975303515515,-0.0019908928540399865,-0.0004981488082191725,0.00016191901831744636,0.00016225593808620893,0.0016331027589405172,-0.0009862941483232209,0.0006983231402708343,0.00041160000912870997,0.001974723445529459,0.0007235080001683474,0.002117971724465695,0.001119105632369199,-0.0015509639637326805,0.0024867092476327456,-0.00022287630014440943,-0.000554268822175883,0.0005542688221759108,0.0007594601739646502,-0.0019154195481835023,0.0015431891188640435,0.0007746353448638754,0.0032671854203814394,0.0013323401425411252,-1.258458282916755e-05,0.0001278793695531986,6.977053429138748e-05,-0.000361107718232266,-0.0005718384609004997,-0.0004963465345800717,-3.489850913168483e-05,0.00021074208711827948,0.0003111307956016677,-0.00020398911012773686,-5.525389832068058e-05,0.00025088088864378853,-0.00047189535531586035,-0.0016804369081765671,0.0020971108431426314,-0.0009078139729329903,-0.0009625064194162554,0.0003827300010712981,0.00029039989987648116,-0.001487001849841345,0.00010112626427646057,-0.0007648061723350003,0.0007478527191181119,7.733063580120424e-05,0.00010951545662941058,2.771106553682289e-05,-2.8761395138270154e-06,-6.465309024364388e-05,0.00010287431007776994,4.8356843990732875e-05,0.0001431115384244703,0.0002030807703012289,7.47798700806928e-05,0.00014496651430753304,0.00020354570218895327,4.167593287192576e-05,4.955508491231134e-05,0.0001315826328878806,0.0001524419373879187,-0.0006959080339519605,0.00023726765531606675,0.0022735931444174866,0.001888664326213522,-0.0007002365765712027,0.0013613127082992855,-0.0004838927921297219,-0.0006705141895077444,0.0006774025641116577,0.0007190966500422403,-0.0006325198228451018,0.0016567319957071628,0.0008122666001730303,-0.0030892109801903284,-0.0002116880113536866,0.001103344165122159,-0.0018232033964736593,0.00091297620504221,0.000788665549207584,0.0001290184068672773,-0.001125642364068286,0.0011601176417463245,0.0010659257909646858,-0.002462862272916112,0.00046684710130505034,0.0009412948166987525,-0.00011306078809014936,0.00048731635066531347,-0.0004873163506652707,3.635182497113056e-05,-3.639813892582313e-05,0.0003562240969654314,0.0002831097895643523,0.00047146841926730204,0.00020255762689339212,-0.0007533988961549202,-0.0007438147815026675,-0.0006963882940416561,-0.0006106224176302683,-0.0005759280180608829,-0.00035833120903945787,-0.00041200001118658165,-0.0003864640035754638,-0.000258777716246191,-0.00015478520821988063,-0.00020649183824850476,-9.889846961229411e-05,-0.000553987255878844,-0.0006513144796721159,-0.0006527400011420067,-0.0004716359629529413,-0.0005115858255095022,-0.0003284256589795914,-0.0002014198776085657,-0.0001246098031169166
KXMLB-26-CHC,-0.00018535560510490412,0.00018359835458036706,-1.6933618972894853e-05,-0.003629961956059422,-0.0027033687788348203,0.051975,-0.0021801607607918514,-0.0017603104785298702,-0.01695965556577742,-0.007818212848068223,-0.005924501124434087,-0.004078896459740123,-0.004489948759668696,8.15603558416836e-05,-8.156035584165558e-05,0.00010893967632440922,-1.3175718897040388e-05,-7.098690748353695e-05,-2.75630082533066e-05,-6.0611665657293425e-05,-2.021238149441222e-05,3.798967616921304e-05,0.00010888789695709554,-0.00012955699328310924,0.00015736889719413256,5.811228433700536e-05,-7.262653318999078e-05,-0.0001837301255639101,-3.9172459860726e-05,5.743336043653152e-06,-4.1123412700482234e-05,4.1123412700498287e-05,-3.551083682188314e-05,1.8125638330732226e-05,0.0001416837380868343,-7.319397995046052e-05,-0.00021680948677748398,9.497482554393202e-05,-9.483168437423248e-05,-0.00022232885932923908,-0.0002540433023108492,-2.583542407995273e-05,-0.00011262158539541119,0.00011262158539543844,5.6874751472146484e-05,-0.00014233364524229202,8.013917809536596e-05,0.00024450939908971,-2.511107531728188e-05,-0.00031957554780434,0.00024662287578823094,1.5158949485767377e-05,-0.0001221713039944855,-0.00012236905429010563,-0.0003451073000266168,3.8114086402026573e-05,-0.00021306268430717847,-0.0001698711990319419,-0.0003938390007916291,-0.00020523361146533172,-0.000418527806632419,-0.0002952117393401507,0.0001965391644766047,-0.0003210982965757026,3.354794283234113e-05,6.670230837429932e-05,-6.670230837428146e-05,-0.0001044138300940281,0.00025603774913015556,-0.00021002993838104196,-0.00011031054732759672,-0.00043936424949763493,-0.00018382065654600415,1.7004160538686587e-06,-1.655498550600618e-05,-9.077089189294055e-06,4.7041938143635014e-05,7.509146245654672e-05,6.526172546133427e-05,4.4065740357239025e-06,-2.7820986208985842e-05,-4.0826497823628856e-05,2.657628152223504e-05,7.161959682175145e-06,-1.4961313589197225e-05,5.169871964695076e-05,0.0002224468959222205,-0.0002852345243424429,0.0001185530247809597,0.00012592428498101347,-5.6011375863217974e-05,-4.267921192712657e-05,0.0001965190346609191,-1.7322031558416824e-05,9.776211846889292e-05,-0.00010365182826493185,-2.1878375401414625e-05,-2.17893120286872e-05,-6.6860015365682275e-06,-1.307435832162743e-07,3.577545842899229e-06,-2.760573416820453e-05,4.140927152863963e-05,5.2879134799775474e-05,4.0510499838436066e-05,4.6450356749174585e-05,4.727700640140533e-05,3.942391773560934e-05,5.337400545535808e-05,4.1554452922628075e-05,5.148475540080438e-05,4.5496581540344335e-05,4.549051978414064e-05,-8.021833754513957e-05,-0.0003543293042150265,-0.00030348825027555975,4.575355819778193e-05,-0.00023379416851416609,2.0494904184376552e-05,9.398371654464084e-05,-9.497517691713412e-05,-8.489596185090786e-05,8.939497558808633e-05,-0.00021083982937994758,-9.64135166673374e-05,0.0004164544630269354,3.239170432309831e-05,-0.00013912798703713758,0.00024660736089396725,-0.00011390882024737479,-9.79717830656954e-05,-9.775072488558986e-06,0.00015678276003738766,-0.00013838095321327582,-0.00013253633660072195,0.00033333916429198886,-5.4051263610777577e-05,-0.00010705268705225425,2.031078694761687e-05,-5.663005231941076e-05,5.6630052319426506e-05,-1.1642246258491797e-05,1.1660717217927403e-05,-4.8598448542652996e-05,-3.931423126196584e-05,-6.491417023118586e-05,-2.6653019369795234e-05,0.00010221184523393021,0.00010090379741123763,9.354059402101885e-05,8.038914755946793e-05,8.508460505460847e-05,3.6177988274586356e-05,6.106289863574507e-05,5.442805469917161e-05,2.8338637375246547e-05,1.1775995833274874e-05,3.077699128903087e-05,1.8096707538997495e-05,7.385291595918544e-05,8.756868890956446e-05,8.711700966736733e-05,6.322550765446575e-05,7.191771480460504e-05,5.047796117410436e-05,1.887692697682989e-05,2.0069363160004104e-05
KXMLB-26-CWS,0.0027756222237359305,-0.0028367350073146033,0.00017203950708323627,-0.0027267833387971657,-0.0019747010396550433,-0.0021801607607918514,0.04023600000000001,-0.0012480017307216242,-0.01286256638482769,-0.0058766360055316335,-0.004409358494933596,-0.003024454197234969,-0.0033632248543540386,-0.0011726874931433993,0.0011726874931434277,-0.0017010344956318434,0.00024402714751079716,0.0011634275106660271,0.00047317832554951073,0.0010207013373376061,0.00035924074556738033,-0.0005828998467006356,-0.0017097121138202958,0.0020882458978160163,-0.0024494163187856106,-0.0008766950958436649,0.001217418328994652,0.0029171238426299664,0.0006422114630122861,-6.574339645681338e-05,0.0006996349039982366,-0.0006996349039982397,0.0014900512921952056,0.00031731399737634964,-0.0014868275803709744,0.0021035908670127175,0.004370159134650694,-0.001325704145648312,0.001323826733545369,0.0009621331216319421,0.0014234833682086265,-0.00169825561446254,0.0017348346935490504,-0.0017348346935491137,-0.0006275941321670358,0.0019726851708667774,-0.0008887669077732306,-0.003991322358485403,0.00024480854956586363,0.004917563183941912,-0.004106159297902149,-0.0009877348166285969,0.00042115629736856603,0.0004219787954589377,0.00349094127633726,-0.001963127314941841,0.0015486194917052071,0.0009506443096332782,0.004201193017607503,0.0015912318360401497,0.0045026287978688455,0.0024422694415066086,-0.003203238691650995,0.00514114998562008,-0.000465008859617006,-0.0011421735750135839,0.0011421735750135865,0.0015759145910274222,-0.003967806154820651,0.003200210744936667,0.001610885756850514,0.006770422310752738,0.002765258620205314,-2.616237828662367e-05,0.0002645297320486329,0.00014430891735053711,-0.0007472541262693656,-0.0011836526292067539,-0.0010274500810813127,-7.215539193196903e-05,0.0004362547329269049,0.0006439278167156913,-0.00042227666594873867,-0.00011438095563754807,0.000504072467546365,-0.0009679401135082492,-0.0034776781243872645,0.004348392824840775,-0.0018769364066385259,-0.001990218364144889,0.0007970680060933295,0.0006054960876978634,-0.0030769039640741987,0.00021343880427807465,-0.0015786404750022472,0.0015513931139077035,0.0001673473125961919,0.0002295171885206586,5.8139450896235856e-05,-7.445683214706459e-06,-0.00013337430740026395,0.00022182360765096013,5.8688265624375005e-05,0.00023431132546053297,0.0003623446259315273,0.00010611300698495453,0.00024279251644478646,0.00036418488117140573,3.5443444774564244e-05,6.090902589399754e-05,0.00021294205985760637,0.0002589569381287507,-0.001398153888373415,0.0005359409892447082,0.004756245193048828,0.003959430604352845,-0.001406685918209185,0.0028677143824723432,-0.0009625027022900023,-0.0013926327184938967,0.0014069619888214151,0.0014796141302452796,-0.0013141800666853006,0.003422526389251425,0.001671748536924643,-0.00640193294709304,-0.00044179938678972226,0.0022783121022890472,-0.00377884933123799,0.0018841714237439323,0.0016273080723403165,0.0002613072053373989,-0.0023364557677411964,0.0023881817617807345,0.0021997248440644313,-0.0051043669884912775,0.0009604163628120875,0.0019329175952237025,-0.00023815856638153128,0.001002506059252844,-0.0010025060592528173,8.095460231436524e-05,-8.10599980820462e-05,0.0007387016957853412,0.0005876764165523715,0.000978194138306199,0.0004192388119819379,-0.0015619625818907397,-0.0015420860840654551,-0.001442950033932669,-0.0012638131637309744,-0.0012000994552122516,-0.0007320336313371379,-0.0008586880922423167,-0.000802965119060813,-0.0005308781021982619,-0.00031327874127830177,-0.00043032844758262776,-0.00020882399289142036,-0.0011474337496509262,-0.0013497365432665112,-0.0013520545477547223,-0.0009771448276605884,-0.0010628756677416077,-0.0006861652471919764,-0.00041009350824161426,-0.0002611557320279232
KXMLB-26-HOU,0.0014702308224760151,-0.0015054296961718341,8.852651056929492e-05,-0.002203665591788113,-0.0015933013851971412,-0.0017603104785298702,-0.0012480017307216242,0.032844,-0.010410876557864488,-0.004753278337022718,-0.0035644528959692615,-0.0024434887375545476,-0.002718520592804861,-0.0006195920699836611,0.0006195920699836434,-0.0009032565982990986,0.00013073411120575486,0.0006194435773900249,0.0002525501579436045,0.0005442368149348287,0.00019207407687477532,-0.0003092124623803611,-0.0009081509099002108,0.001110835689806548,-0.001300413307855795,-0.0004646015755635837,0.0006489691774789435,0.0015504580382236473,0.00034193722500025915,-3.418846319975056e-05,0.0003733395297562712,-0.0003733395297563075,0.0008200385881226165,0.0001870404884180948,-0.0007671182331883738,0.0011465863643205171,0.002350888836504523,-0.0006991576005767561,0.0006981717137458554,0.0004335379429902567,0.0006774788558973579,-0.0009666119190556606,0.0009204893473073828,-0.0009204893473073777,-0.0003253742559038962,0.0010399405471188453,-0.00046096900794806266,-0.0021245628087689606,0.0001255834184884931,0.002609038497437208,-0.002187975190857786,-0.0005472412583375886,0.0001785354268198059,0.0001789027926481265,0.0017961049893431748,-0.0010839291204375419,0.0007683635112419656,0.00045316938051467534,0.0021717106878131835,0.0007959916396024671,0.0023292204036791733,0.0012310801807895225,-0.0017049641945143038,0.0027337855849775476,-0.0002451506442536534,-0.000609587626699304,0.0006095876266992732,0.0008351908659309857,-0.0021060097377427435,0.0016969534139994235,0.0008520558705910879,0.0035924136831684606,0.0014652280796965313,-1.3889814395673612e-05,0.0001406599495351701,7.670586565884409e-05,-0.0003972131126663758,-0.0006288912515948018,-0.0005458593070692098,-3.8426455406141455e-05,0.0002317092160809899,0.00034213256728486143,-0.00022448848585833334,-6.0827734220515094e-05,0.0002758947454865395,-0.0005188682693105368,-0.0018466162849551263,0.002305820899823446,-0.000997300526622088,-0.0010573909464185783,0.00042090654659030066,0.0003197476780241148,-0.001633925743127255,0.00011168985056919927,-0.0008396298266638696,0.0008216518533056756,8.323574351980063e-05,0.00011805896321811982,2.9226515705416116e-05,-4.505509998156423e-06,-7.367872444778069e-05,0.00011105043854434921,5.2485607726420596e-05,0.00015649530882443059,0.00022251747941410454,8.14954832109261e-05,0.00015861059950979234,0.00022303614155842516,4.510975066455603e-05,5.380088254410592e-05,0.00014384031709780716,0.00016684242487144106,-0.0007629552732398789,0.00026320666695840077,0.0025024414472625688,0.002079244918462118,-0.0007676005289147722,0.0014994349923535349,-0.0005303274029599599,-0.0007372158981224352,0.0007447898179013698,0.0007903051671978655,-0.0006953321075488492,0.0018212920144888257,0.000892694411715684,-0.0033963527524054865,-0.00023263256978384912,0.0012129902194458883,-0.0020043617267438687,0.0010036905172418355,0.0008670595061019324,0.00014210050135574326,-0.0012371996857235808,0.0012749444182191753,0.0011720303151385785,-0.002707276121860369,0.0005135714243863609,0.0010342027337694423,-0.00012401124891012942,0.0005359555362902411,-0.0005359555362902545,3.9913377458048753e-05,-3.9963673625843416e-05,0.00039163620771810563,0.000311259091308497,0.0005183428774054532,0.00022271071905491087,-0.0008283780593600942,-0.0008178401627697103,-0.0007656767294540295,-0.0006713457018081336,-0.0006333789818507331,-0.0003937539321787085,-0.0004531056324158343,-0.0004249600040595231,-0.0002845974875110384,-0.00017030655541547797,-0.00022696718993793881,-0.00010862525040811387,-0.0006091199686619685,-0.0007161939046876902,-0.000717698887740574,-0.0005185613541486334,-0.0005625815351121987,-0.0003612872975206415,-0.0002212273143885954,-0.00013710410864214208
KXMLB-26-LAD,-0.00293459709328159,0.0029796294156207827,-0.00019754386031131806,-0.02070927012573384,-0.01569136927981823,-0.01695965556577742,-0.01286256638482769,-0.010410876557864488,0.21389999999999995,-0.0445194452756058,-0.033946948645407926,-0.023441611691146474,-0.02564510764958246,0.0012505188160349952,-0.0012505188160349843,0.0017846421523796578,-0.00025019956976244056,-0.0012122345332336386,-0.0004899202665948905,-0.001059518193105388,-0.0003702554978890179,0.0006130654047568158,0.0017922501448022325,-0.0021809822870711335,0.002571173985279321,0.000924630980459955,-0.0012645039569051963,-0.003053466436591843,-0.0006692424797638372,7.258999057397394e-05,-0.000718362256701935,0.0007183622567019216,-0.001378368207818927,-0.00021012058126589403,0.0017071617137067406,-0.002018514620873959,-0.004391710186626794,0.0014186176195287578,-0.001416576093832645,-0.0015169538899333554,-0.002007611878421603,0.0013549331273978843,-0.0018237185521786533,0.0018237185521786908,0.0007000449684282916,-0.002110136499496369,0.0009903855617764035,0.00416707057247245,-0.00027704912236665134,-0.005172513889520696,0.004277643008660779,0.0009148733592786996,-0.0006874069387040302,-0.000688688506117863,-0.003977760513230153,0.0018342108876240742,-0.0019190900058416247,-0.0012780706862700747,-0.004731603867014171,-0.0019366454003575072,-0.005061993385578633,-0.002921749309726155,0.0033420588808864868,-0.005376919126649201,0.0004966661723390829,0.0011794083116438063,-0.0011794083116438124,-0.001660681693297584,0.0041681276403613505,-0.0033684890209151244,-0.0017048282654900345,-0.007117143036690173,-0.0029152092238554266,2.686012558268444e-05,-0.0002757795527909416,-0.00015103323787018992,0.0007795836030649228,0.0012379459374041958,0.0010748987629696566,7.442737861926137e-05,-0.00045738423343874015,-0.0006738876430129088,0.00043925504800613926,0.00011861889702054683,-0.00048265136724926844,0.000988359690232851,0.0036608724206708115,-0.004579790070696901,0.001975395839684435,0.0020951107049709725,-0.0008483255015924476,-0.000640042443500382,0.003239787430099384,-0.00022742238512736657,0.0016633205069261487,-0.001646787889331587,-0.00023553071589116513,-0.0003061344156905216,-9.414809141516925e-05,-2.273429052448441e-05,7.403836691847578e-05,-0.0003032951311113093,4.9599489470324e-05,-7.665165133084124e-05,-0.00022097580641532405,2.071371539234639e-05,-9.801406968124317e-05,-0.00022537914790679987,0.00010135598719226705,4.800339205893119e-05,-6.128678318871009e-05,-0.00011679362089136476,0.0013768546204575576,-0.0006556640399137024,-0.005090226506404985,-0.004254304068063516,0.0013864425005410022,-0.0031092937765993933,0.0009216136049613297,0.0014740690797509465,-0.0014892971774970306,-0.0015303979873272392,0.0013941285396545352,-0.0035721721032944504,-0.0017305165478027572,0.006736795295801009,0.0004757964177207984,-0.0023740598318425224,0.003979888874333529,-0.0019604709973478256,-0.0016917558144378128,-0.0002522985961768238,0.002476300493963999,-0.002474243841774666,-0.0022849074856713795,0.0053809739651148915,-0.0009841056588414888,-0.001992661572350418,0.00026732480931217743,-0.0010301164768196345,0.0010301164768196274,-0.00010246426537786221,0.0001026133889333718,-0.0007789308582251363,-0.000621357062185669,-0.0010328887537166538,-0.0004393587783001111,0.001644362312413973,0.0016234214164452755,0.0015169550394926964,0.001324955479389767,0.0012790785355070642,0.0007426130143617037,0.000915598810593426,0.0008498667426411089,0.0005412953028586843,0.00030542393602271786,0.0004608511950612116,0.0002329698870415329,0.0012047889661883507,0.0014183191487750994,0.0014198998221933129,0.001026979882601775,0.0011242499143087697,0.0007350106524168,0.0004135640140219833,0.00028170123513028236
KXMLB-26-MIL,0.0021346156943279626,-0.0021796282528087135,0.00013324461002457895,-0.00957959189306359,-0.007212034633600562,-0.007818212848068223,-0.0058766360055316335,-0.004753278337022718,-0.0445194452756058,0.123264,-0.015673052736506557,-0.01081224269606288,-0.011856194338052978,-0.0009029226737716724,0.0009029226737716624,-0.001307250989325985,0.00018755017920984098,0.0008941142149988192,0.00036365246268036354,0.0007844226002346622,0.0002760915788944015,-0.0004479413275360165,-0.0013139060692463449,0.001604855853380558,-0.0018824400287818968,-0.0006737902060336665,0.0009355991771667923,0.002241936556201634,0.0004935895428233228,-5.0507811994059125e-05,0.000535240861064506,-0.0005352408610645265,0.001130290227519295,0.00023289935533599726,-0.0011554600125872898,0.0016018942930437414,0.003343355279317185,-0.0010201272119643823,0.0010186783534142526,0.0007826355074014741,0.001137671374698705,-0.001268151631631866,0.0013332333115948884,-0.0013332333115948524,-0.0004829198352847588,0.0015168006335456996,-0.000683880291874567,-0.003069460684035892,0.00018731603945293103,0.003779886789726092,-0.003158628194191511,-0.0007567649667910372,0.0003300969410924228,0.00033075484348270344,0.00269162689926755,-0.0015029326386258742,0.0011980310517978815,0.0007377911830188043,0.0032377843492288946,0.001230093520405564,0.0034698911155377076,0.0018867760746654498,-0.0024623582623960368,0.003951855203051354,-0.00035728714926258035,-0.0008764981549875364,0.000876498154987509,0.001210721837210972,-0.003049486489453887,0.0024589412224936425,0.0012371456246071835,0.005203100568880362,0.002124371159246513,-1.9877408952757197e-05,0.00020300217726249746,0.00011091217256180916,-0.0005734089782691973,-0.0009088786587834548,-0.0007889819711261107,-5.51848227357296e-05,0.0003352538424353284,0.0004946163984049521,-0.000323586416909672,-8.755278897198256e-05,0.00038564822555390134,-0.000742922910193376,-0.0026771332521671166,0.0033422580392693316,-0.0014459968531475452,-0.0015332602777315958,0.0006126165920946705,0.0004637188021119893,-0.00236914419322767,0.00016217846480124013,-0.0012184916067846995,0.0011953663161034561,0.00013958487973932473,0.00019181869195988366,5.2942865753828933e-05,3.379675666456595e-06,-8.538240704096113e-05,0.00018318260852044174,4.3943149343275386e-05,0.00017758631234005858,0.00027599194711900134,7.983282496247511e-05,0.00018423803657555092,0.00027746231112063557,2.5250282046154214e-05,4.56330694647199e-05,0.00016132500591266964,0.00019667446541742268,-0.0010798899838188902,0.0004060840526710082,0.0036485466216934622,0.003036057202263002,-0.0010869121620811,0.0021970179858528394,-0.0007432775598783031,-0.0010707722976472881,0.0010817907413213945,0.0011376627326357659,-0.0010109636735741656,0.0026307002071771293,0.0012854679331800354,-0.0049215688622185425,-0.00034040902555644657,0.0017508715049279057,-0.002905577901249666,0.0014479289661322972,0.0012503675398482144,0.00019899889838859066,-0.001798323820241689,0.001836563864570393,0.0016894488243099051,-0.003926304878817578,0.0007360962641987982,0.0014871328451346803,-0.00018489622742058208,0.0007691391819821954,-0.0007691391819822026,6.298294052699643e-05,-6.306769260655323e-05,0.0005679804725936216,0.00045189950018846955,0.000752153094509996,0.0003221781031595777,-0.0012005154858034735,-0.0011852387422009152,-0.00110903956787539,-0.0009713558083022651,-0.0009223985129539359,-0.0005626198823722676,-0.0006599753872133622,-0.0006171712825370497,-0.0004072008718863276,-0.00023951703802319531,-0.0003313060825767046,-0.00016140333453607377,-0.0008818218487251397,-0.0010371003257162981,-0.001039090277657132,-0.0007510245700033276,-0.0008167928279993921,-0.0005271399608267231,-0.0003154967927861198,-0.0002005971895773808
KXMLB-26-NYY,0.005134512238139587,-0.005235350584821251,0.00032745388661252256,-0.007286327992056713,-0.005447191587078692,-0.005924501124434087,-0.004409358494933596,-0.0035644528959692615,-0.033946948645407926,-0.015673052736506557,0.0979,-0.008196928247819087,-0.009011484097886557,-0.0021760485377601384,0.0021760485377601904,-0.0031384820668328203,0.0004471422804152432,0.00214211334838326,0.0008695655539592893,0.0018771898495493376,0.0006592786403985278,-0.0010762741500787178,-0.0031536869151855542,0.0038476373457087786,-0.004520040962912908,-0.0016201559470401241,0.0022393943447104898,0.005378534651576455,0.0011825176069171497,-0.000123220711518862,0.0012803162017800333,-0.0012803162017800487,0.002637054506471331,0.0005100436479686793,-0.002833382003968102,0.0037672211803642564,0.007946163825768644,-0.0024620420636161777,0.002458534344056967,0.0020833054034676965,0.0029384048352637283,-0.0028732249615659377,0.0032028199763608056,-0.0032028199763608003,-0.0011807137497247414,0.003661984146961219,-0.001671535398275043,-0.007354951034265378,0.0004617815419820291,0.009080700819660538,-0.007562305533759787,-0.0017553661674252897,0.0009142124213502511,0.0009159778101998841,0.006617482827616349,-0.0034962450589425776,0.0030218509571396596,0.0019106391215942733,0.007932853911616213,0.003085328873252984,0.008496983619460963,0.004707258457954889,-0.005900638849322802,0.009477206738247704,-0.0008625945339367242,-0.002096038416520959,0.0020960384165209494,0.002911169973195994,-0.00732369054198912,0.005909937871347037,0.00297928845902325,0.012499012175552025,0.00510880746053455,-4.775683920753546e-05,0.00048688755104853024,0.00026607236127226255,-0.0013756372562988373,-0.002181169465218632,-0.0018935358373610026,-0.00013222193006127666,0.0008047379138506296,0.0011869709220028455,-0.0007762951166797342,-0.00020999669604438527,0.0009036893819695477,-0.0017704185891120887,-0.006426873530219969,0.008032729012179395,-0.003469405892134487,-0.0036790543784885705,0.0014771126446712025,0.0011183001559136733,-0.005687117506112331,0.0003940455264224959,-0.0029210351225642905,0.002875292919156565,0.000347876555301517,0.0004664441535458698,0.0001291057942457283,6.68166952665835e-06,-0.00020235894691299504,0.00045516516636612443,4.775996662339171e-05,0.00033957421302194366,0.0005811548464959305,0.00012359963065090835,0.0003620102010439653,0.0005859231943685437,-1.0507302853686625e-05,5.144977747951921e-05,0.00030406552765184774,0.00039281998879273734,-0.002536312209490251,0.0010335843554123288,0.0088230138394546,0.007352786090563791,-0.0025528069617629986,0.00533869774164859,-0.0017318847572835993,-0.0025768427464030663,0.0026033901622718727,0.002718719254016797,-0.0024338304332353947,0.006305162605170288,0.003072566836316009,-0.011824020379396658,-0.0008225012348626595,0.004194853146679474,-0.006981640940397715,0.003467573831768185,0.002993918746231437,0.00046892832901216915,-0.004326491511215008,0.004390653219091623,0.004045443419475896,-0.009434454366740884,0.0017577679383373951,0.0035489515866316515,-0.00045030641508708366,0.0018368455009822866,-0.001836845500982304,0.00015950766538124495,-0.0001597261501997332,0.0013652486399778868,0.0010870562336792872,0.0018086559747106414,0.0007732383952794029,-0.0028850001096600887,-0.002848277880184274,-0.0026640395230600245,-0.0023313387445147516,-0.0022250302100478704,-0.0013370496272018008,-0.0015922421914584847,-0.0014855568525318458,-0.0009703525653849739,-0.0005644215672324612,-0.0007995197409417652,-0.0003935373879060015,-0.002117547611466153,-0.002491309211904463,-0.0024953227285497053,-0.0018038906178812148,-0.001965879337573107,-0.0012739123251095785,-0.0007480051708874385,-0.0004858694148095612
KXMLB-26-PHI,0.0015831302876922883,-0.0016189561749170133,9.685164966001988e-05,-0.0050236782707301164,-0.0037458045367281035,-0.004078896459740123,-0.003024454197234969,-0.0024434887375545476,-0.023441611691146474,-0.01081224269606288,-0.008196928247819087,0.070224,-0.006212792438969719,-0.0006683268763180884,0.0006683268763180105,-0.0009712569886089396,0.0001400883242639016,0.0006653749817297817,0.0002710167434778356,0.0005842567143541397,0.0002059772918583584,-0.00033261674808042425,-0.0009763925927343481,0.0011936341693859483,-0.0013984346351103342,-0.0004999922066513151,0.000696756157372002,0.0016666045915191617,0.00036730422438790343,-3.706495757597085e-05,0.00039960285321352765,-0.00039960285321350727,0.0008629450540308095,0.00018839572134050762,-0.0008400506433776934,0.0012137883126069826,0.0025082455766158524,-0.0007544305691102183,0.0007533630979821514,0.0005177875190849805,0.0007807307847617287,-0.0009957111661691917,0.0009901028989619384,-0.0009901028989619753,-0.0003535079086500792,0.0011218000506502028,-0.0005007403896381876,-0.002283185401686678,0.00013657392403688306,0.0028066848285249234,-0.002350719932979476,-0.0005776712836554692,0.00021412923407786708,0.00021456544597874076,0.001959868887711741,-0.0011452151369110326,0.0008528016331195852,0.0005125760402197331,0.00236455215964382,0.0008800655373626289,0.0025352119740370423,0.0013562795114763178,-0.0018318585350361712,0.002938304090354748,-0.00026433068079764977,-0.0006535867416473724,0.0006535867416473912,0.0008985925551454905,-0.0022650174979968367,0.0018255163253496206,0.0009172624222448114,0.0038639879479589597,0.0015765427720867559,-1.4837301689908461e-05,0.00015104211773222246,8.245273711572865e-05,-0.00042656890487514617,-0.000675751819509588,-0.0005865686848947314,-4.1156895279907694e-05,0.0002491256422188644,0.0003676982061701717,-0.0002408744654694036,-6.521704484478791e-05,0.00029236274200409234,-0.0005554018970746593,-0.0019875928676856202,0.00248096750372592,-0.0010736388797158946,-0.0011383683001500058,0.000453618199991982,0.00034387784816247247,-0.0017588434725984846,0.00011999996623627556,-0.0009045417325719513,0.0008857651440319386,9.614052983307432e-05,0.00013414384325846743,3.5070204624493105e-05,-1.461178699675192e-06,-7.191951626796077e-05,0.0001271911250292746,4.679040073523832e-05,0.00015344306552799824,0.00022528129984215702,7.610137138179844e-05,0.00015679961127054373,0.00022606002242138012,3.6369214252802135e-05,4.8139070625648295e-05,0.00014046626953996078,0.0001658077755745679,-0.0008139641000215478,0.00028963594180267133,0.0026978054824273222,0.002242731021426022,-0.0008191131618013783,0.0016192989900734112,-0.0005635862655979017,-0.0007939133502744049,0.0008020751281477062,0.0008480691213204555,-0.0007491912687559344,0.001956926556351445,0.0009580749535723246,-0.003654069495538678,-0.0002513740912541022,0.001302923044158516,-0.002156861960387346,0.0010778529508843572,0.0009309664107135585,0.00015059960768172033,-0.0013329804352102727,0.001368553831511947,0.0012581235923230369,-0.00291394516616529,0.0005498575287279386,0.0011094490196776855,-0.00013518718511073871,0.0005741726524251551,-0.0005741726524251518,4.458686378264175e-05,-4.464502341989144e-05,0.0004215005789358266,0.0003351433718516837,0.0005579948497868759,0.0002394318184680928,-0.0008912387586712534,-0.0008798995255194905,-0.000823598218575042,-0.0007218194149966818,-0.0006827737237316996,-0.0004212501181149754,-0.0004884726158285071,-0.00045759755161991437,-0.0003045130334689343,-0.00018088223418076947,-0.00024497400093114244,-0.00011817419461954971,-0.0006550474316960508,-0.0007702455927236853,-0.0007718389767294787,-0.0005577631421952963,-0.000605689797448763,-0.0003897178038208194,-0.00023654295973395497,-0.00014805241622641263
KXMLB-26-TB,-0.001095930681571664,0.0011107452077107841,-7.609947595369218e-05,-0.005509017600000318,-0.004137250449450957,-0.004489948759668696,-0.0033632248543540386,-0.002718520592804861,-0.02564510764958246,-0.011856194338052978,-0.009011484097886557,-0.006212792438969719,0.07611100000000001,0.00046821401252418075,-0.000468214012524221,0.0006645822387147376,-9.190959436445521e-05,-0.0004496139840233383,-0.00018103284242495772,-0.00039211983549095487,-0.00013644332816566785,0.0002286494165765191,0.0006671147458389814,-0.0008100189259343167,0.0009576978342909184,0.00034529702877757076,-0.00046815777886207853,-0.0011354237596387083,-0.0002481886552678358,2.782638694358754e-05,-0.0002667858498189565,0.00026678584981897654,-0.0004896342067561292,-6.379121634954714e-05,0.0006533711768043602,-0.000727129407887406,-0.0016102495027665274,0.0005328348932908719,-0.0005320658141754627,-0.0006254698616202624,-0.0008090079090847897,0.0004539069960165068,-0.0006799295820246227,0.0006799295820246046,0.000268932483733592,-0.0007935770137564684,0.00038027839940671306,0.0015449674182985754,-0.00010840887326327899,-0.0019281336842222909,0.0015829962243559966,0.0003171149191894722,-0.0003017498938951138,-0.00030228972505403186,-0.0015393884624496966,0.0006408005719211041,-0.0007692885906361829,-0.0005284018101191489,-0.0018216134838481607,-0.0007707360389241475,-0.0019471918378776618,-0.0011545053341047884,0.0012397615216189679,-0.0019976214315597803,0.00018691358279254337,0.0004364509244512356,-0.00043645092445124826,-0.0006203638277481088,0.001552986375204849,-0.0012571501797722976,-0.0006388990974278357,-0.0026531927108529186,-0.0010893551028360543,1.012676965080139e-05,-0.00010264629948296587,-5.615633112960726e-05,0.0002903243697522017,0.00046101826456580416,0.00040031588440806815,2.7740402569883884e-05,-0.0001702719734385649,-0.0002508646436041827,0.00016379804370465003,4.42617258819216e-05,-0.00017162898079735965,0.00036316477462222397,0.0013608566391971758,-0.001708597389750334,0.0007329958842130567,0.0007775330859893749,-0.0003183990890219539,-0.00024111520896046934,0.001203918297068195,-8.745815906893308e-05,0.0006150761919966306,-0.0006138941222224851,-8.651473119181881e-05,-0.00010677142513315543,-3.064427217301778e-05,-1.972570797836899e-06,3.733353255816498e-05,-0.00011179975786264812,4.108016681277057e-05,5.083426262436381e-06,-5.078972272143971e-05,3.419901654803631e-05,-5.4013411546704955e-06,-5.289938531995571e-05,6.532737067279978e-05,4.062519094345202e-05,9.46514666806009e-06,-1.2769507934913208e-05,0.00048756899643913803,-0.00027041889076833553,-0.001924111332137054,-0.0016129957939765953,0.0004907708422791617,-0.0011867606620467046,0.00032040067391985594,0.0005511063005117075,-0.0005568116035990353,-0.0005645700172520773,0.0005213541769346993,-0.0013257108675001823,-0.000638616650595183,0.0025111604071162176,0.00017886160490191002,-0.0008805896006150455,0.001483675520863829,-0.0007266105041258057,-0.0006268830314330256,-9.132407844907595e-05,0.0009243782084010972,-0.000913330695459373,-0.0008471378188685317,0.002005240356998681,-0.0003636651123269483,-0.0007326681375130057,0.00010117806759155537,-0.0003802881440582073,0.00038028814405820195,-4.114793980935584e-05,4.1207721456512635e-05,-0.0002905658684594967,-0.00023209634607551899,-0.00038557012703305233,-0.00016351117438018848,0.0006133769554093072,0.0006055609221476974,0.0005653990192679971,0.0004930476259938318,0.0004804724598292742,0.0002710067805888404,0.0003440344773184355,0.0003179745578990981,0.00019900800821039106,0.00011005050425926704,0.00017298004184202083,8.873715480645982e-05,0.00044880577539337883,0.0005287959889250341,0.000528981324847322,0.0003827106022502606,0.0004206273074839167,0.0002771332498751174,0.00015005278513287822,0.00010666066502290655
CONTROLH-2026-D,0.003236048371215112,-0.003295046362775513,0.00020937766796436162,0.00107411735576396,-0.0005637672509664002,8.15603558416836e-05,-0.0011726874931433993,-0.0006195920699836611,0.0012505188160349952,-0.0009029226737716724,-0.0021760485377601384,-0.0006683268763180884,0.00046821401252418075,0.12749999999999997,-0.1275,-0.0013799200582246059,0.00020004486432217058,0.0009472543904110747,0.0003865196049704359,0.0008349766392409835,0.0002942321029910718,-0.0004741193894098682,-0.0013892187340762262,0.0016969373182346608,-0.001982043044088851,-0.0007056785531775003,0.0009957928637606543,0.002361707802384313,0.0005202429249087609,-5.319293515373238e-05,0.008167097934245434,-0.00816709793424545,0.0007630254722803901,8.65222057954356e-05,-0.0010774815792421004,0.0011461898786231735,0.002575964303215826,0.023791921396381886,-0.023757804308742213,0.016603729871132608,0.02257351566029475,-0.01818413246407159,-0.016299456158790325,0.01629945615879031,0.0010894619091264873,-0.0033287432824233272,0.0015418281776552452,0.003099154412609005,-0.00019421730503713244,-0.0038243662975335265,0.0031895451697013903,0.0003730459241985674,-0.00022570437953056317,-0.000226118126423936,-0.0014869758247191432,0.0007464606953977064,-0.0006941368708125735,-0.0004486810317180613,-0.0017771587153408144,-0.0007053455739476186,-0.0019026160913267474,-0.0010711891024389453,0.0012974163283220258,-0.0020879116850321547,0.00019296487244316383,-0.01482067941074739,0.01482067941074739,0.00016558274878972074,-0.00038750228945190197,0.0003280892901591336,0.0001785522808018967,0.0006692189703270912,0.000292313603908094,4.6155515947760596e-07,2.0427252506495283e-05,1.3486419670482023e-05,-5.78097368837497e-05,-0.00010144281478410475,-8.895142567435843e-05,-2.6392230262469677e-06,4.148004554027559e-05,5.733211574425362e-05,-2.674590886939811e-05,-5.8533434678490054e-06,0.0011866596425193008,-0.002373194111708618,9.10997732001782e-05,-0.00012271563896911042,4.7238209967781054e-05,4.9990501301389465e-05,-2.084226148539799e-05,-1.9541989895548582e-05,7.944609992144251e-05,-8.764545459797158e-06,3.546148379485841e-05,-3.656057446507668e-05,-0.00622703945041505,-0.008209843821779288,-0.0024831227658955635,-0.0005491008378693752,0.0022578870718848124,-0.008042529933216913,2.506715947409643e-05,-0.0002553765697341133,-0.0005337331844413915,-4.224600577999206e-05,-0.00028947292467384415,-0.0005412159298221319,0.00011609868317179408,2.1521394752797043e-05,-0.0002212491396545036,-0.00032542277728832617,0.0005982171753584595,-0.00027362654661193075,-0.0021760906136711563,-0.001818367329318761,0.0005997472274400877,-0.0013275893502799245,0.0004096880916772249,-0.0009450405101517065,0.0009547845973380429,-0.00044721936698600295,0.0004041827372724161,-0.0010375644061661928,-0.0005056736189504309,0.0019497995157843006,0.0001383105453088036,-0.0006891279809381008,0.001153495462469745,-0.0005694039088781342,-0.0004910393154360176,-5.972541698222205e-05,0.00054789754921909,-0.0005501621103687349,-0.0005121808527934557,0.001195181974748338,-0.00022390340487501558,-0.0004426720080924814,5.640311211486316e-05,0.019040754606258946,-0.019040754606258967,-0.02467431203739958,0.024709746771629782,0.0009805981361133771,0.0007819516020088244,0.0012999852575670862,0.0005522039542794736,0.0037361960562272466,0.0036884914016420524,0.0034479119727653844,0.003014205276585998,0.0028947323743002715,0.0017075226795884913,0.002071580697254489,0.0019282062153717962,0.00023948656873731992,0.00013544099194094883,-0.0035369336380090413,-0.0017663918191501474,0.000599441597757278,0.0007058252516804195,0.000706354468122156,0.002501384263753754,0.0027292120237333494,0.001775010223215036,0.001026586894341818,0.0006778687359412403
CONTROLH-2026-R,-0.0032360483712151117,0.0032950463627755156,-0.00020937766796436604,-0.0010741173557638878,0.0005637672509663531,-8.156035584165558e-05,0.0011726874931434277,0.0006195920699836434,-0.0012505188160349843,0.0009029226737716624,0.0021760485377601904,0.0006683268763180105,-0.000468214012524221,-0.1275,0.1275,0.00137992005822465,-0.0002000448643221667,-0.0009472543904110674,-0.0003865196049704035,-0.000834976639240995,-0.00029423210299109825,0.000474119389409822,0.00138921873407621,-0.0016969373182346768,0.001982043044088865,0.0007056785531774823,-0.0009957928637606681,-0.0023617078023843133,-0.0005202429249087758,5.319293515375865e-05,-0.008167097934245447,0.008167097934245441,-0.000763025472280401,-8.652220579544241e-05,0.001077481579242105,-0.0011461898786231741,-0.0025759643032158275,-0.02379192139638193,0.023757804308742247,-0.016603729871132643,-0.022573515660294752,0.018184132464071613,0.016299456158790353,-0.016299456158790325,-0.0010894619091264615,0.0033287432824233186,-0.0015418281776552385,-0.0030991544126089685,0.00019421730503712154,0.003824366297533511,-0.0031895451697014085,-0.00037304592419855657,0.0002257043795305557,0.00022611812642394548,0.0014869758247191452,-0.0007464606953977316,0.0006941368708125881,0.00044868103171806343,0.001777158715340796,0.0007053455739476054,0.0019026160913267467,0.001071189102438946,-0.0012974163283220354,0.002087911685032174,-0.00019296487244316391,0.0148206794107474,-0.014820679410747366,-0.000165582748789729,0.00038750228945191525,-0.000328089290159127,-0.0001785522808018956,-0.0006692189703271082,-0.0002923136039081082,-4.615551594803415e-07,-2.04272525064896e-05,-1.3486419670486292e-05,5.780973688376325e-05,0.0001014428147841014,8.895142567434734e-05,2.6392230262440035e-06,-4.148004554028536e-05,-5.7332115744255e-05,2.6745908869394806e-05,5.853343467849903e-06,-0.001186659642519299,0.0023731941117086366,-9.109977320016652e-05,0.0001227156389690926,-4.723820996777611e-05,-4.999050130139651e-05,2.084226148540555e-05,1.9541989895549036e-05,-7.944609992145349e-05,8.764545459788698e-06,-3.546148379484975e-05,3.656057446506653e-05,0.006227039450415055,0.00820984382177929,0.002483122765895558,0.0005491008378693658,-0.002257887071884815,0.008042529933216934,-2.506715947408221e-05,0.0002553765697341099,0.0005337331844413761,4.2246005779994574e-05,0.0002894729246738471,0.0005412159298221102,-0.00011609868317176295,-2.1521394752799486e-05,0.0002212491396545002,0.0003254227772883134,-0.000598217175358448,0.00027362654661193335,0.0021760906136711524,0.0018183673293187448,-0.0005997472274400794,0.001327589350279922,-0.0004096880916772199,0.000945040510151723,-0.0009547845973380596,0.0004472193669859903,-0.000404182737272418,0.0010375644061661857,0.0005056736189504331,-0.0019497995157842654,-0.00013831054530880177,0.0006891279809381075,-0.0011534954624697522,0.0005694039088781201,0.0004910393154360138,5.972541698222766e-05,-0.0005478975492190878,0.000550162110368726,0.0005121808527934542,-0.0011951819747483131,0.00022390340487499346,0.00044267200809247923,-5.640311211485991e-05,-0.01904075460625903,0.019040754606259015,0.024674312037399632,-0.02470974677162982,-0.0009805981361133722,-0.0007819516020088265,-0.0012999852575670873,-0.0005522039542794746,-0.003736196056227236,-0.003688491401642055,-0.003447911972765387,-0.0030142052765860065,-0.0028947323743002875,-0.0017075226795885072,-0.0020715806972544932,-0.0019282062153718027,-0.0002394865687373124,-0.00013544099194094986,0.0035369336380090435,0.0017663918191501502,-0.0005994415977572491,-0.0007058252516803378,-0.0007063544681221335,-0.0025013842637537473,-0.0027292120237333573,-0.0017750102232150353,-0.0010265868943418281,-0.0006778687359412447
KXNBA-27-BOS,0.0016456277605454532,-0.001673814752729853,0.00010880637550664143,0.0015381164481750487,-0.0008215190984487096,0.00010893967632440922,-0.0017010344956318434,-0.0009032565982990986,0.0017846421523796578,-0.001307250989325985,-0.0031384820668328203,-0.0009712569886089396,0.0006645822387147376,-0.0013799200582246059,0.00137992005822465,0.0475,-0.0010070172902766972,-0.0020156561865492997,-0.0015094386485640255,-0.0010196947180886107,-0.0010089515972677861,-0.0014953855237662004,-0.001984230887500756,-0.0025217323723215118,-0.0039880814566845306,-0.01050110169612407,-0.0010227706086562728,-0.005018052657006969,-0.01100490138475233,-0.0010017238665057503,-0.00023819624188674691,0.0002381962418867538,-0.0018029035829921756,-0.000239955181379158,0.002368813029412054,-0.002670485736964541,-0.0058890376964352955,0.000872525375165213,-0.0008712792240149126,-0.000667690846918031,-0.0009533941313255043,0.000984204658763443,0.0001744532145213841,-0.00017445321452138083,0.0003150596587060977,-0.0009671875197863301,0.00044590825676051363,0.004229516076712016,-0.00027388307646545684,-0.005237442276373815,0.004343611342456864,0.0004188375695516392,-0.00028965899767608805,-0.0002903387529984379,-0.001746699966092791,0.0008262976318405616,-0.0008335900495099839,-0.0005480682797911538,-0.002080668379643158,-0.0008432117105086849,-0.002226786005846706,-0.0012757074575742316,0.002655143773193766,-0.004265187676706864,0.00038899228073298726,0.000709971233467746,-0.0007099712334677513,-0.0009507512466218091,0.0023668646387656244,-0.0019231181514880722,-0.000981601033214798,-0.004046622441613487,-0.0016701030430569933,8.866388094633832e-06,-0.00011497426288541094,-6.50423052650691e-05,0.0003248524686641315,0.0005236533985073192,0.00045529022767182704,2.8683028676565167e-05,-0.00019688965647202838,-0.0002870891939984896,0.00017762002603937516,4.676115066679261e-05,2.822305754403244e-05,-4.775733909346095e-05,0.003064754740568688,-0.0038094558977633058,0.0016590640713297048,0.0017594684192681195,-0.0007038009963639548,-0.0005241013669276088,0.0027145577427980863,-0.0001799050505170344,0.0014073075796016065,-0.0013808992956395795,-5.005059339903953e-05,-7.392950228077177e-05,-1.9365388511586138e-05,2.7786895167057173e-07,4.114895408383859e-05,-6.695586281561026e-05,-3.0707665506520676e-05,0.00037637014983232017,0.0007722721925957758,6.862096976124223e-05,0.000424305398282375,0.0007824873126586513,-0.00015377501414741624,-2.5560792420517044e-05,0.00032683269979795005,0.0004753617911648769,0.0007569238601152392,-0.00030534111888717017,-0.0026228810926149614,-0.0021840581788291815,0.0007651226807480753,-0.0015838929380254832,0.0005071519338160407,-0.0008150950917431576,0.000823507835162735,-0.0010887324797078744,0.0009794557388315638,-0.0025257436552805633,-0.0012307459349709799,0.004742613905187201,0.00033319331414923686,-0.001678979119330272,0.0028026389828847602,-0.0013875417929984177,-0.0011973195966351754,-0.00022892059891431492,0.0021281539140666755,-0.0021639550717773596,-0.0019875910154573827,0.0046385557960364945,-0.0008610052195654212,-0.0017503996234081568,0.00022293559994256872,0.000639473187573403,-0.0006394731875734001,-0.0009003517801506763,0.0009016344201658608,0.0001570144004983944,0.00012449900370551265,0.00020759497323056893,9.031940051121447e-05,0.00013409082965151097,0.00013242272478002404,0.00012404980109294046,0.00010876555316863636,0.00010251771513446318,6.38572773252386e-05,7.345360419071001e-05,6.859124150941272e-05,0.0003164886687812641,0.0001796128291899527,-0.00010692477719361966,-5.135674362466018e-05,-0.0006289408559149035,-0.0007411667448325376,-0.0007409556306508783,-0.0008959559217307032,-0.0009765906616915972,-0.0006349348018050941,-0.00036884360139610836,-0.00024220477913257588
KXNBA-27-CLE,-0.00023256947412268018,0.00023894960215131556,-1.5587316190115294e-05,-0.00021593019263977842,0.00011895425375204357,-1.3175718897040388e-05,0.00024402714751079716,0.00013073411120575486,-0.00025019956976244056,0.00018755017920984098,0.0004471422804152432,0.0001400883242639016,-9.190959436445521e-05,0.00020004486432217058,-0.0002000448643221667,-0.0010070172902766972,0.0196,-0.0007875917940218418,-0.0005923223877548874,-0.0003842845002790822,-0.0003926915133921652,-0.0006022154117892598,-0.0008092230814683607,-0.0009827504130862435,-0.001606412848970431,-0.004196984739931641,-0.0003817371094452217,-0.0019853729867960346,-0.004394266378425344,-0.00039796412060632007,3.8966303888229514e-05,-3.896630388823332e-05,0.00017706969082516597,-1.9047454347097857e-05,-0.0003957956428631399,0.0002984897390859268,0.0007499926297545993,-0.0001224241831410363,0.00012225348477169128,4.266552534587872e-05,8.188466147830596e-05,-0.0001788300262942128,-2.4742315800372846e-05,2.474231580037317e-05,-4.244878687692187e-05,0.00013479355700869836,-6.012511473965576e-05,-0.0005979183743208136,3.834457052896108e-05,0.0007399333217521857,-0.0006136904455611259,-6.19783766365151e-05,4.356481683339689e-05,4.374990487263105e-05,0.00025277134247235456,-0.00011469360019446739,0.00012183719030764377,7.976650174710442e-05,0.00030046839273622995,0.00012303838418800198,0.0003216746429756803,0.00018627392998068655,-0.0003783665181078334,0.0006063046279935257,-5.4225513974346804e-05,-0.00010032767169989682,0.00010032767169991394,0.00014013172262645636,-0.0003370664934339443,0.00028015154008358654,0.0001486761124149566,0.0005796921429280851,0.00024691952189176446,-1.1790424315105998e-07,1.433740701068517e-05,9.026721337639447e-06,-4.053584179859108e-05,-6.895281858434357e-05,-6.024273664477455e-05,-2.5127081161267796e-06,2.743957540105468e-05,3.865865755870952e-05,-1.981610304955339e-05,-4.66489734306529e-06,-6.370005903776923e-06,8.546605687614908e-06,-0.00044281386940933816,0.0005395828295581826,-0.00024207284890857657,-0.00025672597637187654,0.00010005134961802421,7.07703218696473e-05,-0.00039337587394527027,2.1610741431602608e-05,-0.0002102710669086025,0.00020241072863468046,4.4356148999814066e-06,1.0703818660223656e-05,3.258397944793755e-06,1.7016622105193003e-06,-4.29839777765702e-06,6.243378185543332e-06,1.1933436786052188e-05,-4.09270847239387e-05,-9.74144676189324e-05,-3.696832653144647e-07,-4.853538039445566e-05,-9.906136331970752e-05,3.175039512956409e-05,1.1265127329372316e-05,-3.44942065577379e-05,-5.5861975154512e-05,-0.00010480837317371475,4.4420636877664035e-05,0.00036989028605637086,0.00030787169009862037,-0.00010699086835395743,0.00022336202261476394,-6.678464945164867e-05,0.00011649030030545966,-0.00011769303937733666,0.00015984921436661294,-0.00013722017279622635,0.00036298395896992776,0.00018048848091197357,-0.0006702676171656948,-4.5963106970773256e-05,0.00024156467353506647,-0.00039645090224565646,0.00020021619930149016,0.00017278255107426376,3.791815618683804e-05,-0.0002967431023372832,0.00031797010448449733,0.00028874764041149256,-0.0006536993241935948,0.00012768364877828502,0.0002595756260341494,-2.744135653121169e-05,-8.877442574325723e-05,8.877442574326932e-05,0.00012444374543941784,-0.0001246162680997647,-2.0978607241772865e-05,-1.5949211976256805e-05,-2.715327033163344e-05,-1.3194169124729032e-05,-1.8535062844802555e-05,-1.8323980372732747e-05,-1.7373329142625818e-05,-1.5537767535118894e-05,-1.2866678141804762e-05,-1.1209358741742662e-05,-9.2368224793809e-06,-9.015356388021902e-06,-4.399904271286219e-05,-2.4471854922893434e-05,1.3861858527377802e-05,5.350180951566898e-06,8.94860681294982e-05,0.00010589202083140765,0.00010531731808050614,0.00012653265579590098,0.0001368539574493373,8.847186426810987e-05,5.3645830333728714e-05,3.345760468132937e-05
KXNBA-27-DEN,-0.0011205160864485452,0.0011431315414196061,-7.44184627911811e-05,-0.0010452098986636809,0.0005634608277482198,-7.098690748353695e-05,0.0011634275106660271,0.0006194435773900249,-0.0012122345332336386,0.0008941142149988192,0.00214211334838326,0.0006653749817297817,-0.0004496139840233383,0.0009472543904110747,-0.0009472543904110674,-0.0020156561865492997,-0.0007875917940218418,0.0384,-0.001183538354088423,-0.0007662211498451821,-0.0007844641567447915,-0.0012051691124835059,-0.0016205415575564941,-0.001962393787539312,-0.0032141753541728726,-0.008392466074371852,-0.0007607014092763892,-0.003967687063538098,-0.008786393128414623,-0.0007959275283026544,0.00017045241557468038,-0.0001704524155746412,0.0011103364320584595,8.372623363568765e-05,-0.0017046761318188016,0.0016991809522351633,0.003885535714484658,-0.0005927196205457616,0.000591879239909913,0.00037453215800979417,0.0005672939913673927,-0.0007318851000889474,-0.00011887897330180652,0.00011887897330178407,-0.0002114857456760446,0.0006557634706647231,-0.0002993862552407256,-0.0028798337125625554,0.00018604366341965747,0.0035656431468399996,-0.0029568882787684003,-0.0002888854406526845,0.00020203779222997706,0.00020263519514609595,0.001199259815329973,-0.0005586675888142915,0.0005746539724197776,0.0003776364326413503,0.0014274252726167308,0.0005808697830967208,0.001527794536737766,0.0008788327558854047,-0.0018125150638105898,0.0029093505776460766,-0.00026373230307843396,-0.0004834402727773885,0.00048344027277738935,0.0006560674881845978,-0.001615428700106493,0.0013220633453208557,0.000683385493732051,0.0027670464547714362,0.0011536081807369304,-4.293932831263673e-06,7.536039270362545e-05,4.4037196093290055e-05,-0.00021296089310918307,-0.0003488145316340773,-0.00030372237417868725,-1.7170065535908955e-05,0.00013347190478543887,0.00019254951503969696,-0.00011283693611588892,-2.885957029882882e-05,-2.291801320961215e-05,3.5296095166931914e-05,-0.002101306661794853,0.0025955981427641705,-0.0011410692657224477,-0.0012101309319136947,0.00048010048186723206,0.00035188683116572217,-0.0018629477722214214,0.00011675473344661413,-0.0009753446680293724,0.0009511670590585694,2.964176169598246e-05,5.027960587076017e-05,1.3756187404708791e-05,2.241637600129711e-06,-2.6181186320753645e-05,4.020767223876833e-05,3.1986092283314476e-05,-0.00023825120247131834,-0.0005085721136410791,-3.306008187237651e-05,-0.0002721043714956347,-0.0005158290205371371,0.00011940537004164118,2.8569401808093353e-05,-0.00020536554391022567,-0.00030702765017441623,-0.0005129259799274393,0.0002089194759260776,0.0017836113501707236,0.0014848172759425388,-0.0005201064061848429,0.0010766501950501435,-0.00033854124264390576,0.0005569207386200612,-0.0005626696446803406,0.0007500422173611458,-0.0006652037889316044,0.001728545615560308,0.0008475729732197409,-0.0032292513395864265,-0.00022527715168315686,0.001149419740989231,-0.0019088831136184728,0.0009507500261668417,0.000820418678884627,0.00016411466367166952,-0.0014430940655065308,0.0014915454688596117,0.0013649815150502407,-0.003155628476490889,0.0005951252678341927,0.001210045417832195,-0.00014578122906513727,-0.00043293289594264545,0.0004329328959426504,0.0006087904669555103,-0.0006096504844306784,-0.0001050955079464736,-8.232642932062793e-05,-0.00013809627605189314,-6.213402623972075e-05,-9.06821443790952e-05,-8.958372681134045e-05,-8.422732288066104e-05,-7.429828437090281e-05,-6.741140994157709e-05,-4.6693079341472955e-05,-4.832934470940938e-05,-4.569597908620338e-05,-0.00021435326341387743,-0.00012086474815207623,7.092349033540361e-05,3.2105126357928906e-05,0.00042914552791588714,0.000506395070486218,0.0005054146546091321,0.000609897377252388,0.0006631883368588068,0.0004304404105439053,0.00025338605675332554,0.00016376074303670139
KXNBA-27-DET,-0.0004538629957041978,0.00046430220164800324,-3.0264910505192953e-05,-0.00042257729105120846,0.00022975249319841668,-2.75630082533066e-05,0.00047317832554951073,0.0002525501579436045,-0.0004899202665948905,0.00036365246268036354,0.0008695655539592893,0.0002710167434778356,-0.00018103284242495772,0.0003865196049704359,-0.0003865196049704035,-0.0015094386485640255,-0.0005923223877548874,-0.001183538354088423,0.029099999999999994,-0.0005791926120413653,-0.0005904066248542154,-0.000903062717179177,-0.0012123643238260507,-0.0014770190562097398,-0.0024086173257037227,-0.006295900133400151,-0.0005757867714710575,-0.002980453204241721,-0.0065922472191908285,-0.0005974180909347176,7.209009234453593e-05,-7.209009234452587e-05,0.00040627769592973184,4.3770375854706116e-06,-0.0007244936709282213,0.0006440904607112336,0.0015277579309021317,-0.00023956806016043437,0.00023923068194578836,0.00012215609935650116,0.00019957864629849647,-0.0003192158984672103,-4.8189054061528565e-05,4.818905406150444e-05,-8.45311591948808e-05,0.00026457614090863,-0.00011969067119698241,-0.0011664661964943734,7.518630048669849e-05,0.0014440609449574032,-0.0011974480166207075,-0.00011840649070973992,8.357720064164952e-05,8.386902786873466e-05,0.0004893889455667542,-0.00022485745608918797,0.00023533246672163073,0.0001545661397314692,0.0005820898139668761,0.00023773031224122535,0.0006230674505322053,0.0003596938806209618,-0.0007358720765677206,0.0011803495573925798,-0.00010640406068863545,-0.00019582187570457824,0.00019582187570458021,0.0002689617855974269,-0.0006557449337312035,0.0005401707713803681,0.00028236585301088087,0.0011251210238336308,0.00047335454263576254,-1.0945434798253404e-06,2.9441889617070065e-05,1.774434920290107e-05,-8.321348454807281e-05,-0.00013842177793274587,-0.00012069627021048188,-6.081430290236328e-06,5.384372540436848e-05,7.690726792833326e-05,-4.270604445019656e-05,-1.0587048694598557e-05,-1.0648856118458285e-05,1.532226840169328e-05,-0.0008565126910758721,0.0010519862506985706,-0.00046642005653846916,-0.0004946515374038145,0.00019479007178611017,0.00014068618753972838,-0.0007599993489248981,4.516131624556634e-05,-0.00040140607444279425,0.0003893140527610458,1.0419153852489444e-05,2.0436573943849436e-05,5.834184782167936e-06,1.8679955071188437e-06,-9.817724229446575e-06,1.4357612904439015e-05,1.7079256024812215e-05,-8.980204742251401e-05,-0.00019957569320245335,-8.307567561630167e-06,-0.00010396616961835732,-0.00020262702057014372,5.38320654132207e-05,1.5727940957152497e-05,-7.679532503416398e-05,-0.00011817103443993238,-0.00020680924379171015,8.503842337188483e-05,0.0007216405826135685,0.0006006151843525548,-0.00021030738120583214,0.00043546765238447786,-0.00013458558652820589,0.00022629247994447,-0.00022862872129060112,0.0003070516786913583,-0.0002687970403741579,0.0007034081290915944,0.00034686632325692956,-0.0013079952215828436,-9.064900876859142e-05,0.00046788180835330217,-0.0007733915125649266,0.00038732552140686744,0.00033423455197700483,6.954429108265576e-05,-0.000582295424351254,0.0006108736411039103,0.0005572096581175877,-0.0012771414062899185,0.00024435723417807424,0.0004968851417762427,-5.680612551084893e-05,-0.00017444032344615516,0.00017444032344617733,0.00024501095400625647,-0.0002453543640607069,-4.189484594272101e-05,-3.243787192832209e-05,-5.472667991507886e-05,-2.5403322508952945e-05,-3.650009869773125e-05,-3.606905519997707e-05,-3.402756887676654e-05,-3.018361014850019e-05,-2.641504538182863e-05,-2.0107729979022436e-05,-1.8948894538481953e-05,-1.8134584281079024e-05,-8.640147577635674e-05,-4.84273823171425e-05,2.8029727711838873e-05,1.1941809623887892e-05,0.00017415735607972816,0.000205755835496615,0.00020504936769164016,0.00024697886742061984,0.00026796598464603886,0.00017364844265212276,0.0001034656214731522,6.590173569866667e-05
KXNBA-27-HOU,-0.0009808229885869232,0.0010021736547463763,-6.543595763687267e-05,-0.0009137691474211216,0.0004950839569931708,-6.0611665657293425e-05,0.0010207013373376061,0.0005442368149348287,-0.001059518193105388,0.0007844226002346622,0.0018771898495493376,0.0005842567143541397,-0.00039211983549095487,0.0008349766392409835,-0.000834976639240995,-0.0010196947180886107,-0.0003842845002790822,-0.0007662211498451821,-0.0005791926120413653,0.0196,-0.0003803825673144326,-0.0006063826223008692,-0.0008260238964319035,-0.0009530712679015813,-0.0016176797996860933,-0.00418959476847976,-0.0003510882411318614,-0.0019593563536854297,-0.004381956550666163,-0.00039473919052896106,0.00015627722494373586,-0.0001562772249437234,0.0008884998748879592,1.773190925200646e-05,-0.0015559280264435481,0.0014021347320899331,0.003311783086429013,-0.000517602065533738,0.0005168720798871621,0.0002618557962849116,0.0004292193911127393,-0.0006922883826221856,-0.00010396164973728558,0.0001039616497373073,-0.00018340742492161635,0.0005723135381195911,-0.00025967234952816007,-0.002519258556966421,0.0001629947281069595,0.00311993401228539,-0.0025858009874973656,-0.0002531193515678648,0.00018423208939347905,0.00018485176760369595,0.0010614945626855805,-0.0004823508281972328,0.0005126427291055602,0.0003382834258510536,0.0012618176508716744,0.0005173913957874463,0.0013504771939041147,0.0007820301920461053,-0.0015893777157157864,0.0025496343550876163,-0.0002300267619257693,-0.00042333712696170615,0.00042333712696170805,0.000580439138426522,-0.0014165056743498715,0.0011661140295671207,0.0006088237972947475,0.00242999199429405,0.0010214351644394905,-2.3732554794802115e-06,6.368092347677044e-05,3.8363949669122257e-05,-0.00017995834822690074,-0.0002992431346530533,-0.00026091102353807926,-1.318070701500018e-05,0.00011636777633395913,0.0001662539941390189,-9.238420880046351e-05,-2.2913591690504483e-05,-2.3191649543306188e-05,3.316908599588261e-05,-0.0018491932482617547,0.0022727794982745097,-0.0010066511727445054,-0.0010675852745313723,0.0004208517127859445,0.0003044668008772907,-0.0016406639954198526,9.814982090144277e-05,-0.0008656458440431678,0.0008402027972100915,2.1367742902235328e-05,4.332468142532434e-05,1.2246817642149566e-05,3.7715530351051155e-06,-2.2030008951505062e-05,2.9742993720613304e-05,3.409391042917596e-05,-0.00019800637716114314,-0.0004348823006744589,-2.1149058927118268e-05,-0.00022829507595965924,-0.0004414238374124358,0.0001130161394137743,3.115942294670926e-05,-0.00016976146092572775,-0.0002589365874426632,-0.0004510191955925236,0.00017931697255696406,0.0015542677948317874,0.001292746438414,-0.00045869221389894404,0.0009359117460262158,-0.0002943443771634603,0.0004886782179787342,-0.0004937242511352518,0.0006613483447913488,-0.0005814611651727326,0.0015177274970490755,0.0007471934307664307,-0.0028264151950300152,-0.0001964746324797615,0.0010093551008981986,-0.001671237322026918,0.0008353547840212535,0.0007208022170720942,0.00014896937248376908,-0.001259168024628195,0.0013175649577591357,0.001202235151632115,-0.0027600818133922144,0.0005265406045055172,0.0010712725995211405,-0.00012371895274231024,-0.0003768465602330804,0.0003768465602330944,0.0005296682978289261,-0.000530410914581137,-9.075257132616266e-05,-7.049596680821341e-05,-0.00011875106327471204,-5.477840043094911e-05,-7.896016552790566e-05,-7.80264868753315e-05,-7.35545572524438e-05,-6.51504359178632e-05,-5.7550213753154035e-05,-4.276898823804147e-05,-4.1291562630446256e-05,-3.93515012774173e-05,-0.00018660907226124073,-0.0001045049905052849,6.075511669935956e-05,2.612849005064249e-05,0.0003762384840034356,0.000444504141195682,0.0004429828144218013,0.0005336145822044415,0.0005791517698760869,0.00037549978047089034,0.00022313838173122828,0.0001425595159494286
KXNBA-27-IND,-0.00034356694983754386,0.0003521679309680323,-2.2981971890692337e-05,-0.00031944901626082913,0.00017475022237549155,-2.021238149441222e-05,0.00035924074556738033,0.00019207407687477532,-0.0003702554978890179,0.0002760915788944015,0.0006592786403985278,0.0002059772918583584,-0.00013644332816566785,0.0002942321029910718,-0.00029423210299109825,-0.0010089515972677861,-0.0003926915133921652,-0.0007844641567447915,-0.0005904066248542154,-0.0003803825673144326,0.0196,-0.0006028657615014886,-0.0008117584004659081,-0.000978400863874458,-0.0016081700417817104,-0.004196113352428714,-0.00037721154357291283,-0.0019816203680230117,-0.004392675814841697,-0.00039750709099585236,5.636858291647855e-05,-5.636858291648174e-05,0.0002826023585030522,-1.3593159436610117e-05,-0.0005678939681145142,0.0004622043376021945,0.0011300114539701633,-0.0001810456668837724,0.00018079200284960145,7.517930058690653e-05,0.00013340761838842902,-0.0002549985322341852,-3.649388223954275e-05,3.649388223953924e-05,-6.335881011311017e-05,0.00019969611298314315,-8.972626314176806e-05,-0.0008829339947778224,5.683541166097112e-05,0.001092987562536073,-0.0009062374458050111,-9.033276218641759e-05,6.443168291881483e-05,6.468124164176836e-05,0.00037273909488415237,-0.00016923265716317482,0.00017981011288586393,0.0001181154062555662,0.0004430770214850398,0.00018153755150589985,0.0004742894457367647,0.00027464970657185893,-0.0005580105319387475,0.0008945823060863543,-8.03042128235343e-05,-0.00014824355944349573,0.00014824355944348624,0.00020544801188227463,-0.0004971928201663627,0.0004115773062451809,0.00021693567558613074,0.0008541696999247111,0.0003618131073762882,-4.5243649297632567e-07,2.1657072904459135e-05,1.3378661621801247e-05,-6.121791522471087e-05,-0.00010311442035369818,-9.001017187790713e-05,-4.095178160539961e-06,4.063135811713196e-05,5.7586360443749094e-05,-3.0580859443495e-05,-7.371892523066481e-06,-8.865424479686397e-06,1.2199203246880717e-05,-0.0006514394031785376,0.0007966888592104476,-0.000355492217824572,-0.0003770107752145709,0.00014763955803615477,0.00010543724153396172,-0.0005784014817160428,3.296459029659801e-05,-0.0003074910701979306,0.000297022348266613,6.947317536697474e-06,1.554289522818433e-05,4.591783614934077e-06,2.008770769910172e-06,-6.928676750177242e-06,9.729303017825365e-06,1.5221037506339035e-05,-6.422812943412964e-05,-0.0001474747444394071,-3.451812840362867e-06,-7.520091299269342e-05,-0.00014984772805009882,4.3805871515510656e-05,1.4216560439519092e-05,-5.4559626937844084e-05,-8.598609505698992e-05,-0.00015616585354640697,6.443157210871878e-05,0.0005455833927319673,0.00045397014365690196,-0.00015916284978160188,0.00032906322523017706,-0.00010054111943784592,0.00017170146996347402,-0.00017347433167603658,0.00023424284665796085,-0.00020311975557683366,0.0005342812244625856,0.00026455489940806475,-0.000990115018954441,-6.829025450368114e-05,0.00035546045186924356,-0.000585555371526999,0.00029443412229691944,0.0002540770542285703,5.439190570577187e-05,-0.0004395110799562371,0.00046625246463804755,0.000424256527481081,-0.000966164410756085,0.00018685111427158902,0.0003799848260162726,-4.172324153972989e-05,-0.00013150760181083982,0.00013150760181082763,0.0001845555139453733,-0.00018481260529360383,-3.132898362613949e-05,-2.404073673170988e-05,-4.0741006093495766e-05,-1.936287451325216e-05,-2.749863452157981e-05,-2.7180361359346445e-05,-2.570736410216658e-05,-2.2897419776958475e-05,-1.949507163063656e-05,-1.5891054501159676e-05,-1.399185011627368e-05,-1.3515460789195442e-05,-6.515409231045658e-05,-3.6344114356934515e-05,2.0818063348093863e-05,8.432419015670548e-06,0.00013202353447489587,0.00015612247849820047,0.00015540733656111512,0.00018692003195089845,0.00020246529762350986,0.00013105014001063732,7.87887580291523e-05,4.964198385217736e-05
KXNBA-27-LAL,0.0005649578895862649,-0.000573925153055652,3.741239020942675e-05,0.0005283334615281974,-0.0002812156769322181,3.798967616921304e-05,-0.0005828998467006356,-0.0003092124623803611,0.0006130654047568158,-0.0004479413275360165,-0.0010762741500787178,-0.00033261674808042425,0.0002286494165765191,-0.0004741193894098682,0.000474119389409822,-0.0014953855237662004,-0.0006022154117892598,-0.0012051691124835059,-0.000903062717179177,-0.0006063826223008692,-0.0006028657615014886,0.029099999999999997,-0.0011941624984986227,-0.0015071804412937157,-0.0023955830668216786,-0.006300425475332884,-0.000607357183275319,-0.003006066171916481,-0.0066017659729169465,-0.0006004112906541367,-8.287460689400901e-05,8.287460689401225e-05,-0.0006177485519449372,-8.249368448682333e-05,0.0008129166593076216,-0.0009151961971500968,-0.002019705738687931,0.00029933117449305847,-0.0002989032991683653,-0.00022044821890779097,-0.00031841502083066614,0.000345294800680991,5.9747149683239737e-05,-5.9747149683260296e-05,0.00010849995739906906,-0.00033225060344857396,0.00015355059457613883,0.0014507386467537626,-9.44139404882136e-05,-0.0017973708403618786,0.0014895118543166441,0.0001418566429495135,-0.00010276806122865888,-0.00010300369779722533,-0.0006036294506267729,0.00028044653900746394,-0.00029006075447579756,-0.00019197104760182196,-0.0007183389969143623,-0.00029298541469425046,-0.0007686593595182623,-0.0004426164803389876,0.0009111864888713483,-0.0014637369717038621,0.00013351610802486875,0.00024386627100524697,-0.00024386627100525976,-0.00032647614660370506,0.0008123917669414228,-0.0006602785936430706,-0.00033712536686941535,-0.0013890212112787196,-0.0005735073685322675,2.9063677934285938e-06,-3.927499595027896e-05,-2.232310923916882e-05,0.00011095014822529606,0.0001792215962497652,0.00015585073409556165,9.683555803868347e-06,-6.755205861481236e-05,-9.836152089290928e-05,6.038559531010286e-05,1.5835326240123102e-05,1.0142367487917733e-05,-1.667569434105436e-05,0.0010518824325510998,-0.0013074419287478329,0.0005694309813111348,0.0006038955595570057,-0.00024161021396399343,-0.00017987619677497908,0.0009316992473619532,-6.174486649104102e-05,0.0004830546200208906,-0.00047404554067433644,-1.5617398285194582e-05,-2.4185791354376498e-05,-6.116285896416814e-06,4.561956949376869e-07,1.5229250889752783e-05,-2.1189862851708133e-05,-9.177298926980366e-06,0.00013090384037058316,0.0002665955947106591,2.5013858182525605e-05,0.00014720080400027166,0.00027008511629747457,-5.1324265861213624e-05,-7.406182952425503e-06,0.00011385736045054997,0.00016469642851636392,0.0002629424188866228,-0.00010132451199474579,-0.00089603944134775,-0.0007454072406977275,0.0002659806504330014,-0.000539455677635379,0.0001763582114053323,-0.00027970215050907726,0.00028258976354248,-0.00037267063392342343,0.0003366149587771145,-0.0008658658705044159,-0.00042133399685881525,0.001628009723022916,0.00011475608034432593,-0.0005754514019645938,0.0009621590656790577,-0.00047545095912499555,-0.0004102250191626571,-7.811538965328573e-05,0.0007308476157314547,-0.0007422371416799537,-0.000681660172898992,0.0015923854341117903,-0.00029498593167234804,-0.0006003113649893166,7.688753487316057e-05,0.00021921986234518537,-0.00021921986234520248,-0.00030889264903214206,0.00030933229325407207,5.3929139164267246e-05,4.2860331335843344e-05,7.139210622057798e-05,3.096272406154506e-05,4.6049603271729744e-05,4.5478188280678904e-05,4.258320711537145e-05,3.7296501116415504e-05,3.537632646627658e-05,2.163125330596691e-05,2.5356243680709795e-05,2.3596151076985265e-05,0.00010846744411381554,6.142292711637168e-05,-3.670012258321108e-05,-1.7657493905526677e-05,-0.00021589226885397787,-0.0002544724499502071,-0.00025433505804747564,-0.00030747451694261487,-0.000335169659557054,-0.00021800776792085195,-0.00012644465607531633,-8.316780589742744e-05
KXNBA-27-MIA,0.0016532466289754595,-0.001682089854345551,0.00010947459659657901,0.0015447830086081364,-0.0008259806596587256,0.00010888789695709554,-0.0017097121138202958,-0.0009081509099002108,0.0017922501448022325,-0.0013139060692463449,-0.0031536869151855542,-0.0009763925927343481,0.0006671147458389814,-0.0013892187340762262,0.00138921873407621,-0.001984230887500756,-0.0008092230814683607,-0.0016205415575564941,-0.0012123643238260507,-0.0008260238964319035,-0.0008117584004659081,-0.0011941624984986227,0.03839999999999999,-0.002028637683836695,-0.003184817132938213,-0.008401164286543052,-0.000830170972055562,-0.004023616511797534,-0.00880607194560742,-0.0008023321434876961,-0.00024304917450279027,0.00024304917450276885,-0.0017707387852397686,-0.00021436805001296446,0.002410361588644763,-0.0026413463971854396,-0.005872663435345801,0.0008759101763308249,-0.0008746609325373908,-0.0006359826550928416,-0.0009223039768381983,0.0010161412072607267,0.00017516238741466692,-0.00017516238741468085,0.00031578903698667535,-0.0009709016679700567,0.0004469537604082901,0.004247933388573067,-0.0002753438577203271,-0.005260892563986323,0.004361992372701327,0.00042032955469246003,-0.00029552437284590077,-0.0002962545488375473,-0.0017615966779492235,0.0008259667955825579,-0.0008432171049090203,-0.0005554383450353173,-0.002097416685560436,-0.0008524395055347987,-0.002244643010454347,-0.0012891129322156003,0.0026686804359530793,-0.004286193310024344,0.0003903866670282804,0.0007133747268111038,-0.000713374726811105,-0.0009581465632918452,0.002378953783250071,-0.0019363125906097156,-0.000991316700289434,-0.004069094396388287,-0.0016834944026479196,8.200875031234434e-06,-0.00011435063094178046,-6.525365904103205e-05,0.0003230857410193188,0.0005229903786642033,0.00045488686541208894,2.787908394109196e-05,-0.00019756596162400996,-0.00028725927987544345,0.00017519809634040752,4.578456288329857e-05,2.9996392002986426e-05,-4.9160356583660884e-05,0.0030835694234995123,-0.0038273362434913813,0.0016704503267029507,0.0017715486365848044,-0.0007073449284063936,-0.00052481042636718,0.0027318195901579988,-0.00017879332241702933,0.001419489157774451,-0.0013909287143183202,-4.7293090158161145e-05,-7.2959439932018e-05,-1.904200634921064e-05,-5.319369503637462e-08,4.197565870378236e-05,-6.373605124134415e-05,-3.338307508221216e-05,0.0003735267420543312,0.0007713164127641531,6.56130157206509e-05,0.0004219526896931013,0.0007816650815612349,-0.00015815039128524723,-2.8238336414747726e-05,0.0003240096472388824,0.00047327039271944575,0.0007622847712986745,-0.0003040420256100676,-0.0026303867640511307,-0.0021895508049981785,0.0007712543298931293,-0.001586851129345541,0.0005091761386845882,-0.0008194033260633621,0.0008278614537953583,-0.0010957313725905846,0.0009837427375768164,-0.0025392793291579155,-0.001238602753739681,0.004764426301693001,0.0003345339006681353,-0.00168798471045568,0.0028158031664061523,-0.0013951675889332842,-0.0012038617692901959,-0.00023230157216173433,0.0021362363257820603,-0.002179444642130427,-0.002000053445260525,0.0046590631585908,-0.0008674037520433741,-0.0017640539408203377,0.00022228174035531504,0.0006413180323311218,-0.0006413180323311343,-0.000902905290969846,0.0009041887776658955,0.00015715227356051075,0.0001243568021336301,0.00020756863099313566,9.091199654171317e-05,0.00013451623129723475,0.0001328540448060596,0.00012454029778204582,0.00010931142499888809,0.00010234633840802297,6.497778013383321e-05,7.334879509997389e-05,6.86121334530318e-05,0.00031740477911894273,0.0001797518370042631,-0.00010677978412946983,-5.065499666986192e-05,-0.0006321291618785068,-0.0007452007967400961,-0.0007446503737806295,-0.0008999473346332676,-0.000980422747473481,-0.0006372622010525455,-0.00037114564355066656,-0.00024295044458178577
KXNBA-27-MIN,-0.002014210731673771,0.0020528206758673125,-0.00013349236677068913,-0.0018801913269345825,0.0010104010715209985,-0.00012955699328310924,0.0020882458978160163,0.001110835689806548,-0.0021809822870711335,0.001604855853380558,0.0038476373457087786,0.0011936341693859483,-0.0008100189259343167,0.0016969373182346608,-0.0016969373182346768,-0.0025217323723215118,-0.0009827504130862435,-0.001962393787539312,-0.0014770190562097398,-0.0009530712679015813,-0.000978400863874458,-0.0015071804412937157,-0.002028637683836695,0.0475,-0.004019457739830055,-0.010488104031281602,-0.0009454205093370558,-0.004954382657742224,-0.010979543643746814,-0.000994353174357517,0.0002996777037533925,-0.0002996777037533767,0.00208214782873759,0.0002084909414374797,-0.002997621838345328,0.0031422766892039624,0.007076468101278736,-0.0010666042834135867,0.001065087754587307,0.000737326531922454,0.0010852024402935156,-0.0012658307778600697,-0.00021372028825435342,0.00021372028825435033,-0.0003821662123185204,0.001180696378871072,-0.0005409641665628583,-0.005177587894890253,0.0003345041044412834,0.006410355817716106,-0.005316814944751369,-0.0005178151280215964,0.0003575827598167476,0.000358557119326562,0.0021460289981274647,-0.0010091659300702212,0.0010253978395111676,0.0006731846702313371,0.0025555814342607354,0.001037053885581714,0.0027352647568853836,0.0015694081458389837,-0.003254990315955951,0.005226356428215265,-0.0004749231942238865,-0.0008689274847666011,0.0008689274847665898,0.0011729422196742696,-0.0029011807263071964,0.002367284143236903,0.0012174080622860788,0.004965596543711815,0.002061626844188324,-9.07558935048177e-06,0.0001377219396267087,7.934661002599201e-05,-0.0003891736838845752,-0.0006330107016447332,-0.0005508306149035027,-3.268737631549975e-05,0.00024038268689777542,0.00034838263195703667,-0.00020911246950152247,-5.418637033943124e-05,-3.8213194544436314e-05,6.12442343767651e-05,-0.0037668715108414514,0.004664768976250127,-0.0020429417314824943,-0.002166581761789798,0.0008623831737426963,0.0006362001340942578,-0.0033383095458452408,0.00021406942226059053,-0.001740855846724541,0.0017018702127331049,5.7623984182358115e-05,9.141098021038077e-05,2.4779195017866294e-05,2.6456180286909314e-06,-4.7433169322681796e-05,7.747069015536586e-05,5.028248780504305e-05,-0.00044034715917037626,-0.0009258652083445932,-6.847278097660545e-05,-0.0005004164965184497,-0.0009387012412358255,0.00020484824553020192,4.407928132136133e-05,-0.0003806418186361728,-0.0005630984987314025,-0.0009218907102004027,0.0003770051881713262,0.0032106385667147034,0.0026735191920999766,-0.0009334930831139034,0.0019393948780965485,-0.0006120894439562193,0.0009997878393450765,-0.0010101072591209503,0.001342606817834758,-0.001196761160194792,0.003101606583083176,0.0015173759029859088,-0.005804929182289816,-0.00040587104052062085,0.0020622694425427293,-0.0034309512126555032,0.001705278973802588,0.0014715381134732812,0.00028933598329096085,-0.0025982423802460054,0.0026684266573433436,0.0024456634183608913,-0.0056745213607898096,0.001063742827560287,0.002162306605002857,-0.00026618641918308464,-0.0007802434005887791,0.0007802434005888001,0.001097583748566102,-0.0010991398490402975,-0.00019022493956696293,-0.00014969532928363886,-0.000250533778247134,-0.0001112558878301977,-0.00016345069800953357,-0.0001614481972067911,-0.0001515813974909921,-0.00013340977238859505,-0.00012280671471838548,-8.177729483113584e-05,-8.801604492851857e-05,-8.284604607178397e-05,-0.0003862688628734474,-0.00021845995830034728,0.00012886684889502784,5.978116788594176e-05,0.0007707856652183253,0.0009090066430028686,0.0009078949922404894,0.001096528417843421,0.0011934918328856171,0.0007751095680099973,0.00045396258980712304,0.0002952062107525378
KXNBA-27-NYK,0.0023701286509035385,-0.0024104414157043743,0.0001563610638557652,0.0022158190991365114,-0.0011827346535758663,0.00015736889719413256,-0.0024494163187856106,-0.001300413307855795,0.002571173985279321,-0.0018824400287818968,-0.004520040962912908,-0.0013984346351103342,0.0009576978342909184,-0.001982043044088851,0.001982043044088865,-0.0039880814566845306,-0.001606412848970431,-0.0032141753541728726,-0.0024086173257037227,-0.0016176797996860933,-0.0016081700417817104,-0.0023955830668216786,-0.003184817132938213,-0.004019457739830055,0.07359999999999998,-0.016800962783061917,-0.0016203176713952406,-0.00801624434154699,-0.017604464451719308,-0.0016015401743282574,-0.00033552563118671437,0.00033552563118672597,-0.0026685564638029837,-0.00039218168322381934,0.003358517896031349,-0.003920189259070656,-0.008559877377262411,0.0012579835547687195,-0.001256184188838885,-0.0010311339122202323,-0.0014439884668391426,0.001362490943260435,0.0002515823811763806,-0.00025158238117638844,0.00045476641151730174,-0.0013941778921676066,0.0006436233718222877,0.006094811896899235,-0.00039377471990185043,-0.007545299981093618,0.006260491204957523,0.0006056561697931178,-0.00040644871954763513,-0.00040734291736720644,-0.0025004174684278226,0.0012000969890021372,-0.001187202879424574,-0.0007776710552703642,-0.0029808376145190616,-0.0012021578803974615,-0.0031903951484937416,-0.0018202810730445146,0.0038222413039409302,-0.0061412705855319796,0.0005609851000081209,0.0010222399023270903,-0.001022239902327063,-0.0013640165173967242,0.0034070788868131143,-0.002762223972874616,-0.001404573512445876,-0.00582184114418609,-0.0023953341099702623,1.412059128496316e-05,-0.00016777580864218923,-9.383850745344509e-05,0.000474063964221873,0.0007600485979167443,0.0006604997039833201,4.308412675150631e-05,-0.00028401552398756426,-0.00041567006341054524,0.000261984418270021,6.961598792081757e-05,3.737456145631602e-05,-6.645544013434478e-05,0.004406262662471941,-0.005486531150042817,0.0023831775519047443,0.0025273928424903377,-0.0010131715158856432,-0.0007578736749099243,0.0039017302320139757,-0.00026250469816741363,0.002017127313343458,-0.00198256590117459,-7.967263912220487e-05,-0.0001118434686423388,-3.0229341041525097e-05,-7.504127576528859e-07,5.479581790400775e-05,-0.00010532788260574422,-4.095480311490305e-05,0.0005486713796688818,0.0011189716721119413,0.00010342068022702527,0.0006173759716230384,0.0011335475319562565,-0.00021630473196264155,-3.349987304143821e-05,0.000476919667283169,0.0006908946677899329,0.001084350793020823,-0.00044744319962625883,-0.0037894569596828966,-0.0031573858443938335,0.0010946891280611097,-0.0022924843432880495,0.000729130199927305,-0.0011731186843481657,0.0011852245180346047,-0.0015656356709803157,0.0014107076733859726,-0.0036356434194416837,-0.0017698989572257065,0.006830916181778642,0.00047984419981287506,-0.0024169078937032094,0.004036120522576525,-0.0019971691927365602,-0.0017234898610956695,-0.0003262767931694779,0.0030677625161641543,-0.003107864882268697,-0.0028577836260261003,0.00668226862782037,-0.0012366202825397426,-0.0025120331137311954,0.0003235415862430448,0.0009232294142895209,-0.0009232294142895219,-0.0012997308236751895,0.0013015876072859614,0.00022714608371387428,0.0001804626362801419,0.0003006068660944069,0.0001298171864987185,0.0001934509079885217,0.00019102390714644972,0.00017881206140059398,0.00015661312496087807,0.00014862085110619867,9.078316205345303e-05,0.00010644675289633415,9.926343842015943e-05,0.00045695646203351264,0.000260110605064243,-0.00015512541186134434,-7.558282234545289e-05,-0.0009053776425346524,-0.0010663968003020948,-0.0010667409144637214,-0.001290786051074389,-0.0014078453949310933,-0.0009155260352250172,-0.0005303413147289269,-0.00034948491529285453
KXNBA-27-OKC,0.0008507850397660134,-0.0008636345472225759,5.581861234623592e-05,0.0007965511345679209,-0.0004225274544212651,5.811228433700536e-05,-0.0008766950958436649,-0.0004646015755635837,0.000924630980459955,-0.0006737902060336665,-0.0016201559470401241,-0.0004999922066513151,0.00034529702877757076,-0.0007056785531775003,0.0007056785531774823,-0.01050110169612407,-0.004196984739931641,-0.008392466074371852,-0.006295900133400151,-0.00418959476847976,-0.004196113352428714,-0.006300425475332884,-0.008401164286543052,-0.010488104031281602,-0.016800962783061917,0.1659,-0.00418715756836833,-0.020990477834236458,-0.046197172818017836,-0.004198939408489613,-0.00011336405502486252,0.00011336405502484184,-0.001042238020693002,-0.00019702032209235984,0.001141024104595595,-0.0014933170069395148,-0.003162954759352403,0.0004527613144701193,-0.00045210979064371084,-0.0004377198649394938,-0.0005873504795110699,0.00043641486934789693,9.044069520209352e-05,-9.044069520207764e-05,0.00016504517711860952,-0.0005022364648987237,0.00023354973083596878,0.002189329281113158,-0.00014122303216020495,-0.0027096598647460314,0.0022497104355738385,0.00021686539583173835,-0.00013891754792580278,-0.00013914048850273989,-0.0008862480902117021,0.00043707218250560985,-0.0004169838023791578,-0.00027189639402961003,-0.0010580989067533045,-0.00042299664956765165,-0.0011325309316369617,-0.0006411778240117221,0.0013691771222295278,-0.00220145107513622,0.00020220557327124474,0.00036681510923777653,-0.0003668151092377793,-0.0004833824375318093,0.001220508572353338,-0.000982542074943236,-0.0004933925247446471,-0.002081795674144741,-0.0008480252224385614,6.447309523849198e-06,-6.249788241448532e-05,-3.386556358180071e-05,0.00017658803075477615,0.00027887371993204465,0.0002420079863028902,1.730513155027404e-05,-0.00010240791238340756,-0.00015148282418495546,0.0001003960021499285,2.7326393162384833e-05,1.0281483246586155e-05,-2.1552043449891024e-05,0.00157180746303921,-0.001968682468722176,0.0008476172402352045,0.0008989022152974587,-0.0003630879285806706,-0.00027560677738953704,0.0013905864886275877,-9.828783732807557e-05,0.0007121527085278337,-0.0007040376552329127,-3.490952526332036e-05,-4.449168699230684e-05,-1.2731655411788566e-05,-1.0413663666602887e-06,1.62238863310849e-05,-4.527525659950746e-05,-8.327944273802937e-06,0.00020790466375618632,0.0004123350601217898,4.523883436318478e-05,0.00023187928496805224,0.00041737218433764503,-6.8809217131395e-05,-5.59398469839208e-06,0.00018159150061499007,0.00025819245970298593,0.0003877222845952873,-0.00016361751304955045,-0.001366626902360352,-0.0011397113378783905,0.00039006401254968663,-0.0008287977802415333,0.00026415545984299666,-0.0004198799905930159,0.00042421160098310266,-0.000557088246786977,0.0005071074547066761,-0.0013002843554321831,-0.0006299186983933269,0.002452137504549075,0.00017288359560543761,-0.0008643147889615265,0.0014483262804593053,-0.0007137480418570291,-0.0006159983977967006,-0.00011206595537049856,0.0011049182515220745,-0.0011037583034212452,-0.001018648868768274,0.0024004812956497754,-0.00043857561318813435,-0.0008897311285451491,0.00011979197338714653,0.00033349663297695055,-0.0003334966329769539,-0.00046977041405943805,0.0004704470451739012,8.27880193205165e-05,6.637532107145066e-05,0.00011006808203309912,4.619928403544205e-05,6.985886411871146e-05,6.896052490695594e-05,6.435687168109592e-05,5.60944737076371e-05,5.4837498223886115e-05,3.063761236521856e-05,3.9245738630227424e-05,3.628757267533559e-05,0.0001650606107527011,9.4656332808094e-05,-5.702627316855962e-05,-2.9125846645526226e-05,-0.00032438912166210196,-0.0003815407843581278,-0.0003823285972374864,-0.00046358782329726,-0.0005067394072493453,-0.0003299544706386233,-0.00018897951116042964,-0.00012625745478967012
KXNBA-27-ORL,-0.0011703418971343923,0.0011954840938138579,-7.806169278167745e-05,-0.001090519102068495,0.0005903504451653734,-7.262653318999078e-05,0.001217418328994652,0.0006489691774789435,-0.0012645039569051963,0.0009355991771667923,0.0022393943447104898,0.000696756157372002,-0.00046815777886207853,0.0009957928637606543,-0.0009957928637606681,-0.0010227706086562728,-0.0003817371094452217,-0.0007607014092763892,-0.0005757867714710575,-0.0003510882411318614,-0.00037721154357291283,-0.000607357183275319,-0.000830170972055562,-0.0009454205093370558,-0.0016203176713952406,-0.00418715756836833,0.0196,-0.001952498387139315,-0.004378246470137223,-0.0003938686518467491,0.0001859895951244126,-0.00018598959512444968,0.0010686980405545208,2.7051552491023318e-05,-0.001849763566781789,0.0016816737897311362,0.003960643910018444,-0.0006176934385371329,0.0006168217952459386,0.0003173761053893906,0.0005171964264027817,-0.0008223353880418633,-0.0001240264397559297,0.00012402643975593957,-0.00021910984942688993,0.0006831294956422148,-0.0003102142642521663,-0.0030058987308356315,0.00019456638334655949,0.0037227445642507035,-0.003085300364455527,-0.00030153151327813404,0.00021986055388481323,0.0002205902990903236,0.001266329150556959,-0.0005754716127126988,0.0006116265636155536,0.00040376110590547654,0.0015053095835214506,0.0006172737269002288,0.0016110537775885503,0.0009329241914989207,-0.0018961044039987299,0.0030418438688330756,-0.00027455405373778656,-0.0005051495143109692,0.0005051495143109717,0.0006919604999452908,-0.0016899076355421845,0.001390511455271627,0.0007253700153619978,0.0028986384345840006,0.0012176049557959072,-2.944573150630067e-06,7.61788668828778e-05,4.5794544557358925e-05,-0.00021527189202935805,-0.0003575718067025508,-0.0003117369113056455,-1.5882823856575715e-05,0.00013889168765929288,0.00019857169024082503,-0.00011076474952461533,-2.7535787296167895e-05,-2.7452110017222282e-05,3.9405388898936424e-05,-0.002205402616640216,0.002711766347323368,-0.00120030426002803,-0.0012729604487063022,0.0005021045223253145,0.00036365808942630495,-0.001956578461201239,0.00011753606106734222,-0.0010316393851348272,0.0010017432828533575,2.565645214155614e-05,5.15868723653837e-05,1.4523357132173277e-05,4.295675957701067e-06,-2.652126457092955e-05,3.569515869202891e-05,3.970607304603072e-05,-0.00023779274772701286,-0.0005203577276735134,-2.6412914042537362e-05,-0.0002738259019207207,-0.000528138970417695,0.0001335983896600648,3.619759932684956e-05,-0.00020402319512641425,-0.0003103726439582802,-0.0005387084319336043,0.00021348340767738435,0.0018542486842827366,0.0015421969345023846,-0.0005477720350820699,0.001116387283848139,-0.0003519816188736865,0.0005829464908816819,-0.0005889659589260517,0.0007883683526985446,-0.0006939793862703139,0.001810202334264547,0.0008907288281587388,-0.0033725278660597068,-0.00023459655498380333,0.0012038219580301757,-0.00199411733986952,0.0009962233752595744,0.0008596052299522573,0.00017709615326640127,-0.0015029329499543767,0.001570743043064122,0.0014336041556298296,-0.003293590047256721,0.0006275632651559339,0.0012768595928505594,-0.00014810463861889033,-0.0004498100576914283,0.00044981005769141765,0.0006323044568448146,-0.000633191468616506,-0.00010842513366898906,-8.431179591181489e-05,-0.00014195128363722885,-6.531088823528985e-05,-9.426477028976737e-05,-9.314806944185755e-05,-8.778424513948071e-05,-7.771640020394602e-05,-6.886787237816143e-05,-5.07622757414669e-05,-4.941053892764595e-05,-4.703514676948739e-05,-0.0002227296243494843,-0.00012477597205246327,7.263241604816862e-05,3.139140432997656e-05,0.0004488675698505383,0.000530268301552897,0.0005285072500221053,0.0006367209764894745,0.0006911777870727408,0.00044819879360310605,0.000266067610289226,0.0001701930925286938
KXNBA-27-PHI,-0.002817335662430004,0.0028689542663153755,-0.00018604553220855034,-0.0026318347142375237,0.001410232613881126,-0.0001837301255639101,0.0029171238426299664,0.0015504580382236473,-0.003053466436591843,0.002241936556201634,0.005378534651576455,0.0016666045915191617,-0.0011354237596387083,0.002361707802384313,-0.0023617078023843133,-0.005018052657006969,-0.0019853729867960346,-0.003967687063538098,-0.002980453204241721,-0.0019593563536854297,-0.0019816203680230117,-0.003006066171916481,-0.004023616511797534,-0.004954382657742224,-0.00801624434154699,-0.020990477834236458,-0.001952498387139315,0.09000000000000001,-0.02198317673533362,-0.001995278223639241,0.0004040188206907902,-0.000404018820690769,0.0030793415588494175,0.00040195263735676406,-0.004066440599195366,0.00456614558148942,0.010077712603984379,-0.0014945007920129341,0.0014923685720537204,0.0011736805778261505,0.001663192053668144,-0.001658886343589791,-0.000299341132345108,0.00029934113234512537,-0.0005377026100949862,0.0016547359392031888,-0.0007610699980385677,-0.00724650103396411,0.0004671962608921834,0.008969469321914426,-0.007443470425374541,-0.0007254028407836224,0.00048271207205067196,0.00048388006750129195,0.0029750592144642714,-0.0014275236283977182,0.0014118740871771594,0.0009230631690245797,0.003546671222053008,0.0014298695616427643,0.003796271303838479,0.002165930029988177,-0.0045476263640677125,0.007304921900890779,-0.0006659590866880706,-0.0012149803387260048,0.001214980338726007,0.0016282724610861233,-0.004053250213733038,0.0032934676410981308,0.001681468181175118,0.006930020204738124,0.0028602981003233593,-1.5558744306342985e-05,0.00019732778033960924,0.0001113496862984603,-0.0005576180256563399,-0.0008979280785672514,-0.0007806429719955169,-4.952242164813242e-05,0.0003371801533173256,0.0004919918643805142,-0.0003056521622962013,-8.063230801360824e-05,-4.68021837415162e-05,8.084556949406141e-05,-0.005249747883001108,0.006523659926450181,-0.0028422530832565712,-0.0030142490326533315,0.001205068287613464,0.0008969235642975272,-0.004650034810151762,0.00030741958482490245,-0.0024116655451921157,0.002365499846586892,9.412319720768705e-05,0.00013637391132436893,3.8172910500717403e-05,4.653565453354359e-06,-5.9958359372375036e-05,0.00012431298489954718,5.935354340512066e-05,-0.0006355333899118096,-0.001314337000596264,-0.00011007235280105326,-0.0007183838494787041,-0.0013319275564125828,0.0002708269180243212,5.056779320953879e-05,-0.0005509721133316292,-0.0008059442913763836,-0.0012830308210085369,0.0005371629281667233,0.004508278256906239,0.003756918580572352,-0.001296317532030891,0.0027290952533658313,-0.0008583882237504836,0.0013961735901148315,-0.0014105810021590938,0.0018695443911734741,-0.0016749629936810245,0.004330358279112298,0.0021131370167150523,-0.008119945712525133,-0.0005685504298377298,0.002879238240086412,-0.004798056557766297,0.0023800474168699905,0.0020539788940311748,0.00039528998601865513,-0.00364128704391655,0.0037098823957835304,0.0034074775280031975,-0.00794077525657634,0.0014780934707376257,0.0030016132914703775,-0.0003791194361000425,-0.0010958383840922602,0.0010958383840922645,0.001541799055519137,-0.0015439963140330836,-0.0002685080106667333,-0.000212389062155394,-0.000354543299322072,-0.00015488119342579748,-0.0002294299159045823,-0.00022657384064375056,-0.00021236270881731104,-0.000186412005843448,-0.00017449767848037797,-0.00011087946146740435,-0.00012499130973446211,-0.00011711643619445714,-0.0005425080790446055,-0.00030835215204820814,0.00018289194585367863,8.750242089928486e-05,0.0010769660344442324,0.0012689704061714909,0.001268791634719915,0.0015343604763601107,0.0016721963532971666,0.0010867232509686143,0.000632440932521305,0.00041447882626675177
KXNBA-27-SAS,-0.0006183887474036703,0.0006310136152028041,-4.088921323577116e-05,-0.0005769546891888713,0.00031104060978104765,-3.9172459860726e-05,0.0006422114630122861,0.00034193722500025915,-0.0006692424797638372,0.0004935895428233228,0.0011825176069171497,0.00036730422438790343,-0.0002481886552678358,0.0005202429249087609,-0.0005202429249087758,-0.01100490138475233,-0.004394266378425344,-0.008786393128414623,-0.0065922472191908285,-0.004381956550666163,-0.004392675814841697,-0.0066017659729169465,-0.00880607194560742,-0.010979543643746814,-0.017604464451719308,-0.046197172818017836,-0.004378246470137223,-0.02198317673533362,0.1716,-0.004398136288823786,9.029861983935787e-05,-9.029861983930653e-05,0.00064524560609053,6.69079198686001e-05,-0.0009172136200995724,0.0009712983670544558,0.002179916557006609,-0.0003277662980656108,0.00032730051854403485,0.00024140179936207726,0.00034845526395089457,-0.0003763300643383826,-6.582146041144888e-05,6.582146041147258e-05,-0.0001170438675141057,0.0003623613268634911,-0.00016568889605276995,-0.0015912522776532195,0.0001022178901037134,0.001968975060369354,-0.001634535841532505,-0.00016119951704228502,0.00010552511330704249,0.00010581605212040381,0.000653610147047694,-0.0003139379513312342,0.00030978410305178674,0.00020183404702381458,0.000779250927365399,0.00031383893991923986,0.0008341893801811239,0.0004757336024684599,-0.0009996014814315373,0.0016050628823399138,-0.00014588607674792547,-0.0002666287511583369,0.0002666287511583445,0.00035967259782522575,-0.0008907793059754261,0.0007262257663432744,0.0003729946590890703,0.001524332725063783,0.0006321151101246312,-3.0192624917389283e-06,4.262844638176747e-05,2.4375791250471786e-05,-0.00012048072197147335,-0.00019529516177084274,-0.00016989211841760606,-1.0321194977329709e-05,7.387015219659143e-05,0.00010730302956404952,-6.522202730504538e-05,-1.7012209601745346e-05,-1.1015120158953722e-05,1.832672175653613e-05,-0.0011563415830639532,0.0014325766091556054,-0.000627003489585264,-0.0006649457614354404,0.00026474934598411505,0.0001955601434110825,-0.0010247096623919932,6.594222072836656e-05,-0.0005339951575318993,0.000522164881241709,2.093456440827381e-05,3.185952442093307e-05,9.557667042263596e-06,2.7813155766480447e-06,-1.0536820087693353e-05,2.753307132326108e-05,1.6683937618314176e-05,-0.00013382647721408235,-0.0002831367476232948,-1.9770804354457093e-05,-0.00015241743131630734,-0.0002870869134363732,6.411596616752007e-05,1.4780985337821978e-05,-0.00011551063354191321,-0.00017169557259155303,-0.000279399227927328,0.00011995110565690882,0.000991174450747953,0.0008262444521787277,-0.0002826278826454705,0.0006007251117092394,-0.00018546737412848154,0.00030702763290105966,-0.00031019580404537865,0.0004132787118612762,-0.000366954715733374,0.000953502465121218,0.0004670147362723563,-0.0017823213923634723,-0.00012413567818058964,0.0006341624646896765,-0.0010532508856458905,0.0005245040840766643,0.00045267936659920997,8.93260345552126e-05,-0.0007974067281454697,0.0008195786765750854,0.0007515094656641874,-0.0017421376619293967,0.00032724149135356296,0.0006641041737756901,-8.132717909078792e-05,-0.00024002586007687853,0.00024002586007687012,0.000337374888369551,-0.00033785394114735736,-5.84353114219429e-05,-4.5901657782204444e-05,-7.688369556409515e-05,-3.418851583996557e-05,-5.018255520604492e-05,-4.956529614985856e-05,-4.6549380246627396e-05,-4.100210518180128e-05,-3.75648270977766e-05,-2.5348670234167633e-05,-2.69101834215253e-05,-2.54100731451235e-05,-0.00011887612610085459,-6.742780625897945e-05,3.964632169382514e-05,1.842675939080857e-05,0.00023664048857545617,0.00027897956358167953,0.0002787514602299525,0.0003368013710639486,0.00036662008860316616,0.00023801468046749972,0.00013950603707134888,9.066027150397585e-05
KXNBA-27-TOR,6.586510378891675e-05,-6.545625641290391e-05,4.2944144385146e-06,6.239673583418592e-05,-3.106237718526678e-05,5.743336043653152e-06,-6.574339645681338e-05,-3.418846319975056e-05,7.258999057397394e-05,-5.0507811994059125e-05,-0.000123220711518862,-3.706495757597085e-05,2.782638694358754e-05,-5.319293515373238e-05,5.319293515375865e-05,-0.0010017238665057503,-0.00039796412060632007,-0.0007959275283026544,-0.0005974180909347176,-0.00039473919052896106,-0.00039750709099585236,-0.0006004112906541367,-0.0008023321434876961,-0.000994353174357517,-0.0016015401743282574,-0.004198939408489613,-0.0003938686518467491,-0.001995278223639241,-0.004398136288823786,0.0196,-7.822755575503694e-06,7.822755575546639e-06,-0.00010666779858905236,-3.370938645523066e-05,6.692165758975486e-05,-0.00014167919046176598,-0.00027174486527375573,3.518907340760975e-05,-3.513670552426241e-05,-4.47506384700339e-05,-5.6640690266389864e-05,2.5963039340282007e-05,6.853672984013428e-06,-6.853672984008142e-06,1.3771049906044394e-05,-3.9707299994268614e-05,1.9462161480148058e-05,0.0001683920609053062,-1.1370994995407441e-05,-0.0002093098443620872,0.0001728693156002195,1.4257189854531716e-05,-1.2539096545488118e-05,-1.25273529387755e-05,-6.978139811530655e-05,3.194347103491704e-05,-3.4032376534419626e-05,-2.334064601451402e-05,-8.295801169691622e-05,-3.424608544606878e-05,-8.865499297722762e-05,-5.133867097001398e-05,0.0001046355074158776,-0.00016877651762745025,1.5891226615854785e-05,2.8501897929625884e-05,-2.8501897929619457e-05,-3.548193627977079e-05,9.345905159196662e-05,-7.320822638596937e-05,-3.4851231920919476e-05,-0.00015828536894232838,-6.199094617473643e-05,7.814856480995504e-07,-5.3426004207411264e-06,-2.674162054268079e-06,1.5070982530827248e-05,2.2895903218000775e-05,1.979160714537792e-05,1.7419430486546066e-06,-8.028637018429983e-06,-1.2231425510714976e-05,9.126423818863726e-06,2.6132017752220188e-06,3.3943409218681183e-07,-1.2740733181442427e-06,0.00011810998112342974,-0.00015168819206695663,6.28737881310095e-05,6.66794987771121e-05,-2.7897239336459323e-05,-2.2437098568919197e-05,0.00010409577819931156,-8.915707161559001e-06,5.112116631510374e-05,-5.1968223886300966e-05,-2.317425417449793e-06,-2.3068697210916334e-06,-3.266669846789858e-07,8.758535874451373e-07,2.773418446442672e-06,-3.1289937130379983e-06,3.093726693918801e-06,2.1720794247621074e-05,3.717995243197047e-05,7.91655527044306e-06,2.315851742288048e-05,3.748527254433759e-05,-6.632935123516998e-07,3.3292546284234646e-06,1.9454207692541554e-05,2.5130898661038327e-05,3.3274219712640477e-05,-9.382213573330927e-06,-0.00010248907139494035,-8.493767843318373e-05,3.328168570685262e-05,-6.083284736884357e-05,2.39746883727478e-05,-3.195388997536507e-05,3.228401813740757e-05,-4.017040677581162e-05,3.9961382451502995e-05,-9.75766850007627e-05,-4.5538017135522415e-05,0.0001896936096668883,1.406694695598391e-05,-6.46627276298352e-05,0.00011198691969913347,-5.3104109821283224e-05,-4.579103097168069e-05,-6.374485214818401e-06,8.711136189291792e-05,-8.071155899822308e-05,-7.559025755411043e-05,0.00018641325827562373,-3.139794807302009e-05,-6.416456096302346e-05,1.0957560342103955e-05,2.6120525245279766e-05,-2.612052524528175e-05,-3.7176279573117875e-05,3.72311330091723e-05,6.849980028930574e-06,5.806061727782127e-06,9.379422405427794e-06,3.391413009828924e-06,5.564919501440278e-06,5.487803800530905e-06,5.0340569630345315e-06,4.249852860695279e-06,4.954730108037408e-06,1.3782632325680426e-06,3.5477674753491745e-06,3.0838603262056373e-06,1.2879682740302143e-05,7.4485880176308695e-06,-4.840951753926275e-06,-2.9368097205771963e-06,-2.488278947902899e-05,-2.9160708631702544e-05,-2.935779209930828e-05,-3.582852447722046e-05,-3.955263313913161e-05,-2.6006614300103876e-05,-1.3955066581910623e-05,-1.0056661626521168e-05
KXGOVCA-26-SHIL,0.0029355447383694216,-0.0029899915151697055,0.00018999548204276534,-0.000623745479228972,0.0003391181321839954,-4.1123412700482234e-05,0.0006996349039982366,0.0003733395297562712,-0.000718362256701935,0.000535240861064506,0.0012803162017800333,0.00039960285321352765,-0.0002667858498189565,0.008167097934245434,-0.008167097934245447,-0.00023819624188674691,3.8966303888229514e-05,0.00017045241557468038,7.209009234453593e-05,0.00015627722494373586,5.636858291647855e-05,-8.287460689400901e-05,-0.00024304917450279027,0.0002996777037533925,-0.00033552563118671437,-0.00011336405502486252,0.0001859895951244126,0.0004040188206907902,9.029861983935787e-05,-7.822755575503694e-06,0.040236,-0.04023599999999998,1.1307052673033516e-05,-4.883167291011131e-05,-0.0002424797530732509,6.58637444881041e-05,0.00028539193056703247,0.010974630051483136,-0.010958892610750526,0.008324556730364443,0.011392678038246836,-0.009536519612486825,-0.010574727535613133,0.010574727535613136,0.00015762328952165553,-0.00047961814359939265,0.00022308538112540395,0.0002830671993842124,-1.0168560183643668e-05,-0.00033407176747714414,0.00029851825559636526,0.0002055042093951933,-0.00010118428693237119,-0.00010133494069217006,-0.0007631761845942845,0.00041238060343537145,-0.00034535897387975167,-0.00021682819363196739,-0.0009161119952708003,-0.000353271899572478,-0.0009813524081089139,-0.000539792510483753,-0.00012260075051077012,0.00019450786979007543,-1.615481771313542e-05,-0.014790511236596707,0.01479051123659669,0.0004123514124875511,-0.0010017489863925093,0.000827206294129878,0.0004333615592579187,0.001719475547678118,0.000725818628885897,-2.331192643518052e-05,0.00027113574726534524,0.00015125456002714225,-0.0007662186080403168,-0.0012274727420958991,-0.001066690270158926,-6.992008534976492e-05,0.00045815287952772525,0.0006708527389545492,-0.0004245452103383598,-0.00011302702980002627,-0.0012467296193134293,0.002494446890384744,-0.00011680058284139019,0.00013805857300014374,-6.479617739831625e-05,-6.882986637453048e-05,2.747631120798174e-05,1.7098111741399667e-05,-0.00010445785636861643,4.405733462012198e-06,-5.8611859302077084e-05,5.69130945294751e-05,-0.0023223727247839703,-0.003015445163500231,-0.0008973866173765027,-0.0001630920302629847,0.0008987639750062315,-0.0029989656750424596,4.170234246068046e-06,9.586147193942369e-06,5.6650250570520685e-06,7.52823425030957e-06,8.61910615527164e-06,5.065081923881502e-06,1.324633482967695e-05,4.238727750425979e-06,8.927233566083749e-06,8.020570807664493e-06,-0.000272555406739545,8.910704215567657e-05,0.000877976686216254,0.0007272879736281481,-0.0002779745439288855,0.0005219655821402198,-0.00017915958411752016,7.986959691431144e-05,-8.06958290618647e-05,0.00038753978215974605,-0.00034228563980617734,0.0009013644187960614,0.0004374984757211087,-0.0016830304786612975,-0.00011252311117778427,0.0006016030354305651,-0.000990752937461212,0.0004977306071918218,0.00043067779701346724,-8.301948610947588e-06,4.7943693249218635e-05,-4.8013546332229554e-05,-4.9783237736753936e-05,0.00010821436548824083,-2.4709902793057424e-05,-3.7535917415300085e-05,2.6238506213490575e-06,0.011327243580918626,-0.011327243580918616,-0.009967237920230854,0.00998155473485764,-0.000151922339870208,-0.00012091320944738112,-0.00020130091440215983,-8.745025262232713e-05,-0.0010683947853354324,-0.0010549140032755843,-0.000986618277339135,-0.0008629452093845788,-0.0008259567165619553,-0.0004919443346359841,-0.0005913567227569553,-0.0005502157438567796,0.0013722629429203908,0.0007848991186298926,0.0005046863066552158,0.0002523139438668209,0.0006671372885222581,0.0007858658538314547,0.0007860112447461416,0.00048234182734184614,0.0005242159286473871,0.00034065977092550897,0.0002001084002677348,0.00012953950556191077
KXGOVCA-26-XBEC,-0.002935544738369425,0.002989991515169707,-0.0001899954820427615,0.0006237454792289726,-0.000339118132183994,4.1123412700498287e-05,-0.0006996349039982397,-0.0003733395297563075,0.0007183622567019216,-0.0005352408610645265,-0.0012803162017800487,-0.00039960285321350727,0.00026678584981897654,-0.00816709793424545,0.008167097934245441,0.0002381962418867538,-3.896630388823332e-05,-0.0001704524155746412,-7.209009234452587e-05,-0.0001562772249437234,-5.636858291648174e-05,8.287460689401225e-05,0.00024304917450276885,-0.0002996777037533767,0.00033552563118672597,0.00011336405502484184,-0.00018598959512444968,-0.000404018820690769,-9.029861983930653e-05,7.822755575546639e-06,-0.04023599999999998,0.04023600000000004,-1.1307052673019087e-05,4.883167291010572e-05,0.00024247975307324998,-6.586374448810806e-05,-0.0002853919305670337,-0.010974630051483138,0.010958892610750531,-0.008324556730364452,-0.011392678038246846,0.009536519612486836,0.010574727535613143,-0.010574727535613147,-0.00015762328952164238,0.00047961814359937524,-0.00022308538112542068,-0.00028306719938422795,1.0168560183651034e-05,0.0003340717674771202,-0.00029851825559637545,-0.00020550420939519922,0.00010118428693236937,0.00010133494069217944,0.0007631761845942663,-0.0004123806034353594,0.0003453589738797579,0.00021682819363194283,0.0009161119952708098,0.0003532718995724509,0.0009813524081089455,0.0005397925104837539,0.000122600750510761,-0.000194507869790085,1.6154817713122357e-05,0.014790511236596724,-0.014790511236596696,-0.0004123514124875485,0.0010017489863925338,-0.0008272062941298865,-0.00043336155925791553,-0.0017194755476781264,-0.0007258186288858936,2.3311926435173243e-05,-0.0002711357472653359,-0.00015125456002713437,0.0007662186080403081,0.001227472742095888,0.0010666902701589175,6.992008534974819e-05,-0.0004581528795277172,-0.0006708527389545335,0.0004245452103383598,0.0001130270298000251,0.0012467296193134352,-0.0024944468903847373,0.00011680058284138936,-0.00013805857300014054,6.479617739833289e-05,6.88298663745327e-05,-2.7476311207975852e-05,-1.7098111741392907e-05,0.00010445785636862531,-4.405733462014386e-06,5.8611859302094777e-05,-5.69130945294924e-05,0.00232237272478396,0.0030154451635002093,0.000897386617376506,0.00016309203026297777,-0.0008987639750062075,0.0029989656750424674,-4.170234246080926e-06,-9.586147193935523e-06,-5.66502505703625e-06,-7.528234250311036e-06,-8.619106155279257e-06,-5.0650819238818915e-06,-1.3246334829675736e-05,-4.238727750427419e-06,-8.927233566080882e-06,-8.020570807654023e-06,0.00027255540673953556,-8.91070421557005e-05,-0.0008779766862162656,-0.0007272879736281411,0.0002779745439288969,-0.0005219655821402147,0.00017915958411750835,-7.986959691430733e-05,8.069582906186065e-05,-0.0003875397821597378,0.00034228563980617577,-0.0009013644187960373,-0.00043749847572110615,0.0016830304786612967,0.00011252311117778611,-0.000601603035430575,0.0009907529374611867,-0.0004977306071918225,-0.00043067779701346165,8.301948610950554e-06,-4.794369324926306e-05,4.801354633222812e-05,4.97832377367574e-05,-0.00010821436548820644,2.4709902793053026e-05,3.753591741531044e-05,-2.6238506213460857e-06,-0.011327243580918626,0.011327243580918618,0.009967237920230857,-0.009981554734857644,0.00015192233987019988,0.00012091320944737703,0.00020130091440214755,8.745025262231826e-05,0.0010683947853354506,0.0010549140032755778,0.0009866182773391366,0.0008629452093845721,0.000825956716561952,0.0004919443346359889,0.0005913567227569566,0.0005502157438567782,-0.0013722629429203724,-0.0007848991186298962,-0.0005046863066552209,-0.0002523139438668163,-0.0006671372885222674,-0.0007858658538314573,-0.0007860112447461353,-0.00048234182734184863,-0.000524215928647379,-0.0003406597709255058,-0.00020010840026773172,-0.00012953950556192362
KXATP-26USO-ALC,-0.0009422945866311245,0.0009725491922208767,-4.989797276234976e-05,-0.0012207984514070358,0.0007438551134776242,-3.551083682188314e-05,0.0014900512921952056,0.0008200385881226165,-0.001378368207818927,0.001130290227519295,0.002637054506471331,0.0008629450540308095,-0.0004896342067561292,0.0007630254722803901,-0.000763025472280401,-0.0018029035829921756,0.00017706969082516597,0.0011103364320584595,0.00040627769592973184,0.0008884998748879592,0.0002826023585030522,-0.0006177485519449372,-0.0017707387852397686,0.00208214782873759,-0.0026685564638029837,-0.001042238020693002,0.0010686980405545208,0.0030793415588494175,0.00064524560609053,-0.00010666779858905236,1.1307052673033516e-05,-1.1307052673019087e-05,0.24359999999999998,-0.009814790033523719,-0.049892123783724165,-0.0259722533038447,-0.15261889135249,-0.0012258901526822153,0.001224160351823217,-0.0005190170094577545,-0.0009443674325857493,0.0018744813647317627,0.0001333424207986347,-0.00013334242079863996,0.0001660094389277425,-0.0005361427160609287,0.00023521259533751908,-0.003076373989766133,0.00019520983247747688,0.0037971522717241994,-0.003174768626949617,-0.0007187052881201946,1.1215671043944893e-05,9.243768773631325e-06,0.0019827355457269023,-0.0015988808718288739,0.0007103379705646598,0.00035238438248983675,0.0024517821537836477,0.0007672394575606997,0.002633315276355452,0.0012209362343249424,-0.0029332892140479442,0.004748340748267198,-0.0004586609853808306,0.0013615560047999125,-0.0013615560047998984,0.0010378416197305423,-0.0028819990164735253,0.002182488645803975,0.0009740356724302191,0.004842588317818261,0.0018042895791118142,-2.4627690135861405e-05,-6.227515472584883e-05,-6.190662327807326e-05,0.000175175622377819,0.0003847382997904778,0.0003425518513669166,-1.4984061969886207e-05,-0.0001882601666317102,-0.00023631133843466572,2.6685655567312718e-05,-8.975997491022423e-06,-0.0004466119792674783,0.0010524666416170982,-0.0032478956704749123,0.00440058368617625,-0.0016789277550765176,-0.0017803469176069556,0.0007992748926950443,0.0007214771163380033,-0.002837651187669016,0.0003374829974337913,-0.001258046768107904,0.0013637533949683997,0.0002468219566208675,0.00024990343093941875,5.076561234162217e-05,-5.2787894567992634e-05,-0.00019606043350354363,0.00032177601430279687,-7.519557493514123e-05,1.7829172514801078e-05,0.00016056258270676982,-5.986139389439533e-05,4.1610484098280115e-05,0.0001665078779394454,-0.00014902273718511038,-7.401968227722876e-05,6.506710791574561e-06,6.046739908569112e-05,-0.0004013200332694697,0.0004697763664788751,0.002373488073710987,0.002035846268116594,-0.00036197703262497237,0.0015605324495319224,-0.00035214199421597803,0.00037509144852797,-0.0003789253023674247,0.0010036401801991424,-0.0008647622145005404,0.0024079101813687864,0.001128559629447028,-0.004477981653433519,-0.0002485613530514029,0.0016302411429209638,-0.0025943808130171383,0.0013502751790884634,0.0011804681838940912,0.0003326386225729367,-0.001976296970736969,0.002029117252843939,0.00204320699010368,-0.004445300550712763,0.0009854610556119102,0.0015840783194345756,-0.00011348835375488886,-0.0009221750533575373,0.000922175053357521,-0.0012655844715683607,0.0012673485916405442,0.0002905804249674288,0.00021922235872925925,0.00037496987560712625,0.0001911125615828062,0.0012819940472252695,0.0012661663336944527,0.0011870560474971903,0.0010422074760002608,0.0009742187120059916,0.0006213813598766698,0.0006979354193855339,0.000653781208440079,0.0007522037613943142,0.00039507043716404495,-0.0008895560847382811,-0.00040387273475187154,0.0004988306070718437,0.0005706810268488208,0.0005910952884033566,-2.8463193632974446e-05,-8.828656288311147e-06,5.158989024432467e-07,-3.900361396483498e-05,6.2944241739747475e-06
KXATP-26USO-MUS,-0.0001530262353606102,0.00016425910926268336,-1.8051534641411977e-06,-0.00020469507390359425,0.00016855298797889198,1.8125638330732226e-05,0.00031731399737634964,0.0001870404884180948,-0.00021012058126589403,0.00023289935533599726,0.0005100436479686793,0.00018839572134050762,-6.379121634954714e-05,8.65222057954356e-05,-8.652220579544241e-05,-0.000239955181379158,-1.9047454347097857e-05,8.372623363568765e-05,4.3770375854706116e-06,1.773190925200646e-05,-1.3593159436610117e-05,-8.249368448682333e-05,-0.00021436805001296446,0.0002084909414374797,-0.00039218168322381934,-0.00019702032209235984,2.7051552491023318e-05,0.00040195263735676406,6.69079198686001e-05,-3.370938645523066e-05,-4.883167291011131e-05,4.883167291010572e-05,-0.009814790033523719,0.019600000000000003,-0.0006223621335010943,0.0005200034418850052,-0.003692530654066298,-0.0002050165557427515,0.00020474297143386168,0.00017616103839107066,0.00011490919154413547,0.00048370108607035094,2.126695828160489e-05,-2.1266958281621524e-05,2.0047616701042036e-05,-8.360534971705173e-05,2.860644150812353e-05,-0.0005274710777913135,3.6346252447987936e-05,0.0006545660059604338,-0.0005476527908262099,-0.0001599471891338052,-0.0001745102352666196,-0.00017621235889678233,8.346889516308673e-05,-0.00043355575272630465,-0.00010004582695201364,-0.00013223441268468103,0.00015302072605677072,-7.238265322496999e-05,0.0001690857498007169,-7.454169351290058e-05,-0.0004680163560268019,0.0007748350202542756,-8.696237873452491e-05,0.00021688682525676593,-0.00021688682525675953,0.00011470339251600284,-0.00046518006122807685,0.00028214338563527664,5.935163886230383e-05,0.0007441256051259962,0.00019012142276308072,-2.1463662525741816e-05,1.69526074773491e-05,-8.692895954298075e-06,-4.839295867343775e-05,-7.844227722805312e-06,-1.3096902614438455e-06,-2.5138616266648866e-05,-2.69315688026852e-05,-1.3090449005926634e-05,-7.380379755675978e-05,-3.0396047279982286e-05,-1.714393070152985e-05,0.00013927890771294778,-0.0004038545806563763,0.0007380238394835809,-0.0001671490465885335,-0.00017719418201755553,0.00012828215686671907,0.00017706757048322705,-0.0003324144710045798,0.00011924737451327255,-3.4141751923886915e-05,0.00011847143661124753,3.5808773162961964e-05,1.4704706110474799e-05,-8.071197939856882e-06,-3.4232580234137423e-05,-7.226170383540964e-05,4.92814806518971e-05,-5.18673390227278e-05,-6.322246058865013e-05,-3.728550977985671e-05,-5.941029207640767e-05,-5.506710689639117e-05,-3.5088186279477656e-05,-7.903323610432148e-05,-5.201110987768596e-05,-6.184238835049423e-05,-5.141208016275451e-05,4.3625202379704895e-06,0.00017518369182615589,0.0005499168445866108,0.0004929113220671179,3.153691084018443e-05,0.00040656604713595966,-5.124336751598044e-05,5.599164738591789e-05,-5.6544207314562564e-05,0.00014546070420919408,-0.00010603546784090698,0.00039386774699856343,0.0001603326582474363,-0.0007111105169342975,-4.851106270776672e-06,0.00028204105508505004,-0.00038482442463195175,0.00023508306985700286,0.00021331982822075707,9.965630406695946e-05,-0.00026466210097965707,0.00027035010581264644,0.00036308787249688296,-0.0006584521689914698,0.00021827025330890538,0.0001808301593151159,2.851544975587891e-05,-0.00016185834217743463,0.00016185834217743715,-0.00019286211316272393,0.00019310938962122112,3.392718383046971e-05,1.8237818747364484e-05,3.767753325188613e-05,3.743055516811442e-05,0.00021480524460679151,0.00021237569234501934,0.0002008185041297297,0.0001786436723294169,0.00015327371838508823,0.00012251394367367456,0.00011007316993860807,0.00010570106905157825,0.00010574939939801732,3.6561079082290126e-05,-0.0001310296885721752,-3.7539267795753e-05,7.681717879918097e-05,7.968217905007465e-05,9.265216343167773e-05,-2.772846264204861e-06,1.1668317707479829e-05,1.2105634748519103e-05,-1.9659588201633643e-05,8.653738488771562e-06
KXATP-26USO-SHE,0.0011267796349486556,-0.0011357069617784963,8.338801945421589e-05,0.001443473408845558,-0.0006994924060571856,0.0001416837380868343,-0.0014868275803709744,-0.0007671182331883738,0.0017071617137067406,-0.0011554600125872898,-0.002833382003968102,-0.0008400506433776934,0.0006533711768043602,-0.0010774815792421004,0.001077481579242105,0.002368813029412054,-0.0003957956428631399,-0.0017046761318188016,-0.0007244936709282213,-0.0015559280264435481,-0.0005678939681145142,0.0008129166593076216,0.002410361588644763,-0.002997621838345328,0.003358517896031349,0.001141024104595595,-0.001849763566781789,-0.004066440599195366,-0.0009172136200995724,6.692165758975486e-05,-0.0002424797530732509,0.00024247975307324998,-0.049892123783724165,-0.0006223621335010943,0.08190000000000001,-0.0026601669068829076,-0.022181857166590557,0.0014343850924721764,-0.0014323039752759462,0.001930939540626859,0.002471746204125165,-0.0012791898969569046,-0.00016213528306540103,0.00016213528306538655,-0.00022068097307160664,0.0006506850367147165,-0.00031206330053388024,0.003549233452652638,-0.00022578582075473723,-0.004390048848691483,0.003640456296426736,0.0006648515078183208,-0.0007403648205047731,-0.0007433529381075196,-0.0033475377473423835,0.0011965463335662392,-0.0017351413921138797,-0.001206261524050711,-0.003934927736222997,-0.0017268120260553635,-0.0042059878129198786,-0.002578079100833759,0.003538486188156711,-0.005661542088639683,0.0005002915328776304,-0.001634234626052057,0.0016342346260520568,-0.0014577079434727534,0.003460144362597645,-0.002901451115543205,-0.0015606515825604384,-0.005963940820878658,-0.0025713240925930624,-4.0745637636534485e-05,0.00018318147444999582,7.949017247646391e-05,-0.0005182369632120396,-0.000742810195328668,-0.0006385740278943167,-7.328584468516318e-05,0.00023985321255257596,0.0003842703111341581,-0.0003458726637245253,-0.00010553235427531085,0.0007510861457130764,-0.0013820174992457315,0.00435607402374902,-0.005172126135540823,0.002410963734941101,0.0025569200989406624,-0.0009634298715252289,-0.000633920245878828,0.0038842485848294473,-0.0001574886675524287,0.0021555587308614644,-0.002027363883774382,-0.00029883072875841953,-0.00044029139293463556,-0.00015215595065282145,-8.12428409047943e-05,1.8629629616419643e-05,-0.0003817956426966328,-4.573658888011996e-05,-0.00025935046206846323,-0.0004224737543848914,-0.00010379639893326227,-0.00027320831382889597,-0.00042481406010093717,-1.8728786482547702e-05,-4.843764577810582e-05,-0.00023335774810084967,-0.0002938672007258419,0.0007899001148911145,-0.00013324442213906234,-0.0021451119554330095,-0.0017495376574281696,0.0008269001394424394,-0.001217308313617006,0.0004722654257733423,-0.00046881127988561736,0.0004736758752915582,-0.0012560918144370417,0.0011637714837253144,-0.0028581619746981283,-0.0014247266192407152,0.005409669170497055,0.0004314341381813526,-0.0018771657234320585,0.0032358062501130855,-0.0015485263897428074,-0.0013245695209669287,-0.0001898825859965719,0.0026135640073352943,-0.002626410189328234,-0.0022889913010418527,0.00559193816480359,-0.0009181401189713903,-0.0021630242068816034,0.00034391835998892254,0.0010441718831123994,-0.0010441718831123944,0.001569456251074693,-0.0015717445390620757,-0.00039837737139749105,-0.0003275282879128538,-0.0005363112953486455,-0.00020414036320331685,-0.001506655038043826,-0.0014871236202064135,-0.0013877418689803318,-0.0012099039308358902,-0.0011813188623005428,-0.0006627747498264146,-0.0008450244309933857,-0.0007829388120868455,-0.0009622788307932881,-0.0005788613480105036,0.0011136678884373897,0.0005884401436650538,-0.0006131833860698196,-0.0007339361336928709,-0.0007201634594012182,4.143189416424311e-05,6.215824419472638e-05,4.5556912298120466e-05,-4.26804240114043e-06,2.2048639171676544e-05
KXATP-26USO-TIA,-0.001371290128461833,0.0014094367334801306,-7.790612762826124e-05,-0.0017725225936250375,0.0010408982849554652,-7.319397995046052e-05,0.0021035908670127175,0.0011465863643205171,-0.002018514620873959,0.0016018942930437414,0.0037672211803642564,0.0012137883126069826,-0.000727129407887406,0.0011461898786231735,-0.0011461898786231741,-0.002670485736964541,0.0002984897390859268,0.0016991809522351633,0.0006440904607112336,0.0014021347320899331,0.0004622043376021945,-0.0009151961971500968,-0.0026413463971854396,0.0031422766892039624,-0.003920189259070656,-0.0014933170069395148,0.0016816737897311362,0.00456614558148942,0.0009712983670544558,-0.00014167919046176598,6.58637444881041e-05,-6.586374448810806e-05,-0.0259722533038447,0.0005200034418850052,-0.0026601669068829076,0.04750000000000001,-0.010737989171290242,-0.0017772917882388187,0.0017747712953698025,-0.0010341369856605132,-0.001660178334498174,0.0025247563481531217,0.0001945764598691755,-0.00019457645986917037,0.00024673749975606056,-0.0007825544226939946,0.0003494496039520286,-0.00444913439273897,0.0002819638678743636,0.0054926569698597865,-0.004586881105854486,-0.0010041544576960637,0.00017498871627213373,0.00017330167504323903,0.003098832352075348,-0.002170559090983312,0.0012271432391209674,0.000683949675228936,0.0037872330252478673,0.0012932989775309056,0.004063250990049731,0.0020211019941562642,-0.004275602700599046,0.006906516214860066,-0.0006567978531208388,0.00198312817204444,-0.001983128172044461,0.0015579809709061663,-0.004197020864814615,0.0032402037004937963,0.0015046187313313857,0.007085212143682405,0.0027167226304455503,-2.041384447296193e-05,-0.00011452520461371152,-9.129348579683303e-05,0.0003227953507449083,0.00062203997050738,0.0005488236737398017,-1.7579019948984228e-06,-0.00027720507158003187,-0.00036624764042844865,0.00010784094258414829,1.2491949397462639e-05,-0.0006977683164711278,0.0015588378075321685,-0.004831240503840562,0.006384033794852688,-0.002532694554631045,-0.002685752833705628,0.0011647731183208328,0.0009991924509895238,-0.004238372361248178,0.00043655311168499644,-0.001975137385582377,0.0020724288722049665,0.0003607970234179122,0.00039408043822744684,9.342378649229821e-05,-4.6100086324096704e-05,-0.00023900966638142103,0.00046850828206377454,-7.850308977772825e-05,7.963965791795925e-05,0.00028554192054872746,-4.739242045816254e-05,0.00011091829196471495,0.00029313382477390125,-0.0001724277171957633,-7.650387395457652e-05,6.0393015496184566e-05,0.00013792263505661766,-0.0006507449993081152,0.000590912763520822,0.0033032237317007426,0.0028136896954341723,-0.0006119322736055221,0.0021299569801099304,-0.000522469884363073,0.0005503164373420249,-0.0005559575978436948,0.0014734672024315767,-0.001287248160080551,0.0034999001562283296,0.001659589972368107,-0.006529024201371296,-0.0003915147659457243,0.002356688607642643,-0.0038052999353975487,0.0019506100143041342,0.0016988060542449993,0.00043919462960816417,-0.0029302539089689334,0.0029982146727668673,0.0029404550999142663,-0.006529105341772503,0.0013777592656878423,0.002365724813868951,-0.00021028078951968365,-0.001329453330032021,0.0013294533300320247,-0.0018539380224036552,0.0018565438964364743,0.00043415890450990385,0.00033358105930082337,0.0005652298059232,0.0002727028131764845,0.001859839887326685,0.0018366745864582827,0.0017204774596774075,0.0015086309321244386,0.0014215012067590109,0.0008863289485895612,0.0010180978278204991,0.0009517149793366252,0.0011085357794658264,0.0005984435429395556,-0.0013056530245535798,-0.000611186877023977,0.0007295970637018459,0.0008418308498933673,0.0008631267018774435,-4.304961087163495e-05,-2.4240122392162518e-05,-9.494335996649456e-06,-4.5453251581076094e-05,2.6098052078062173e-06
KXATP-26USO-ZVE,-0.0029595529507994763,0.003025407584983202,-0.00018161469094706798,-0.003818704618052816,0.002136153724930351,-0.00021680948677748398,0.004370159134650694,0.002350888836504523,-0.004391710186626794,0.003343355279317185,0.007946163825768644,0.0025082455766158524,-0.0016102495027665274,0.002575964303215826,-0.0025759643032158275,-0.0058890376964352955,0.0007499926297545993,0.003885535714484658,0.0015277579309021317,0.003311783086429013,0.0011300114539701633,-0.002019705738687931,-0.005872663435345801,0.007076468101278736,-0.008559877377262411,-0.003162954759352403,0.003960643910018444,0.010077712603984379,0.002179916557006609,-0.00027174486527375573,0.00028539193056703247,-0.0002853919305670337,-0.15261889135249,-0.003692530654066298,-0.022181857166590557,-0.010737989171290242,0.1971,-0.0038145238337725018,0.003809082926736124,-0.003093358432663145,-0.004463694275537009,0.004799915242481146,0.0004218452848969359,-0.00042184528489692117,0.000543933730854924,-0.0016933339176995988,0.0007700701478663875,-0.009520305694039463,0.0006076328717761674,0.01176633871592227,-0.009798892318680839,-0.0020466383097479464,0.0008099156494423991,0.0008093501239524717,0.0072666190707234195,-0.0042595883884408645,0.0031744069146856695,0.001943930495650919,0.008767858340202337,0.0032716489564548097,0.009395270942510855,0.005024819436512895,-0.009245064195930297,0.014895647610895693,-0.0013897965662221792,0.004279886243074395,-0.004279886243074389,0.003490183795649874,-0.00906710518953116,0.007165246764756402,0.003480078348427945,0.01539459821495296,0.006107093179690999,-2.7696340185192846e-06,-0.00031110689650066403,-0.00020025065981065624,0.0008782860464850206,0.0015088768481265119,0.0013192160698119646,4.984143126449957e-05,-0.0006069786483887318,-0.0008503009009801691,0.0004174027970503095,9.53380518832498e-05,-0.0016315146273731874,0.003435582273142961,-0.010696553993440026,0.01372643750819293,-0.005696482782318225,-0.006040954549171196,0.002518851028416161,0.002025825739413383,-0.009427835945497865,0.0008017072368918577,-0.004634996235007391,0.004700280133951157,0.0007767280279830269,0.0009473347846850413,0.0002647144041113534,5.846565182320998e-08,-0.00036968771953772785,0.0010048447981962205,-9.673002104391148e-05,0.0003038973719577226,0.0007449403452537925,-6.267383004397395e-06,0.00036362914952137,0.0007585624035154532,-0.0002631020574968532,-9.1664959455979e-05,0.0002551426854222696,0.0004209498279721618,-0.0015959893395436184,0.0010139499994498047,0.006711847532146094,0.005659962509540029,-0.0015617923935609273,0.00420537323307703,-0.0011660055629523476,0.0011998843318201146,-0.0012122245513863177,0.003208426562629544,-0.0028515204581793393,0.007538052563605049,0.0036206407390865745,-0.014120038937395076,-0.0009210157631009729,0.005043001047168855,-0.008286738201479604,0.004170252386018872,0.0036153059631504813,0.0008170492039381539,-0.006479857061575147,0.006575699725682905,0.006245519205733883,-0.014261303190392198,0.0028112326114148904,0.005251002731541254,-0.0005831713134450218,-0.0028313388603145246,0.0028313388603145306,-0.00403609543700124,0.004041832087742368,0.0009661968116003393,0.0007570130425930269,0.001269911307767869,0.0005746204075442502,0.0039985468757339476,0.003948181203483159,0.003694705698613394,0.003235007730233383,0.0030765000103634764,0.0018676692387036386,0.0022026116139151073,0.0020544879634743123,0.002428254092309913,0.0013525439286325232,-0.002845898400005758,-0.0013787004084184961,0.0015843858819281176,0.0018469100107171119,0.0018706248040541039,-9.725375319865587e-05,-8.236150048668501e-05,-4.7002981707771297e-05,-6.895879033220779e-05,-1.1434713483907574e-05
SENATETX-26-D,-0.003517427827638454,0.0035772952735335754,-0.00023226038464850828,0.001219165227056796,-0.0006359779004677759,9.497482554393202e-05,-0.001325704145648312,-0.0006991576005767561,0.0014186176195287578,-0.0010201272119643823,-0.0024620420636161777,-0.0007544305691102183,0.0005328348932908719,0.023791921396381886,-0.02379192139638193,0.000872525375165213,-0.0001224241831410363,-0.0005927196205457616,-0.00023956806016043437,-0.000517602065533738,-0.0001810456668837724,0.00029933117449305847,0.0008759101763308249,-0.0010666042834135867,0.0012579835547687195,0.0004527613144701193,-0.0006176934385371329,-0.0014945007920129341,-0.0003277662980656108,3.518907340760975e-05,0.010974630051483136,-0.010974630051483138,-0.0012258901526822153,-0.0002050165557427515,0.0014343850924721764,-0.0017772917882388187,-0.0038145238337725018,0.2491,-0.24874975376125869,0.016573007046536834,0.02248785002064928,-0.017903812004701473,-0.024966073785029734,0.024966073785029748,0.002842850796377838,-0.008693353678151142,0.00402329809282527,-0.0015891231403565437,0.00010367255883926801,0.001969362549285151,-0.0016315218633089243,-0.0002612212885439828,0.00014746135621390943,0.0001477045242448176,0.0010161003793248474,-0.0005240112381715466,0.0004692773064434131,0.0003004210057616614,0.0012162741538281122,0.0004779483878731732,0.001302366535016543,0.0007273014927074396,0.000322565532999197,-0.0005193398121925582,4.816799560695453e-05,-0.022834779948185405,0.022834779948185408,-0.0007427309172777111,0.001874981554809608,-0.0015095581079684211,-0.0007587049351252602,-0.003198486077654667,-0.0013031281498294,-4.166388957339973e-05,0.000433977573694186,0.00023812428212305277,-0.0012264618409838354,-0.0019492836309409531,-0.001692704085571831,-0.00011652192914484307,0.0007209797092086307,0.0010615726463416156,-0.0006898016381512405,-0.0001860082303755552,-8.742435794022459e-05,0.0001825682192796429,-0.0029662865095867,0.0037081530900467197,-0.0016011596350613418,-0.0016980793278094618,0.0006846326624382845,0.0005170197396977792,-0.0026251399703707415,0.0001827793806662012,-0.0013485582740969237,0.001331071013104514,-0.007194858276932661,-0.009572013101910934,-0.0029426640014078393,-0.000756661976247883,0.0023806903787272466,-0.009284378841528404,0.00015854963985615175,-0.002363560873471677,-0.00478589477964205,-0.0004620307716454475,-0.0026537168814089254,-0.004847012230402605,0.0008918742086917258,0.00012666130825231598,-0.002056645355835874,-0.0029658222133548983,-0.0004924238947173838,0.00021386927776465806,0.0017549068962441573,0.0014640628009960363,-0.0004960840857690348,0.0010657602320201887,-0.0003330375553087318,-0.001765422534886674,0.0017836308528172825,-0.0008687190809004834,0.0007838568892419694,-0.0020171048669835896,-0.0009821324723900307,0.003790542846570244,0.00026718747710123217,-0.0013405138924029363,0.002240612508345874,-0.0011076594399663463,-0.0009556508290250529,7.770943258028088e-05,-0.0007177128001841456,0.0007265367926996732,0.0006707671278447613,-0.0015648948657833485,0.0002914658084401656,0.0005862469808209415,-7.455021951734955e-05,0.0305952719237359,-0.030595271923735876,-0.02452830528557171,0.024563531056435252,9.923925933223021e-05,7.910256903815403e-05,0.00013150979302724023,5.562594994310802e-05,0.002436317528244818,0.0024052318239698367,0.0022484116535784193,0.001965622302199666,0.0018874621927531497,0.0011137764229652495,0.0013507925443352435,0.0012572089509621932,0.0016016768717693369,0.0009149100084670557,-0.0030304659378121894,-0.001512427053172791,-0.0024267124604995284,-0.0028557242599426603,-0.002859753036876182,0.003961762807946138,0.004325536615777715,0.0028139336333410352,0.001622500229103218,0.0010754141805772897
SENATETX-26-R,0.0035123838052604755,-0.003572162893538021,0.0002319272260554132,-0.0012174189830494533,0.0006350804032259122,-9.483168437423248e-05,0.001323826733545369,0.0006981717137458554,-0.001416576093832645,0.0010186783534142526,0.002458534344056967,0.0007533630979821514,-0.0005320658141754627,-0.023757804308742213,0.023757804308742247,-0.0008712792240149126,0.00012225348477169128,0.000591879239909913,0.00023923068194578836,0.0005168720798871621,0.00018079200284960145,-0.0002989032991683653,-0.0008746609325373908,0.001065087754587307,-0.001256184188838885,-0.00045210979064371084,0.0006168217952459386,0.0014923685720537204,0.00032730051854403485,-3.513670552426241e-05,-0.010958892610750526,0.010958892610750531,0.001224160351823217,0.00020474297143386168,-0.0014323039752759462,0.0017747712953698025,0.003809082926736124,-0.24874975376125869,0.24839999999999998,-0.01654937860225461,-0.02245574229635558,0.017878028549504953,0.02493027661383662,-0.02493027661383663,-0.002838776001999975,0.008680889025541814,-0.0040175312307783205,0.0015868480088011162,-0.00010352278366524662,-0.001966540002755259,0.0016291880839170232,0.00026084355566910456,-0.00014726881180593214,-0.00014751179004274413,-0.0010146709611088163,0.000523242612043327,-0.000468628207845533,-0.000300010631274239,-0.0012145588619561708,-0.0004772849426891724,-0.0013005294436352634,-0.0007262892091350174,-0.00032210439706370497,0.0005185967132912421,-4.809865792903736e-05,0.022802033516456773,-0.022802033516456773,0.0007416706544804693,-0.0018722951570884637,0.0015074004637038077,0.0007576248785614101,0.0031939060517037162,0.0013012684871486035,4.160606474158786e-05,-0.00043335786617864947,-0.0002377828325503182,0.001224710796308713,0.0019464955674467269,0.0016902826356607861,0.00011635710783482768,-0.0007199462140726978,-0.0010600528482216766,0.0006888205661844569,0.0001857444934335288,8.73053072893949e-05,-0.00018231122118506343,0.002962044212640501,-0.003702835862920432,0.0015988727404483262,0.0016956539854979347,-0.0006836511222688763,-0.0005162738458403559,0.002621387010984061,-0.00018251223266757386,0.00134663851389956,-0.0013291707948721685,0.007184575341577076,0.009558355501721995,0.0029384828777418454,0.0007556252328372131,-0.0023771946738318835,0.009271104255160499,-0.00015829701458182393,0.00236021695022865,0.0047790761387132025,0.0004614014239443991,0.0026499540327427724,0.0048401051089692355,-0.0008905588248667132,-0.00012645415587608653,0.0020537390972979836,0.002961611482617312,0.0004917071337189408,-0.00021357434688384008,-0.0017524046159305773,-0.0014619776955258675,0.0004953611945941607,-0.0010642461861871397,0.0003325528857821258,0.0017628947809800182,-0.0017810770353537256,0.0008674724701258222,-0.000782733992665902,0.0020142106920290094,0.0009807232743903264,-0.003785108230354987,-0.00026680559010374685,0.0013385900603943603,-0.002237400420113665,0.0011060695673074023,0.0009542789603325138,-7.759482282376586e-05,0.0007166881699305305,-0.0007254975623420428,-0.0006698033172696971,0.001562656584638672,-0.00029104425106351494,-0.0005854098014639935,7.444658097428993e-05,-0.030551398226858914,0.030551398226858876,0.02449313002020151,-0.024528305283710892,-9.909840401553193e-05,-7.89913196100238e-05,-0.00013132403231126523,-5.5545565193112355e-05,-0.0024328240408804597,-0.0024017829531825623,-0.0022451875005085474,-0.0019628032902112803,-0.0018847573174369083,-0.0011121766150148957,-0.0013488568306920527,-0.00125540655088553,-0.001599385667757404,-0.0009136055413512703,0.0030261242690760954,0.001510264322228337,0.0024232333708023904,0.0028516316032116684,0.0028556530318828545,-0.003956082399225633,-0.004319338966889283,-0.0028099047032054455,-0.0016201664601177266,-0.0010738756725958201
KXBALANCEPOWERCOMBO-27FEB-DD,-4.097719893206212e-05,4.403644946730514e-05,1.658250993359988e-05,-0.0012109623383857156,0.000399957261261436,-0.00022232885932923908,0.0009621331216319421,0.0004335379429902567,-0.0015169538899333554,0.0007826355074014741,0.0020833054034676965,0.0005177875190849805,-0.0006254698616202624,0.016603729871132608,-0.016603729871132643,-0.000667690846918031,4.266552534587872e-05,0.00037453215800979417,0.00012215609935650116,0.0002618557962849116,7.517930058690653e-05,-0.00022044821890779097,-0.0006359826550928416,0.000737326531922454,-0.0010311339122202323,-0.0004377198649394938,0.0003173761053893906,0.0011736805778261505,0.00024140179936207726,-4.47506384700339e-05,0.008324556730364443,-0.008324556730364452,-0.0005190170094577545,0.00017616103839107066,0.001930939540626859,-0.0010341369856605132,-0.003093358432663145,0.016573007046536834,-0.01654937860225461,0.2496,-0.17032111726653154,-0.07666261736414681,-0.006418834859991807,0.006418834859991819,0.0002779170694312837,-0.0009420689443724227,0.0003937816690141423,0.0030192206132276344,-0.0002706598502000282,-0.003891799871990917,0.0030223260878545714,9.942578593098908e-05,-1.0802488173750063e-05,-1.1441694148723166e-05,-0.00024445000214688635,0.00015936330815151845,-9.436417788077701e-05,-4.485516030368468e-05,-0.00029775098579516604,-0.00010057030759440177,-0.0003212627209814067,-0.00016111564056937817,4.934861998426911e-05,-5.897468686633416e-05,-8.232221453725714e-06,-0.016055138634662697,0.016055138634662673,0.0006764144482119653,-0.002000342461453668,0.0014564983288447642,0.0005957185404315724,0.0033298654023173383,0.0011681585692990108,-8.372964951609764e-07,-0.00017844586747168482,-0.00011441208070685528,0.0005045760128559481,0.0008649258866322178,0.0007559240553631092,2.9472878339414007e-05,-0.00034711029671160665,-0.00048700197075385256,0.0002411902763310427,5.5431574253595175e-05,0.0009712993381670567,-0.001969602324116028,0.000796388368751405,-0.0010404417008623556,0.00042020674384592096,0.0004462273618266779,-0.00020120106859513345,-0.00016127593832615755,0.0007012692556499805,-6.94475021541885e-05,0.00033642614816048304,-0.00036095577662672624,-0.004798928005157852,-0.00636572556999788,-0.0016745135241862342,0.00011946387334111667,0.0032783854715794946,-0.006313885776980913,-0.00013465703289776543,0.00016966821872868728,0.0005879880295777063,-8.289230279215419e-05,0.00023188182948769427,0.0006043178294917963,-0.0003468169699795762,-0.00013080973764959173,0.000132631086831206,0.00028701132352237864,0.00027948765169267327,-3.4090401682826175e-05,-0.0007168927309412374,-0.0005796703623932272,0.0002991813331235411,-0.00039714403407085393,0.0001542094373999291,0.0009348938831011682,-0.0009444800025298905,-0.00020825287627259862,0.00017790666146471772,-0.0004982326932280576,-0.0002337145623353855,0.0009045528837562739,5.0141160015098055e-05,-0.0003364484214784989,0.0005303705292429065,-0.0002797109138245448,-0.00024369267105938864,-4.425212265796342e-05,0.00033165902717303134,-0.00036795238752503843,-0.0003273746720343084,0.0007319349920348266,-0.00014192149990957946,-0.0002986392317241176,2.895828807664639e-05,0.01857075882304677,-0.018570758823046762,-0.017195949928263884,0.01722050968911191,2.6827910335396792e-05,2.0891014557335965e-05,3.536290396965593e-05,2.0130817322723656e-05,0.00045035140155646,0.00044497746544341807,0.00041867925129543827,0.00036908464376620483,0.0003352929307372031,0.00023134004591402526,0.00024164727874587236,0.00022559025285283813,-0.0013593893653130562,-0.0007589058401093698,-0.00024196400773527358,-0.00013371778218668662,-0.0010123098832731338,-0.0011964397716312022,-0.0011907981309118082,4.419238698037006e-05,6.801579706430303e-05,4.849897486623649e-05,-4.685931017878596e-06,2.396588540267374e-05
KXBALANCEPOWERCOMBO-27FEB-DR,-6.292250900549847e-05,6.701051882082484e-05,1.5392566621612438e-05,-0.0016326240570356772,0.0006218676916128567,-0.0002540433023108492,0.0014234833682086265,0.0006774788558973579,-0.002007611878421603,0.001137671374698705,0.0029384048352637283,0.0007807307847617287,-0.0008090079090847897,0.02257351566029475,-0.022573515660294752,-0.0009533941313255043,8.188466147830596e-05,0.0005672939913673927,0.00019957864629849647,0.0004292193911127393,0.00013340761838842902,-0.00031841502083066614,-0.0009223039768381983,0.0010852024402935156,-0.0014439884668391426,-0.0005873504795110699,0.0005171964264027817,0.001663192053668144,0.00034845526395089457,-5.6640690266389864e-05,0.011392678038246836,-0.011392678038246846,-0.0009443674325857493,0.00011490919154413547,0.002471746204125165,-0.001660178334498174,-0.004463694275537009,0.02248785002064928,-0.02245574229635558,-0.17032111726653154,0.2331,-0.05821756333779944,-0.008690454318537988,0.008690454318537981,0.00039221417866850436,-0.0012935280383611005,0.0005555497176895179,0.004144466588540197,-0.0003435172556656848,-0.0052852071305805395,0.004177752511526722,0.00012258471952554024,-2.805895678742673e-05,-2.877562592346982e-05,-0.00034168473716323093,0.00020230307952518101,-0.0001416051357562391,-7.607408459570691e-05,-0.0004131854690564128,-0.00014819859690730428,-0.000444836483925274,-0.00023309448337235157,5.343765157939207e-05,-6.519825617653605e-05,-7.922141075607052e-06,-0.021785547057559383,0.02178554705755938,0.0009656466844480834,-0.0027310921604874468,0.002044542974943385,0.0008907301219008748,0.004576086205451893,0.0016755185146940029,6.227049916796793e-06,-0.00025371081991244163,-0.00015582671715126732,0.0007172352415956154,0.0012030008008336824,0.00104945802937447,4.966289174850615e-05,-0.0004722640438728162,-0.0006712783951920274,0.0003604415581406925,8.753369883455929e-05,0.001321761473549235,-0.0026685955552902016,0.001089745293573514,-0.0014051821527884094,0.0005789891421633454,0.0006146014993442526,-0.0002683756999456421,-0.0002114200588373814,0.0009610551736163812,-8.663263901221899e-05,0.00047105218783590613,-0.0004928854334186764,-0.006789773114082942,-0.00899072443560867,-0.0024607569010799447,-3.92996923897233e-05,0.004046714515075612,-0.008888520452517193,-0.00014601849380236443,0.00031321007211193905,0.0008814257130609631,-5.629678813353236e-05,0.0003935486954535306,0.0009015708605253053,-0.0004040040361836815,-0.0001402126830668165,0.0002573227092175352,0.00046800269693074393,0.00036397381590818104,-6.73951380860939e-05,-0.001007177784244652,-0.000821261796316366,0.0003846190857856917,-0.0005721516340403579,0.00021068272827714666,0.001281659025400379,-0.0012948210367182806,-0.00028383124791173315,0.00024608676363096626,-0.0006720607532942607,-0.00031920463068373084,0.00122999868708278,7.388138029682821e-05,-0.0004515626448970236,0.0007237650288293773,-0.00037487546517427214,-0.000325560581979329,-5.6122536555191616e-05,0.0004506153260060109,-0.0004884148097027246,-0.0004369113955263103,0.0009901553067319085,-0.00018866610606765839,-0.000396414057756115,4.212005559473786e-05,0.025206276686627865,-0.025206276686627872,-0.02333513635081645,0.02336850932501549,3.848511143844022e-05,3.0112616292976466e-05,5.074245962940605e-05,2.6691115778712185e-05,0.0006120896411195971,0.0006046297078620519,0.000567917940845782,0.0004995834584227965,0.00046043617528549016,0.0003055119648478802,0.00033121443995843956,0.00030903787586828324,-0.0018478790109751784,-0.0010391852852390379,-0.0003248479836773984,-0.0001747203823907842,-0.0013681856512144212,-0.0016154778755970295,-0.0016100980405764466,5.8574175410506594e-05,8.393445759631854e-05,5.8915347008752497e-05,9.251398375180464e-07,2.8012823373562286e-05
KXBALANCEPOWERCOMBO-27FEB-RR,8.53588603376001e-05,-8.946451170309015e-05,2.1730416032132393e-05,0.0012492576695432504,-0.0008741684879575164,-2.583542407995273e-05,-0.00169825561446254,-0.0009666119190556606,0.0013549331273978843,-0.001268151631631866,-0.0028732249615659377,-0.0009957111661691917,0.0004539069960165068,-0.01818413246407159,0.018184132464071613,0.000984204658763443,-0.0001788300262942128,-0.0007318851000889474,-0.0003192158984672103,-0.0006922883826221856,-0.0002549985322341852,0.000345294800680991,0.0010161412072607267,-0.0012658307778600697,0.001362490943260435,0.00043641486934789693,-0.0008223353880418633,-0.001658886343589791,-0.0003763300643383826,2.5963039340282007e-05,-0.009536519612486825,0.009536519612486836,0.0018744813647317627,0.00048370108607035094,-0.0012791898969569046,0.0025247563481531217,0.004799915242481146,-0.017903812004701473,0.017878028549504953,-0.07666261736414681,-0.05821756333779944,0.1411,0.006827840323981104,-0.0068278403239811145,-0.00038394252384782874,0.0011018829846762012,-0.000543013091378036,-0.0035279523057557514,0.00015902961064991614,0.004227552321795459,-0.0036938906734800435,-3.848319479781982e-05,9.228997152031547e-05,9.221347727698579e-05,0.00032937678167409127,-8.92544259267784e-05,0.00018533849568658277,0.0001396539446141978,0.00038290358029279367,0.0001812954380213003,0.000407554436832167,0.0002650323248043328,2.2082018154127645e-05,-1.9077307806214863e-05,-9.060181926088094e-06,0.01734639359058933,-0.017346393590589308,-0.0009977003304385626,0.002254832738501953,-0.001954320756625275,-0.00110338241930584,-0.003919616045083094,-0.0017668431332996009,-4.0195804095770034e-05,0.0002578543008173291,0.0001270912392542568,-0.0007281488396908727,-0.0010998810405692145,-0.000950365847863534,-8.608210900939978e-05,0.0003825221552149777,0.0005853971670962421,-0.0004463304789446417,-0.000128827262207175,-0.0010749932499156825,0.0021093688477920956,-0.0009136316768205079,0.0010857270160793044,-0.0005053565823769696,-0.0005352648751771488,0.0001908251133143193,0.00013108111226591002,-0.0008130904888575993,3.079377366068276e-05,-0.00044849318311762344,0.000408842410265649,0.006645974325801524,0.008646836406834345,0.0027470145333343627,0.0008519342357521721,-0.0015363926989482614,0.008508285950193078,-5.837389659486153e-05,-0.0006461170220229148,-0.0011016754993133878,-0.00022333986922176214,-0.0006906903828869312,-0.0011080467566245721,3.2967172128747774e-06,-6.580539982278905e-05,-0.0005745977267602547,-0.0007483237767624436,-0.00021924622307227846,0.00015191288190245377,0.0009628443756535921,0.0008161561824620842,-0.00020687928763825784,0.0006109946890107154,-0.0001758226848122656,-0.0010828776503832155,0.0010940933070337137,0.0002348631437420052,-0.00022106186122906228,0.0005189795307709193,0.00026747518855048185,-0.000995719055898279,-8.893482756049765e-05,0.0003368478652378675,-0.0006002868135253421,0.0002770944359268853,0.00023507227141005574,2.4842546651828784e-05,-0.00036326465210617507,0.0003390972035112684,0.00031250348407617964,-0.0007762139532105473,0.0001302573373270702,0.0002761900795182903,-4.8283265580930476e-05,-0.02010414732958431,0.020104147329584314,0.018587430830646123,-0.018614227369443556,-4.090706051771358e-05,-3.254103635179569e-05,-5.387033916414736e-05,-1.831903094673471e-05,-0.0004924805559135704,-0.0004856807957429914,-0.00045142863088732256,-0.00039199081329312446,-0.00039316554772384204,-0.00020289514137496152,-0.0002798370371622437,-0.00026043109064955594,0.0014894289831210014,0.0008752044524975328,0.00024070425646461637,0.00010528430999642892,0.001063746466672947,0.0012488413208030839,0.001254978128475122,-3.9901596259787214e-05,-2.6688773475345573e-05,-1.383070903074313e-05,-3.558585399232318e-05,-6.967170034068877e-07
CONTROLS-2026-D,0.004237175334140327,-0.00431003343814724,0.0002785136898413553,-0.0015716301833141619,0.0008371695259656677,-0.00011262158539541119,0.0017348346935490504,0.0009204893473073828,-0.0018237185521786533,0.0013332333115948884,0.0032028199763608056,0.0009901028989619384,-0.0006799295820246227,-0.016299456158790325,0.016299456158790353,0.0001744532145213841,-2.4742315800372846e-05,-0.00011887897330180652,-4.8189054061528565e-05,-0.00010396164973728558,-3.649388223954275e-05,5.9747149683239737e-05,0.00017516238741466692,-0.00021372028825435342,0.0002515823811763806,9.044069520209352e-05,-0.0001240264397559297,-0.000299341132345108,-6.582146041144888e-05,6.853672984013428e-06,-0.010574727535613133,0.010574727535613143,0.0001333424207986347,2.126695828160489e-05,-0.00016213528306540103,0.0001945764598691755,0.0004218452848969359,-0.024966073785029734,0.02493027661383662,-0.006418834859991807,-0.008690454318537988,0.006827840323981104,0.24909999999999996,-0.24909999999999993,0.0002400091958704954,-0.0007346932135439972,0.00033968429855738274,0.00793984927440328,-0.0005098725730053146,-0.009822872530548404,0.008159690783866951,7.284432646406026e-05,-3.965103125360923e-05,-3.970235791982093e-05,-0.0002801798468869743,0.00014680978043985518,-0.00012864798553684112,-8.196399559661858e-05,-0.00033567961327163863,-0.00013118280235764824,-0.0003594531734480695,-0.0001998141877384273,-0.00017586133299280865,0.00028286027146383515,-2.6039020417374733e-05,0.04072078301922247,-0.040720783019222426,0.0004931176017300642,-0.001240310452320552,0.0010009731706251126,0.0005051184416890404,0.0021170563383732226,0.00086545564038056,1.704148377293898e-05,-0.0001760717138378761,-9.649685613557328e-05,0.0004976152588920416,0.0007905772217966555,0.0006865078543506867,4.736458502858226e-05,-0.00029224989476383086,-0.00043041751023473933,0.00028018911854500364,7.561624183736332e-05,-8.43646645978479e-05,0.0001658311279406009,0.0001880804256445454,-0.00023450500194934306,0.0001016572684951539,0.0001078276051813972,-4.350737552599924e-05,-3.2567824036032276e-05,0.00016655335846396332,-1.1414438086589914e-05,8.59076558779135e-05,-8.474994235181257e-05,0.0052138566142106435,0.006946485361942206,0.002136444865417313,0.000552515050147893,-0.001726128880387793,0.006729125237526069,-8.535938161876851e-05,0.0013027961720073443,0.002633968991569385,0.0002565843531691959,0.0014620473201540458,0.002667462723958075,-0.00048697061426348923,-6.780821450569443e-05,0.001133871646397432,0.0016335417836161627,-0.0007373296214256497,0.0003154079625048131,0.002612369251918816,0.0021788542398295265,-0.0007425380624721041,0.0015850901710985398,-0.0004992272364933732,0.000598633619207399,-0.0006048077018785983,-0.0002634157125718348,0.00023670621745410308,-0.0006130140916868908,-0.0002977063210606387,0.0011522526438518905,7.980225079104852e-05,-0.00040807266068239713,0.0006795345441823438,-0.0003371994208148009,-0.00029129942114031985,-4.3688615705599074e-05,0.00041432342357703767,-0.00041771903883269817,-0.00038512109255677246,0.0009020515635454747,-0.0001666404482633905,-0.0003371634798790467,4.386231343955272e-05,-0.020826768816153626,0.020826768816153664,0.0329817167387442,-0.03302907357115584,0.002870264689642075,0.002287381913208841,0.003804152031391271,0.0016222949362230247,0.0029358007060752873,0.0028984676444217903,0.002709914103493355,0.0023695257119775914,0.002272600190894186,0.0013456841856709163,0.0016265049920231056,0.00151405385690405,0.000638800309278332,0.0003665615665179943,0.005126129682286973,0.0025602031043025146,0.0013831400049359019,0.0016277254860879923,0.0016299309011250944,-0.0027683567125030314,-0.00302276650410456,-0.0019663423326917477,-0.0011336666958127908,-0.0007515451220836102
CONTROLS-2026-R,-0.004237175334140325,0.004310033438147236,-0.0002785136898413518,0.0015716301833141324,-0.000837169525965682,0.00011262158539543844,-0.0017348346935491137,-0.0009204893473073777,0.0018237185521786908,-0.0013332333115948524,-0.0032028199763608003,-0.0009901028989619753,0.0006799295820246046,0.01629945615879031,-0.016299456158790325,-0.00017445321452138083,2.474231580037317e-05,0.00011887897330178407,4.818905406150444e-05,0.0001039616497373073,3.649388223953924e-05,-5.9747149683260296e-05,-0.00017516238741468085,0.00021372028825435033,-0.00025158238117638844,-9.044069520207764e-05,0.00012402643975593957,0.00029934113234512537,6.582146041147258e-05,-6.853672984008142e-06,0.010574727535613136,-0.010574727535613147,-0.00013334242079863996,-2.1266958281621524e-05,0.00016213528306538655,-0.00019457645986917037,-0.00042184528489692117,0.024966073785029748,-0.02493027661383663,0.006418834859991819,0.008690454318537981,-0.0068278403239811145,-0.24909999999999993,0.2491,-0.00024000919587051443,0.0007346932135439858,-0.0003396842985573913,-0.00793984927440333,0.0005098725730053211,0.009822872530548431,-0.008159690783866948,-7.284432646405748e-05,3.965103125361527e-05,3.970235791983919e-05,0.00028017984688695615,-0.0001468097804398508,0.00012864798553685654,8.196399559658624e-05,0.00033567961327162264,0.00013118280235763593,0.00035945317344807456,0.00019981418773842966,0.00017586133299279689,-0.0002828602714638396,2.6039020417350393e-05,-0.04072078301922251,0.04072078301922247,-0.000493117601730066,0.0012403104523205498,-0.0010009731706251057,-0.0005051184416890397,-0.002117056338373245,-0.0008654556403805576,-1.7041483772928504e-05,0.00017607171383786726,9.649685613557243e-05,-0.000497615258892039,-0.0007905772217966635,-0.0006865078543507098,-4.7364585028586274e-05,0.0002922498947638463,0.0004304175102347455,-0.0002801891185450116,-7.561624183735634e-05,8.436466459783779e-05,-0.00016583112794058718,-0.00018808042564454695,0.00023450500194933358,-0.00010165726849513973,-0.00010782760518139353,4.350737552599241e-05,3.25678240360311e-05,-0.0001665533584639546,1.1414438086587617e-05,-8.590765587790807e-05,8.47499423518004e-05,-0.0052138566142106635,-0.006946485361942205,-0.0021364448654173024,-0.0005525150501479005,0.0017261288803878008,-0.006729125237526074,8.535938161876062e-05,-0.001302796172007353,-0.0026339689915693687,-0.00025658435316921156,-0.001462047320154031,-0.0026674627239580613,0.00048697061426347226,6.78082145057064e-05,-0.0011338716463974374,-0.0016335417836161506,0.0007373296214256382,-0.00031540796250481974,-0.0026123692519188224,-0.0021788542398295425,0.0007425380624721112,-0.001585090171098537,0.0004992272364933722,-0.0005986336192073933,0.0006048077018785919,0.0002634157125718196,-0.00023670621745409268,0.0006130140916868911,0.0002977063210606369,-0.0011522526438518658,-7.980225079107516e-05,0.0004080726606823947,-0.0006795345441823508,0.00033719942081481604,0.0002912994211403178,4.368861570559873e-05,-0.00041432342357703166,0.0004177190388327047,0.00038512109255677376,-0.0009020515635454905,0.0001666404482633878,0.0003371634798790447,-4.3862313439543195e-05,0.020826768816153623,-0.020826768816153668,-0.032981716738744185,0.03302907357115584,-0.0028702646896420847,-0.0022873819132088495,-0.003804152031391282,-0.0016222949362230531,-0.0029358007060752843,-0.0028984676444217894,-0.002709914103493349,-0.002369525711977594,-0.002272600190894177,-0.0013456841856709072,-0.001626504992023089,-0.0015140538569040464,-0.0006388003092783381,-0.0003665615665180092,-0.005126129682286971,-0.002560203104302513,-0.0013831400049359268,-0.0016277254860880056,-0.0016299309011251044,0.0027683567125030423,0.0030227665041045663,0.0019663423326917555,0.0011336666958127863,0.0007515451220836088
KXLLM1-26DEC31-GOOG,-0.0017280092340723975,0.001759510080016593,-0.0001141130063062309,0.0006001381181357803,-0.00029573363834933895,5.6874751472146484e-05,-0.0006275941321670358,-0.0003253742559038962,0.0007000449684282916,-0.0004829198352847588,-0.0011807137497247414,-0.0003535079086500792,0.000268932483733592,0.0010894619091264873,-0.0010894619091264615,0.0003150596587060977,-4.244878687692187e-05,-0.0002114857456760446,-8.45311591948808e-05,-0.00018340742492161635,-6.335881011311017e-05,0.00010849995739906906,0.00031578903698667535,-0.0003821662123185204,0.00045476641151730174,0.00016504517711860952,-0.00021910984942688993,-0.0005377026100949862,-0.0001170438675141057,1.3771049906044394e-05,0.00015762328952165553,-0.00015762328952164238,0.0001660094389277425,2.0047616701042036e-05,-0.00022068097307160664,0.00024673749975606056,0.000543933730854924,0.002842850796377838,-0.002838776001999975,0.0002779170694312837,0.00039221417866850436,-0.00038394252384782874,0.0002400091958704954,-0.00024000919587051443,0.051084,-0.011721329093214768,-0.003017767978263467,0.00010512190854834727,-8.777151755252855e-06,-0.00013366730178676156,0.00010721737642990473,-0.00022580932732928617,0.0001123588819192756,0.0001126138428623548,0.0008347198057517089,-0.0004460092653172908,0.0003789602785071873,0.00023772937715537749,0.0010013440455019763,0.0003874328000966381,0.0010727621954562175,0.0005920404360736638,-0.0005942665651973994,0.0009538340966420495,-8.634186565647371e-05,0.0013211194754301735,-0.0013211194754301663,-7.672001893402092e-05,0.000195962053044544,-0.000156570236689045,-7.760515337947989e-05,-0.00033362538781834194,-0.00013445433551315756,1.614824700922765e-05,-0.00016557244081616678,-9.059620539584361e-05,0.0004678822024891064,0.0007424351881963028,0.0006445897159411316,4.480655119634202e-05,-0.0002741344988975795,-0.00040411268580657953,0.00026377171336518636,7.128345858821473e-05,0.00023449311608386675,-0.0004650493501093544,6.094796687574565e-05,-7.935959397674089e-05,3.2214510088095264e-05,3.4197929429184363e-05,-1.5162199340966236e-05,-1.2184430483113336e-05,5.3672620279955834e-05,-5.164422533271807e-06,2.5883199362521337e-05,-2.7479920489416124e-05,-5.7186302274762415e-05,-8.050236657136304e-05,-2.924645179421297e-05,-1.6644469305039412e-05,-4.940491255509405e-06,-7.262445696312514e-05,3.8835876609221894e-05,-0.0003943516257754952,-0.0008165800383944218,-6.721018546968716e-05,-0.000446060610594323,-0.0008274285331306311,0.0001686315783103798,3.3358910363617215e-05,-0.00034163667539598126,-0.0005005114465601138,-0.00014262042639951215,6.318638574978017e-05,0.0005122355529366761,0.00042754908050623525,-0.00014356710743654332,0.000311539531945906,-9.661458892186067e-05,-0.00038051517478128726,0.000384434258382252,-0.00039092908153664683,0.0003436660599153226,-0.0009082680809004293,-0.00044123104064735933,0.0016929719901398496,0.00011243766510541717,-0.0006064865726489747,0.0009963947332773501,-0.0005019246844495909,-0.00043441754505735487,-1.6200331959909377e-05,8.481725147619922e-05,-9.460837702402096e-05,-9.168353449094365e-05,0.00019295740888365507,-4.4366225033792926e-05,-7.531438663459319e-05,3.793854987797006e-06,0.0010645697601006305,-0.0010645697601006305,-0.0009411559986978575,0.000942510777061978,-0.0020296900076289892,-0.0016172692282893247,-0.002689857441798667,-0.0011472758612007467,0.001475002769120172,0.001456222779278849,0.0013611962161251751,0.001189752984944357,0.0011437674306548485,0.0006725216271772903,0.0008186221924968674,0.0007613270012720812,0.00027914664236999647,0.0001588206916805255,-0.00047826219427766223,-0.0002386843194917761,0.00022028583471360357,0.000259331497290021,0.00025958620894568445,0.0008501960464707087,0.000928410294783754,0.0006041743019501288,0.00034781325944511837,0.00023093795367197712
KXLLM1-26DEC31-OAI,0.005286123464107216,-0.0053780493156637245,0.0003477837379189776,-0.0018151852714324611,0.00094567914303035,-0.00014233364524229202,0.0019726851708667774,0.0010399405471188453,-0.002110136499496369,0.0015168006335456996,0.003661984146961219,0.0011218000506502028,-0.0007935770137564684,-0.0033287432824233272,0.0033287432824233186,-0.0009671875197863301,0.00013479355700869836,0.0006557634706647231,0.00026457614090863,0.0005723135381195911,0.00019969611298314315,-0.00033225060344857396,-0.0009709016679700567,0.001180696378871072,-0.0013941778921676066,-0.0005022364648987237,0.0006831294956422148,0.0016547359392031888,0.0003623613268634911,-3.9707299994268614e-05,-0.00047961814359939265,0.00047961814359937524,-0.0005361427160609287,-8.360534971705173e-05,0.0006506850367147165,-0.0007825544226939946,-0.0016933339176995988,-0.008693353678151142,0.008680889025541814,-0.0009420689443724227,-0.0012935280383611005,0.0011018829846762012,-0.0007346932135439972,0.0007346932135439858,-0.011721329093214768,0.169911,-0.01215641516227418,-0.00032680494342654363,2.2690130968979458e-05,0.00040731335186861884,-0.000335261303445416,0.0006640307300252296,-0.0003900382688395977,-0.00039082257769526167,-0.0026103296699196816,0.0013212629503920356,-0.0012138927709103298,-0.0007807674248591673,-0.003121239302344604,-0.0012345625542836784,-0.0033419880174576618,-0.0018767818452302622,0.001813001087834036,-0.0029128391621113946,0.0002658859961179569,-0.004043739895290794,0.004043739895290779,0.0002377027122037711,-0.0006007831953875456,0.0004833285254921654,0.0002424878137964967,0.0010245903761282769,0.0004169816463978432,-4.924250914929304e-05,0.0005062314580916347,0.0002771247821037569,-0.00143056029180962,-0.0022705730733821577,-0.0019713827163900357,-0.00013683719520190006,0.0008386074760205857,0.0012360068560794161,-0.0008061645780551333,-0.00021778530126386711,-0.0007107699823954535,0.0014190963956611396,-0.00019100460905983148,0.0002413076153369387,-0.00010255496169702295,-0.00010879099053043854,4.4992229726726945e-05,3.454448665846402e-05,-0.00016882830197309642,1.2900925923454698e-05,-8.539087179165622e-05,8.587363457697667e-05,0.0001593985694459217,0.00022033109960021828,7.510257575317577e-05,3.4545647986327575e-05,-1.4051436724829404e-05,0.000203809928847557,-9.261230187860969e-05,0.0012459887099017068,0.002535379617122584,0.0002365624214367619,0.001401259823452725,0.0025680020910009297,-0.00048354687257883087,-7.568771803306571e-05,0.0010830941327911272,0.0015674191960214508,0.00043831640552720205,-0.00019115124221225473,-0.001564580372280816,-0.0013054585792426619,0.0004413479311294539,-0.0009505312043452918,0.0002966723191498323,0.0011667862991276991,-0.0011788167799029305,0.0011922117417490301,-0.0010670733772279054,0.002771418161424534,0.0013470809639829907,-0.0051966331181934,-0.00035840838637703405,0.0018452164678857482,-0.0030660045458350623,0.0015253772342827072,0.0013177369442369264,3.644154306042826e-05,-0.00027528253719307226,0.0002872306886171796,0.0002690468685575963,-0.0006078207223202114,0.00012117213088555512,0.00023094538896621094,-2.3880593138877784e-05,-0.003253264593905357,0.003253264593905356,0.0028751324998022056,-0.002879264708312795,0.006210234766891447,0.0049490342879209455,0.00823075144715282,0.0035096003366897333,-0.004511633263111166,-0.0044541995553816415,-0.004164050940441071,-0.0036404628626377656,-0.003494739689245779,-0.0020637584991661617,-0.0025012026813563387,-0.0023275719638127927,-0.0008562049840710294,-0.0004893237118920743,0.0014636086642392607,0.0007308539975192281,-0.0006737235238925355,-0.0007928947901100237,-0.0007939460770443063,-0.002601076364079192,-0.0028402465226208262,-0.001847851981609399,-0.0010647699523775949,-0.000706285832479841
KXLLM1-26DEC31-XAI,-0.0024455620997897737,0.0024900805705271524,-0.00016148889952355487,0.0008491002377181755,-0.00041898264191193683,8.013917809536596e-05,-0.0008887669077732306,-0.00046096900794806266,0.0009903855617764035,-0.000683880291874567,-0.001671535398275043,-0.0005007403896381876,0.00038027839940671306,0.0015418281776552452,-0.0015418281776552385,0.00044590825676051363,-6.012511473965576e-05,-0.0002993862552407256,-0.00011969067119698241,-0.00025967234952816007,-8.972626314176806e-05,0.00015355059457613883,0.0004469537604082901,-0.0005409641665628583,0.0006436233718222877,0.00023354973083596878,-0.0003102142642521663,-0.0007610699980385677,-0.00016568889605276995,1.9462161480148058e-05,0.00022308538112540395,-0.00022308538112542068,0.00023521259533751908,2.860644150812353e-05,-0.00031206330053388024,0.0003494496039520286,0.0007700701478663875,0.00402329809282527,-0.0040175312307783205,0.0003937816690141423,0.0005555497176895179,-0.000543013091378036,0.00033968429855738274,-0.0003396842985573913,-0.003017767978263467,-0.01215641516227418,0.052864,0.00014885802880141598,-1.2362919554286606e-05,-0.00018915880655889935,0.0001518604470341718,-0.0003192717401776596,0.00015954328581313022,0.00015990422850742326,0.0011819834146211958,-0.0006307212268560629,0.0005369450133043126,0.00033705582084807067,0.0014178115528594433,0.0005488760020936222,0.0015189120131966962,0.0008386324494484948,-0.0008409772310621464,0.001349851869516972,-0.0001222147459383101,0.0018697252502743852,-0.0018697252502743787,-0.0001085961481536275,0.0002773431759224401,-0.00022161238541589895,-0.0001098608508103017,-0.00047218702254883416,-0.00019032059295682156,2.2853388526025483e-05,-0.00023432412872717253,-0.00012821535190035666,0.0006621641401744005,0.001050724022614755,0.000912249504485766,6.341119618771938e-05,-0.0003879669030648134,-0.000571916612333481,0.0003732988390021861,0.00010088258533316003,0.00033178879179267577,-0.0006581140972857604,8.632387440320407e-05,-0.0001122965247573875,4.5649780032366284e-05,4.845941186379614e-05,-2.144127816571522e-05,-1.7206345356772606e-05,7.602850810242449e-05,-7.268627304897372e-06,3.6720898677012575e-05,-3.892090105514765e-05,-8.10186395082142e-05,-0.00011410308549279918,-4.148807533762489e-05,-2.3679764737175625e-05,-7.201467225664186e-06,-0.00010287747564820782,5.4669701247025374e-05,-0.0005585361165921924,-0.0011560659207058186,-9.545977046131784e-05,-0.0006316844644341077,-0.0011714133233992506,0.00023830171192091985,4.691668885460654e-05,-0.00048391459651422083,-0.0007087410226171631,-0.0002018635470028421,8.940063172489698e-05,0.0007249087364765324,0.000605056072856279,-0.00020320632965018138,0.0004408742347267115,-0.00013673991893506067,-0.0005385482520881069,0.0005440951250272028,-0.000553242209052908,0.000486520938714332,-0.001285366361206108,-0.0006244433717812722,0.002396138179459604,0.0001592652612954176,-0.0008582380974110125,0.001410315475761301,-0.0007102575514339735,-0.0006147060763371697,-2.284224645644552e-05,0.00012014772313168752,-0.00013392268481365665,-0.00012969027208163566,0.00027321265850646794,-6.269423041563554e-05,-0.00010664293088200909,5.453612944960006e-06,0.0015065991288647409,-0.0015065991288647318,-0.0013319269279587506,0.0013338441806842536,-0.0028725216895493667,-0.002288850610204732,-0.0038068316957422747,-0.0016236753066557477,0.0020874826159659734,0.002060904559348764,0.0019264250192088384,0.0016838010314459925,0.001618662483424193,0.0009518559780317815,0.0011585151359651373,0.0010774476507363316,0.0003950868515743397,0.00022480785860406877,-0.0006768628244517807,-0.0003378012035664602,0.000311758336212347,0.0003670151155535738,0.0003673779302603453,0.0012032376096970917,0.0013139266167824554,0.0008550474203969684,0.000492252527787466,0.0003268300491873195
KXBALLONDOR-26-HKAN,0.0043471407642005425,-0.004427225223300149,0.00028381387959021414,0.0035890552610856013,-0.0019329328827480368,0.00024450939908971,-0.003991322358485403,-0.0021245628087689606,0.00416707057247245,-0.003069460684035892,-0.007354951034265378,-0.002283185401686678,0.0015449674182985754,0.003099154412609005,-0.0030991544126089685,0.004229516076712016,-0.0005979183743208136,-0.0028798337125625554,-0.0011664661964943734,-0.002519258556966421,-0.0008829339947778224,0.0014507386467537626,0.004247933388573067,-0.005177587894890253,0.006094811896899235,0.002189329281113158,-0.0030058987308356315,-0.00724650103396411,-0.0015912522776532195,0.0001683920609053062,0.0002830671993842124,-0.00028306719938422795,-0.003076373989766133,-0.0005274710777913135,0.003549233452652638,-0.00444913439273897,-0.009520305694039463,-0.0015891231403565437,0.0015868480088011162,0.0030192206132276344,0.004144466588540197,-0.0035279523057557514,0.00793984927440328,-0.00793984927440333,0.00010512190854834727,-0.00032680494342654363,0.00014885802880141598,0.23039999999999997,-0.019192565747960664,-0.08319869920032799,-0.0895720034344736,0.0013827911230891012,-0.0008422316708647745,-0.0008438651279799309,-0.005514259431418027,0.0027568361032946458,-0.00257794814609675,-0.0016670313375520551,-0.006588781915991774,-0.002618844362998415,-0.007053849081277723,-0.003976611900019959,0.006783140888496474,-0.010901948144237757,0.0009980198109503574,0.0037516759360566657,-0.003751675936056685,-0.001861969760427998,0.004692824789593766,-0.00378231267636324,-0.0019036587165333786,-0.008006972241471826,-0.003267137559853905,6.542059576967479e-06,-6.0535655023981984e-05,-3.251704400187578e-05,0.0001710081877466482,0.00026890902267535217,0.00023326564078096428,1.7092077465743125e-05,-9.826293929902393e-05,-0.0001458016627633436,9.794589801098385e-05,2.68259064725315e-05,0.0009528275958207212,-0.001910107888190132,0.006716453193246839,-0.008381884216990532,0.003628554525483584,0.003848012096698868,-0.0015452066916594276,-0.0011634414124366856,0.005945136816474831,-0.00040730874444020544,0.003062065361283696,-0.0030139726284698033,-0.00038914501105153103,-0.0005097062363945443,-0.0001627071130248712,-5.262766243522614e-05,8.686668233929854e-05,-0.0004981600180558029,-7.637301876409201e-05,0.0010557852803060788,0.0021418537977104914,0.00020306695038409714,0.0011863400355644122,0.0021690953100056724,-0.00040182517541735574,-6.205858304833287e-05,0.0009180128152740895,0.001326250415129239,0.0024600778144094173,-0.0010617982133219244,-0.008746229863651214,-0.007296485040143488,0.00247647659055776,-0.005310537787206084,0.001667742563358584,-0.000346642298482334,0.0003502210589042434,-0.0022520078475924466,0.0020308865919469923,-0.005230759671072913,-0.0025459539558224196,0.009832950907450093,0.0006912670975508183,-0.003477207565543863,0.0058094148172772725,-0.0028730720899746614,-0.0024793812143635565,-0.0005700910120070693,0.005287663965079313,-0.005356637756851627,-0.004938237722396814,0.0115266932703913,-0.002143943763624848,-0.004326378399032635,0.0005517420745363527,-0.0017685337032116253,0.0017685337032116305,-0.0004632118405178278,0.00046387636431995994,0.0025571405288503804,0.0020377764823862063,0.003389053222115769,0.0014449068025209101,-0.0012254067125901966,-0.0012098323292940158,-0.0011309736892631326,-0.000988576235654968,-0.0009499908680202566,-0.0005592126222995885,-0.000680038557241583,-0.0006322571735641211,0.00032402037402476684,0.00018530892936381783,-0.0028404015087198043,-0.0014180571246327693,-0.00236444503037341,-0.0027822897559354725,-0.0027865164685594414,-0.000555835241096601,-0.000608155380149484,-0.000396387444016689,-0.0002255864769151068,-0.00015183512257163135
KXBALLONDOR-26-KKVA,-0.0002809381549598915,0.00028254536846121264,-1.9185904946748057e-05,-0.00023899229977459747,0.00011386883591756867,-2.511107531728188e-05,0.00024480854956586363,0.0001255834184884931,-0.00027704912236665134,0.00018731603945293103,0.0004617815419820291,0.00013657392403688306,-0.00010840887326327899,-0.00019421730503713244,0.00019421730503712154,-0.00027388307646545684,3.834457052896108e-05,0.00018604366341965747,7.518630048669849e-05,0.0001629947281069595,5.683541166097112e-05,-9.44139404882136e-05,-0.0002753438577203271,0.0003345041044412834,-0.00039377471990185043,-0.00014122303216020495,0.00019456638334655949,0.0004671962608921834,0.0001022178901037134,-1.1370994995407441e-05,-1.0168560183643668e-05,1.0168560183651034e-05,0.00019520983247747688,3.6346252447987936e-05,-0.00022578582075473723,0.0002819638678743636,0.0006076328717761674,0.00010367255883926801,-0.00010352278366524662,-0.0002706598502000282,-0.0003435172556656848,0.00015902961064991614,-0.0005098725730053146,0.0005098725730053211,-8.777151755252855e-06,2.2690130968979458e-05,-1.2362919554286606e-05,-0.019192565747960664,0.0291,-0.0038999851193891972,-0.004190546033074078,-8.10823445418735e-05,6.691102952576693e-05,6.701353552983748e-05,0.00036998632274391156,-0.0001652427562210252,0.00018071914502550257,0.0001220238087555283,0.0004393593941709621,0.00018189600762462052,0.00046986019482412515,0.00027357801964941416,-0.0004346469524520418,0.0006993460253863226,-6.467929461527294e-05,-0.00024330374031745306,0.0002433037403174488,0.00012249036246332466,-0.0003027355688127919,0.00024714768020671926,0.00012725062259787742,0.0005182369034608151,0.00021531460789751215,-1.0880685650975328e-07,3.274410270627758e-06,2.001844911133403e-06,-9.295940406785258e-06,-1.5655266516472288e-05,-1.3672675650918484e-05,-6.28048766221297e-07,6.148199792173322e-06,8.709721307894348e-06,-4.7190674768639105e-06,-1.1499128678548667e-06,-6.216005865527676e-05,0.00012331153480715684,-0.0004274964332009421,0.0005397573899289362,-0.00022960013790738204,-0.00024354320610143587,0.00010031190658391265,7.71085542594782e-05,-0.000377858353494494,2.867688319064553e-05,-0.00019119672547100925,0.00019170101335018333,1.697008375059069e-05,3.3483185528076034e-05,1.209616856861743e-05,7.93618693042571e-06,-2.160268950701449e-06,2.2835347877728896e-05,-1.7396530366554626e-06,-7.547848035295869e-05,-0.00014426913245217378,-1.980548432111867e-05,-8.311543612078671e-05,-0.00014597688006054795,1.9378683390914668e-05,-2.6719952207931354e-06,-6.650541569005436e-05,-9.196780171940211e-05,-0.0001544790537211893,7.166921761553825e-05,0.0005650675585663826,0.00047195321282187313,-0.00015576429405466305,0.0003444738904423828,-0.00010320275100524364,2.248984591750953e-05,-2.2719606032603225e-05,0.00014167428430139246,-0.00012938196975361674,0.00033386367403668546,0.00016009350410135754,-0.0006301990294298992,-4.326578906581487e-05,0.00022246421540233273,-0.00037123706177740433,0.00018369627258189717,0.00015883040640097607,2.9105087937840623e-05,-0.0003474310863600181,0.0003348688554241898,0.0003089516397769726,-0.0007476948802609088,0.00012948065588207463,0.00026864752553699175,-4.1619349312842035e-05,0.00011619609925242947,-0.00011619609925242489,2.810122459078664e-05,-2.8142969969314804e-05,-0.00016431926218096835,-0.00013109493485381524,-0.00021791773174690751,-9.281165570801634e-05,7.859874192132305e-05,7.758528080333146e-05,7.2632806155193e-05,6.372760452988415e-05,5.9920498592590184e-05,3.763680771408377e-05,4.2813795865904116e-05,4.034756643377002e-05,-2.098128619172351e-05,-1.214630319253211e-05,0.0001829116963555946,9.182842644164231e-05,0.00015201639043475884,0.0001787584208977743,0.00017912484513065335,3.561919613376759e-05,3.8289643370779e-05,2.4440352679129956e-05,1.5684402945471942e-05,9.178817153002865e-06
KXBALLONDOR-26-KMBA,-0.0053816667682615275,0.005473888501275965,-0.00035308348656838326,-0.004455993116554313,0.002372975303515515,-0.00031957554780434,0.004917563183941912,0.002609038497437208,-0.005172513889520696,0.003779886789726092,0.009080700819660538,0.0028066848285249234,-0.0019281336842222909,-0.0038243662975335265,0.003824366297533511,-0.005237442276373815,0.0007399333217521857,0.0035656431468399996,0.0014440609449574032,0.00311993401228539,0.001092987562536073,-0.0017973708403618786,-0.005260892563986323,0.006410355817716106,-0.007545299981093618,-0.0027096598647460314,0.0037227445642507035,0.008969469321914426,0.001968975060369354,-0.0002093098443620872,-0.00033407176747714414,0.0003340717674771202,0.0037971522717241994,0.0006545660059604338,-0.004390048848691483,0.0054926569698597865,0.01176633871592227,0.001969362549285151,-0.001966540002755259,-0.003891799871990917,-0.0052852071305805395,0.004227552321795459,-0.009822872530548404,0.009822872530548431,-0.00013366730178676156,0.00040731335186861884,-0.00018915880655889935,-0.08319869920032799,-0.0038999851193891972,0.11310000000000002,-0.01819944731535788,-0.001696366690487918,0.0010661427015307917,0.0010681628601494479,0.006852084729011082,-0.0033884612208847148,0.0032179721186350006,0.0020905786402633693,0.008182164647243173,0.0032658432534986544,0.008758745978113412,0.004954134715435135,-0.008390315017113875,0.013486361577707082,-0.0012357651126848183,-0.004646179737824109,0.0046461797378241215,0.0023095891055425295,-0.005808623414312576,0.004688129443044181,0.0023654450422200173,0.009914277998865517,0.004053352673289932,-7.402727150067707e-06,7.356965163491744e-05,4.00545968995535e-05,-0.00020791340631300546,-0.00032919987389665775,-0.00028576375178883406,-2.0123653860654507e-05,0.00012123140033024684,0.00017898477034575808,-0.00011774043445866896,-3.193371978941631e-05,-0.0011806594421666598,0.002364388570484562,-0.008302528561014912,0.010372660099583188,-0.004482960500452025,-0.0047542011036171734,0.0019137571356058363,0.0014437751367118276,-0.007348084417869346,0.0005085301838761915,-0.003778436899635021,0.003725580445628226,0.0004647354836826932,0.0006306331612608301,0.0002037515327300884,7.319971449386135e-05,-0.00010233419005349226,0.0005972059626215459,8.251725835239495e-05,-0.0013195743150250894,-0.0026614308452179744,-0.0002632130133278913,-0.0014797445773158829,-0.0026950770692191666,0.00048587871654809855,6.478987672066084e-05,-0.0011489540382596257,-0.0016525932213074571,-0.003037571032012728,0.0013194138940547952,0.01082590316005762,0.009032292858685126,-0.0030584115321783305,0.00657547203969,-0.0020562216771715528,0.00042943841142754706,-0.0004338675630935192,0.0027807125666211773,-0.002510530941305465,0.006467647898054581,0.0031435216280184452,-0.012162613016492548,-0.0008530285743415985,0.004300451071511091,-0.007183744909933553,0.003553083081014472,0.0030667936885324827,0.0006898721249844278,-0.006558051869773206,0.006609276218247655,0.006092838093332312,-0.014276140469599402,0.002635539956523752,0.005334717520912725,-0.0006954132662889633,0.002193314950391635,-0.002193314950391651,0.0005695921139192714,-0.0005704115690805757,-0.0031637497528725013,-0.0025214489417085275,-0.0041932647099174325,-0.0017876507995358355,0.0015158908249952672,0.0014965949313482255,0.001399225330643513,0.0012234836575274024,0.0011733705012249445,0.0006949368055871757,0.0008397872636781839,0.0007817846801318196,-0.00040121253646679283,-0.00022976409494068536,0.0035150026428756183,0.001755817840227846,0.0029255954501694265,0.003442414925590117,0.0034477755096938775,0.0006875054885087437,0.0007508735894615687,0.0004884399076098445,0.00028138888465405366,0.00018673429765032534
KXBALLONDOR-26-LYAM,0.004465834006277418,-0.004550873837615827,0.00029070931220207636,0.0036834185378333975,-0.0019908928540399865,0.00024662287578823094,-0.004106159297902149,-0.002187975190857786,0.004277643008660779,-0.003158628194191511,-0.007562305533759787,-0.002350719932979476,0.0015829962243559966,0.0031895451697013903,-0.0031895451697014085,0.004343611342456864,-0.0006136904455611259,-0.0029568882787684003,-0.0011974480166207075,-0.0025858009874973656,-0.0009062374458050111,0.0014895118543166441,0.004361992372701327,-0.005316814944751369,0.006260491204957523,0.0022497104355738385,-0.003085300364455527,-0.007443470425374541,-0.001634535841532505,0.0001728693156002195,0.00029851825559636526,-0.00029851825559637545,-0.003174768626949617,-0.0005476527908262099,0.003640456296426736,-0.004586881105854486,-0.009798892318680839,-0.0016315218633089243,0.0016291880839170232,0.0030223260878545714,0.004177752511526722,-0.0036938906734800435,0.008159690783866951,-0.008159690783866948,0.00010721737642990473,-0.000335261303445416,0.0001518604470341718,-0.0895720034344736,-0.004190546033074078,-0.01819944731535788,0.12040000000000002,0.0014257126632992577,-0.0008568381624126458,-0.0008585056046312223,-0.005655610564992142,0.0028410222642820558,-0.0026388312328197838,-0.0017030704584043862,-0.006759534881586208,-0.0026818197089847054,-0.00723697071494645,-0.004073933375056628,0.0069708353011692144,-0.011203391013606184,0.001025388329268729,0.0038534825365691655,-0.003853482536569188,-0.0019102925830364135,0.004821187205100252,-0.0038823088328911177,-0.001950889524503231,-0.008224126084947478,-0.003351508757377035,7.174017738892528e-06,-6.298350836520168e-05,-3.348621089046916e-05,0.00017789887825906656,0.0002783679737112804,0.00024135704936820664,1.818385770760874e-05,-0.0001011313859668176,-0.00015060077494888808,0.00010277442917160749,2.83478369516722e-05,0.0009782559810628331,-0.001962190083277696,0.006903842900595056,-0.008612655402174745,0.003730457062134416,0.003956039518929002,-0.0015871687770176177,-0.0011943616342663629,0.006111252962951777,-0.0004172781735858329,0.003149265772836157,-0.003097854257982132,-0.00041418837825156436,-0.0005379540745558387,-0.00017417721674925537,-6.038429400070965e-05,7.486463723493849e-05,-0.0005284288529065553,-8.149019749051942e-05,0.001082539258004893,0.0021992399178069866,0.0002060956854655914,0.0012170461156466286,0.002227209744064996,-0.0004150761956571672,-6.677281043969017e-05,0.0009408882907846726,0.0013608975073486674,0.0025288686989810762,-0.001090743414051336,-0.008988469699618518,-0.007498651871447717,0.0025452857632037376,-0.005457677809757516,0.001715767706175676,-0.00035570847981770503,0.0003593819167848968,-0.002315756656108112,0.002087709272134686,-0.0053762323386710624,-0.0026180843782042263,0.010105563106331908,0.0007111381371175373,-0.0035735771304006682,0.005971084172409076,-0.002952732475826522,-0.0025479409766601814,-0.0005938615096843401,0.0054251296864764285,-0.00551208686097285,-0.005083009647165519,0.011836696700752943,-0.0022120459875097616,-0.004452981020732856,0.000560159232504408,-0.0018149701116012742,0.0018149701116012685,-0.00047781065555386635,0.0004784962501901897,0.0026279172635931794,0.002094119267797033,0.0034827945726204445,0.0014848135450543534,-0.0012593025712014946,-0.0012433094674185795,-0.0011622342180440646,-0.001015791012301816,-0.0009767260013846548,-0.000573898797139987,-0.0006992392068303088,-0.0006497998351113609,0.0003329568855325043,0.00019031140190415603,-0.0029186984092959196,-0.0014568371044671458,-0.002429575673611283,-0.0028589021474774387,-0.0028633186843387286,-0.0005712877736670831,-0.0006256579208707473,-0.00040813272150860694,-0.00023092096521043436,-0.00015649510283928612
KXNFLNFCCHAMP-27-ATL,-2.1378534763325416e-05,2.035008294343637e-05,2.319781421012253e-06,0.0007985286524357473,-0.0004981488082191725,1.5158949485767377e-05,-0.0009877348166285969,-0.0005472412583375886,0.0009148733592786996,-0.0007567649667910372,-0.0017553661674252897,-0.0005776712836554692,0.0003171149191894722,0.0003730459241985674,-0.00037304592419855657,0.0004188375695516392,-6.19783766365151e-05,-0.0002888854406526845,-0.00011840649070973992,-0.0002531193515678648,-9.033276218641759e-05,0.0001418566429495135,0.00042032955469246003,-0.0005178151280215964,0.0006056561697931178,0.00021686539583173835,-0.00030153151327813404,-0.0007254028407836224,-0.00016119951704228502,1.4257189854531716e-05,0.0002055042093951933,-0.00020550420939519922,-0.0007187052881201946,-0.0001599471891338052,0.0006648515078183208,-0.0010041544576960637,-0.0020466383097479464,-0.0002612212885439828,0.00026084355566910456,9.942578593098908e-05,0.00012258471952554024,-3.848319479781982e-05,7.284432646406026e-05,-7.284432646405748e-05,-0.00022580932732928617,0.0006640307300252296,-0.0003192717401776596,0.0013827911230891012,-8.10823445418735e-05,-0.001696366690487918,0.0014257126632992577,0.019599999999999996,-0.0014956080765602298,-0.0016951343257133413,-0.00166631108384433,-0.004698558943457172,-0.0006761968504397481,-0.0002824657244428853,-0.0018624960912403466,-0.0022855622581587705,-0.0016567085420605972,-0.00044854796661998397,0.0011820004682694299,-0.001898280153267642,0.00017253015738261644,0.00040728037002034985,-0.0004072803700203466,-0.00035505074485314074,0.0009005274399269654,-0.0007227832710636342,-0.0003615872568900188,-0.0015350930394683751,-0.0006226990686649781,7.82362078898999e-06,-5.636689351570493e-05,-2.880544159722616e-05,0.00015952740371655147,0.000245677391242886,0.00021273381510106103,1.7523181801395784e-05,-8.739889023616032e-05,-0.00013170262722682731,9.529249141602291e-05,2.6925896852062166e-05,-0.00037072322822241286,0.0007170534299070511,0.0008162766762695701,-0.0010325362194951466,0.00043795409261555867,0.00046434677644321986,-0.00018825561803782347,-0.00014744144641235093,0.0007208563236465556,-5.477453858515207e-05,0.00036273302092394325,-0.00036001452636183137,-0.00013063600808141642,-0.00016397293603426905,-4.503619611369773e-05,-2.3837213516965408e-07,6.84381548327787e-05,-0.00016915433879003148,-2.8961404891592147e-05,-0.00017455691968860611,-0.00029483329168567376,-6.63630996882795e-05,-0.00018524475079548738,-0.0002972699191074883,1.723453267992843e-06,-3.080238996565463e-05,-0.00015684066335147582,-0.00020059064888278298,0.000335605337663097,-0.00020375114682606553,-0.0013807699126589463,-0.001161157873882635,0.0003340060666752672,-0.00085913782476719,0.000230232874527002,7.923314147382021e-05,-8.004105501308547e-05,-0.0004431002424872049,0.0004156639762104028,-0.0010302391721242529,-0.0005022106526194937,0.001963875951298187,0.00014918439554604954,-0.0006803725917075891,0.0011662875738313843,-0.0005606505247477078,-0.00048176096835646253,-6.327892514518659e-05,0.0006987443482394283,-0.0006851878361314688,-0.000630357957654828,0.0015094618428074056,-0.00026724529033800645,-0.0005528981949563282,8.108735746461775e-05,-0.00029953770127419415,0.00029953770127419963,0.00040369677160028116,-0.0004042842338358009,-5.290016065057604e-05,-4.3001788073432484e-05,-7.091962005097724e-05,-3.0077898395775267e-05,-6.879051878170932e-05,-6.793527082189789e-05,-6.294921923055577e-05,-5.397400535685228e-05,-5.7798644979114874e-05,-2.346144924554207e-05,-4.153022784603195e-05,-3.66944886574646e-05,0.00024854006946488496,0.0001481141120131524,0.00014098919191309257,6.766356997012064e-05,0.00030145515514541947,0.00035581283503501477,0.0003550571809612892,-3.139157044172485e-05,-3.5253211123309925e-05,-2.297690765992332e-05,-1.1926329717075705e-05,-9.055853533315244e-06
KXNFLNFCCHAMP-27-CHI,2.5625084646374734e-05,-2.0099649543347858e-05,1.0962498829178821e-05,-0.0005694152408595968,0.00016191901831744636,-0.0001221713039944855,0.00042115629736856603,0.0001785354268198059,-0.0006874069387040302,0.0003300969410924228,0.0009142124213502511,0.00021412923407786708,-0.0003017498938951138,-0.00022570437953056317,0.0002257043795305557,-0.00028965899767608805,4.356481683339689e-05,0.00020203779222997706,8.357720064164952e-05,0.00018423208939347905,6.443168291881483e-05,-0.00010276806122865888,-0.00029552437284590077,0.0003575827598167476,-0.00040644871954763513,-0.00013891754792580278,0.00021986055388481323,0.00048271207205067196,0.00010552511330704249,-1.2539096545488118e-05,-0.00010118428693237119,0.00010118428693236937,1.1215671043944893e-05,-0.0001745102352666196,-0.0007403648205047731,0.00017498871627213373,0.0008099156494423991,0.00014746135621390943,-0.00014726881180593214,-1.0802488173750063e-05,-2.805895678742673e-05,9.228997152031547e-05,-3.965103125360923e-05,3.965103125361527e-05,0.0001123588819192756,-0.0003900382688395977,0.00015954328581313022,-0.0008422316708647745,6.691102952576693e-05,0.0010661427015307917,-0.0008568381624126458,-0.0014956080765602298,0.0736,-0.00695632393311369,-0.006882409016398653,-0.018955224311581427,-0.0029135981849877177,-0.0013339463958158624,-0.007671647932978698,-0.00932953334751829,-0.006857629074813452,-0.002046247789108656,-0.0007420987153271472,0.0011925383735096797,-0.00010949303384077148,-0.00024200004226945925,0.000242000042269468,0.00024325468231104988,-0.000574598969961227,0.0004834329768797161,0.00026070442076640024,0.000990992759466743,0.0004291973159092173,4.952329543740739e-06,2.1024168089374953e-05,1.7689242217013143e-05,-5.8844421407802155e-05,-0.0001161095219172195,-0.00010252308761179253,1.168916212513655e-06,5.2938782891341e-05,6.932107624460951e-05,-1.6951005830095014e-05,-1.0167366056431903e-06,0.000173378227970421,-0.00041222940656037755,-0.0005747051109522407,0.0006585602503521978,-0.0003233067605398518,-0.0003430357191773316,0.00012632189559568346,7.321139268492786e-05,-0.0005153256817248295,1.1677481835838911e-05,-0.0003006293233536276,0.00027842208951925183,4.1906924733657244e-05,2.2097638730018063e-05,-1.748002461230151e-05,-5.644573147467582e-05,-0.00013877743344340297,6.005503137038451e-05,-6.581738902828183e-05,-1.0569523001769039e-05,7.38552401889181e-05,-5.4637873856800254e-05,5.640933799377708e-06,7.691577753069444e-05,-9.999165289748346e-05,-6.511910184163056e-05,-1.7294686993913042e-05,1.6758498629953907e-05,-0.0003194670436359445,2.72853358172702e-06,0.0007050788588785473,0.0005660081199469333,-0.00033272780701390915,0.0003789154941122733,-0.00020323865927604782,-5.499255644314881e-05,5.557879841325849e-05,0.0002970276074172856,-0.00023084134298323493,0.0006748533029174855,0.00033333925001937856,-0.0012033022770231465,-6.495980668124323e-05,0.00045613448297112465,-0.0007026974623849472,0.00038042088267875964,0.0003315066215614659,6.457804857932702e-05,-0.0004199311064988408,0.0004789849610087256,0.0004297166752700429,-0.0009374257439368995,0.00019402073399204592,0.00039334371289745894,-3.183714109394645e-05,0.00017831628871392373,-0.00017831628871392907,-0.0002484150611283087,0.0002487524504671448,3.7041265998734324e-05,2.920892354591205e-05,4.865733295948494e-05,1.8292962734505974e-05,4.121330272587429e-05,4.065244994706868e-05,3.8823111714952783e-05,3.5540134455646515e-05,2.514649380373402e-05,3.084955356814743e-05,1.768279062445095e-05,1.9537856215834523e-05,-0.00013393238868230118,-6.153850438445775e-05,-0.00010051915384704801,-5.9996234341815524e-05,-0.0001848186331829057,-0.00021375274687146967,-0.00021852634291969842,1.8885008482000902e-05,1.6991353101136377e-05,1.0431531174764811e-05,1.1740612359423122e-05,2.9715304228631214e-06
KXNFLNFCCHAMP-27-DAL,2.570881236538098e-05,-2.008978692781261e-05,1.1001771004544021e-05,-0.0005704583960686075,0.00016225593808620893,-0.00012236905429010563,0.0004219787954589377,0.0001789027926481265,-0.000688688506117863,0.00033075484348270344,0.0009159778101998841,0.00021456544597874076,-0.00030228972505403186,-0.000226118126423936,0.00022611812642394548,-0.0002903387529984379,4.374990487263105e-05,0.00020263519514609595,8.386902786873466e-05,0.00018485176760369595,6.468124164176836e-05,-0.00010300369779722533,-0.0002962545488375473,0.000358557119326562,-0.00040734291736720644,-0.00013914048850273989,0.0002205902990903236,0.00048388006750129195,0.00010581605212040381,-1.25273529387755e-05,-0.00010133494069217006,0.00010133494069217944,9.243768773631325e-06,-0.00017621235889678233,-0.0007433529381075196,0.00017330167504323903,0.0008093501239524717,0.0001477045242448176,-0.00014751179004274413,-1.1441694148723166e-05,-2.877562592346982e-05,9.221347727698579e-05,-3.970235791982093e-05,3.970235791983919e-05,0.0001126138428623548,-0.00039082257769526167,0.00015990422850742326,-0.0008438651279799309,6.701353552983748e-05,0.0010681628601494479,-0.0008585056046312223,-0.0016951343257133413,-0.00695632393311369,0.0819,-0.007779244175603511,-0.02135290960148904,-0.0033110438590006337,-0.0015317445411501855,-0.008668278538529623,-0.010527049811624082,-0.0077540424553112055,-0.00234265336603393,-0.0007435814947630924,0.001194886051904541,-0.00010968283289518825,-0.00024240379438752188,0.0002424037943875216,0.00024382136839029743,-0.0005757372296339379,0.00048450297193540276,0.000261380561979679,0.0009930178288040871,0.00043021049090097405,4.988495647105527e-06,2.1025936829834238e-05,1.7722563515809953e-05,-5.8847390875265315e-05,-0.00011623270959146726,-0.00010263880997147105,1.2038250355278304e-06,5.30367242909974e-05,6.942016960245274e-05,-1.6867982810895732e-05,-9.75687644668486e-07,0.00017359093350406923,-0.0004129259117958106,-0.0005760739062450758,0.0006598238549398031,-0.0003241432005823701,-0.00034392259660758075,0.00012656659470325772,7.324391828549992e-05,-0.000516584277892137,1.1579263617017832e-05,-0.0003015382845851621,0.00027915287019995887,4.116093957303274e-05,2.031947552206759e-05,-1.855705269269677e-05,-5.7853388334417686e-05,-0.00014120629424675235,5.92062026845957e-05,-6.580360082746769e-05,-1.0381801077059377e-05,7.419136528272747e-05,-5.457866473908928e-05,5.844159962889295e-06,7.725483078661876e-05,-0.00010001219200947423,-6.510311441279772e-05,-1.7128130242067954e-05,1.698067175246268e-05,-0.00032018333762206337,2.5936718298147293e-06,0.0007062089482972071,0.0005668712811127692,-0.0003335017063566469,0.0003794291262328407,-0.00020363022738650708,-5.507906251602011e-05,5.5666220137387586e-05,0.0002977065659593079,-0.0002313453440419208,0.0006762438155166466,0.00033410509560401647,-0.0012056990920543166,-6.513810908436162e-05,0.0004570492278914976,-0.0007041514169875318,0.0003811874256299657,0.00033216034736120227,6.47010402845347e-05,-0.0004207839653370798,0.0004801184073934551,0.0004305943381720179,-0.0009393211147785039,0.00019438600332469006,0.0003943350578272874,-3.191974861506921e-05,0.00017863215331213552,-0.00017863215331213693,-0.0002488985088568823,0.0002492365308837645,3.7135475762179655e-05,2.9297344076511505e-05,4.8793338931921515e-05,1.831882999204428e-05,4.129618424437433e-05,4.073433331010705e-05,3.889807007409714e-05,3.5603136934335254e-05,2.5221909738347186e-05,3.086743569181089e-05,1.773631098378635e-05,1.9584532478340528e-05,-0.0001341347071477505,-6.159004394523882e-05,-0.00010075525008616722,-6.017535615329308e-05,-0.00018515336898116666,-0.00021412361739267982,-0.00021892562024358568,1.8918376659596864e-05,1.700381545165655e-05,1.0433039833104209e-05,1.1783807798172441e-05,2.9653996295610605e-06
KXNFLNFCCHAMP-27-DET,0.00011338592459102625,-0.00010541969949435807,1.9751981634677598e-05,-0.0033977862118389334,0.0016331027589405172,-0.0003451073000266168,0.00349094127633726,0.0017961049893431748,-0.003977760513230153,0.00269162689926755,0.006617482827616349,0.001959868887711741,-0.0015393884624496966,-0.0014869758247191432,0.0014869758247191452,-0.001746699966092791,0.00025277134247235456,0.001199259815329973,0.0004893889455667542,0.0010614945626855805,0.00037273909488415237,-0.0006036294506267729,-0.0017615966779492235,0.0021460289981274647,-0.0025004174684278226,-0.0008862480902117021,0.001266329150556959,0.0029750592144642714,0.000653610147047694,-6.978139811530655e-05,-0.0007631761845942845,0.0007631761845942663,0.0019827355457269023,8.346889516308673e-05,-0.0033475377473423835,0.003098832352075348,0.0072666190707234195,0.0010161003793248474,-0.0010146709611088163,-0.00024445000214688635,-0.00034168473716323093,0.00032937678167409127,-0.0002801798468869743,0.00028017984688695615,0.0008347198057517089,-0.0026103296699196816,0.0011819834146211958,-0.005514259431418027,0.00036998632274391156,0.006852084729011082,-0.005655610564992142,-0.00166631108384433,-0.006882409016398653,-0.007779244175603511,0.0819,-0.02127043231263932,-0.0032261096047723177,-0.0014545634667073122,-0.008567441712094895,-0.010442434024650777,-0.007649617219078195,-0.002239016971024358,-0.004765614423238799,0.007658580268853504,-0.0007011868360713951,-0.001614858714221139,0.0016148587142211374,0.001475105562926955,-0.0036547150625863313,0.0029788896151720814,0.0015281662840396,0.006253275638774226,0.0025922509489160472,-9.405491349471817e-06,0.0001953550444152174,0.00011542436994973717,-0.0005513017429712105,-0.0009061395968827409,-0.0007890748516322223,-4.3430571305854224e-05,0.00034845598950833964,0.0005016649040269128,-0.0002884284096310619,-7.303187023776356e-05,0.0013583464844119917,-0.002807311084581527,-0.0034248839488195456,0.004193145179162933,-0.0018679955182552602,-0.0019812144663805178,0.0007798222666661009,0.0005568908222804222,-0.0030407090883467504,0.00017569176481358956,-0.0016147666584509306,0.0015653017058245438,0.00047031145935859663,0.0005598752678029506,0.0001251148318820187,-6.817219961461699e-05,-0.0003964410381012028,0.0006180874036296754,-0.00010539248285973695,0.0003861120746797409,0.0008950593828966783,1.2818488993173322e-05,0.0004543623131663851,0.0009089736778471491,-0.0002691246966807344,-9.917842620274426e-05,0.00032629845282361567,0.0005202173866343306,-0.0016173451438729514,0.0005220428949124743,0.005189062394453556,0.004299631809705124,-0.001643597570699492,0.003085977735226514,-0.0010761010966277205,-0.0003344726218143419,0.0003379466837762973,0.0018249194984744778,-0.0015988396933202943,0.004219088247190753,0.0020600022262350797,-0.007847102675518778,-0.0005271352365922822,0.0028140024532263223,-0.004626418808642077,0.002329632752734331,0.0020143449584312523,0.0003157939522710887,-0.002771181187732092,0.002866517177863066,0.0026225282738634053,-0.00606026735890367,0.0011429313743245492,0.0023242068784975027,-0.0002792355538340669,0.0011867301901797517,-0.0011867301901797526,-0.0016155899367801567,0.0016178846381881833,0.00022076972929520948,0.00017593395337295366,0.0002923838329890623,0.00012079745753307706,0.00027224476462973425,0.0002687418374341372,0.0002522147077266069,0.000222412546018089,0.00020279698793292269,0.00013885565809424762,0.00014474509400671013,0.0001384080380763863,-0.0009525335699989786,-0.00052501089518017,-0.000595204302792569,-0.00031102406335874015,-0.0012073483820295734,-0.0014154706876409412,-0.001423857168688765,0.0001249309008861236,0.0001313071416876088,8.44699417773948e-05,5.688845282415049e-05,3.085501161161038e-05
KXNFLNFCCHAMP-27-LAR,-3.982452040778081e-05,4.58470194733669e-05,5.953221030139841e-06,0.0016016531447325638,-0.0009862941483232209,3.8114086402026573e-05,-0.001963127314941841,-0.0010839291204375419,0.0018342108876240742,-0.0015029326386258742,-0.0034962450589425776,-0.0011452151369110326,0.0006408005719211041,0.0007464606953977064,-0.0007464606953977316,0.0008262976318405616,-0.00011469360019446739,-0.0005586675888142915,-0.00022485745608918797,-0.0004823508281972328,-0.00016923265716317482,0.00028044653900746394,0.0008259667955825579,-0.0010091659300702212,0.0012000969890021372,0.00043707218250560985,-0.0005754716127126988,-0.0014275236283977182,-0.0003139379513312342,3.194347103491704e-05,0.00041238060343537145,-0.0004123806034353594,-0.0015988808718288739,-0.00043355575272630465,0.0011965463335662392,-0.002170559090983312,-0.0042595883884408645,-0.0005240112381715466,0.000523242612043327,0.00015936330815151845,0.00020230307952518101,-8.92544259267784e-05,0.00014680978043985518,-0.0001468097804398508,-0.0004460092653172908,0.0013212629503920356,-0.0006307212268560629,0.0027568361032946458,-0.0001652427562210252,-0.0033884612208847148,0.0028410222642820558,-0.004698558943457172,-0.018955224311581427,-0.02135290960148904,-0.02127043231263932,0.1824,-0.009306504528872963,-0.004529212638546949,-0.023657890035192107,-0.02852295418136231,-0.021241974582528002,-0.006830289566579413,0.002353979648914769,-0.0037837564134565994,0.00034633157600390935,0.0008177715826649844,-0.0008177715826649801,-0.0007006166727666651,0.0017947506457941576,-0.001431236323505428,-0.0007074308308112878,-0.0030543236584272496,-0.0012275901836387565,1.7662050390093778e-05,-0.00011557086898324317,-5.75970686045892e-05,0.00032711764767575334,0.0004983457360581655,0.00043110326796427946,3.7533282678678955e-05,-0.00017482865930262592,-0.0002656705052586148,0.00019921055109015296,5.708567251691083e-05,-0.0007480321226800155,0.0014378669608547093,0.0016067943848230653,-0.0020613580635124367,0.0008558003263393508,0.0009074218495505917,-0.00037584281765294517,-0.000303641332169209,0.0014159979595612456,-0.00011973270485313223,0.0006957535888806694,-0.0007022245756649747,-0.0003136775065117598,-0.0004477036528631838,-0.00015916347453710347,-8.710413718849234e-05,-6.693580171104403e-06,-0.0003995305166224458,-4.12842889229001e-05,-0.0003242694256451146,-0.0005659986001903404,-0.00011329441877851239,-0.0003474448657016623,-0.000571193599768619,2.336068599215605e-05,-4.486244179167403e-05,-0.0002898349226545866,-0.0003783594020079321,0.0006655832685449526,-0.0004137290955421528,-0.0027692642202681718,-0.002330824581986527,0.0006600634934332521,-0.0017271668135838384,0.00046231992139372216,0.0001600215594923211,-0.00016165463802732748,-0.0008746578389289864,0.0008240876310245942,-0.0020483442588523316,-0.0009910566061834029,0.003912359259552859,0.0002926795901130758,-0.0013549682927180302,0.002318577136211453,-0.0011162186117261849,-0.000960444439845219,-0.0001261882779616626,0.0013910362689970885,-0.0013489347107370877,-0.0012535333081601233,0.0030051385648089107,-0.0005338354499951506,-0.0010827994274970666,0.00016015862330730763,-0.0005997088098458974,0.0005997088098458965,0.0008045577517245353,-0.0008057310173704652,-0.00010348364265267372,-8.279554426998356e-05,-0.00013759234110936416,-6.088630447228868e-05,-0.00013678298558103883,-0.00013507805500471217,-0.0001255242613267397,-0.00010826082369754504,-0.00011223035091438779,-5.146345966520232e-05,-8.061589908812849e-05,-7.215793048727707e-05,0.0004999143990479018,0.0003001964139148812,0.0002780158604192193,0.00012990582420061066,0.0006032864610600698,0.0007132988185111367,0.0007102999585001985,-6.290222461166102e-05,-7.201346442827625e-05,-4.740887028618555e-05,-2.209174497477132e-05,-1.9051039365750864e-05
KXNFLNFCCHAMP-27-MIN,5.918746782243328e-05,-5.227301424163424e-05,1.5146970605648307e-05,-0.0016260571638317851,0.0006983231402708343,-0.00021306268430717847,0.0015486194917052071,0.0007683635112419656,-0.0019190900058416247,0.0011980310517978815,0.0030218509571396596,0.0008528016331195852,-0.0007692885906361829,-0.0006941368708125735,0.0006941368708125881,-0.0008335900495099839,0.00012183719030764377,0.0005746539724197776,0.00023533246672163073,0.0005126427291055602,0.00017981011288586393,-0.00029006075447579756,-0.0008432171049090203,0.0010253978395111676,-0.001187202879424574,-0.0004169838023791578,0.0006116265636155536,0.0014118740871771594,0.00030978410305178674,-3.4032376534419626e-05,-0.00034535897387975167,0.0003453589738797579,0.0007103379705646598,-0.00010004582695201364,-0.0017351413921138797,0.0012271432391209674,0.0031744069146856695,0.0004692773064434131,-0.000468628207845533,-9.436417788077701e-05,-0.0001416051357562391,0.00018533849568658277,-0.00012864798553684112,0.00012864798553685654,0.0003789602785071873,-0.0012138927709103298,0.0005369450133043126,-0.00257794814609675,0.00018071914502550257,0.0032179721186350006,-0.0026388312328197838,-0.0006761968504397481,-0.0029135981849877177,-0.0033110438590006337,-0.0032261096047723177,-0.009306504528872963,0.0384,-0.00048718881107140687,-0.003613638514872305,-0.004479443990903857,-0.003197913554637324,-0.000786543118720073,-0.0022385193934278064,0.00359738364549907,-0.00032959818221246827,-0.0007515043582213227,0.0007515043582213238,0.0007029573422398562,-0.0017207922450912468,0.001413786665223232,0.0007347003994164592,0.0029501261724150666,0.0012366049889332266,3.517133205815314e-07,8.477988222605772e-05,5.400672654456575e-05,-0.00023889085964797199,-0.000407061753698507,-0.00035552394974280226,-1.4505116736941873e-05,0.00016269644201012142,0.00022910696516038081,-0.00011469870887254965,-2.660792889467185e-05,0.0006096795575229771,-0.0013001319585056377,-0.0016394992464838266,0.0019738029280455278,-0.0009015299719405017,-0.0009562709454862071,0.0003699407169644003,0.0002515572934742899,-0.0014593718340724909,7.088301240544236e-05,-0.0007950261936400258,0.0007610263731856223,0.00019765248721570377,0.00021465676069540372,3.132211794038697e-05,-6.605602100720394e-05,-0.0002434323189059459,0.0002634565761164499,-8.632294984951313e-05,0.00012868069127833435,0.00037159985328721765,-3.618459259656296e-05,0.00016489966436412674,0.00037880205842645386,-0.00016970273458750946,-8.360482903378998e-05,0.0001025145093903286,0.000196476307984063,-0.0008100185743973006,0.00018676779385191157,0.00236085164087858,0.0019426387671691706,-0.0008291702230121187,0.0013739628013048329,-0.0005320256926187913,-0.00015928137454238918,0.00016094699789138508,0.0008667626510270152,-0.0007375019879308209,0.0019951001189496406,0.000976963662129547,-0.003672088832354579,-0.0002348427229275446,0.0013351655734156673,-0.002159927723417409,0.0011074303991652843,0.0009594710343322675,0.00015980991197766864,-0.0012930464495947858,0.0013707093210929902,0.001247749432406221,-0.002841965727893584,0.0005488179647340902,0.0011150776025255944,-0.00012248426137595516,0.0005526129657054579,-0.000552612965705441,-0.0007565206559612479,0.000757583674837247,0.00010567708667422788,8.398124388695892e-05,0.00013965662527477563,5.635886925213422e-05,0.0001269998371561977,0.00012534306086625044,0.00011813506350246303,0.00010514872593371996,9.04616532086191e-05,7.210501461541463e-05,6.436890136625453e-05,6.35105428574952e-05,-0.0004367233146257908,-0.00023157432674026754,-0.0002854062019660328,-0.00015469072874573113,-0.0005647538522027916,-0.0006599322516185527,-0.0006664486576957551,5.826055102303432e-05,5.911142025873699e-05,3.765619044599772e-05,2.8862275529816877e-05,1.3131823608463276e-05
KXNFLNFCCHAMP-27-NO,4.158888886778739e-05,-3.635063525232233e-05,1.3151223243773885e-05,-0.001075393560301708,0.00041160000912870997,-0.0001698711990319419,0.0009506443096332782,0.00045316938051467534,-0.0012780706862700747,0.0007377911830188043,0.0019106391215942733,0.0005125760402197331,-0.0005284018101191489,-0.0004486810317180613,0.00044868103171806343,-0.0005480682797911538,7.976650174710442e-05,0.0003776364326413503,0.0001545661397314692,0.0003382834258510536,0.0001181154062555662,-0.00019197104760182196,-0.0005554383450353173,0.0006731846702313371,-0.0007776710552703642,-0.00027189639402961003,0.00040376110590547654,0.0009230631690245797,0.00020183404702381458,-2.334064601451402e-05,-0.00021682819363196739,0.00021682819363194283,0.00035238438248983675,-0.00013223441268468103,-0.001206261524050711,0.000683949675228936,0.001943930495650919,0.0003004210057616614,-0.000300010631274239,-4.485516030368468e-05,-7.607408459570691e-05,0.0001396539446141978,-8.196399559661858e-05,8.196399559658624e-05,0.00023772937715537749,-0.0007807674248591673,0.00033705582084807067,-0.0016670313375520551,0.0001220238087555283,0.0020905786402633693,-0.0017030704584043862,-0.0002824657244428853,-0.0013339463958158624,-0.0015317445411501855,-0.0014545634667073122,-0.004529212638546949,-0.00048718881107140687,0.0196,-0.0016434146267737609,-0.002103355622211016,-0.0014290290117654216,-0.0002172376156287341,-0.001453550936481323,0.002336351265514766,-0.00021454055202604734,-0.0004846755236879521,0.00048467552368795027,0.00046158100636503694,-0.001120002527061526,0.0009255809966388358,0.0004854164369893717,0.001922899891592051,0.0008125837406397473,2.7873094476770737e-06,5.134933786974692e-05,3.4979055286756325e-05,-0.0001444665279101531,-0.0002545175984859773,-0.00022288034185142128,-6.268788363858335e-06,0.00010517466848151727,0.00014535004102041665,-6.338942667890751e-05,-1.3165607317155276e-05,0.00038024777685473756,-0.0008344757396557148,-0.0010803041907999408,0.0012848484259877276,-0.0005974829930342816,-0.0006338273560677441,0.00024251248437536462,0.0001587521171526457,-0.0009634309613887016,4.055934588999103e-05,-0.000534327144353216,0.0005074789240649062,0.00012028664795931189,0.00012402167006328875,1.1702306760836673e-05,-5.352715905360073e-05,-0.0001763189087824436,0.00016187267332424233,-8.031802102400387e-05,4.885186596616074e-05,0.00020919440195122795,-5.1320135153198213e-05,7.511689682109156e-05,0.00021431644761403897,-0.00013881157906412678,-7.868513786597682e-05,3.313080991380218e-05,9.605355799600754e-05,-0.0005556711835931823,8.743847401085605e-05,0.0014899188996612234,0.0012179520750133345,-0.0005718584010415283,0.0008492255846718748,-0.00036187315224870184,-0.00010502736486662511,0.00010613232899398816,0.000567437523017335,-0.0004703698766027616,0.0013029583644000053,0.0006386821418633951,-0.0023763986398725122,-0.00014430775543034413,0.0008749301223426978,-0.0013941489254380751,0.000726878407741256,0.0006310647100878971,0.00011058640633301552,-0.0008344563000535694,0.0009023151002582419,0.0008193839776622627,-0.0018425302739498292,0.00036366663038944216,0.000735422342849976,-7.421824735588171e-05,0.0003563628086022891,-0.0003563628086022905,-0.0004898676621326249,0.0004905494943165077,6.95315239777627e-05,5.492902863650268e-05,9.154825629133318e-05,3.650523506890958e-05,8.190284553583101e-05,8.082085360467498e-05,7.652640006848315e-05,6.87855254028614e-05,5.546397697866411e-05,5.159731140685977e-05,3.933534603031847e-05,4.020722916516372e-05,-0.00027784596391672956,-0.00014208908939819883,-0.0001884277243867534,-0.00010491323078932945,-0.0003657014693711947,-0.00042620162652580234,-0.0004317697560690185,3.763284587711707e-05,3.710168188894015e-05,2.3473551513125632e-05,1.979059745756954e-05,7.854697034576864e-06
KXNFLNFCCHAMP-27-PHI,0.0001331762815579011,-0.00012500240775168217,2.1430584254954322e-05,-0.004046513347717938,0.001974723445529459,-0.0003938390007916291,0.004201193017607503,0.0021717106878131835,-0.004731603867014171,0.0032377843492288946,0.007932853911616213,0.00236455215964382,-0.0018216134838481607,-0.0017771587153408144,0.001777158715340796,-0.002080668379643158,0.00030046839273622995,0.0014274252726167308,0.0005820898139668761,0.0012618176508716744,0.0004430770214850398,-0.0007183389969143623,-0.002097416685560436,0.0025555814342607354,-0.0029808376145190616,-0.0010580989067533045,0.0015053095835214506,0.003546671222053008,0.000779250927365399,-8.295801169691622e-05,-0.0009161119952708003,0.0009161119952708098,0.0024517821537836477,0.00015302072605677072,-0.003934927736222997,0.0037872330252478673,0.008767858340202337,0.0012162741538281122,-0.0012145588619561708,-0.00029775098579516604,-0.0004131854690564128,0.00038290358029279367,-0.00033567961327163863,0.00033567961327162264,0.0010013440455019763,-0.003121239302344604,0.0014178115528594433,-0.006588781915991774,0.0004393593941709621,0.008182164647243173,-0.006759534881586208,-0.0018624960912403466,-0.007671647932978698,-0.008668278538529623,-0.008567441712094895,-0.023657890035192107,-0.003613638514872305,-0.0016434146267737609,0.09000000000000001,-0.011629824894697882,-0.008533685021817302,-0.002523368057162576,-0.005690347681891711,0.009144766717508688,-0.0008372316639074478,-0.001930932863558754,0.0019309328635587503,0.0017575232007001895,-0.004362437984267082,0.003551441768249645,0.001818247232642919,0.007461957080972906,0.0030880604551232044,-1.3010145466029714e-05,0.00023587164995150507,0.0001379022120175047,-0.0006657745554279374,-0.001088913867346155,-0.0009478447854352946,-5.405762157838074e-05,0.0004164430790805368,0.0006014559084791757,-0.00035215547129904996,-9.007644359265604e-05,0.0016324556734335347,-0.0033590233964774087,-0.00407786324639183,0.005005412876135191,-0.0022213416665145744,-0.002355942364777701,0.0009298492668709344,0.0006688320141828897,-0.0036190036731045356,0.00021426437239414138,-0.0019142155014073624,0.0018593460645864816,0.000571965072467542,0.0006903421521907107,0.00016180572564936807,-6.60020139361186e-05,-0.0004475411962034304,0.0007500534380590598,-0.00011293492390040445,0.00047950341344506095,0.001085868909552873,3.0098714599607087e-05,0.0005595396669077934,0.0011022508826654825,-0.00030618955830541026,-0.00010544471451034968,0.00040740712491536943,0.0006379497562269074,-0.0019128799796538796,0.0006447174704830591,0.006224192393520017,0.005162301796035194,-0.0019416971118491107,0.0037125831036919263,-0.0012753847369413032,-0.0003986485657842077,0.0004027851968640521,0.0021753885878133703,-0.0019138429838492284,0.00503288493458512,0.0024561333944196273,-0.009374787572874202,-0.000633900422058375,0.00335522112541239,-0.005528775841249463,0.0027769332653359026,0.0024004523428363417,0.0003729564305556672,-0.0033119856118578777,0.0034135987483776206,0.0031256474879217235,-0.007237849582504169,0.0013604593002804815,0.002766310391156104,-0.0003364973622096421,0.0014188396405884363,-0.0014188396405884372,-0.0019299648476490529,0.001932710266753652,0.0002628491619178293,0.0002095185876664606,0.000348192653160585,0.0001444004460897651,0.00032538757304264427,0.0003212087063157683,0.0003012824705267003,0.0002653457361933498,0.00024381548814150073,0.00016342631963472314,0.00017409237724765113,0.00016578817612613933,-0.0011413754100436384,-0.0006324689885285543,-0.000708518269600372,-0.0003681404100537365,-0.0014425597473688016,-0.0016920477579278233,-0.001701088772075844,0.00014933526805276925,0.00015776143818748074,0.0001016344037819039,6.71096778047881e-05,3.736106720331239e-05
KXNFLNFCCHAMP-27-SEA,5.880739973572232e-05,-5.2427256017503954e-05,1.4117377345135997e-05,-0.0016436923540823823,0.0007235080001683474,-0.00020523361146533172,0.0015912318360401497,0.0007959916396024671,-0.0019366454003575072,0.001230093520405564,0.003085328873252984,0.0008800655373626289,-0.0007707360389241475,-0.0007053455739476186,0.0007053455739476054,-0.0008432117105086849,0.00012303838418800198,0.0005808697830967208,0.00023773031224122535,0.0005173913957874463,0.00018153755150589985,-0.00029298541469425046,-0.0008524395055347987,0.001037053885581714,-0.0012021578803974615,-0.00042299664956765165,0.0006172737269002288,0.0014298695616427643,0.00031383893991923986,-3.424608544606878e-05,-0.000353271899572478,0.0003532718995724509,0.0007672394575606997,-7.238265322496999e-05,-0.0017268120260553635,0.0012932989775309056,0.0032716489564548097,0.0004779483878731732,-0.0004772849426891724,-0.00010057030759440177,-0.00014819859690730428,0.0001812954380213003,-0.00013118280235764824,0.00013118280235763593,0.0003874328000966381,-0.0012345625542836784,0.0005488760020936222,-0.002618844362998415,0.00018189600762462052,0.0032658432534986544,-0.0026818197089847054,-0.0022855622581587705,-0.00932953334751829,-0.010527049811624082,-0.010442434024650777,-0.02852295418136231,-0.004479443990903857,-0.002103355622211016,-0.011629824894697882,0.10560000000000001,-0.010413914347475656,-0.0032026478699185798,-0.0022717760758578977,0.0036508128345062833,-0.00033442656658510796,-0.0007641401855784436,0.0007641401855784558,0.0007112864356552335,-0.0017454726115129998,0.0014317303860610637,0.0007420804724951094,0.0029912269623420607,0.0012509952020587213,-6.526569514760092e-07,8.751553461215452e-05,5.485268716868283e-05,-0.0002466829844303088,-0.00041703366488739794,-0.00036400084043475186,-1.596793583526224e-05,0.00016531885724011658,0.00023389049944907872,-0.00012079915330213999,-2.8631651051629943e-05,0.0006247652709627763,-0.0013233613677371852,-0.0016573730855072083,0.0020021957478382783,-0.0009098553278157605,-0.0009650807393533163,0.0003746498626313566,0.00025738403745540644,-0.0014745040633870141,7.436857980896991e-05,-0.0007991627133080332,0.0007668944062941847,0.00020522446589642262,0.0002274435882702556,3.723612889149633e-05,-6.0279421787714825e-05,-0.00023567864016375286,0.0002727200509198205,-7.95954823479351e-05,0.0001420577107487296,0.0003877446518697283,-2.753774323637479e-05,0.00017790944480432946,0.00039490842414175397,-0.0001627990048548267,-7.679326036493932e-05,0.00011508258054348052,0.0002098149310839736,-0.0008112771352416245,0.00020202913491598594,0.002412225301877338,0.001987897915182886,-0.0008292652225448361,0.001410486188233423,-0.0005342089654129143,-0.0001611656550012526,0.00016284858471527912,0.0008776251073248448,-0.0007513955871718023,0.00202189228814417,0.0009895192415786589,-0.0037296253959019417,-0.00024111207270060764,0.0013521183215693413,-0.002194889872079127,0.0011210484660576594,0.0009708527795541352,0.00015970414531459395,-0.0013141316136597073,0.001385957010524916,0.0012628714810100842,-0.0028852147296316586,0.0005543768027463085,0.0011267384367483883,-0.00012618915776956176,0.0005618432603429603,-0.0005618432603429612,-0.0007682669283927849,0.0007693489338610947,0.00010683493248585513,8.495917740332121e-05,0.00014125737568247248,5.727194363344177e-05,0.00012907703413197975,0.0001273980628648863,0.00011996129223068832,0.00010656071532832827,9.285411722674447e-05,7.166825766790445e-05,6.611614147281347e-05,6.478292792009278e-05,-0.0004454783273598297,-0.00023821019675811535,-0.0002884127270375957,-0.00015517334184638918,-0.0005736325311103842,-0.0006707675380296424,-0.0006768373677767327,5.921413075443077e-05,6.052825366453661e-05,3.863858577614286e-05,2.8842512783195665e-05,1.361237718190607e-05
KXNFLNFCCHAMP-27-SF,0.00014228798907391495,-0.00013354832110631454,2.2635918072841114e-05,-0.004329807755180777,0.002117971724465695,-0.000418527806632419,0.0045026287978688455,0.0023292204036791733,-0.005061993385578633,0.0034698911155377076,0.008496983619460963,0.0025352119740370423,-0.0019471918378776618,-0.0019026160913267474,0.0019026160913267467,-0.002226786005846706,0.0003216746429756803,0.001527794536737766,0.0006230674505322053,0.0013504771939041147,0.0004742894457367647,-0.0007686593595182623,-0.002244643010454347,0.0027352647568853836,-0.0031903951484937416,-0.0011325309316369617,0.0016110537775885503,0.003796271303838479,0.0008341893801811239,-8.865499297722762e-05,-0.0009813524081089139,0.0009813524081089455,0.002633315276355452,0.0001690857498007169,-0.0042059878129198786,0.004063250990049731,0.009395270942510855,0.001302366535016543,-0.0013005294436352634,-0.0003212627209814067,-0.000444836483925274,0.000407554436832167,-0.0003594531734480695,0.00035945317344807456,0.0010727621954562175,-0.0033419880174576618,0.0015189120131966962,-0.007053849081277723,0.00046986019482412515,0.008758745978113412,-0.00723697071494645,-0.0016567085420605972,-0.006857629074813452,-0.0077540424553112055,-0.007649617219078195,-0.021241974582528002,-0.003197913554637324,-0.0014290290117654216,-0.008533685021817302,-0.010413914347475656,0.08190000000000001,-0.002204713102805604,-0.00609147155376983,0.009789327392014116,-0.0008961752253004776,-0.002067287095901888,0.002067287095901862,0.0018809955920346677,-0.00466969510704047,0.0038011590491119486,0.0019457586853981758,0.007987310528174885,0.003304962535963862,-1.4150901971043297e-05,0.0002528230390751392,0.00014763164430991102,-0.0007136404948928702,-0.0011665329893479923,-0.001015358906023724,-5.814479484987366e-05,0.00044584060161707764,0.0006441543564945264,-0.00037794987773239104,-9.678581621380727e-05,0.0017489020764107463,-0.003596618336932407,-0.004363986978404542,0.005357898869699522,-0.002376921822446575,-0.0025209428301994448,0.0009951666762730434,0.0007163252602931748,-0.0038727800855792326,0.000229792319398175,-0.0020476669351428478,0.0019892762855669823,0.0006117825531548055,0.0007377437446257029,0.00017247873337282075,-7.157045726333216e-05,-0.00048057320460372235,0.0008023243749143966,-0.00011843942468882456,0.0005168206575862767,0.0011656619027408297,3.503984171201922e-05,0.0006022202287185939,0.0011831530945588583,-0.00032486829713197264,-0.00011040780892120285,0.0004395133001513456,0.0006861131334807617,-0.0020449478167150863,0.000693284103388946,0.0066668355986196585,0.005530138046475369,-0.0020754632873726036,0.003978194614319904,-0.0013637072975350628,-0.00042657408667882583,0.00043099980915862546,0.002328362041820909,-0.0020496334327188134,0.005386980345105204,0.002628940737710209,-0.010036432734372628,-0.0006794331019375213,0.0035909672883027615,-0.005919389625891853,0.002971933591117322,0.002568873338802941,0.0003985652688413596,-0.0035459869283325333,0.0036531876458852394,0.003345094506519454,-0.00774838005892731,0.0014556168052655034,0.002960384003407897,-0.0003607636584657284,0.0015190486579252697,-0.0015190486579252746,-0.0020661179429252744,0.00206905766216961,0.00028130429669472783,0.00022427236205191435,0.00037268285121832716,0.00015457942085496108,0.000348376701441106,0.00034390425393707093,0.0003225342498472987,0.00028399392457327386,0.0002613347983566631,0.00017445316625592594,0.00018661369031265212,0.0001775781702752069,-0.001222318549074362,-0.0006777783152999595,-0.0007581981374645704,-0.00039371514432139044,-0.0015443136643163745,-0.0018114934237937266,-0.0018210612768451984,0.00015987781115212344,0.00016898730718120376,0.00010887628892833925,7.175692687352752e-05,4.004891055250332e-05
KXNFLNFCCHAMP-27-WAS,8.758226113493277e-05,-7.83411011230212e-05,1.9707326083125172e-05,-0.0024836839530225276,0.001119105632369199,-0.0002952117393401507,0.0024422694415066086,0.0012310801807895225,-0.002921749309726155,0.0018867760746654498,0.004707258457954889,0.0013562795114763178,-0.0011545053341047884,-0.0010711891024389453,0.001071189102438946,-0.0012757074575742316,0.00018627392998068655,0.0008788327558854047,0.0003596938806209618,0.0007820301920461053,0.00027464970657185893,-0.0004426164803389876,-0.0012891129322156003,0.0015694081458389837,-0.0018202810730445146,-0.0006411778240117221,0.0009329241914989207,0.002165930029988177,0.0004757336024684599,-5.133867097001398e-05,-0.000539792510483753,0.0005397925104837539,0.0012209362343249424,-7.454169351290058e-05,-0.002578079100833759,0.0020211019941562642,0.005024819436512895,0.0007273014927074396,-0.0007262892091350174,-0.00016111564056937817,-0.00023309448337235157,0.0002650323248043328,-0.0001998141877384273,0.00019981418773842966,0.0005920404360736638,-0.0018767818452302622,0.0008386324494484948,-0.003976611900019959,0.00027357801964941416,0.004954134715435135,-0.004073933375056628,-0.00044854796661998397,-0.002046247789108656,-0.00234265336603393,-0.002239016971024358,-0.006830289566579413,-0.000786543118720073,-0.0002172376156287341,-0.002523368057162576,-0.0032026478699185798,-0.002204713102805604,0.029099999999999994,-0.0034465041999092675,0.0055384321371371665,-0.0005071083170155991,-0.0011609950209561578,0.0011609950209561536,0.001076415205315399,-0.002646707839154977,0.0021681369788163164,0.0011214383126096309,0.0045342246098418176,0.001892862165173816,-2.319878340699739e-06,0.00013469890731407328,8.326661150803429e-05,-0.0003797940283158225,-0.0006377953857097322,-0.000556385968197868,-2.5864324693480478e-05,0.00025105597807181486,0.0003566224613945667,-0.00018903432304419803,-4.557604943014649e-05,0.0009559032122500505,-0.002012715241110914,-0.0025061869792551627,0.0030359133220633373,-0.001374015070637493,-0.001457380077808646,0.0005672022344521056,0.00039290155518065093,-0.00222870581905637,0.000115703567982425,-0.0012029320989592395,0.0011565063160818411,0.0003150768219995284,0.0003521168323330188,6.0455585548244e-05,-8.657146707594224e-05,-0.0003491645977143744,0.00041799888308070897,-0.00010839081305951422,0.00023319549826880074,0.0006046000408042439,-2.7602298987257442e-05,0.00028618658066016666,0.0006152416791283952,-0.00023240715806122309,-0.00010407229715687311,0.0001916250120099996,0.00033437001008358876,-0.0012155148250437055,0.00032393116676594064,0.003681833714085437,0.0030382888368545658,-0.0012408617400885059,0.00216200898728975,-0.0008020430161132244,-0.00024369485008808364,0.0002462361320831719,0.0013290332116784312,-0.0011443087554217457,0.0030635667717399673,0.001498942059364087,-0.005662362399270353,-0.0003699784434736134,0.0020472132329555797,-0.0033341636105702448,0.0016967444713052915,0.0014687536801252987,0.0002387767983483771,-0.0019963276093683054,0.0020962262342574724,0.0019111653251292857,-0.004378628349115494,0.0008372941225786967,0.0017034135891226395,-0.00019417186508641026,0.0008536376989124207,-0.0008536376989124151,-0.0011662169668421852,0.0011678627836018713,0.0001615939242493779,0.00012866501223160083,0.00021382742198739366,8.694038937271729e-05,0.00019610635361691977,0.00019356280646064212,0.00018208573587957853,0.00016140534392965867,0.00014252773133041443,0.00010630798147808274,0.00010155200286419316,9.880283655951085e-05,-0.0006787973737026523,-0.00036566174585311753,-0.00043594318985973996,-0.0002330918531384967,-0.0008707925579108005,-0.001018834283874034,-0.0010273485363403337,8.993834874322624e-05,9.249844172684229e-05,5.913203450788029e-05,4.320746522134015e-05,2.1003464243701887e-05
KXF1-26-GR,-2.294586915606991e-05,2.1530250626397588e-05,-1.3883390876534907e-06,0.0028802542893379187,-0.0015509639637326805,0.0001965391644766047,-0.003203238691650995,-0.0017049641945143038,0.0033420588808864868,-0.0024623582623960368,-0.005900638849322802,-0.0018318585350361712,0.0012397615216189679,0.0012974163283220258,-0.0012974163283220354,0.002655143773193766,-0.0003783665181078334,-0.0018125150638105898,-0.0007358720765677206,-0.0015893777157157864,-0.0005580105319387475,0.0009111864888713483,0.0026686804359530793,-0.003254990315955951,0.0038222413039409302,0.0013691771222295278,-0.0018961044039987299,-0.0045476263640677125,-0.0009996014814315373,0.0001046355074158776,-0.00012260075051077012,0.000122600750510761,-0.0029332892140479442,-0.0004680163560268019,0.003538486188156711,-0.004275602700599046,-0.009245064195930297,0.000322565532999197,-0.00032210439706370497,4.934861998426911e-05,5.343765157939207e-05,2.2082018154127645e-05,-0.00017586133299280865,0.00017586133299279689,-0.0005942665651973994,0.001813001087834036,-0.0008409772310621464,0.006783140888496474,-0.0004346469524520418,-0.008390315017113875,0.0069708353011692144,0.0011820004682694299,-0.0007420987153271472,-0.0007435814947630924,-0.004765614423238799,0.002353979648914769,-0.0022385193934278064,-0.001453550936481323,-0.005690347681891711,-0.0022717760758578977,-0.00609147155376983,-0.0034465041999092675,0.0475,-0.04350144402808828,-0.001501021155488649,0.0006737318439676932,-0.0006737318439676767,-0.002305744771737956,0.005787343153947464,-0.004677105794694298,-0.0023650452564247687,-0.009881110007656617,-0.004047301762777206,8.067553055519817e-06,-9.485303801625531e-05,-5.2966228418753646e-05,0.0002679813216212893,0.00042934835945205853,0.00037309868157959966,2.443223685425575e-05,-0.0001603097620699386,-0.00023472559685141467,0.00014831378761590605,3.9459754645815844e-05,-6.423480187774752e-06,1.4686142027537068e-05,0.004760158729594538,-0.005933075893464078,0.002573294262289513,0.0027289718612319575,-0.0010946740293955519,-0.0008213085267460565,0.004214386858293151,-0.00028582419859292645,0.0021751071046774264,-0.002139012970957836,-6.411225492281444e-05,-0.00010638315229289375,-4.530848960374758e-05,-3.920460095947496e-05,-4.1446504257238995e-05,-8.011975700912525e-05,9.029188633806442e-06,-0.00027090423242951295,-0.0005341738986742501,-6.05176117023147e-05,-0.0003016055219406636,-0.0005405981421436061,8.609418299693785e-05,5.489814432741389e-06,-0.00023683942895454205,-0.000335480022112158,0.0021724743537441084,-0.0009207266389376714,-0.007669677551552015,-0.006395307510727217,0.0021890973173106787,-0.004650253016037221,0.0014692519371534891,-0.00013138928102454712,0.00013274604604074223,-0.0015355559229230965,0.0013905958954800023,-0.003569581784674547,-0.001736321739208822,0.006719329351984172,0.0004752885752390929,-0.0023717702272753414,0.003971317201880625,-0.001959200931682717,-0.001690225821867407,-0.0004322123883354186,0.004051409823728789,-0.004100910287204132,-0.0037758416143868975,0.008826434756207324,-0.0016357302755301846,-0.0033131842243398343,0.0004260868086566688,0.002059376308817651,-0.002059376308817646,-0.0005732183362946895,0.0005740372200335282,-6.364812031458384e-05,-5.101930912448356e-05,-8.45896079020642e-05,-3.514263388492014e-05,-0.0010337973570471626,-0.0010206094572110954,-0.0009539356423523917,-0.0008337233312898107,-0.0008019014318085137,-0.00047082669862446604,-0.0005739156866425454,-0.000533755023284899,-0.0008307053179850664,-0.0004761199868201818,8.36105952614179e-05,4.2742840345561304e-05,-0.000690449705725456,-0.0008130741109677443,-0.0008135982613937386,-0.00020051109873575086,-0.00021857910465927286,-0.00014256090879123307,-8.197907098413931e-05,-5.438817249967213e-05
KXF1-26-KA,3.67999989940554e-05,-3.5563684265000786e-05,2.2592230113507234e-06,-0.004633550811580576,0.0024867092476327456,-0.0003210982965757026,0.00514114998562008,0.0027337855849775476,-0.005376919126649201,0.003951855203051354,0.009477206738247704,0.002938304090354748,-0.0019976214315597803,-0.0020879116850321547,0.002087911685032174,-0.004265187676706864,0.0006063046279935257,0.0029093505776460766,0.0011803495573925798,0.0025496343550876163,0.0008945823060863543,-0.0014637369717038621,-0.004286193310024344,0.005226356428215265,-0.0061412705855319796,-0.00220145107513622,0.0030418438688330756,0.007304921900890779,0.0016050628823399138,-0.00016877651762745025,0.00019450786979007543,-0.000194507869790085,0.004748340748267198,0.0007748350202542756,-0.005661542088639683,0.006906516214860066,0.014895647610895693,-0.0005193398121925582,0.0005185967132912421,-5.897468686633416e-05,-6.519825617653605e-05,-1.9077307806214863e-05,0.00028286027146383515,-0.0002828602714638396,0.0009538340966420495,-0.0029128391621113946,0.001349851869516972,-0.010901948144237757,0.0006993460253863226,0.013486361577707082,-0.011203391013606184,-0.001898280153267642,0.0011925383735096797,0.001194886051904541,0.007658580268853504,-0.0037837564134565994,0.00359738364549907,0.002336351265514766,0.009144766717508688,0.0036508128345062833,0.009789327392014116,0.0055384321371371665,-0.04350144402808828,0.11310000000000002,-0.02609820440915278,-0.0010826489376885807,0.0010826489376885625,0.0037039965762564655,-0.009301155288103876,0.007514575243297706,0.0037979981939559966,0.015879333244365426,0.006501421258433893,-1.3664193542059664e-05,0.00015355410146654987,8.520545021106085e-05,-0.00043386485092248905,-0.0006930599443586358,-0.0006020975968104852,-4.017350601376972e-05,0.0002578868102107186,0.0003783777308065807,-0.00024152637400945157,-6.457940977352622e-05,1.1060287195327272e-05,-2.4102808666403443e-05,-0.007645397774799826,0.009536198348879175,-0.004131512845882012,-0.004381470779105803,0.0017594994921181126,0.0013223476125528255,-0.0067681066823355365,0.0004619333468997884,-0.0034891303494529076,0.003434095645395267,9.631214801033888e-05,0.00015412135351156812,6.303658853449247e-05,5.036581283036958e-05,4.602470148262518e-05,0.00012103958854578176,-1.8756446474309487e-05,0.0004286711209276465,0.0008521183862450934,9.210996619634854e-05,0.0004784800535693174,0.0008625523452337245,-0.00014388212308901485,-1.3099355133950558e-05,0.0003742239885584442,0.0005329865444465857,-0.0034847385570678444,0.0014880055401655253,0.012337907104771319,0.010289651124187327,-0.0035106384874407214,0.007484640403601713,-0.002357201538632957,0.00021061857291754783,-0.00021279279375308025,0.0024679787013503988,-0.0022325340437553774,0.005737966656094886,0.002790422562591222,-0.010797164795947048,-0.0007615294040105859,0.0038134584253777565,-0.006380048457279653,0.0031503315033915525,0.0027182769644255532,0.000690473926786203,-0.0065155156416302025,0.006583627041935392,0.0060635331657096355,-0.014189426090084174,0.002624584951293984,0.005317417721797559,-0.0006880880003526088,-0.003311150382826902,0.0033111503828268983,0.0009229336720953028,-0.0009242543111324801,0.00010180447927054417,8.145613282357838e-05,0.0001351827451238962,5.6617903624842734e-05,0.0016613691241640569,0.0016401880523895952,0.0015331653285850563,0.0013401494615033753,0.0012878969685730915,0.0007581112232944516,0.0009217382921710754,0.0008574978242644408,0.0013349439070055628,0.0007648684685963906,-0.0001338881270693209,-6.792366211793368e-05,0.0011095198425475844,0.0013062354587354986,0.0013074568782017665,0.0003223498032208577,0.000351556241497477,0.00022906836527799635,0.0001319195005880693,8.743580473781528e-05
KXF1-26-LN,-3.2851815827031744e-06,3.973104841656787e-06,-2.1222342285256577e-07,0.0004276896039720797,-0.00022287630014440943,3.354794283234113e-05,-0.000465008859617006,-0.0002451506442536534,0.0004966661723390829,-0.00035728714926258035,-0.0008625945339367242,-0.00026433068079764977,0.00018691358279254337,0.00019296487244316383,-0.00019296487244316391,0.00038899228073298726,-5.4225513974346804e-05,-0.00026373230307843396,-0.00010640406068863545,-0.0002300267619257693,-8.03042128235343e-05,0.00013351610802486875,0.0003903866670282804,-0.0004749231942238865,0.0005609851000081209,0.00020220557327124474,-0.00027455405373778656,-0.0006659590866880706,-0.00014588607674792547,1.5891226615854785e-05,-1.615481771313542e-05,1.6154817713122357e-05,-0.0004586609853808306,-8.696237873452491e-05,0.0005002915328776304,-0.0006567978531208388,-0.0013897965662221792,4.816799560695453e-05,-4.809865792903736e-05,-8.232221453725714e-06,-7.922141075607052e-06,-9.060181926088094e-06,-2.6039020417374733e-05,2.6039020417350393e-05,-8.634186565647371e-05,0.0002658859961179569,-0.0001222147459383101,0.0009980198109503574,-6.467929461527294e-05,-0.0012357651126848183,0.001025388329268729,0.00017253015738261644,-0.00010949303384077148,-0.00010968283289518825,-0.0007011868360713951,0.00034633157600390935,-0.00032959818221246827,-0.00021454055202604734,-0.0008372316639074478,-0.00033442656658510796,-0.0008961752253004776,-0.0005071083170155991,-0.001501021155488649,-0.02609820440915278,0.029099999999999997,9.904080814246175e-05,-9.904080814244721e-05,-0.00033791430052926004,0.0008514001282988768,-0.0006863422612973534,-0.0003456533353469334,-0.0014527854295244861,-0.0005929562104749026,1.7428682123732239e-06,-1.4829197995948885e-05,-7.851667781299299e-06,4.1930692963129756e-05,6.554954767906782e-05,5.6833296654409035e-05,4.311784955768281e-06,-2.377085270856398e-05,-3.542187052187499e-05,2.4324833437674133e-05,6.7258501435045e-06,-1.500668591001406e-06,2.548155197917389e-06,0.0006962288053607863,-0.0008735197799882647,0.00037512593939593617,0.00039783186481315736,-0.00016122674761109731,-0.00012279416894293794,0.0006158171946181135,-4.41762365596355e-05,0.0003145462212671711,-0.0003117262856805863,-4.532884072503244e-06,-3.5017541346421576e-06,3.7694704401560554e-07,3.332874874857964e-06,8.746014345746424e-06,-6.170479758303303e-06,4.962597515363804e-06,-3.4170051423683874e-05,-7.319563566341543e-05,-4.521981722858718e-06,-3.90872825688036e-05,-7.42311817354046e-05,1.7336704851355164e-05,4.467833070529103e-06,-2.9407918658624027e-05,-4.412709900027966e-05,0.00031380727982890217,-0.00014243838812052454,-0.0011379353716753989,-0.0009503508597174847,0.00031559382386636323,-0.0006932907571021939,0.00021252113360777623,-1.8885674682223436e-05,1.908021252408893e-05,-0.00022591159005299987,0.0002026168399734141,-0.0005259495874597761,-0.00025525912313627904,0.0009869297112812718,6.799960747053917e-05,-0.0003502263179284729,0.0005821525357562261,-0.00028948377752270024,-0.0002501119699462271,-6.021872370850622e-05,0.0005994406365204644,-0.0005973978870793557,-0.000551535897715803,0.0013016346583298714,-0.0002371616209409659,-0.00048132408857562555,6.534099415499577e-05,0.0003040380774408337,-0.00030403807744083127,-8.563408083991938e-05,8.575809261147986e-05,-8.980968877802686e-06,-7.082664134701789e-06,-1.1844002711685974e-05,-5.278864067440015e-06,-0.00015199490282880227,-0.00015006546062600173,-0.0001403670166153565,-0.00012283805084914456,-0.00011722302748000364,-7.045832112509198e-05,-8.389259796782165e-05,-7.824746125764052e-05,-0.00012209644256600942,-6.977436355582095e-05,1.1906681565016533e-05,5.665898892359754e-06,-0.00010145628016263014,-0.00011919700648068969,-0.00011958653311139565,-2.957148997464435e-05,-3.233589090737953e-05,-2.0883190762017212e-05,-1.2251118002126193e-05,-7.995085539284207e-06
SENATEME-26-D,-0.007096683083868686,0.007220062149581099,-0.0004644829177553665,0.001019370489678193,-0.000554268822175883,6.670230837429932e-05,-0.0011421735750135839,-0.000609587626699304,0.0011794083116438063,-0.0008764981549875364,-0.002096038416520959,-0.0006535867416473724,0.0004364509244512356,-0.01482067941074739,0.0148206794107474,0.000709971233467746,-0.00010032767169989682,-0.0004834402727773885,-0.00019582187570457824,-0.00042333712696170615,-0.00014824355944349573,0.00024386627100524697,0.0007133747268111038,-0.0008689274847666011,0.0010222399023270903,0.00036681510923777653,-0.0005051495143109692,-0.0012149803387260048,-0.0002666287511583369,2.8501897929625884e-05,-0.014790511236596707,0.014790511236596724,0.0013615560047999125,0.00021688682525676593,-0.001634234626052057,0.00198312817204444,0.004279886243074395,-0.022834779948185405,0.022802033516456773,-0.016055138634662697,-0.021785547057559383,0.01734639359058933,0.04072078301922247,-0.04072078301922251,0.0013211194754301735,-0.004043739895290794,0.0018697252502743852,0.0037516759360566657,-0.00024330374031745306,-0.004646179737824109,0.0038534825365691655,0.00040728037002034985,-0.00024200004226945925,-0.00024240379438752188,-0.001614858714221139,0.0008177715826649844,-0.0007515043582213227,-0.0004846755236879521,-0.001930932863558754,-0.0007641401855784436,-0.002067287095901888,-0.0011609950209561578,0.0006737318439676932,-0.0010826489376885807,9.904080814246175e-05,0.2176,-0.21759999999999996,9.99306942494866e-05,-0.00025643994960082616,0.0002042429234416519,0.00010094532087328518,0.0004364301939416677,0.00017511623106314297,5.11157506940009e-05,-0.0005282194858180001,-0.00028945067806468395,0.0014927797684888896,0.0023708880388255927,0.0020586564146255937,0.00014232399869516153,-0.0008762371649995708,-0.0012908323659510832,0.0008405527225906134,0.00022689031225639377,0.0010545458194968311,-0.002119005479199113,0.00026210919438645404,-0.0003346205170718626,0.00013996943129622404,0.00014848354070889387,-6.216303175080371e-05,-4.902858123603401e-05,0.00023131540260787798,-1.9145991192500863e-05,0.00011481297335561071,-0.00011652040204365588,0.005994896955732649,0.00797408342623162,0.0024517881596561398,0.0006310321944634496,-0.0019802872782082653,0.0077354776151264,1.6983608144618773e-05,-0.0003109408008223756,-0.0006214980609557451,-6.45303511417235e-05,-0.0003477666240636023,-0.0006291116411755598,0.00010772438140758801,1.2837478360062749e-05,-0.0002710358134960912,-0.00038773902772458143,0.0006078194693459073,-0.0002660175178930802,-0.002172644749499576,-0.0018129955298001265,0.0006119167467638778,-0.0013203385684503824,0.0004118296793130358,-0.0008090695983545674,0.0008174162494459105,-0.0013749223155990692,0.0012377435811259888,-0.003200241964061018,-0.0015539588628751542,0.006013838012563104,0.0004180311192387375,-0.0021295421571549283,0.003549132115889017,-0.0017597222767191376,-0.001519712117982719,-0.00018371024543981231,0.0017091598196621019,-0.0017264902974143876,-0.001594745456701393,0.0037251109667977723,-0.000692468150351338,-0.0013926449303468692,0.00017837112587642363,-0.02263148524980991,0.022631485249809923,0.033935252116184894,-0.03398398023114749,0.0035783385986892955,0.0028519881022207967,0.004742895568398604,0.0020221204162245085,0.006228191128708475,0.006148966503755926,0.005748877815541461,0.005026658132906545,0.004821671472667051,0.002853988676985059,0.003450920475688026,0.0032121491361254244,-0.0012213353243684469,-0.0006971066873236356,0.005450608543463584,0.0027209623171397927,0.005406179284162241,0.006361823926650837,0.006370963097059309,0.0007124468585777369,0.0007782613598327034,0.0005062382896791307,0.00029150784607927683,0.00019356751281212004
SENATEME-26-R,0.007096683083868668,-0.0072200621495810725,0.00046448291775535034,-0.0010193704896781868,0.0005542688221759108,-6.670230837428146e-05,0.0011421735750135865,0.0006095876266992732,-0.0011794083116438124,0.000876498154987509,0.0020960384165209494,0.0006535867416473912,-0.00043645092445124826,0.01482067941074739,-0.014820679410747366,-0.0007099712334677513,0.00010032767169991394,0.00048344027277738935,0.00019582187570458021,0.00042333712696170805,0.00014824355944348624,-0.00024386627100525976,-0.000713374726811105,0.0008689274847665898,-0.001022239902327063,-0.0003668151092377793,0.0005051495143109717,0.001214980338726007,0.0002666287511583445,-2.8501897929619457e-05,0.01479051123659669,-0.014790511236596696,-0.0013615560047998984,-0.00021688682525675953,0.0016342346260520568,-0.001983128172044461,-0.004279886243074389,0.022834779948185408,-0.022802033516456773,0.016055138634662673,0.02178554705755938,-0.017346393590589308,-0.040720783019222426,0.04072078301922247,-0.0013211194754301663,0.004043739895290779,-0.0018697252502743787,-0.003751675936056685,0.0002433037403174488,0.0046461797378241215,-0.003853482536569188,-0.0004072803700203466,0.000242000042269468,0.0002424037943875216,0.0016148587142211374,-0.0008177715826649801,0.0007515043582213238,0.00048467552368795027,0.0019309328635587503,0.0007641401855784558,0.002067287095901862,0.0011609950209561536,-0.0006737318439676767,0.0010826489376885625,-9.904080814244721e-05,-0.21759999999999996,0.21759999999999996,-9.993069424947993e-05,0.00025643994960083656,-0.00020424292344164066,-0.00010094532087328682,-0.0004364301939416553,-0.00017511623106313752,-5.11157506940089e-05,0.0005282194858180064,0.0002894506780646836,-0.001492779768488895,-0.0023708880388255806,-0.002058656414625578,-0.0001423239986951605,0.0008762371649995695,0.00129083236595108,-0.0008405527225906117,-0.00022689031225640565,-0.0010545458194968279,0.0021190054791991163,-0.00026210919438646445,0.0003346205170718714,-0.00013996943129622583,-0.00014848354070890713,6.216303175081116e-05,4.902858123604076e-05,-0.00023131540260788757,1.9145991192512223e-05,-0.00011481297335561063,0.00011652040204366435,-0.0059948969557326506,-0.007974083426231612,-0.002451788159656148,-0.0006310321944634252,0.0019802872782082514,-0.007735477615126396,-1.6983608144628985e-05,0.0003109408008223844,0.0006214980609557234,6.45303511417209e-05,0.000347766624063599,0.0006291116411755588,-0.00010772438140761315,-1.2837478360054302e-05,0.0002710358134960896,0.0003877390277245862,-0.0006078194693458897,0.00026601751789308314,0.0021726447494995593,0.0018129955298001306,-0.0006119167467638827,0.0013203385684503795,-0.0004118296793130434,0.000809069598354572,-0.0008174162494459145,0.0013749223155990588,-0.001237743581125972,0.0032002419640610033,0.0015539588628751605,-0.006013838012563101,-0.0004180311192387398,0.002129542157154919,-0.0035491321158890162,0.001759722276719145,0.0015197121179827233,0.00018371024543980838,-0.0017091598196621134,0.0017264902974143935,0.001594745456701397,-0.0037251109667977757,0.0006924681503513478,0.0013926449303468702,-0.00017837112587641994,0.022631485249809895,-0.022631485249809923,-0.03393525211618488,0.03398398023114748,-0.0035783385986892973,-0.0028519881022207876,-0.004742895568398591,-0.0020221204162244946,-0.006228191128708449,-0.006148966503755909,-0.0057488778155414515,-0.00502665813290654,-0.004821671472667049,-0.002853988676985055,-0.0034509204756880303,-0.0032121491361254235,0.0012213353243684412,0.0006971066873236345,-0.00545060854346357,-0.0027209623171397914,-0.005406179284162264,-0.006361823926650847,-0.006370963097059335,-0.0007124468585777617,-0.0007782613598326861,-0.0005062382896791348,-0.0002915078460792647,-0.0001935675128121195
KXMLBAL-26-CLE,0.0006315259531262893,-0.0006436650835032439,3.98362196560153e-05,-0.0014314247620742676,0.0007594601739646502,-0.0001044138300940281,0.0015759145910274222,0.0008351908659309857,-0.001660681693297584,0.001210721837210972,0.002911169973195994,0.0008985925551454905,-0.0006203638277481088,0.00016558274878972074,-0.000165582748789729,-0.0009507512466218091,0.00014013172262645636,0.0006560674881845978,0.0002689617855974269,0.000580439138426522,0.00020544801188227463,-0.00032647614660370506,-0.0009581465632918452,0.0011729422196742696,-0.0013640165173967242,-0.0004833824375318093,0.0006919604999452908,0.0016282724610861233,0.00035967259782522575,-3.548193627977079e-05,0.0004123514124875511,-0.0004123514124875485,0.0010378416197305423,0.00011470339251600284,-0.0014577079434727534,0.0015579809709061663,0.003490183795649874,-0.0007427309172777111,0.0007416706544804693,0.0006764144482119653,0.0009656466844480834,-0.0009977003304385626,0.0004931176017300642,-0.000493117601730066,-7.672001893402092e-05,0.0002377027122037711,-0.0001085961481536275,-0.001861969760427998,0.00012249036246332466,0.0023095891055425295,-0.0019102925830364135,-0.00035505074485314074,0.00024325468231104988,0.00024382136839029743,0.001475105562926955,-0.0007006166727666651,0.0007029573422398562,0.00046158100636503694,0.0017575232007001895,0.0007112864356552335,0.0018809955920346677,0.001076415205315399,-0.002305744771737956,0.0037039965762564655,-0.00033791430052926004,9.99306942494866e-05,-9.993069424947993e-05,0.0651,-0.007704200630284983,-0.005581654195242381,-0.001378642208112971,-0.016082268920649914,-0.002776183896997671,1.3350293876807976e-06,7.326407021708598e-06,5.909978212471478e-06,-2.07473023764615e-05,-4.0505900639624206e-05,-3.5802914764917834e-05,2.605220614290623e-07,1.8172487976794817e-05,2.3843340913670563e-05,-6.830024976458455e-06,-7.299951660089705e-07,0.0001570183325582595,-0.0003202256807094769,-0.0018236697796990388,0.002263369200786583,-0.000987973129305605,-0.0010478047199794231,0.00041890957337250385,0.00031043157328065684,-0.0016157408163253455,0.0001058176335584219,-0.0008397749567323719,0.0008235206399546655,-0.00011362121231928558,-0.0001129828707570608,-1.7653373604601647e-05,3.4027873116717324e-05,0.00011608771305883125,-0.00014867598057105374,-1.0392209456976799e-05,0.00026488381135866205,0.0005224084212212836,5.851569021200321e-05,0.0002950389168127785,0.0005285816535028934,-8.37395945093316e-05,-6.9117275154186835e-06,0.00023138571217373662,0.00032815595237793954,-0.0004954371529617106,0.00020976463375957946,0.001748233054353209,0.0014569021622581305,-0.0005012696546745495,0.001058583122425659,-0.00032913140566672675,3.6728201293513926e-05,-3.7107565335244624e-05,0.0006020411568695152,-0.0005448244962563852,0.0013975183946302952,0.0006807971749609354,-0.002629593620149292,-0.00018669685088182545,0.000928217446301131,-0.0015549013463872267,0.0007668005718498439,0.0006613279809949423,0.00011949702871673755,-0.0011272937754717993,0.0011460468072479945,0.0010499522881258394,-0.0024550103186405836,0.00045324842564826344,0.0009276969759299773,-0.00011942760142442631,-0.0008688028830719328,0.0008688028830719388,-0.00029851321037709506,0.0002989476494928711,-0.00028336094973017414,-0.00022500552434794762,-0.00037489365992208286,-0.00016194227716072855,0.0001900911683904232,0.0001876104313665096,0.0001751169305564752,0.00015280122791623936,0.00014850640979955073,8.453958779973986e-05,0.00010618308744395904,9.869339381221514e-05,4.410464661810542e-05,2.5985756274293762e-05,-0.00031186927152872896,-0.00015737496343244526,-3.353790838229922e-05,-3.8734735149357444e-05,-3.970819642289484e-05,0.0004914075309369871,0.0005344630446874351,0.0003467993037233921,0.0002041569135287997,0.00013197696794065814
KXMLBAL-26-CWS,-0.0015919151213160108,0.0016197688138973939,-0.00010382865093144493,0.0035916095727711195,-0.0019154195481835023,0.00025603774913015556,-0.003967806154820651,-0.0021060097377427435,0.0041681276403613505,-0.003049486489453887,-0.00732369054198912,-0.0022650174979968367,0.001552986375204849,-0.00038750228945190197,0.00038750228945191525,0.0023668646387656244,-0.0003370664934339443,-0.001615428700106493,-0.0006557449337312035,-0.0014165056743498715,-0.0004971928201663627,0.0008123917669414228,0.002378953783250071,-0.0029011807263071964,0.0034070788868131143,0.001220508572353338,-0.0016899076355421845,-0.004053250213733038,-0.0008907793059754261,9.345905159196662e-05,-0.0010017489863925093,0.0010017489863925338,-0.0028819990164735253,-0.00046518006122807685,0.003460144362597645,-0.004197020864814615,-0.00906710518953116,0.001874981554809608,-0.0018722951570884637,-0.002000342461453668,-0.0027310921604874468,0.002254832738501953,-0.001240310452320552,0.0012403104523205498,0.000195962053044544,-0.0006007831953875456,0.0002773431759224401,0.004692824789593766,-0.0003027355688127919,-0.005808623414312576,0.004821187205100252,0.0009005274399269654,-0.000574598969961227,-0.0005757372296339379,-0.0036547150625863313,0.0017947506457941576,-0.0017207922450912468,-0.001120002527061526,-0.004362437984267082,-0.0017454726115129998,-0.00466969510704047,-0.002646707839154977,0.005787343153947464,-0.009301155288103876,0.0008514001282988768,-0.00025643994960082616,0.00025643994960083656,-0.007704200630284983,0.09790000000000001,-0.008805663714147278,-0.0022064782696509556,-0.02530486730468489,-0.004406942485384846,1.6929323537661454e-06,-2.7126215366669818e-05,-1.5723680639526984e-05,7.666503379171466e-05,0.00012517531019395932,0.0001089756537482479,6.2951135937484245e-06,-4.771289456120859e-05,-6.896541857733073e-05,4.0964017756260515e-05,1.0552775284286337e-05,-0.00040394419871137363,0.0008110841956474656,0.004555806439954229,-0.005684057589484147,0.00246159101663479,0.0026105511806477893,-0.001049276800831049,-0.0007887898164949583,0.004032945317875864,-0.0002760118736374264,0.0020783185294537504,-0.0020468014212921526,0.0003117755495625076,0.0003946273410519569,0.00011119437880748853,6.108697588413682e-06,-0.00015122751843341169,0.00040387617266062224,3.834131484161453e-05,-0.0006395590905648491,-0.001286429940450712,-0.0001291752264256064,-0.0007166167110143362,-0.0013025505428014708,0.00023133303374896447,2.9770257280030936e-05,-0.0005570655607820742,-0.0007999240767296709,0.0012441468858616599,-0.0005335195396081535,-0.004412106484667982,-0.003679712121572426,0.0012539492131537755,-0.0026768904956984956,0.0008396153389445386,-8.79990121912726e-05,8.890761873775703e-05,-0.0015100968623488183,0.0013636532829106038,-0.0035109341735548106,-0.0017071999168843323,0.006602645319484985,0.0004639541908463649,-0.002334080641762066,0.003900510846357508,-0.001928423209353096,-0.0016642803626582532,-0.00029620392541718763,0.0028327006411348176,-0.0028560872858817087,-0.0026290064495698303,0.006164412780004092,-0.0011354259983165377,-0.002306595485058492,0.0003018497911206116,0.0021959428381980815,-0.002195942838198081,0.0007355950861233122,-0.000736654682131763,0.0007167096592495426,0.0005708838820505492,0.0009496789612387146,0.0004057841249631108,-0.0004763576424776292,-0.00047026261511957826,-0.00043951861345608786,-0.00038414714909920986,-0.00036943721442076014,-0.00021701982761816946,-0.0002643599825690122,-0.0002460068285182579,-0.0001089915864757865,-6.268943355786766e-05,0.0007805184484522685,0.00039049883235695856,8.616142500935829e-05,0.00010104743676550465,0.00010161271579888585,-0.0012360665395826905,-0.001348871130449774,-0.0008772144459216493,-0.0005071742186415298,-0.00033505880946518244
KXMLBAL-26-HOU,0.0012829095711152172,-0.0013068148863771395,8.187570714049045e-05,-0.0029031621041180028,0.0015431891188640435,-0.00021002993838104196,0.003200210744936667,0.0016969534139994235,-0.0033684890209151244,0.0024589412224936425,0.005909937871347037,0.0018255163253496206,-0.0012571501797722976,0.0003280892901591336,-0.000328089290159127,-0.0019231181514880722,0.00028015154008358654,0.0013220633453208557,0.0005401707713803681,0.0011661140295671207,0.0004115773062451809,-0.0006602785936430706,-0.0019363125906097156,0.002367284143236903,-0.002762223972874616,-0.000982542074943236,0.001390511455271627,0.0032934676410981308,0.0007262257663432744,-7.320822638596937e-05,0.000827206294129878,-0.0008272062941298865,0.002182488645803975,0.00028214338563527664,-0.002901451115543205,0.0032402037004937963,0.007165246764756402,-0.0015095581079684211,0.0015074004637038077,0.0014564983288447642,0.002044542974943385,-0.001954320756625275,0.0010009731706251126,-0.0010009731706251057,-0.000156570236689045,0.0004833285254921654,-0.00022161238541589895,-0.00378231267636324,0.00024714768020671926,0.004688129443044181,-0.0038823088328911177,-0.0007227832710636342,0.0004834329768797161,0.00048450297193540276,0.0029788896151720814,-0.001431236323505428,0.001413786665223232,0.0009255809966388358,0.003551441768249645,0.0014317303860610637,0.0038011590491119486,0.0021681369788163164,-0.004677105794694298,0.007514575243297706,-0.0006863422612973534,0.0002042429234416519,-0.00020424292344164066,-0.005581654195242381,-0.008805663714147278,0.0736,-0.001569415529079267,-0.018373633344464353,-0.0031658344072961046,1.310044189362096e-06,1.7283607438794974e-05,1.2234702580152272e-05,-4.890095515363262e-05,-8.867845327243984e-05,-7.792051856672686e-05,-1.3978967907362103e-06,3.7443171376979604e-05,5.08917768191892e-05,-2.0457722877113804e-05,-3.898293215777841e-06,0.0003212625866104641,-0.0006516246061208481,-0.0036932616889123037,0.004591993423207051,-0.00199901877355395,-0.002120047462088029,0.0008491310746602892,0.0006323600410632329,-0.0032712189554104055,0.00021753049428137469,-0.0016952722616053143,0.0016648645008089805,-0.00023721770057221847,-0.00025865378210927575,-5.360485267917905e-05,4.457490360358136e-05,0.00019817750819216393,-0.00030936328282188586,-2.4502668202895634e-05,0.000530254246121465,0.0010527705298979146,0.0001137599006917877,0.0005918050289031896,0.0010654668274164563,-0.00017575766054300977,-1.7488553251728026e-05,0.00046274624320736597,0.0006590331468902175,-0.0010053890892276181,0.00042718700908871555,0.0035526151313320063,0.002961338050652872,-0.0010158850848643747,0.0021525166270020693,-0.0006715862337653752,7.333407151931678e-05,-7.409151336183715e-05,0.0012209105817457301,-0.0011040618811665826,0.002835670235592907,0.0013805005001539276,-0.005334656140075491,-0.00037739587547812943,0.0018840293602850723,-0.0031533862260941497,0.0015564631132491346,0.0013426858544136624,0.00024128765027188551,-0.002287637159977513,0.002318970506627715,0.0021279474308039995,-0.004980623048164355,0.0009187013760236786,0.001875667693934624,-0.00024289608926681935,-0.0017665518535238608,0.0017665518535238546,-0.0006017390188047335,0.000602611787902271,-0.0005763104837431677,-0.0004581245843753748,-0.0007628835138483067,-0.00032829901980950966,0.00038538151925920276,0.0003803856677790415,0.0003552130928093656,0.00031012391383056616,0.0003003228906830954,0.00017282382985768903,0.00021479130239344084,0.00019972228697414589,8.89774151373434e-05,5.199721388933059e-05,-0.0006319740509360192,-0.0003179628491931873,-6.858380872258355e-05,-7.96355805188625e-05,-8.108975883750285e-05,0.0009975343154582795,0.0010861982143227453,0.0007053666921961424,0.0004126360435927379,0.00026877694196958873
KXMLBAL-26-SEA,0.000645680484613745,-0.0006588164007653533,3.9613549876605744e-05,-0.0014697850434279998,0.0007746353448638754,-0.00011031054732759672,0.001610885756850514,0.0008520558705910879,-0.0017048282654900345,0.0012371456246071835,0.00297928845902325,0.0009172624222448114,-0.0006388990974278357,0.0001785522808018967,-0.0001785522808018956,-0.000981601033214798,0.0001486761124149566,0.000683385493732051,0.00028236585301088087,0.0006088237972947475,0.00021693567558613074,-0.00033712536686941535,-0.000991316700289434,0.0012174080622860788,-0.001404573512445876,-0.0004933925247446471,0.0007253700153619978,0.001681468181175118,0.0003729946590890703,-3.4851231920919476e-05,0.0004333615592579187,-0.00043336155925791553,0.0009740356724302191,5.935163886230383e-05,-0.0015606515825604384,0.0015046187313313857,0.003480078348427945,-0.0007587049351252602,0.0007576248785614101,0.0005957185404315724,0.0008907301219008748,-0.00110338241930584,0.0005051184416890404,-0.0005051184416890397,-7.760515337947989e-05,0.0002424878137964967,-0.0001098608508103017,-0.0019036587165333786,0.00012725062259787742,0.0023654450422200173,-0.001950889524503231,-0.0003615872568900188,0.00026070442076640024,0.000261380561979679,0.0015281662840396,-0.0007074308308112878,0.0007347003994164592,0.0004854164369893717,0.001818247232642919,0.0007420804724951094,0.0019457586853981758,0.0011214383126096309,-0.0023650452564247687,0.0037979981939559966,-0.0003456533353469334,0.00010094532087328518,-0.00010094532087328682,-0.001378642208112971,-0.0022064782696509556,-0.001569415529079267,0.0196,-0.0045694711061157675,-0.0007611033810203045,2.9058247444621862e-06,4.824775340022752e-06,5.780716790299425e-06,-1.3732091552490314e-05,-3.433871425950622e-05,-3.086462233152608e-05,2.398736684076964e-06,1.799448749826052e-05,2.1653405113676706e-05,2.895556017399876e-07,1.9218656255430645e-06,0.0001577673371856871,-0.00032596783391905667,-0.0018771948637358788,0.0023207963397125506,-0.0010189395604966959,-0.001080686019106033,0.0004304670863092253,0.00031554746835925866,-0.0016642077895955907,0.00010541986944194879,-0.000870368167640347,0.0008510219941348454,-0.00011336628890949428,-9.205771918315434e-05,-3.404485584763194e-06,5.582187162236867e-05,0.0001499911903951387,-0.00014887055683307575,-6.586806151630558e-06,0.00027997604976956014,0.0005439547336879621,6.584171416141017e-05,0.000310451806118283,0.0005500864852464987,-7.898975744686159e-05,-2.9636016214950668e-06,0.00024510460483675653,0.00034435962745093217,-0.0005044358287547832,0.0002167489261276815,0.001789945664293014,0.0014915101044878191,-0.0005118037703891167,0.0010839009809568648,-0.00033041093128698606,3.903542849080743e-05,-3.943768819421796e-05,0.0006181195053432597,-0.000560297855355383,0.0014327624425405727,0.0006991293331740089,-0.002696931250676454,-0.00019315571049902827,0.0009508714654509673,-0.0015960432162987464,0.0007854427928115782,0.0006770141759183414,0.00012455631207905816,-0.0011544451750836785,0.0011825153533859235,0.0010798053927024006,-0.002516623480037977,0.00046651480400859485,0.0009588613678833655,-0.00012113025539423754,-0.0008865477811468823,0.0008865477811468768,-0.000310417807546291,0.0003108720338352443,-0.0002888859404760502,-0.0002287381699304078,-0.00038165858512831277,-0.0001663728116833314,0.00019520928318691392,0.00019262579785200027,0.00017962273238615882,0.0001565359083816529,0.00015334489578678421,8.52184133300966e-05,0.00010957486537148831,0.00010175703095212805,4.5855958098099806e-05,2.7496803939634054e-05,-0.0003207172912369492,-0.00016298573062171998,-3.3762958174038586e-05,-3.855332997837723e-05,-4.010681880506665e-05,0.0005032293388077262,0.0005457416657660824,0.0003532998342774817,0.00021145151625957803,0.00013401989176582176
KXMLBAL-26-TB,0.002716138824357965,-0.0027643653562157266,0.0001762019030484018,-0.006133031556398105,0.0032671854203814394,-0.00043936424949763493,0.006770422310752738,0.0035924136831684606,-0.007117143036690173,0.005203100568880362,0.012499012175552025,0.0038639879479589597,-0.0026531927108529186,0.0006692189703270912,-0.0006692189703271082,-0.004046622441613487,0.0005796921429280851,0.0027670464547714362,0.0011251210238336308,0.00242999199429405,0.0008541696999247111,-0.0013890212112787196,-0.004069094396388287,0.004965596543711815,-0.00582184114418609,-0.002081795674144741,0.0028986384345840006,0.006930020204738124,0.001524332725063783,-0.00015828536894232838,0.001719475547678118,-0.0017194755476781264,0.004842588317818261,0.0007441256051259962,-0.005963940820878658,0.007085212143682405,0.01539459821495296,-0.003198486077654667,0.0031939060517037162,0.0033298654023173383,0.004576086205451893,-0.003919616045083094,0.0021170563383732226,-0.002117056338373245,-0.00033362538781834194,0.0010245903761282769,-0.00047218702254883416,-0.008006972241471826,0.0005182369034608151,0.009914277998865517,-0.008224126084947478,-0.0015350930394683751,0.000990992759466743,0.0009930178288040871,0.006253275638774226,-0.0030543236584272496,0.0029501261724150666,0.001922899891592051,0.007461957080972906,0.0029912269623420607,0.007987310528174885,0.0045342246098418176,-0.009881110007656617,0.015879333244365426,-0.0014527854295244861,0.0004364301939416677,-0.0004364301939416553,-0.016082268920649914,-0.02530486730468489,-0.018373633344464353,-0.0045694711061157675,0.17710000000000004,-0.009165513888550579,-1.5225929560627856e-06,4.394149770907412e-05,2.6605322367273565e-05,-0.000124225542511796,-0.00020735486301685422,-0.0001808871721295299,-8.861948386633913e-06,8.090096690097401e-05,0.00011528300643402504,-6.34758186626516e-05,-1.564989155014588e-05,0.0006868190594826562,-0.0013826524223966251,-0.007784292135892947,0.009703976503583657,-0.00420777699248193,-0.004462438106643002,0.0017921311827774943,0.0013441613849412663,-0.00689183789615882,0.0004684432594251643,-0.0035564596811967076,0.00350018541227037,-0.0005289387311998487,-0.0006516298173662069,-0.00017624682991469824,8.790532102327076e-06,0.00028678164290336147,-0.0006856944992879406,-6.198654231443343e-05,0.00109907087644077,0.0022033703361471393,0.00022553928746754144,0.0012302475525565338,0.00223072040827505,-0.00038903251604971347,-4.730665794057129e-05,0.00095778221253086,0.0013724310556828844,-0.002122568872819747,0.0009105574971122303,0.007528239336287268,0.006278103265716576,-0.002140582458852157,0.0045667581270782825,-0.001428579654061641,0.00015142370034302796,-0.00015298685470153527,0.0025787147739768346,-0.002329463501104764,0.005993737130125257,0.002915425962267038,-0.011272724797469807,-0.0007935350240723918,0.0039840173591978514,-0.006660475064884171,0.0032915405431699603,0.0028403561787154813,0.0005071767857507963,-0.004835138527064622,0.004882339296486615,0.004490867973399329,-0.010523844299448411,0.001939668129639141,0.003944487058595361,-0.0005144263547820025,-0.0037452090110934103,0.003745209011093412,-0.001259605796724219,0.0012614228335158435,-0.0012221682638734357,-0.0009729733270743864,-0.0016190040057363364,-0.0006930319132864918,0.0008135140037715332,0.0008030733667130808,0.0007504173708897861,0.0006557054854848363,0.0006316550011682374,0.0003692193734409706,0.0004519376114711249,0.00042048140066667145,0.00018663225169485544,0.00010779090034059456,-0.0013333185569864082,-0.0006680454976442835,-0.00014654630787584087,-0.00017146461546618713,-0.00017293861917319918,0.0021096961193752817,0.0023009213029595897,0.0014957393826680121,0.0008675474762906456,0.0005709542819113636
KXMLBAL-26-TEX,0.0011081215322811793,-0.0011295739208911403,6.968688752745077e-05,-0.0025128322745791316,0.0013323401425411252,-0.00018382065654600415,0.002765258620205314,0.0014652280796965313,-0.0029152092238554266,0.002124371159246513,0.00510880746053455,0.0015765427720867559,-0.0010893551028360543,0.000292313603908094,-0.0002923136039081082,-0.0016701030430569933,0.00024691952189176446,0.0011536081807369304,0.00047335454263576254,0.0010214351644394905,0.0003618131073762882,-0.0005735073685322675,-0.0016834944026479196,0.002061626844188324,-0.0023953341099702623,-0.0008480252224385614,0.0012176049557959072,0.0028602981003233593,0.0006321151101246312,-6.199094617473643e-05,0.000725818628885897,-0.0007258186288858936,0.0018042895791118142,0.00019012142276308072,-0.0025713240925930624,0.0027167226304455503,0.006107093179690999,-0.0013031281498294,0.0013012684871486035,0.0011681585692990108,0.0016755185146940029,-0.0017668431332996009,0.00086545564038056,-0.0008654556403805576,-0.00013445433551315756,0.0004169816463978432,-0.00019032059295682156,-0.003267137559853905,0.00021531460789751215,0.004053352673289932,-0.003351508757377035,-0.0006226990686649781,0.0004291973159092173,0.00043021049090097405,0.0025922509489160472,-0.0012275901836387565,0.0012366049889332266,0.0008125837406397473,0.0030880604551232044,0.0012509952020587213,0.003304962535963862,0.001892862165173816,-0.004047301762777206,0.006501421258433893,-0.0005929562104749026,0.00017511623106314297,-0.00017511623106313752,-0.002776183896997671,-0.004406942485384846,-0.0031658344072961046,-0.0007611033810203045,-0.009165513888550579,0.03839999999999999,2.6438267495839135e-06,1.2339342288283883e-05,1.0321431426988723e-05,-3.4954903498618726e-05,-6.970587583263264e-05,-6.171172081093765e-05,8.71330573007202e-07,3.177634820347234e-05,4.131294672548874e-05,-1.0569448601323098e-05,-7.613950448352968e-07,0.0002749631299493821,-0.0005615979668025262,-0.0032024002606008896,0.003972749473839042,-0.0017352878121117206,-0.0018403839660783685,0.0007354593253553256,0.0005443359126222737,-0.0028374772616185854,0.0001851263209608189,-0.0014758288986461941,0.0014467605866587312,-0.00019920921714721438,-0.00019452634537705564,-2.8608900086094566e-05,6.319734182723894e-05,0.00020878091801037344,-0.00026071550846618757,-1.7462765342485364e-05,0.0004665399168175462,0.0009185425347634507,0.000103828231341031,0.0005193843265392219,0.0009293399758134638,-0.00014566516925324684,-1.1343222322219348e-05,0.0004076420786893463,0.000577503213049508,-0.0008691452670320169,0.0003682713063482962,0.0030677927557565747,0.0025564895331960176,-0.0008796605947887473,0.0018575002259474285,-0.0005765177812810968,6.473234119387411e-05,-6.540084915566746e-05,0.0010568815331548015,-0.0009566226793459388,0.0024529434720528213,0.001195166728142386,-0.00461569984639975,-0.0003280337457525191,0.0016290730630361735,-0.002729562029654854,0.001345763301727401,0.0011605787098130484,0.00021012630387960744,-0.001978408746507173,0.0020130280232749246,0.0018435335515993392,-0.004309025727209092,0.0007958888604302656,0.0016298219179062168,-0.00020938002553641264,-0.0015241384007198765,0.001524138400719873,-0.0005247836838593728,0.0005255479448130606,-0.0004970515228047416,-0.00039456762143576224,-0.0006575112114660273,-0.0002843077299745408,0.00033371103010682577,0.00032934927560902534,0.00030738346500396767,0.00026817480501096006,0.00026086914045075145,0.00014810526700357316,0.00018651027756403157,0.00017333704152382314,7.754784223126183e-05,4.5789492675672914e-05,-0.0005475876828433457,-0.0002765435694761332,-5.874260613568605e-05,-6.775501763275042e-05,-6.957601431900552e-05,0.0008624150358120994,0.0009376805757890175,0.0006082899140633266,0.00035873267469649036,0.0002314081387025369
KXINXY-26DEC31H1600-B6300,-5.775605958087526e-05,5.9875347472056e-05,-3.470038142544268e-06,2.3539806144865376e-05,-1.258458282916755e-05,1.7004160538686587e-06,-2.616237828662367e-05,-1.3889814395673612e-05,2.686012558268444e-05,-1.9877408952757197e-05,-4.775683920753546e-05,-1.4837301689908461e-05,1.012676965080139e-05,4.6155515947760596e-07,-4.615551594803415e-07,8.866388094633832e-06,-1.1790424315105998e-07,-4.293932831263673e-06,-1.0945434798253404e-06,-2.3732554794802115e-06,-4.5243649297632567e-07,2.9063677934285938e-06,8.200875031234434e-06,-9.07558935048177e-06,1.412059128496316e-05,6.447309523849198e-06,-2.944573150630067e-06,-1.5558744306342985e-05,-3.0192624917389283e-06,7.814856480995504e-07,-2.331192643518052e-05,2.3311926435173243e-05,-2.4627690135861405e-05,-2.1463662525741816e-05,-4.0745637636534485e-05,-2.041384447296193e-05,-2.7696340185192846e-06,-4.166388957339973e-05,4.160606474158786e-05,-8.372964951609764e-07,6.227049916796793e-06,-4.0195804095770034e-05,1.704148377293898e-05,-1.7041483772928504e-05,1.614824700922765e-05,-4.924250914929304e-05,2.2853388526025483e-05,6.542059576967479e-06,-1.0880685650975328e-07,-7.402727150067707e-06,7.174017738892528e-06,7.82362078898999e-06,4.952329543740739e-06,4.988495647105527e-06,-9.405491349471817e-06,1.7662050390093778e-05,3.517133205815314e-07,2.7873094476770737e-06,-1.3010145466029714e-05,-6.526569514760092e-07,-1.4150901971043297e-05,-2.319878340699739e-06,8.067553055519817e-06,-1.3664193542059664e-05,1.7428682123732239e-06,5.11157506940009e-05,-5.11157506940089e-05,1.3350293876807976e-06,1.6929323537661454e-06,1.310044189362096e-06,2.9058247444621862e-06,-1.5225929560627856e-06,2.6438267495839135e-06,0.0196,-0.0004012529158675423,-0.0006000791274273112,-0.0009961364324790928,-0.0019963176309853734,-0.0023970122331468343,-0.003198865555335467,-0.001600229148888459,-0.0012012455852498576,-0.00039617346366405365,-0.0005986233224865124,2.6056212606896504e-05,-5.478027602769616e-05,3.2726606360917096e-05,-4.7033463064323304e-05,1.6330333235844857e-05,1.7313359752299397e-05,-8.434439353401507e-06,-8.49092209991067e-06,2.8298519376519188e-05,-4.4784005170382396e-06,1.0954933017971138e-05,-1.3005629460392218e-05,-1.1288317414312513e-05,-4.436695089280907e-06,4.503521395059727e-06,1.4046261657981151e-05,3.2326827242290804e-05,-1.56356301887578e-05,7.986333833420851e-07,-2.6697366022347874e-06,-6.844993755453138e-06,1.1376653596742187e-07,-3.226701660024701e-06,-6.99686306285694e-06,2.757762806173325e-06,7.547832431318526e-07,-2.247651686245159e-06,-3.772800318910286e-06,-9.044397972792696e-06,-7.38804884869086e-06,-3.8275382323237055e-06,-5.042526679911463e-06,-1.0035167682156405e-05,-6.421082092760395e-06,-5.160467580297414e-06,4.5067847257860645e-05,-4.553137089353621e-05,-8.019203214973456e-06,6.612400047571507e-06,-1.9203908292121446e-05,-8.995293686486139e-06,3.522257591564289e-05,1.7397757638860508e-06,-1.3087450921739936e-05,2.029260339324506e-05,-1.0866254877931078e-05,-9.538630485714244e-06,2.8333859443494457e-06,-6.791894239419593e-06,1.340692584381409e-05,1.0504672815361618e-05,-1.7224537915778926e-05,5.320862275378105e-06,1.1928719305557486e-05,5.169837589601782e-07,3.157875516546948e-05,-3.157875516546897e-05,-3.9080407194297146e-05,3.913566207262784e-05,3.994923554887116e-06,3.2774682258556106e-06,5.3596935158048465e-06,1.8463906428787323e-06,0.0002863728539387176,0.0002827120703130312,0.00026424580406902683,0.00023097376246764673,0.00022201749396735253,0.00013061406031406584,0.0001588777951028073,0.00014785345486684147,4.685056025191752e-06,3.251597458993065e-06,3.999683853418423e-05,1.938508035261095e-05,4.306907039564118e-06,5.398264529560171e-06,5.023417719149285e-06,-3.1860309924149194e-05,-3.511300657510172e-05,-2.2771093041720483e-05,-1.2844302951567576e-05,-8.792134652935911e-06
KXINXY-26DEC31H1600-B6700,0.0005987276356468682,-0.0006104195416514741,3.904133693028956e-05,-0.00023824266978869418,0.0001278793695531986,-1.655498550600618e-05,0.0002645297320486329,0.0001406599495351701,-0.0002757795527909416,0.00020300217726249746,0.00048688755104853024,0.00015104211773222246,-0.00010264629948296587,2.0427252506495283e-05,-2.04272525064896e-05,-0.00011497426288541094,1.433740701068517e-05,7.536039270362545e-05,2.9441889617070065e-05,6.368092347677044e-05,2.1657072904459135e-05,-3.927499595027896e-05,-0.00011435063094178046,0.0001377219396267087,-0.00016777580864218923,-6.249788241448532e-05,7.61788668828778e-05,0.00019732778033960924,4.262844638176747e-05,-5.3426004207411264e-06,0.00027113574726534524,-0.0002711357472653359,-6.227515472584883e-05,1.69526074773491e-05,0.00018318147444999582,-0.00011452520461371152,-0.00031110689650066403,0.000433977573694186,-0.00043335786617864947,-0.00017844586747168482,-0.00025371081991244163,0.0002578543008173291,-0.0001760717138378761,0.00017607171383786726,-0.00016557244081616678,0.0005062314580916347,-0.00023432412872717253,-6.0535655023981984e-05,3.274410270627758e-06,7.356965163491744e-05,-6.298350836520168e-05,-5.636689351570493e-05,2.1024168089374953e-05,2.1025936829834238e-05,0.0001953550444152174,-0.00011557086898324317,8.477988222605772e-05,5.134933786974692e-05,0.00023587164995150507,8.751553461215452e-05,0.0002528230390751392,0.00013469890731407328,-9.485303801625531e-05,0.00015355410146654987,-1.4829197995948885e-05,-0.0005282194858180001,0.0005282194858180064,7.326407021708598e-06,-2.7126215366669818e-05,1.7283607438794974e-05,4.824775340022752e-06,4.394149770907412e-05,1.2339342288283883e-05,-0.0004012529158675423,0.0196,-0.000599771293218507,-0.0010058472148929162,-0.002005537560358246,-0.002404486692955567,-0.0032015370072978272,-0.001599402144098747,-0.0011976713110217418,-0.0004057550863573865,-0.0006021224339280872,-0.0002852670144119647,0.0005746891680778149,-0.0003840340763174066,0.0004891093217768236,-0.00020532622692714226,-0.00021773398107070477,8.975696667295669e-05,7.099948645975565e-05,-0.0003388591997286087,2.7241921857082876e-05,-0.00016877460207914834,0.00016962618657460015,0.0001759012471786166,0.00020867632743534195,4.905102774424951e-05,-2.023794667466597e-05,-0.0001329105353002931,0.00022997143066924775,-3.9088772822509085e-06,4.0283834930442e-05,8.426185378339649e-05,6.66732651624252e-06,4.5661701257746054e-05,8.545551039806284e-05,-1.846336774326534e-05,-3.3501305959481166e-06,3.49059884749093e-05,5.134252810667621e-05,2.9151603078883798e-05,2.1307435656350546e-06,-5.6737551550466604e-05,-4.483872882977239e-05,3.0771977412070355e-05,-2.8975519241333726e-05,1.7907187237306707e-05,-0.0004611458105923199,0.0004659020800093964,8.510039874388408e-05,-7.593303732413405e-05,0.0001986352031861566,9.610275374547812e-05,-0.0003720470833741637,-2.5094520054004035e-05,0.0001325031252806491,-0.00021912293934653755,0.00010956114010059455,9.477558933199777e-05,-1.107896732664041e-05,8.177497330041065e-05,-9.116694594511086e-05,-8.100165894594659e-05,0.00018086259821031088,-3.5758037094923825e-05,-7.522242246087399e-05,7.291606413259079e-06,-0.00031658733208127167,0.00031658733208126164,0.0003900621346476598,-0.0003906223597201303,-3.675185516904329e-05,-2.9494764365869887e-05,-4.886016085776027e-05,-2.0016642595366552e-05,-0.00294716331997306,-0.0029096148181612406,-0.0027201006789989023,-0.0023781901836897575,-0.002282386930458153,-0.0013489450869733864,-0.0016334625156498633,-0.0015204123286399634,-4.270172492699599e-05,-2.51595832786819e-05,-0.0004170023648924565,-0.00020741828523062838,-4.180816287285752e-05,-4.966105634084002e-05,-4.919722205133479e-05,0.0003273262544541504,0.000358043790853789,0.00023291047331055998,0.00013348463261489397,8.919088589774749e-05
KXINXY-26DEC31H1600-B6900,0.00032815841138850675,-0.0003337152718181375,2.1633811156727942e-05,-0.00013017843897906637,6.977053429138748e-05,-9.077089189294055e-06,0.00014430891735053711,7.670586565884409e-05,-0.00015103323787018992,0.00011091217256180916,0.00026607236127226255,8.245273711572865e-05,-5.615633112960726e-05,1.3486419670482023e-05,-1.3486419670486292e-05,-6.50423052650691e-05,9.026721337639447e-06,4.4037196093290055e-05,1.774434920290107e-05,3.8363949669122257e-05,1.3378661621801247e-05,-2.232310923916882e-05,-6.525365904103205e-05,7.934661002599201e-05,-9.383850745344509e-05,-3.386556358180071e-05,4.5794544557358925e-05,0.0001113496862984603,2.4375791250471786e-05,-2.674162054268079e-06,0.00015125456002714225,-0.00015125456002713437,-6.190662327807326e-05,-8.692895954298075e-06,7.949017247646391e-05,-9.129348579683303e-05,-0.00020025065981065624,0.00023812428212305277,-0.0002377828325503182,-0.00011441208070685528,-0.00015582671715126732,0.0001270912392542568,-9.649685613557328e-05,9.649685613557243e-05,-9.059620539584361e-05,0.0002771247821037569,-0.00012821535190035666,-3.251704400187578e-05,2.001844911133403e-06,4.00545968995535e-05,-3.348621089046916e-05,-2.880544159722616e-05,1.7689242217013143e-05,1.7722563515809953e-05,0.00011542436994973717,-5.75970686045892e-05,5.400672654456575e-05,3.4979055286756325e-05,0.0001379022120175047,5.485268716868283e-05,0.00014763164430991102,8.326661150803429e-05,-5.2966228418753646e-05,8.520545021106085e-05,-7.851667781299299e-06,-0.00028945067806468395,0.0002894506780646836,5.909978212471478e-06,-1.5723680639526984e-05,1.2234702580152272e-05,5.780716790299425e-06,2.6605322367273565e-05,1.0321431426988723e-05,-0.0006000791274273112,-0.000599771293218507,0.029099999999999997,-0.0015002719641032997,-0.0030002856475367413,-0.0036002675824231933,-0.004800118199298998,-0.00239991860158017,-0.001799722069074073,-0.0006002270063815249,-0.0009001378369077869,-0.00015763929511935685,0.00031557340648796393,-0.00021437355121500817,0.00026827120002690226,-0.00011565356277191671,-0.00012264680357212303,4.9420915440691036e-05,3.7467455909028885e-05,-0.0001896724004965533,1.329378733458345e-05,-9.72626728054145e-05,9.599796006172349e-05,0.00010243503105341553,0.00013058239164222626,3.639120983826666e-05,1.2935879869305178e-06,-5.281981197104338e-05,0.00013300138289985713,-1.7194362937049608e-06,2.3263549813389638e-05,4.743202792905131e-05,4.396659661850695e-06,2.617265970244757e-05,4.8051442928094394e-05,-9.17289913888959e-06,-1.4035642109322118e-06,2.0223366425857368e-05,2.9288168545457147e-05,1.0738958593065853e-05,-4.909379667013373e-06,-3.9045045024574526e-05,-3.257851570371715e-05,1.0888264933581973e-05,-2.3743424988504745e-05,7.03013390191792e-06,-0.00025224886226099,0.000254851488165077,4.681362819446222e-05,-4.2247291027921736e-05,0.00010883333400954739,5.291993058361235e-05,-0.00020451613461936916,-1.4356783928257357e-05,7.235461203913508e-05,-0.0001208484307130274,5.97869146949581e-05,5.1596234286967416e-05,-4.582686596871342e-06,4.571007628290592e-05,-4.592609475858438e-05,-4.208486532695199e-05,9.924410788763252e-05,-1.8024892929595836e-05,-3.712902678210715e-05,5.0132890212804355e-06,-0.00017254844727267367,0.00017254844727267754,0.00021244504261127602,-0.00021275073618118767,-1.9726195278003932e-05,-1.5757092178032505e-05,-2.617313991513992e-05,-1.1052981861648704e-05,-0.0016136538789732055,-0.001593106726495989,-0.0014893906477337119,-0.0013022306449261439,-0.001249446830990271,-0.0007390149795652361,-0.0008942213918132756,-0.000832358787350376,-2.293062165436976e-05,-1.3088839346163544e-05,-0.00022878430831788167,-0.00011425197332539191,-2.267729383730863e-05,-2.6690096354620297e-05,-2.672480719058008e-05,0.00017916936905849459,0.00019572822000980987,0.00012736677089048563,7.323884015704622e-05,4.870413263270205e-05
KXINXY-26DEC31H1600-B7300,-0.001691850475670241,0.0017250219013512898,-0.00011023818304208888,0.0006735023566058883,-0.000361107718232266,4.7041938143635014e-05,-0.0007472541262693656,-0.0003972131126663758,0.0007795836030649228,-0.0005734089782691973,-0.0013756372562988373,-0.00042656890487514617,0.0002903243697522017,-5.78097368837497e-05,5.780973688376325e-05,0.0003248524686641315,-4.053584179859108e-05,-0.00021296089310918307,-8.321348454807281e-05,-0.00017995834822690074,-6.121791522471087e-05,0.00011095014822529606,0.0003230857410193188,-0.0003891736838845752,0.000474063964221873,0.00017658803075477615,-0.00021527189202935805,-0.0005576180256563399,-0.00012048072197147335,1.5070982530827248e-05,-0.0007662186080403168,0.0007662186080403081,0.000175175622377819,-4.839295867343775e-05,-0.0005182369632120396,0.0003227953507449083,0.0008782860464850206,-0.0012264618409838354,0.001224710796308713,0.0005045760128559481,0.0007172352415956154,-0.0007281488396908727,0.0004976152588920416,-0.000497615258892039,0.0004678822024891064,-0.00143056029180962,0.0006621641401744005,0.0001710081877466482,-9.295940406785258e-06,-0.00020791340631300546,0.00017789887825906656,0.00015952740371655147,-5.8844421407802155e-05,-5.8847390875265315e-05,-0.0005513017429712105,0.00032711764767575334,-0.00023889085964797199,-0.0001444665279101531,-0.0006657745554279374,-0.0002466829844303088,-0.0007136404948928702,-0.0003797940283158225,0.0002679813216212893,-0.00043386485092248905,4.1930692963129756e-05,0.0014927797684888896,-0.001492779768488895,-2.07473023764615e-05,7.666503379171466e-05,-4.890095515363262e-05,-1.3732091552490314e-05,-0.000124225542511796,-3.4954903498618726e-05,-0.0009961364324790928,-0.0010058472148929162,-0.0015002719641032997,0.0475,-0.004982101898630844,-0.005985147788328843,-0.007993581846440051,-0.004000698609299573,-0.0030057346913994355,-0.0009824526801602504,-0.0014934628981741792,0.0008059812849220093,-0.0016239122374166848,0.0010849634841381152,-0.0013822171374911047,0.000579996129904473,0.0006150468817567009,-0.0002536729510330337,-0.0002007747626962776,0.0009572983095105037,-7.713186468604721e-05,0.00047657279171254137,-0.0004791676943356105,-0.0004981470896893104,-0.0005921453983308128,-0.00014002020861212587,5.54203179328921e-05,0.00037267037203626477,-0.0006511183567675897,1.0961088664353182e-05,-0.00011398347408486168,-0.0002382579153086527,-1.8948826176704505e-05,-0.0001291715813022162,-0.00024162858131520455,5.2059614536012095e-05,9.381362680812217e-06,-9.877887339944434e-05,-0.00014522413168265854,-8.359668020014167e-05,-7.33030217515389e-06,0.00015882469775835008,0.00012518569868324563,-8.824511504371352e-05,8.035794892846772e-05,-5.1531516375073104e-05,0.0013031527266519263,-0.0013165927697802132,-0.00024047800902375654,0.0002145234096996649,-0.0005613138780936823,-0.000271565016983494,0.001051301206274192,7.086902038976373e-05,-0.0003744525464058615,0.0006191460906992901,-0.0003096217646391278,-0.00026784678845192806,3.1603134981986995e-05,-0.00023081222200461445,0.0002580688704352015,0.00022925504517999135,-0.0005108740013744302,0.00010137084461358671,0.00021300915869191535,-2.037015809736958e-05,0.0008945803740610654,-0.0008945803740610554,-0.0011022161629561757,0.001103798666241549,0.00010384504984238847,8.331843397874964e-05,0.0001380388810818107,5.657223341328906e-05,0.008328456667825678,0.00822234812362925,0.007686797011566067,0.006720584748951299,0.006449847080235604,0.00381202129242479,0.004616038297572352,0.004296565232204881,0.0001207557365401671,7.121236323920977e-05,0.0011783836874942688,0.0005861026020205502,0.00011816816075129778,0.00014039367605191944,0.0001390501150475945,-0.0009249965301880148,-0.0010117673348491738,-0.0006581102819514717,-0.00037731015066657547,-0.00025200827856708044
KXINXY-26DEC31H1600-B7500,-0.0026864988619294617,0.0027362294476520593,-0.00017573245829660645,0.0010683683412671674,-0.0005718384609004997,7.509146245654672e-05,-0.0011836526292067539,-0.0006288912515948018,0.0012379459374041958,-0.0009088786587834548,-0.002181169465218632,-0.000675751819509588,0.00046101826456580416,-0.00010144281478410475,0.0001014428147841014,0.0005236533985073192,-6.895281858434357e-05,-0.0003488145316340773,-0.00013842177793274587,-0.0002992431346530533,-0.00010311442035369818,0.0001792215962497652,0.0005229903786642033,-0.0006330107016447332,0.0007600485979167443,0.00027887371993204465,-0.0003575718067025508,-0.0008979280785672514,-0.00019529516177084274,2.2895903218000775e-05,-0.0012274727420958991,0.001227472742095888,0.0003847382997904778,-7.844227722805312e-06,-0.000742810195328668,0.00062203997050738,0.0015088768481265119,-0.0019492836309409531,0.0019464955674467269,0.0008649258866322178,0.0012030008008336824,-0.0010998810405692145,0.0007905772217966555,-0.0007905772217966635,0.0007424351881963028,-0.0022705730733821577,0.001050724022614755,0.00026890902267535217,-1.5655266516472288e-05,-0.00032919987389665775,0.0002783679737112804,0.000245677391242886,-0.0001161095219172195,-0.00011623270959146726,-0.0009061395968827409,0.0004983457360581655,-0.000407061753698507,-0.0002545175984859773,-0.001088913867346155,-0.00041703366488739794,-0.0011665329893479923,-0.0006377953857097322,0.00042934835945205853,-0.0006930599443586358,6.554954767906782e-05,0.0023708880388255927,-0.0023708880388255806,-4.0505900639624206e-05,0.00012517531019395932,-8.867845327243984e-05,-3.433871425950622e-05,-0.00020735486301685422,-6.970587583263264e-05,-0.0019963176309853734,-0.002005537560358246,-0.0030002856475367413,-0.004982101898630844,0.09000000000000001,-0.01198542948023393,-0.01599381455494625,-0.008000706262671197,-0.0060054729712938045,-0.0019828500639130654,-0.0029937195033877973,0.0012843898052846488,-0.002580736829492835,0.0017378194840268354,-0.00219604423763843,0.0009329010839632311,0.0009893019563590932,-0.00040384570315469366,-0.00031346470704611367,0.0015352907674321755,-0.00011637471951034872,0.0007748368579207437,-0.0007725572608209469,-0.0008248788797063961,-0.001026306157892593,-0.0002724563265401219,2.342799024036271e-05,0.0004866516141426196,-0.001073105010906075,1.55266988102165e-05,-0.00018609973386602818,-0.00038372493996490886,-3.330728224560426e-05,-0.000210047976722608,-0.00038893201134873254,7.861837181522471e-05,1.2977443792852517e-05,-0.00016156372819246703,-0.000235548453282629,-0.00011452490151659734,9.713848175861682e-06,0.00028055263108855565,0.000227318003005086,-0.0001191368153162739,0.00015557194735597033,-7.266273189859332e-05,0.002067564375242054,-0.0020888905382806296,-0.0003824041057358775,0.00034285506128721004,-0.0008910646217283713,-0.0004320346623102319,0.0016715050315248134,0.00011468476948609054,-0.0005935630163603033,0.000985753756088495,-0.000490643963327057,-0.0004240156376116675,4.520624489009678e-05,-0.0003692007488676418,0.00039510494251634667,0.0003559969889186048,-0.0008110302891223183,0.00015575571054016435,0.00032329078868795533,-3.563537296775467e-05,0.001416434405813126,-0.0014164344058131264,-0.0017446959482402178,0.0017472017381146227,0.00016320701370216154,0.00013061588071752917,0.00021670872783790624,9.017964813145e-05,0.013219961905655933,0.013051584956882816,0.012201694356329871,0.010668189648634002,0.010237077945702836,0.006052694850009467,0.007326553694681588,0.006819585025080689,0.00019026977252303463,0.00011076232277669348,0.0018721651461766037,0.0009328484540752095,0.00018681894622377755,0.00022106274967825129,0.00021997506685003388,-0.001468064455782309,-0.0016047086552578023,-0.0010438721425101208,-0.0005996795475330968,-0.00039943612290818024
KXINXY-26DEC31H1600-B7700,-0.002332562958682308,0.0023755378459671527,-0.0001526131539070684,0.0009275647635700987,-0.0004963465345800717,6.526172546133427e-05,-0.0010274500810813127,-0.0005458593070692098,0.0010748987629696566,-0.0007889819711261107,-0.0018935358373610026,-0.0005865686848947314,0.00040031588440806815,-8.895142567435843e-05,8.895142567434734e-05,0.00045529022767182704,-6.024273664477455e-05,-0.00030372237417868725,-0.00012069627021048188,-0.00026091102353807926,-9.001017187790713e-05,0.00015585073409556165,0.00045488686541208894,-0.0005508306149035027,0.0006604997039833201,0.0002420079863028902,-0.0003117369113056455,-0.0007806429719955169,-0.00016989211841760606,1.979160714537792e-05,-0.001066690270158926,0.0010666902701589175,0.0003425518513669166,-1.3096902614438455e-06,-0.0006385740278943167,0.0005488236737398017,0.0013192160698119646,-0.001692704085571831,0.0016902826356607861,0.0007559240553631092,0.00104945802937447,-0.000950365847863534,0.0006865078543506867,-0.0006865078543507098,0.0006445897159411316,-0.0019713827163900357,0.000912249504485766,0.00023326564078096428,-1.3672675650918484e-05,-0.00028576375178883406,0.00024135704936820664,0.00021273381510106103,-0.00010252308761179253,-0.00010263880997147105,-0.0007890748516322223,0.00043110326796427946,-0.00035552394974280226,-0.00022288034185142128,-0.0009478447854352946,-0.00036400084043475186,-0.001015358906023724,-0.000556385968197868,0.00037309868157959966,-0.0006020975968104852,5.6833296654409035e-05,0.0020586564146255937,-0.002058656414625578,-3.5802914764917834e-05,0.0001089756537482479,-7.792051856672686e-05,-3.086462233152608e-05,-0.0001808871721295299,-6.171172081093765e-05,-0.0023970122331468343,-0.002404486692955567,-0.0036002675824231933,-0.005985147788328843,-0.01198542948023393,0.10559999999999999,-0.019195128513340494,-0.00960066719121656,-0.007204475035524685,-0.0023857418557378333,-0.003594881716143069,0.001115495603176638,-0.0022408803076527416,0.001510086987866015,-0.0019068728948796068,0.0008109525190398294,0.0008599832138866928,-0.00035074226762017724,-0.0002717581912354747,0.0013342523319820258,-0.00010057021157088181,0.000674193781798365,-0.0006717242427359511,-0.0007203124595486364,-0.000901054817819851,-0.00024233054849075874,1.2978478596092014e-05,0.0004104780736568725,-0.0009364888795093475,1.3306861702137641e-05,-0.00016204556594485547,-0.0003336627090875277,-2.9212333377874295e-05,-0.00018282335768045858,-0.0003381709474032298,6.789637356207056e-05,1.1089800166683606e-05,-0.00014070686150448368,-0.00020496554985538018,-9.81458596060133e-05,9.969341214547294e-06,0.00024567254867475987,0.000199462931252165,-0.00010193389866673601,0.00013712143455174043,-6.249117607742798e-05,0.001795055719200633,-0.0018135711440705527,-0.0003320510128572465,0.00029783570907169186,-0.0007736325163169681,-0.0003751608843162633,0.0014514359414576242,9.972689971836403e-05,-0.0005152780838807119,0.0008560562237605576,-0.0004259207295521991,-0.00036805236621943895,3.892468347171003e-05,-0.0003207048430083422,0.0003419565809680201,0.00030853392761165453,-0.0007041035381441433,0.0001348996142988871,0.0002795783525481232,-3.1143771447730915e-05,0.001229454532107161,-0.0012294545321071596,-0.0015143514256483216,0.0015165263281053647,0.00014155952492048515,0.00011326019076512105,0.00018794213754097394,7.833004588349108e-05,0.011478056285216743,0.011331870232382137,0.010593982398133018,0.009262553866275794,0.008888125581825652,0.005255330084979798,0.006361130272451582,0.0059209728841045925,0.00016512420366014333,9.602743211993968e-05,0.0016256064509959478,0.0008101208886856412,0.00016215127825205828,0.0001918071990779696,0.00019093969927168276,-0.001274610074720514,-0.00139315383311208,-0.0009062532715165548,-0.0005207411074189271,-0.00034675106192425074
KXINXY-26DEC31H1600-B8100,-0.00016146746972875277,0.00016552243465857682,-1.0309283002762013e-05,6.464082662049157e-05,-3.489850913168483e-05,4.4065740357239025e-06,-7.215539193196903e-05,-3.8426455406141455e-05,7.442737861926137e-05,-5.51848227357296e-05,-0.00013222193006127666,-4.1156895279907694e-05,2.7740402569883884e-05,-2.6392230262469677e-06,2.6392230262440035e-06,2.8683028676565167e-05,-2.5127081161267796e-06,-1.7170065535908955e-05,-6.081430290236328e-06,-1.318070701500018e-05,-4.095178160539961e-06,9.683555803868347e-06,2.787908394109196e-05,-3.268737631549975e-05,4.308412675150631e-05,1.730513155027404e-05,-1.5882823856575715e-05,-4.952242164813242e-05,-1.0321194977329709e-05,1.7419430486546066e-06,-6.992008534976492e-05,6.992008534974819e-05,-1.4984061969886207e-05,-2.5138616266648866e-05,-7.328584468516318e-05,-1.7579019948984228e-06,4.984143126449957e-05,-0.00011652192914484307,0.00011635710783482768,2.9472878339414007e-05,4.966289174850615e-05,-8.608210900939978e-05,4.736458502858226e-05,-4.7364585028586274e-05,4.480655119634202e-05,-0.00013683719520190006,6.341119618771938e-05,1.7092077465743125e-05,-6.28048766221297e-07,-2.0123653860654507e-05,1.818385770760874e-05,1.7523181801395784e-05,1.168916212513655e-06,1.2038250355278304e-06,-4.3430571305854224e-05,3.7533282678678955e-05,-1.4505116736941873e-05,-6.268788363858335e-06,-5.405762157838074e-05,-1.596793583526224e-05,-5.814479484987366e-05,-2.5864324693480478e-05,2.443223685425575e-05,-4.017350601376972e-05,4.311784955768281e-06,0.00014232399869516153,-0.0001423239986951605,2.605220614290623e-07,6.2951135937484245e-06,-1.3978967907362103e-06,2.398736684076964e-06,-8.861948386633913e-06,8.71330573007202e-07,-0.003198865555335467,-0.0032015370072978272,-0.004800118199298998,-0.007993581846440051,-0.01599381455494625,-0.019195128513340494,0.13440000000000002,-0.012800310096491845,-0.009601531367562987,-0.0031937773031840205,-0.004798013796586569,7.556666498337762e-05,-0.00015436600370534378,9.905610432534896e-05,-0.00013156139306976614,5.178261699491277e-05,5.4905222145113445e-05,-2.390412683786609e-05,-2.0766713242048868e-05,8.681405536212759e-05,-9.192642114777719e-06,4.006471208410778e-05,-4.223583726367948e-05,-3.7145267471835104e-05,-3.0250048512905434e-05,1.927579688856263e-06,2.4971536480860203e-05,6.763425056215258e-05,-5.010984211793679e-05,1.5932811869539344e-06,-9.378663302980793e-06,-2.115238947225221e-05,-8.654395711138414e-07,-1.0877122763375745e-05,-2.1517036115986643e-05,6.1577862765841e-06,1.4545607633616332e-06,-8.043458097321311e-06,-1.2405838730061949e-05,-1.3540393747059127e-05,-7.204023005948584e-06,6.549755732437424e-06,3.2837817548262623e-06,-1.481528215079065e-05,-8.270536289007777e-07,-7.756062145144823e-06,0.00012488633319941264,-0.00012617355051329084,-2.2796874510126393e-05,1.9821050587057315e-05,-5.3657035620046665e-05,-2.5685465333863004e-05,9.971168749581742e-05,6.126700762054352e-06,-3.60510377134772e-05,5.832608486734382e-05,-2.985517182349001e-05,-2.595394723279591e-05,4.527357289295971e-06,-2.1198853713429447e-05,2.9041136242432163e-05,2.4307646601098554e-05,-4.8790407238416056e-05,1.1259018798180994e-05,2.4818569661428118e-05,-9.408889519204376e-07,8.659878716223482e-05,-8.659878716223195e-05,-0.00010684740236142548,0.00010700049136956113,1.0414219650564846e-05,8.451298407523364e-06,1.3911808019001056e-05,5.296747987838593e-06,0.0007963386957084485,0.000786177419537147,0.0007349092333731346,0.0006424673016989396,0.000616987495185727,0.00036396063270140167,0.0004415480190294509,0.00041095959616771575,1.1964832382524679e-05,7.4885632885949055e-06,0.00011217095043115205,5.529284198849276e-05,1.1522244519876173e-05,1.395757161895572e-05,1.3516123316059472e-05,-8.850568764992927e-05,-9.712169874266824e-05,-6.314283095778237e-05,-3.58616795795447e-05,-2.4264346871972955e-05
KXINXY-26DEC31H1600-B8300,0.0009928169377227654,-0.0010098504625647314,6.528876266995761e-05,-0.0003942388491151893,0.00021074208711827948,-2.7820986208985842e-05,0.0004362547329269049,0.0002317092160809899,-0.00045738423343874015,0.0003352538424353284,0.0008047379138506296,0.0002491256422188644,-0.0001702719734385649,4.148004554027559e-05,-4.148004554028536e-05,-0.00019688965647202838,2.743957540105468e-05,0.00013347190478543887,5.384372540436848e-05,0.00011636777633395913,4.063135811713196e-05,-6.755205861481236e-05,-0.00019756596162400996,0.00024038268689777542,-0.00028401552398756426,-0.00010240791238340756,0.00013889168765929288,0.0003371801533173256,7.387015219659143e-05,-8.028637018429983e-06,0.00045815287952772525,-0.0004581528795277172,-0.0001882601666317102,-2.69315688026852e-05,0.00023985321255257596,-0.00027720507158003187,-0.0006069786483887318,0.0007209797092086307,-0.0007199462140726978,-0.00034711029671160665,-0.0004722640438728162,0.0003825221552149777,-0.00029224989476383086,0.0002922498947638463,-0.0002741344988975795,0.0008386074760205857,-0.0003879669030648134,-9.826293929902393e-05,6.148199792173322e-06,0.00012123140033024684,-0.0001011313859668176,-8.739889023616032e-05,5.2938782891341e-05,5.30367242909974e-05,0.00034845598950833964,-0.00017482865930262592,0.00016269644201012142,0.00010517466848151727,0.0004164430790805368,0.00016531885724011658,0.00044584060161707764,0.00025105597807181486,-0.0001603097620699386,0.0002578868102107186,-2.377085270856398e-05,-0.0008762371649995708,0.0008762371649995695,1.8172487976794817e-05,-4.771289456120859e-05,3.7443171376979604e-05,1.799448749826052e-05,8.090096690097401e-05,3.177634820347234e-05,-0.001600229148888459,-0.001599402144098747,-0.00239991860158017,-0.004000698609299573,-0.008000706262671197,-0.00960066719121656,-0.012800310096491845,0.0736,-0.004799302182710279,-0.0016006318155112565,-0.0024003799684459157,-0.0004767092157181732,0.0009546751664300852,-0.0006487047555314251,0.0008119878577868614,-0.00034993325659387297,-0.00037109777651025494,0.00014965507340416169,0.00011348174924680137,-0.0005739491391717597,4.032343922788038e-05,-0.0002942197646722378,0.0002905496297058286,0.0003172952451371008,0.0004116114284478117,0.00011957304438232594,1.5780056832521726e-05,-0.00014016673494517072,0.00041097365420600244,-4.984292039110854e-06,7.08560004344803e-05,0.00014400637884295065,1.3616767880384363e-05,7.963822225307872e-05,0.00014587045471291742,-2.7397391738018667e-05,-4.025405312879245e-06,6.162699143579495e-05,8.906604622433383e-05,3.397769000575123e-05,-1.3313275743695268e-05,-0.00011647826702295283,-9.689052718598611e-05,3.446727433481715e-05,-7.01377538707548e-05,2.2513583538744516e-05,-0.000763296140636601,0.0007711705794416128,0.0001415767255385431,-0.00012770234463425212,0.0003292107033028823,0.00016003837711631635,-0.0006186727756738123,-4.334611400904915e-05,0.00021890686711910676,-0.00036547327067282525,0.0001808837210202468,0.00015612590628137754,-1.4388361957617164e-05,0.00013776648569945412,-0.0001394740775778243,-0.00012789765290117732,0.0002997799822924606,-5.512150449188211e-05,-0.00011282903191944961,1.4728702088750863e-05,-0.0005217639922020589,0.0005217639922020644,0.0006424522746832132,-0.0006433756626745531,-5.960289925630317e-05,-4.756756454361372e-05,-7.90468694604601e-05,-3.346946424661396e-05,-0.004883104301330584,-0.004820931274209055,-0.004507088166059476,-0.003940730544082878,-0.0037809204735294146,-0.0022364487654498223,-0.0027059855975140766,-0.0025187844086728027,-6.960346374679615e-05,-3.985039558749746e-05,-0.0006922779892170614,-0.0003456810451855078,-6.866597309994693e-05,-8.085180298453367e-05,-8.091651265440864e-05,0.0005421777674747626,0.0005922012865819351,0.0003852869970624315,0.00022179246764840663,0.00014730913749424836
KXINXY-26DEC31H1600-B8500,0.0014628496342392956,-0.0014890629556140083,9.594786380482519e-05,-0.0005812873278413943,0.0003111307956016677,-4.0826497823628856e-05,0.0006439278167156913,0.00034213256728486143,-0.0006738876430129088,0.0004946163984049521,0.0011869709220028455,0.0003676982061701717,-0.0002508646436041827,5.733211574425362e-05,-5.7332115744255e-05,-0.0002870891939984896,3.865865755870952e-05,0.00019254951503969696,7.690726792833326e-05,0.0001662539941390189,5.7586360443749094e-05,-9.836152089290928e-05,-0.00028725927987544345,0.00034838263195703667,-0.00041567006341054524,-0.00015148282418495546,0.00019857169024082503,0.0004919918643805142,0.00010730302956404952,-1.2231425510714976e-05,0.0006708527389545492,-0.0006708527389545335,-0.00023631133843466572,-1.3090449005926634e-05,0.0003842703111341581,-0.00036624764042844865,-0.0008503009009801691,0.0010615726463416156,-0.0010600528482216766,-0.00048700197075385256,-0.0006712783951920274,0.0005853971670962421,-0.00043041751023473933,0.0004304175102347455,-0.00040411268580657953,0.0012360068560794161,-0.000571916612333481,-0.0001458016627633436,8.709721307894348e-06,0.00017898477034575808,-0.00015060077494888808,-0.00013170262722682731,6.932107624460951e-05,6.942016960245274e-05,0.0005016649040269128,-0.0002656705052586148,0.00022910696516038081,0.00014535004102041665,0.0006014559084791757,0.00023389049944907872,0.0006441543564945264,0.0003566224613945667,-0.00023472559685141467,0.0003783777308065807,-3.542187052187499e-05,-0.0012908323659510832,0.00129083236595108,2.3843340913670563e-05,-6.896541857733073e-05,5.08917768191892e-05,2.1653405113676706e-05,0.00011528300643402504,4.131294672548874e-05,-0.0012012455852498576,-0.0011976713110217418,-0.001799722069074073,-0.0030057346913994355,-0.0060054729712938045,-0.007204475035524685,-0.009601531367562987,-0.004799302182710279,0.0564,-0.0012055725430538487,-0.0018021227009892102,-0.0007006680614295654,0.0014058503628932668,-0.0009500234060578724,0.0011959093523590447,-0.0005110003971914268,-0.000541897397409884,0.00022009531177348925,0.00016925927494704237,-0.0008398043617676676,6.175945168097205e-05,-0.000426539810154762,0.00042358879502202404,0.00045351847954910526,0.0005712528323089606,0.00015568318505583588,-3.1147100377398256e-06,-0.00024949459778445655,0.0005893431993610372,-8.082361263357531e-06,0.00010239983637765646,0.0002100671240780435,1.8801187094776166e-05,0.00011540605345697013,0.00021287046102557165,-4.195321151821041e-05,-6.6854827738791176e-06,8.895522514421136e-05,0.00012929293931238794,5.7004236278800465e-05,-1.1469603422171595e-05,-0.0001607825020581322,-0.00013185312283096233,5.879119887729636e-05,-9.26537261924709e-05,3.663721048082699e-05,-0.0011253148589326642,0.001136923147623396,0.00020840456406793015,-0.00018732560651956812,0.00048517896733881995,0.0002355058741826874,-0.0009107668729579985,-6.30517529229693e-05,0.00032294528830694607,-0.0005375199759569458,0.00026691029059860787,0.00023054081567090628,-2.3075618914994733e-05,0.00020199432926938885,-0.00021112150697319166,-0.00019149967296327016,0.00044181667430842587,-8.317851014211128e-05,-0.00017196627332617616,2.0469683552710626e-05,-0.0007703851851710333,0.0007703851851710298,0.0009487696998252513,-0.0009501330967179966,-8.847894828926458e-05,-7.07454156346873e-05,-0.0001174388302387684,-4.9178762408532014e-05,-0.007196697013946169,-0.007105046160336373,-0.0066424259529219605,-0.005807657260549244,-0.005572664023296099,-0.0032953705135083514,-0.003988302674918269,-0.0037123526308385207,-0.00010310068948966112,-5.958293182133445e-05,-0.0010196319792385076,-0.0005085019220517945,-0.00010148449146771214,-0.00011983927507802194,-0.00011953537741702458,0.000799138832353697,0.0008732883231879945,0.0005681356411364023,0.00032657287817539147,0.00021733233594178945
KXINXY-26DEC31H1600-B8900,-0.0009523202281173424,0.0009732590702496131,-6.13987169591751e-05,0.00038026012297876497,-0.00020398911012773686,2.657628152223504e-05,-0.00042227666594873867,-0.00022448848585833334,0.00043925504800613926,-0.000323586416909672,-0.0007762951166797342,-0.0002408744654694036,0.00016379804370465003,-2.674590886939811e-05,2.6745908869394806e-05,0.00017762002603937516,-1.981610304955339e-05,-0.00011283693611588892,-4.270604445019656e-05,-9.238420880046351e-05,-3.0580859443495e-05,6.038559531010286e-05,0.00017519809634040752,-0.00020911246950152247,0.000261984418270021,0.0001003960021499285,-0.00011076474952461533,-0.0003056521622962013,-6.522202730504538e-05,9.126423818863726e-06,-0.0004245452103383598,0.0004245452103383598,2.6685655567312718e-05,-7.380379755675978e-05,-0.0003458726637245253,0.00010784094258414829,0.0004174027970503095,-0.0006898016381512405,0.0006888205661844569,0.0002411902763310427,0.0003604415581406925,-0.0004463304789446417,0.00028018911854500364,-0.0002801891185450116,0.00026377171336518636,-0.0008061645780551333,0.0003732988390021861,9.794589801098385e-05,-4.7190674768639105e-06,-0.00011774043445866896,0.00010277442917160749,9.529249141602291e-05,-1.6951005830095014e-05,-1.6867982810895732e-05,-0.0002884284096310619,0.00019921055109015296,-0.00011469870887254965,-6.338942667890751e-05,-0.00035215547129904996,-0.00012079915330213999,-0.00037794987773239104,-0.00018903432304419803,0.00014831378761590605,-0.00024152637400945157,2.4324833437674133e-05,0.0008405527225906134,-0.0008405527225906117,-6.830024976458455e-06,4.0964017756260515e-05,-2.0457722877113804e-05,2.895556017399876e-07,-6.34758186626516e-05,-1.0569448601323098e-05,-0.00039617346366405365,-0.0004057550863573865,-0.0006002270063815249,-0.0009824526801602504,-0.0019828500639130654,-0.0023857418557378333,-0.0031937773031840205,-0.0016006318155112565,-0.0012055725430538487,0.019599999999999996,-0.00059358413565143,0.0004502845703503582,-0.000912533472338665,0.0006006315623356144,-0.0007776139302017133,0.00031837432910228623,0.00033760452704971504,-0.00014223604754795089,-0.00011680865609420751,0.00052861152274776,-4.77016557715675e-05,0.00025586740620450613,-0.0002618721126034615,-0.0002663664216545848,-0.00029484379577243713,-5.620340242301726e-05,6.0758993636431046e-05,0.0002574811440561411,-0.00035031728700275083,7.213196537114945e-06,-6.120135875120058e-05,-0.0001309931937431594,-8.816820927223021e-06,-6.984546625052006e-05,-0.00013297854244167175,3.1674548497072463e-05,6.348207568500288e-06,-5.287589858856268e-05,-7.88767489207308e-05,-6.108999369567369e-05,-2.035596299470959e-05,6.82746675960775e-05,4.919003902501296e-05,-6.563852086590839e-05,2.4316754969004233e-05,-3.659242432307639e-05,0.0007348647836986655,-0.0007424411093571002,-0.00013490965211635848,0.00011909407195717325,-0.00031604456632870043,-0.00015220832804532753,0.0005901929849086317,3.8306082341621716e-05,-0.00021147780072467836,0.0003465349708397396,-0.00017496774380518028,-0.00015168329705619716,2.1790466848947456e-05,-0.00012747888759948798,0.00015590366928627073,0.00013519559350271454,-0.00028715007568604897,6.129666878248286e-05,0.00013068417818027205,-8.715028306334375e-06,0.0005060103777312552,-0.0005060103777312599,-0.0006238552463999496,0.0006247491907777114,5.951874941205076e-05,4.793470506322469e-05,7.924266139960124e-05,3.1638309610364376e-05,0.004692582874630848,0.004632767856026823,0.004330895056317243,0.003786376843490563,0.003634668831928303,0.0021467501435508867,0.0026012279668661195,0.0024211322622339575,6.925690033472435e-05,4.196604078729365e-05,0.0006627315347751333,0.00032844124516252993,6.714596191396598e-05,8.042515592313159e-05,7.890760806783447e-05,-0.0005213094088792593,-0.0005708518687656691,-0.00037117804852260667,-0.0002122409250889118,-0.0001423096140672316
KXINXY-26DEC31H1600-T9000,-0.0002570487681322514,0.00026318460585971333,-1.644314191984727e-05,0.00010286007388180803,-5.525389832068058e-05,7.161959682175145e-06,-0.00011438095563754807,-6.0827734220515094e-05,0.00011861889702054683,-8.755278897198256e-05,-0.00020999669604438527,-6.521704484478791e-05,4.42617258819216e-05,-5.8533434678490054e-06,5.853343467849903e-06,4.676115066679261e-05,-4.66489734306529e-06,-2.885957029882882e-05,-1.0587048694598557e-05,-2.2913591690504483e-05,-7.371892523066481e-06,1.5835326240123102e-05,4.578456288329857e-05,-5.418637033943124e-05,6.961598792081757e-05,2.7326393162384833e-05,-2.7535787296167895e-05,-8.063230801360824e-05,-1.7012209601745346e-05,2.6132017752220188e-06,-0.00011302702980002627,0.0001130270298000251,-8.975997491022423e-06,-3.0396047279982286e-05,-0.00010553235427531085,1.2491949397462639e-05,9.53380518832498e-05,-0.0001860082303755552,0.0001857444934335288,5.5431574253595175e-05,8.753369883455929e-05,-0.000128827262207175,7.561624183736332e-05,-7.561624183735634e-05,7.128345858821473e-05,-0.00021778530126386711,0.00010088258533316003,2.68259064725315e-05,-1.1499128678548667e-06,-3.193371978941631e-05,2.83478369516722e-05,2.6925896852062166e-05,-1.0167366056431903e-06,-9.75687644668486e-07,-7.303187023776356e-05,5.708567251691083e-05,-2.660792889467185e-05,-1.3165607317155276e-05,-9.007644359265604e-05,-2.8631651051629943e-05,-9.678581621380727e-05,-4.557604943014649e-05,3.9459754645815844e-05,-6.457940977352622e-05,6.7258501435045e-06,0.00022689031225639377,-0.00022689031225640565,-7.299951660089705e-07,1.0552775284286337e-05,-3.898293215777841e-06,1.9218656255430645e-06,-1.564989155014588e-05,-7.613950448352968e-07,-0.0005986233224865124,-0.0006021224339280872,-0.0009001378369077869,-0.0014934628981741792,-0.0029937195033877973,-0.003594881716143069,-0.004798013796586569,-0.0024003799684459157,-0.0018021227009892102,-0.00059358413565143,0.029099999999999997,0.00012080394484736252,-0.00024597121769586925,0.00015985188287441604,-0.00020976263309780075,8.411948530093972e-05,8.919759694813787e-05,-3.8254681232064245e-05,-3.236525192564048e-05,0.0001403792592028148,-1.382398097020077e-05,6.629488546002296e-05,-6.891697472592639e-05,-6.798810985406993e-05,-6.925645326238592e-05,-9.125845755274264e-06,2.4248256818221212e-05,8.221549104584422e-05,-9.004072058401943e-05,2.2022491100810707e-06,-1.5809677471367736e-05,-3.460866457243107e-05,-1.9343984998102847e-06,-1.8166015948305416e-05,-3.516524837757028e-05,9.11567638724914e-06,1.974519236637417e-06,-1.3617771672708408e-05,-2.06024971379377e-05,-1.9485971532967954e-05,-8.977430701679327e-06,1.3860481683011394e-05,8.678035665362311e-06,-2.1142368213749827e-05,2.0470350130056284e-06,-1.145436793738998e-05,0.00019863848001942713,-0.00020068590367309358,-3.63195401095399e-05,3.178678918081103e-05,-8.533228747580916e-05,-4.0945451428511294e-05,0.00015896090526679472,9.99442125221113e-06,-5.723892266172001e-05,9.3110038918419e-05,-4.738027118627485e-05,-4.1144439639736655e-05,6.722862473850637e-06,-3.39167623383905e-05,4.440763872677962e-05,3.7808859783327726e-05,-7.74635469466867e-05,1.7432191447874967e-05,3.7635920759608886e-05,-1.7821480619382194e-06,0.00013716015571178374,-0.00013716015571178225,-0.00016918698067728037,0.00016942913083554234,1.6311366857915635e-05,1.318049649406322e-05,2.1747792917048078e-05,8.490877308931089e-06,0.0012675293742404076,0.00125136547636424,0.0011697968861055712,0.0010226882615435179,0.0009819051384040533,0.000579610686895966,0.0007027122655754583,0.0006540452075980612,1.895760131856777e-05,1.1722519835838306e-05,0.00017874601669475452,8.832205035645525e-05,1.825906905776692e-05,2.2010795898444465e-05,2.1434909750377928e-05,-0.00014084256766871652,-0.0001543787915311631,-0.00010035690925479037,-5.723503507015936e-05,-3.851811524547027e-05
KXTAKEOVERACQWB-27JUN30-NFLX,-0.000151127136260634,0.00015337942687241614,-1.144698396714097e-05,-0.0004210346896397615,0.00025088088864378853,-1.4961313589197225e-05,0.000504072467546365,0.0002758947454865395,-0.00048265136724926844,0.00038564822555390134,0.0009036893819695477,0.00029236274200409234,-0.00017162898079735965,0.0011866596425193008,-0.001186659642519299,2.822305754403244e-05,-6.370005903776923e-06,-2.291801320961215e-05,-1.0648856118458285e-05,-2.3191649543306188e-05,-8.865424479686397e-06,1.0142367487917733e-05,2.9996392002986426e-05,-3.8213194544436314e-05,3.737456145631602e-05,1.0281483246586155e-05,-2.7452110017222282e-05,-4.68021837415162e-05,-1.1015120158953722e-05,3.3943409218681183e-07,-0.0012467296193134293,0.0012467296193134352,-0.0004466119792674783,-1.714393070152985e-05,0.0007510861457130764,-0.0006977683164711278,-0.0016315146273731874,-8.742435794022459e-05,8.73053072893949e-05,0.0009712993381670567,0.001321761473549235,-0.0010749932499156825,-8.43646645978479e-05,8.436466459783779e-05,0.00023449311608386675,-0.0007107699823954535,0.00033178879179267577,0.0009528275958207212,-6.216005865527676e-05,-0.0011806594421666598,0.0009782559810628331,-0.00037072322822241286,0.000173378227970421,0.00017359093350406923,0.0013583464844119917,-0.0007480321226800155,0.0006096795575229771,0.00038024777685473756,0.0016324556734335347,0.0006247652709627763,0.0017489020764107463,0.0009559032122500505,-6.423480187774752e-06,1.1060287195327272e-05,-1.500668591001406e-06,0.0010545458194968311,-0.0010545458194968279,0.0001570183325582595,-0.00040394419871137363,0.0003212625866104641,0.0001577673371856871,0.0006868190594826562,0.0002749631299493821,2.6056212606896504e-05,-0.0002852670144119647,-0.00015763929511935685,0.0008059812849220093,0.0012843898052846488,0.001115495603176638,7.556666498337762e-05,-0.0004767092157181732,-0.0007006680614295654,0.0004502845703503582,0.00012080394484736252,0.0384,-0.032403269478873814,0.0011738338534547942,-0.0014462851756930246,0.0006382266492915165,0.0006768366847977635,-0.0002674771964698823,-0.00019481186033830518,0.0010410314902017821,-6.364760312756382e-05,0.0005472437349910283,-0.0005322806806160657,-0.0006459571942679229,-0.0008002316446222786,-0.0002071622301151324,3.005000391554238e-05,0.0004091972992742036,-0.0008418665983316818,1.4895813972413068e-05,-8.819112567235663e-05,-0.00019201153452536133,-9.99327494053127e-06,-0.00010145561558935884,-0.00019479675152697608,4.813539409693137e-05,1.3592465503545505e-05,-7.564620331337467e-05,-0.00011487011639719846,9.710890916793581e-05,-1.1979492589787084e-05,-0.0002498319876149756,-0.00020339982204121667,0.00010045287428501372,-0.00014062085710500377,6.195319021302513e-05,0.0005908969255295372,-0.000596993834308596,3.26268332239806e-05,-3.235680099727841e-05,8.188726143533769e-05,3.6919318208821506e-05,-0.00016126723801693444,-1.050950215547773e-05,5.500677404838109e-05,-9.336468024933394e-05,4.509624379883594e-05,3.931818886505231e-05,-4.0189257187854676e-05,0.0003359114420343995,-0.0003554682618030173,-0.00032190548103829854,0.0007368269125877365,-0.00014071603537791066,-0.00029001352523301213,3.289767894501197e-05,-0.00031621210394350714,0.0003162121039435005,-0.0014982964930393876,0.00150044932821023,0.0004823598644601407,0.0003841430894550305,0.0006390917008943131,0.00027338117347655344,-0.0010601347119059135,-0.0010466689091139347,-0.0009786959164919174,-0.000855945411952019,-0.0008198964311996924,-0.0004873122985372513,-0.0005867721139651433,-0.000546499464791857,-0.00040357185818828815,-0.00023547018362150694,-0.0003743922999832704,-0.0001837314904740392,-0.00032780445319112656,-0.0003868985920334575,-0.0003860604448000193,-0.0008552380731571439,-0.0009330152839822567,-0.0006067515414350821,-0.0003512045340016112,-0.00023166410975149692
KXTAKEOVERACQWB-27JUN30-PSKY,0.0003002538239266529,-0.0003049357788458694,2.08039434164044e-05,0.0008546204875963699,-0.00047189535531586035,5.169871964695076e-05,-0.0009679401135082492,-0.0005188682693105368,0.000988359690232851,-0.000742922910193376,-0.0017704185891120887,-0.0005554018970746593,0.00036316477462222397,-0.002373194111708618,0.0023731941117086366,-4.775733909346095e-05,8.546605687614908e-06,3.5296095166931914e-05,1.532226840169328e-05,3.316908599588261e-05,1.2199203246880717e-05,-1.667569434105436e-05,-4.9160356583660884e-05,6.12442343767651e-05,-6.645544013434478e-05,-2.1552043449891024e-05,3.9405388898936424e-05,8.084556949406141e-05,1.832672175653613e-05,-1.2740733181442427e-06,0.002494446890384744,-0.0024944468903847373,0.0010524666416170982,0.00013927890771294778,-0.0013820174992457315,0.0015588378075321685,0.003435582273142961,0.0001825682192796429,-0.00018231122118506343,-0.001969602324116028,-0.0026685955552902016,0.0021093688477920956,0.0001658311279406009,-0.00016583112794058718,-0.0004650493501093544,0.0014190963956611396,-0.0006581140972857604,-0.001910107888190132,0.00012331153480715684,0.002364388570484562,-0.001962190083277696,0.0007170534299070511,-0.00041222940656037755,-0.0004129259117958106,-0.002807311084581527,0.0014378669608547093,-0.0013001319585056377,-0.0008344757396557148,-0.0033590233964774087,-0.0013233613677371852,-0.003596618336932407,-0.002012715241110914,1.4686142027537068e-05,-2.4102808666403443e-05,2.548155197917389e-06,-0.002119005479199113,0.0021190054791991163,-0.0003202256807094769,0.0008110841956474656,-0.0006516246061208481,-0.00032596783391905667,-0.0013826524223966251,-0.0005615979668025262,-5.478027602769616e-05,0.0005746891680778149,0.00031557340648796393,-0.0016239122374166848,-0.002580736829492835,-0.0022408803076527416,-0.00015436600370534378,0.0009546751664300852,0.0014058503628932668,-0.000912533472338665,-0.00024597121769586925,-0.032403269478873814,0.15389999999999995,-0.0023276155196718614,0.002894491180631612,-0.001259740667514248,-0.0013359470551534969,0.0005343268750663032,0.00039851559441305204,-0.0020614406244541966,0.00013702398677062588,-0.00106795886607757,0.0010480079412463564,0.0013639473654005676,0.0017649934000982968,0.0005085059511540293,5.793700560258244e-05,-0.0006243846644054568,0.00176770260048713,-1.7827139102746876e-05,0.00019491211869832715,0.00040175977660232885,3.427773189557061e-05,0.00022012437783206897,0.0004070689339400465,-8.141976414655574e-05,-1.5137385121981105e-05,0.00016902374105896438,0.0002467947351345292,-0.00016882996279262642,5.393471428216726e-05,0.000539874821117129,0.0004471845311967838,-0.00017171711571207875,0.0003207519385427811,-0.00011174988677461479,-0.001182306608825987,0.0011945039174845473,-7.154513123070892e-05,6.611591131070976e-05,-0.00017093321385193604,-8.08580435309756e-05,0.000326114018606507,2.178013053312018e-05,-0.00011428644915180324,0.00019082193144031825,-9.42091580248763e-05,-8.171539818290997e-05,7.364123963575072e-05,-0.0006765603842896297,0.0006920705700550587,0.000633749303434807,-0.001475645159691054,0.00027464147957121466,0.0005607391342579257,-7.046550145675756e-05,0.0006391280530298957,-0.0006391280530298965,0.0029963858169846183,-0.0030006899433499866,-0.0009671246967546656,-0.0007705626752618799,-0.0012816516593142798,-0.000546947581444388,0.002123190226312473,0.002096197067780958,0.0019598765974156405,0.0017137692926781614,0.0016432736547670706,0.0009737305255082676,0.001176077277059728,0.001094890402287324,0.0008005044758050935,0.0004614289798065882,0.000754138724747866,0.0003744402254323413,0.0006546456991832961,0.0007711481786844144,0.0007712947304550185,0.001712598505011832,0.0018695147921795343,0.0012160247007268203,0.0007019101644698601,0.0004646252869499784
KXNFLAFCCHAMP-27-BAL,0.0030163526319843537,-0.0030783270226857223,0.00019510828282432198,0.003147279146461003,-0.0016804369081765671,0.0002224468959222205,-0.0034776781243872645,-0.0018466162849551263,0.0036608724206708115,-0.0026771332521671166,-0.006426873530219969,-0.0019875928676856202,0.0013608566391971758,9.10997732001782e-05,-9.109977320016652e-05,0.003064754740568688,-0.00044281386940933816,-0.002101306661794853,-0.0008565126910758721,-0.0018491932482617547,-0.0006514394031785376,0.0010518824325510998,0.0030835694234995123,-0.0037668715108414514,0.004406262662471941,0.00157180746303921,-0.002205402616640216,-0.005249747883001108,-0.0011563415830639532,0.00011810998112342974,-0.00011680058284139019,0.00011680058284138936,-0.0032478956704749123,-0.0004038545806563763,0.00435607402374902,-0.004831240503840562,-0.010696553993440026,-0.0029662865095867,0.002962044212640501,0.000796388368751405,0.001089745293573514,-0.0009136316768205079,0.0001880804256445454,-0.00018808042564454695,6.094796687574565e-05,-0.00019100460905983148,8.632387440320407e-05,0.006716453193246839,-0.0004274964332009421,-0.008302528561014912,0.006903842900595056,0.0008162766762695701,-0.0005747051109522407,-0.0005760739062450758,-0.0034248839488195456,0.0016067943848230653,-0.0016394992464838266,-0.0010803041907999408,-0.00407786324639183,-0.0016573730855072083,-0.004363986978404542,-0.0025061869792551627,0.004760158729594538,-0.007645397774799826,0.0006962288053607863,0.00026210919438645404,-0.00026210919438646445,-0.0018236697796990388,0.004555806439954229,-0.0036932616889123037,-0.0018771948637358788,-0.007784292135892947,-0.0032024002606008896,3.2726606360917096e-05,-0.0003840340763174066,-0.00021437355121500817,0.0010849634841381152,0.0017378194840268354,0.001510086987866015,9.905610432534896e-05,-0.0006487047555314251,-0.0009500234060578724,0.0006006315623356144,0.00015985188287441604,0.0011738338534547942,-0.0023276155196718614,0.11309999999999999,-0.020798396764174557,-0.014254255399709563,-0.01295189068730132,-0.003900644328856025,-0.015577214701700289,-0.014242212417916554,-0.012975123252211956,-0.0038333165599581517,-0.0026345597698581393,0.00022618884442295842,0.0002612275859103568,4.834490150733402e-05,-5.5736065345474335e-05,-0.0002430707366952034,0.0003006527455988179,-3.718310707445648e-05,0.00040651277294254264,0.0008376735403813241,7.15731349189031e-05,0.00045901708836101733,0.0008487468453170048,-0.00016970767572691714,-3.157326914410433e-05,0.0003525191347518489,0.000514607076630236,0.002209054534504819,-0.0008765422532911807,-0.0076085836719816165,-0.006334367601109129,0.0022311975232905744,-0.004591140985396463,0.0014874910953227376,-3.953795330280388e-05,3.994837754167005e-05,-0.0011431419081001258,0.0010438111172926298,-0.0026496375879736384,-0.0012935832308624017,0.005000264175751418,0.0003636737295756889,-0.0017561948975853311,0.002962231613907909,-0.0014499467497324206,-0.0012487254257331046,-0.0002892467744038945,0.0029140147859425787,-0.0029369095116473943,-0.0026791844336383716,0.00632372859205585,-0.0011441959186372765,-0.0023803204067405484,0.0003227811794231361,-0.00022676168602805125,0.00022676168602804602,0.0007722506385019914,-0.000773361006177548,-0.0007819345787746521,-0.000624538236497827,-0.001037455104820173,-0.0004381976669102281,-0.0018133629051494426,-0.001790198254583711,-0.0016731208729042625,-0.0014621328152322377,-0.001407204026642162,-0.000824704559694267,-0.0010071095572375412,-0.0009365203174329547,-0.0013304559252311273,-0.0007677275769931086,-0.0006078843698374178,-0.00029740985984609786,-0.0004882097930955724,-0.0005771991021058678,-0.0005749476653887464,-0.0004708254548910347,-0.0005124113721056403,-0.0003339806701149155,-0.00019351682961469966,-0.0001271831452902237
KXNFLAFCCHAMP-27-BUF,-0.0037738036389083417,0.0038379934985659447,-0.0002480217260408453,-0.003945253609162425,0.0020971108431426314,-0.0002852345243424429,0.004348392824840775,0.002305820899823446,-0.004579790070696901,0.0033422580392693316,0.008032729012179395,0.00248096750372592,-0.001708597389750334,-0.00012271563896911042,0.0001227156389690926,-0.0038094558977633058,0.0005395828295581826,0.0025955981427641705,0.0010519862506985706,0.0022727794982745097,0.0007966888592104476,-0.0013074419287478329,-0.0038273362434913813,0.004664768976250127,-0.005486531150042817,-0.001968682468722176,0.002711766347323368,0.006523659926450181,0.0014325766091556054,-0.00015168819206695663,0.00013805857300014374,-0.00013805857300014054,0.00440058368617625,0.0007380238394835809,-0.005172126135540823,0.006384033794852688,0.01372643750819293,0.0037081530900467197,-0.003702835862920432,-0.0010404417008623556,-0.0014051821527884094,0.0010857270160793044,-0.00023450500194934306,0.00023450500194933358,-7.935959397674089e-05,0.0002413076153369387,-0.0001122965247573875,-0.008381884216990532,0.0005397573899289362,0.010372660099583188,-0.008612655402174745,-0.0010325362194951466,0.0006585602503521978,0.0006598238549398031,0.004193145179162933,-0.0020613580635124367,0.0019738029280455278,0.0012848484259877276,0.005005412876135191,0.0020021957478382783,0.005357898869699522,0.0030359133220633373,-0.005933075893464078,0.009536198348879175,-0.0008735197799882647,-0.0003346205170718626,0.0003346205170718714,0.002263369200786583,-0.005684057589484147,0.004591993423207051,0.0023207963397125506,0.009703976503583657,0.003972749473839042,-4.7033463064323304e-05,0.0004891093217768236,0.00026827120002690226,-0.0013822171374911047,-0.00219604423763843,-0.0019068728948796068,-0.00013156139306976614,0.0008119878577868614,0.0011959093523590447,-0.0007776139302017133,-0.00020976263309780075,-0.0014462851756930246,0.002894491180631612,-0.020798396764174557,0.1344,-0.01759931528269503,-0.01599917365076084,-0.004799155752885604,-0.019199853299886646,-0.017598423688374394,-0.015999899771028635,-0.004797172823380252,-0.0031949422815881583,-0.0003331743697813004,-0.0004155395274868294,-0.0001099871790728704,9.954141401903436e-06,0.0001992575930583369,-0.00043366872046176654,3.256792749671199e-05,-0.0005284636831282047,-0.001066030102675088,-0.00010556152260431668,-0.0005925888067055459,-0.0010795615173905158,0.000195057082793092,2.5474507860506582e-05,-0.00046019186002282963,-0.0006618416975623332,-0.002695613596357585,0.0011683678307695287,0.009599102704195568,0.00800807246866376,-0.0027149719325191184,0.00582899940356169,-0.0018226468198003975,4.782453505616919e-05,-4.831815177241259e-05,0.0014223027572278053,-0.001284757173453718,0.0033086044045849868,0.0016079116874313168,-0.00622323427802283,-0.0004367254210003099,0.0021998597870105403,-0.003675709499352175,0.0018174835635285016,0.0015687043759889429,0.0003740918582632129,-0.003616473359777088,0.0036358831633179177,0.0033486131542707987,-0.007865343030465675,0.0014443561326521995,0.002934943112543713,-0.0003878796096875413,0.00028467951782788076,-0.00028467951782787523,-0.0009592217394282931,0.0009606008062048399,0.0009719121091134299,0.0007747516513681896,0.0012882996876811704,0.0005487026752410938,0.0022636842625216222,0.002234839641959144,0.0020893224890618685,0.0018267882648844202,0.0017526926613193293,0.0010367874982243667,0.001254360532611788,0.0011677089256009042,0.0016535877786421616,0.0009470109234041356,0.0007664767828274489,0.000382556017833634,0.0006071220712272859,0.0007144757413261897,0.000715460765838704,0.0005886085524041348,0.0006421625421253225,0.00041743062865043113,0.00024188014707854803,0.00015939971993159113
KXNFLAFCCHAMP-27-DEN,0.001627517140078384,-0.001663860593056538,0.0001044206143013013,0.0016965217121651058,-0.0009078139729329903,0.0001185530247809597,-0.0018769364066385259,-0.000997300526622088,0.001975395839684435,-0.0014459968531475452,-0.003469405892134487,-0.0010736388797158946,0.0007329958842130567,4.7238209967781054e-05,-4.723820996777611e-05,0.0016590640713297048,-0.00024207284890857657,-0.0011410692657224477,-0.00046642005653846916,-0.0010066511727445054,-0.000355492217824572,0.0005694309813111348,0.0016704503267029507,-0.0020429417314824943,0.0023831775519047443,0.0008476172402352045,-0.00120030426002803,-0.0028422530832565712,-0.000627003489585264,6.28737881310095e-05,-6.479617739831625e-05,6.479617739833289e-05,-0.0016789277550765176,-0.0001671490465885335,0.002410963734941101,-0.002532694554631045,-0.005696482782318225,-0.0016011596350613418,0.0015988727404483262,0.00042020674384592096,0.0005789891421633454,-0.0005053565823769696,0.0001016572684951539,-0.00010165726849513973,3.2214510088095264e-05,-0.00010255496169702295,4.5649780032366284e-05,0.003628554525483584,-0.00022960013790738204,-0.004482960500452025,0.003730457062134416,0.00043795409261555867,-0.0003233067605398518,-0.0003241432005823701,-0.0018679955182552602,0.0008558003263393508,-0.0009015299719405017,-0.0005974829930342816,-0.0022213416665145744,-0.0009098553278157605,-0.002376921822446575,-0.001374015070637493,0.002573294262289513,-0.004131512845882012,0.00037512593939593617,0.00013996943129622404,-0.00013996943129622583,-0.000987973129305605,0.00246159101663479,-0.00199901877355395,-0.0010189395604966959,-0.00420777699248193,-0.0017352878121117206,1.6330333235844857e-05,-0.00020532622692714226,-0.00011565356277191671,0.000579996129904473,0.0009329010839632311,0.0008109525190398294,5.178261699491277e-05,-0.00034993325659387297,-0.0005110003971914268,0.00031837432910228623,8.411948530093972e-05,0.0006382266492915165,-0.001259740667514248,-0.014254255399709563,-0.01759931528269503,0.09790000000000001,-0.01096191851021592,-0.00330051938076104,-0.013182262877102563,-0.012054218164935878,-0.010980493265725297,-0.00324655654030066,-0.0022275078649631056,0.00011108554268999902,0.00012154094736315543,1.5252470458807425e-05,-4.316038134255914e-05,-0.00015409552643368368,0.0001496621983406178,-2.3086234720749563e-05,0.0002150304601556279,0.0004480733161635163,3.5146089718981775e-05,0.00024369874532522944,0.0004541182001785313,-9.531346423781144e-05,-2.0075634931959375e-05,0.00018605378262929442,0.0002737573775378156,0.0012067495278987052,-0.00045735476976148035,-0.0040879396239101385,-0.0033997302995413987,0.0012205159092419215,-0.0024587339514447488,0.0008109291581850052,-2.1691136006826867e-05,2.1916918186059545e-05,-0.0006185137281035807,0.000567815666549319,-0.0014310378842237682,-0.0007002545634950087,0.0027050800332214064,0.00020020641550664352,-0.000946997269069526,0.001604932002199788,-0.0007815879729147039,-0.0006723692632361208,-0.00015339094115952411,0.0015786968241084578,-0.0015930289751621743,-0.0014463057929224733,0.003422175234263097,-0.0006145528570122326,-0.0012937120403478427,0.00017765087434917133,-0.00012214453092644547,0.00012214453092644493,0.0004181980212129223,-0.0004187993551319983,-0.00042329488380752104,-0.00033842202673282294,-0.0005618841568109938,-0.00023633348182572645,-0.0009795234950630333,-0.0009669947771768555,-0.0009036150665213711,-0.0007894611481598822,-0.0007609913919217836,-0.0004438980438205471,-0.0005446289917651482,-0.0005061805359895999,-0.0007202560407257499,-0.00041718181187575134,-0.0003266967333015718,-0.00015819103315290435,-0.0002642234350515537,-0.0003131062230768795,-0.00031106329592925125,-0.00025413768547972396,-0.00027624055479825874,-0.00018028993323820184,-0.000104470961891867,-6.855993646498468e-05
KXNFLAFCCHAMP-27-HOU,0.0017260139860859653,-0.0017645189510280134,0.00011075381469095253,0.0017993249815948407,-0.0009625064194162554,0.00012592428498101347,-0.001990218364144889,-0.0010573909464185783,0.0020951107049709725,-0.0015332602777315958,-0.0036790543784885705,-0.0011383683001500058,0.0007775330859893749,4.9990501301389465e-05,-4.999050130139651e-05,0.0017594684192681195,-0.00025672597637187654,-0.0012101309319136947,-0.0004946515374038145,-0.0010675852745313723,-0.0003770107752145709,0.0006038955595570057,0.0017715486365848044,-0.002166581761789798,0.0025273928424903377,0.0008989022152974587,-0.0012729604487063022,-0.0030142490326533315,-0.0006649457614354404,6.66794987771121e-05,-6.882986637453048e-05,6.88298663745327e-05,-0.0017803469176069556,-0.00017719418201755553,0.0025569200989406624,-0.002685752833705628,-0.006040954549171196,-0.0016980793278094618,0.0016956539854979347,0.0004462273618266779,0.0006146014993442526,-0.0005352648751771488,0.0001078276051813972,-0.00010782760518139353,3.4197929429184363e-05,-0.00010879099053043854,4.845941186379614e-05,0.003848012096698868,-0.00024354320610143587,-0.0047542011036171734,0.003956039518929002,0.00046434677644321986,-0.0003430357191773316,-0.00034392259660758075,-0.0019812144663805178,0.0009074218495505917,-0.0009562709454862071,-0.0006338273560677441,-0.002355942364777701,-0.0009650807393533163,-0.0025209428301994448,-0.001457380077808646,0.0027289718612319575,-0.004381470779105803,0.00039783186481315736,0.00014848354070889387,-0.00014848354070890713,-0.0010478047199794231,0.0026105511806477893,-0.002120047462088029,-0.001080686019106033,-0.004462438106643002,-0.0018403839660783685,1.7313359752299397e-05,-0.00021773398107070477,-0.00012264680357212303,0.0006150468817567009,0.0009893019563590932,0.0008599832138866928,5.4905222145113445e-05,-0.00037109777651025494,-0.000541897397409884,0.00033760452704971504,8.919759694813787e-05,0.0006768366847977635,-0.0013359470551534969,-0.01295189068730132,-0.01599917365076084,-0.01096191851021592,0.09000000000000001,-0.003000552287743905,-0.011981185009807395,-0.010951869002452668,-0.009979343578663678,-0.0029439909262460625,-0.0020293811049026706,0.00011711218762279172,0.00012718318264292173,1.5182535478874725e-05,-4.703753591329275e-05,-0.00016548505149795807,0.00015790889665889747,-2.4393188719151195e-05,0.00022814158509551618,0.0004752693880311349,3.7363348546993975e-05,0.00025853394474272586,0.0004816795615386994,-0.00010099464704380726,-2.1200295333889018e-05,0.0001974103589812942,0.0002904091627804994,0.001279571187079634,-0.0004852221194473908,-0.00433547985492312,-0.0036056334428717926,0.0012941700302137086,-0.0026077063272789487,0.0008598192584920953,-2.3005199959904816e-05,2.3244663286131206e-05,-0.0006558944438062229,0.0006021400711003968,-0.0015175847030701106,-0.0007425737301777189,0.002868703348152325,0.00021229332544497575,-0.0010042812469339022,0.0017019863338301605,-0.000828865457042621,-0.0007130464822482098,-0.00016257440354007824,0.00167431360312221,-0.0016892890515941392,-0.0015337047330535466,0.003629321582725414,-0.0006516284269825854,-0.0013718596529717327,0.0001884785900726181,-0.0001295893191441729,0.00012958931914417213,0.00044355283349327846,-0.0004441906749921426,-0.00044891565561376703,-0.00035890834260197426,-0.0005958953351516802,-0.0002506308861346282,-0.001038790998351826,-0.001025503575696723,-0.000958289501249723,-0.000837231116687811,-0.0008070251091362524,-0.0004707751019795559,-0.0005775732537949647,-0.0005368068252727376,-0.0007638184702319745,-0.00044240653386740255,-0.0003464693268594079,-0.00016777010049510825,-0.0002802067561634714,-0.00033204175990665576,-0.0003298802216433837,-0.0002695114391837179,-0.00029293467234524394,-0.0001911705597742414,-0.00011082345258674154,-7.269311389233776e-05
KXNFLAFCCHAMP-27-IND,-0.000696474731417896,0.0007080863624426525,-4.586315591684128e-05,-0.0007303488073530668,0.0003827300010712981,-5.6011375863217974e-05,0.0007970680060933295,0.00042090654659030066,-0.0008483255015924476,0.0006126165920946705,0.0014771126446712025,0.000453618199991982,-0.0003183990890219539,-2.084226148539799e-05,2.084226148540555e-05,-0.0007038009963639548,0.00010005134961802421,0.00048010048186723206,0.00019479007178611017,0.0004208517127859445,0.00014763955803615477,-0.00024161021396399343,-0.0007073449284063936,0.0008623831737426963,-0.0010131715158856432,-0.0003630879285806706,0.0005021045223253145,0.001205068287613464,0.00026474934598411505,-2.7897239336459323e-05,2.747631120798174e-05,-2.7476311207975852e-05,0.0007992748926950443,0.00012828215686671907,-0.0009634298715252289,0.0011647731183208328,0.002518851028416161,0.0006846326624382845,-0.0006836511222688763,-0.00020120106859513345,-0.0002683756999456421,0.0001908251133143193,-4.350737552599924e-05,4.350737552599241e-05,-1.5162199340966236e-05,4.4992229726726945e-05,-2.144127816571522e-05,-0.0015452066916594276,0.00010031190658391265,0.0019137571356058363,-0.0015871687770176177,-0.00018825561803782347,0.00012632189559568346,0.00012656659470325772,0.0007798222666661009,-0.00037584281765294517,0.0003699407169644003,0.00024251248437536462,0.0009298492668709344,0.0003746498626313566,0.0009951666762730434,0.0005672022344521056,-0.0010946740293955519,0.0017594994921181126,-0.00016122674761109731,-6.216303175080371e-05,6.216303175081116e-05,0.00041890957337250385,-0.001049276800831049,0.0008491310746602892,0.0004304670863092253,0.0017921311827774943,0.0007354593253553256,-8.434439353401507e-06,8.975696667295669e-05,4.9420915440691036e-05,-0.0002536729510330337,-0.00040384570315469366,-0.00035074226762017724,-2.390412683786609e-05,0.00014965507340416169,0.00022009531177348925,-0.00014223604754795089,-3.8254681232064245e-05,-0.0002674771964698823,0.0005343268750663032,-0.003900644328856025,-0.004799155752885604,-0.00330051938076104,-0.003000552287743905,0.029099999999999994,-0.0036000226723290653,-0.0033006486816509082,-0.0030001015218359102,-0.0009004015314659642,-0.0005980128542517912,-5.1788220061372566e-05,-5.287658441054666e-05,-6.497945385689561e-06,1.943302842872586e-05,6.550078879963227e-05,-6.87532248392276e-05,4.757740287198779e-06,-9.884484310246544e-05,-0.00019779921188011113,-2.0714299978751964e-05,-0.00011052768325554445,-0.00020029238050797056,3.484092561913952e-05,3.4478331504304427e-06,-8.623750709146392e-05,-0.0001232741385892658,-0.0004957067473428934,0.00021701009635922595,0.0017720443628049926,0.001478522249800085,-0.000499492328017625,0.00107658098140398,-0.00033417001183876495,8.883031383983736e-06,-8.97486536446415e-06,0.00026188978314466865,-0.00023716329402677301,0.0006098885139466728,0.00029608736638462045,-0.0011482160369020843,-8.070640371472305e-05,0.000405472742227553,-0.0006781566365397938,0.0003349400215537952,0.0002890860732151033,6.708528689586404e-05,-0.0006694954273188326,0.0006696552746285599,0.0006159942548953946,-0.0014535537175973576,0.00026432177580325994,0.0005404350921419858,-7.326763706520681e-05,5.324748360739404e-05,-5.324748360739566e-05,-0.0001778429423350462,0.00017809937400062832,0.00017959580020962296,0.00014325285519082285,0.0002381307751334403,0.00010116961149949277,0.0004177061969875126,0.0004123729341559888,0.00038551939299449303,0.00033710196519234626,0.000323305439499568,0.000191482213346431,0.00023136062519683368,0.00021548013999515706,0.00030514042868485787,0.00017487685100508001,0.00014128387166467454,7.036383264426014e-05,0.00011205205895659148,0.000131880313905087,0.00013203412858834375,0.00010854340523246192,0.00011808863004418825,7.652672789523651e-05,4.5179209756625015e-05,2.91339566779524e-05
KXNFLAFCCHAMP-27-KC,-0.0005270760653416874,0.0005316555922988307,-3.5939106754115384e-05,-0.0005538698876505072,0.00029039989987648116,-4.267921192712657e-05,0.0006054960876978634,0.0003197476780241148,-0.000640042443500382,0.0004637188021119893,0.0011183001559136733,0.00034387784816247247,-0.00024111520896046934,-1.9541989895548582e-05,1.9541989895549036e-05,-0.0005241013669276088,7.07703218696473e-05,0.00035188683116572217,0.00014068618753972838,0.0003044668008772907,0.00010543724153396172,-0.00017987619677497908,-0.00052481042636718,0.0006362001340942578,-0.0007578736749099243,-0.00027560677738953704,0.00036365808942630495,0.0008969235642975272,0.0001955601434110825,-2.2437098568919197e-05,1.7098111741399667e-05,-1.7098111741392907e-05,0.0007214771163380033,0.00017706757048322705,-0.000633920245878828,0.0009991924509895238,0.002025825739413383,0.0005170197396977792,-0.0005162738458403559,-0.00016127593832615755,-0.0002114200588373814,0.00013108111226591002,-3.2567824036032276e-05,3.25678240360311e-05,-1.2184430483113336e-05,3.454448665846402e-05,-1.7206345356772606e-05,-0.0011634414124366856,7.71085542594782e-05,0.0014437751367118276,-0.0011943616342663629,-0.00014744144641235093,7.321139268492786e-05,7.324391828549992e-05,0.0005568908222804222,-0.000303641332169209,0.0002515572934742899,0.0001587521171526457,0.0006688320141828897,0.00025738403745540644,0.0007163252602931748,0.00039290155518065093,-0.0008213085267460565,0.0013223476125528255,-0.00012279416894293794,-4.902858123603401e-05,4.902858123604076e-05,0.00031043157328065684,-0.0007887898164949583,0.0006323600410632329,0.00031554746835925866,0.0013441613849412663,0.0005443359126222737,-8.49092209991067e-06,7.099948645975565e-05,3.7467455909028885e-05,-0.0002007747626962776,-0.00031346470704611367,-0.0002717581912354747,-2.0766713242048868e-05,0.00011348174924680137,0.00016925927494704237,-0.00011680865609420751,-3.236525192564048e-05,-0.00019481186033830518,0.00039851559441305204,-0.015577214701700289,-0.019199853299886646,-0.013182262877102563,-0.011981185009807395,-0.0036000226723290653,0.1056,-0.013177102826133824,-0.011990716597255167,-0.0035723374002296776,-0.0024117138631240065,-5.980449933816795e-05,-7.97113847341206e-05,-2.7319456743726107e-05,-1.2808298960762335e-05,2.350023740281578e-06,-7.572970804316009e-05,-1.8919047912401143e-07,-8.044686516080698e-05,-0.00015486884478282657,-2.0135107917202616e-05,-8.8869036857861e-05,-0.00015665449471718223,2.1464049957073258e-05,-1.2039493929909464e-06,-7.068048467513525e-05,-9.843823716946475e-05,-0.00035406525341312743,0.00018665429978715565,0.0013665763760656658,0.0011454158761439333,-0.00035410725779649226,0.0008417421577612189,-0.0002417153719888239,6.161603549163636e-06,-6.22427748090633e-06,0.00019595240401867572,-0.00017254195021254354,0.00045985532401722907,0.00022101380838878727,-0.0008584458554937874,-5.506186504540115e-05,0.0003079984550011416,-0.0005034125597330663,0.00025485483856405,0.00022109043883350118,5.580041140665973e-05,-0.0004960142763943977,0.0004950209770698315,0.00046617155581365306,-0.0010838673417093605,0.00020541997777532447,0.0003956709332733713,-4.9347686401361775e-05,4.026438953070211e-05,-4.026438953070279e-05,-0.00013192484877210501,0.00013211464866296952,0.00013372202119466312,0.00010611526719111468,0.00017686968637706393,7.676548023439695e-05,0.0003145106715122892,0.00031052391191316146,0.000290509881450291,0.0002543134149869001,0.0002422124278026098,0.0001464296682393791,0.00017333843165608605,0.00016179550807148525,0.00022735181944301755,0.00012787159371991622,0.00010895243668272502,5.678794727971495e-05,8.359256413072517e-05,9.729523298976374e-05,9.866245222013605e-05,8.204305716501877e-05,8.995144329975826e-05,5.806705896640046e-05,3.3806320805781274e-05,2.2298590896320998e-05
KXNFLAFCCHAMP-27-LAC,0.0026690801989178157,-0.00272525879922626,0.00017225812941945443,0.0027843960226411704,-0.001487001849841345,0.0001965190346609191,-0.0030769039640741987,-0.001633925743127255,0.003239787430099384,-0.00236914419322767,-0.005687117506112331,-0.0017588434725984846,0.001203918297068195,7.944609992144251e-05,-7.944609992145349e-05,0.0027145577427980863,-0.00039337587394527027,-0.0018629477722214214,-0.0007599993489248981,-0.0016406639954198526,-0.0005784014817160428,0.0009316992473619532,0.0027318195901579988,-0.0033383095458452408,0.0039017302320139757,0.0013905864886275877,-0.001956578461201239,-0.004650034810151762,-0.0010247096623919932,0.00010409577819931156,-0.00010445785636861643,0.00010445785636862531,-0.002837651187669016,-0.0003324144710045798,0.0038842485848294473,-0.004238372361248178,-0.009427835945497865,-0.0026251399703707415,0.002621387010984061,0.0007012692556499805,0.0009610551736163812,-0.0008130904888575993,0.00016655335846396332,-0.0001665533584639546,5.3672620279955834e-05,-0.00016882830197309642,7.602850810242449e-05,0.005945136816474831,-0.000377858353494494,-0.007348084417869346,0.006111252962951777,0.0007208563236465556,-0.0005153256817248295,-0.000516584277892137,-0.0030407090883467504,0.0014159979595612456,-0.0014593718340724909,-0.0009634309613887016,-0.0036190036731045356,-0.0014745040633870141,-0.0038727800855792326,-0.00222870581905637,0.004214386858293151,-0.0067681066823355365,0.0006158171946181135,0.00023131540260787798,-0.00023131540260788757,-0.0016157408163253455,0.004032945317875864,-0.0032712189554104055,-0.0016642077895955907,-0.00689183789615882,-0.0028374772616185854,2.8298519376519188e-05,-0.0003388591997286087,-0.0001896724004965533,0.0009572983095105037,0.0015352907674321755,0.0013342523319820258,8.681405536212759e-05,-0.0005739491391717597,-0.0008398043617676676,0.00052861152274776,0.0001403792592028148,0.0010410314902017821,-0.0020614406244541966,-0.014242212417916554,-0.017598423688374394,-0.012054218164935878,-0.010951869002452668,-0.0033006486816509082,-0.013177102826133824,0.0979,-0.010975005793861127,-0.003233456974689051,-0.0022351995619455728,0.0001932346191206088,0.00021786290680200852,3.5281611128507056e-05,-5.851860559477619e-05,-0.00023087781458737031,0.00025808679092766655,-3.419561478023776e-05,0.00035780137433313365,0.0007394807164815055,6.181918072950773e-05,0.00040440404804971256,0.0007493124028481918,-0.00015182313662303272,-2.9239433346923228e-05,0.00031009896326003074,0.00045362003534779507,0.0019615356072901395,-0.0007683900789554211,-0.006724392428657555,-0.005596568826386896,0.00198201697010186,-0.004053876511077677,0.0013199222741049931,-3.516390455343109e-05,3.5529231626206176e-05,-0.0010122613253730388,0.0009258046510640442,-0.002345137016767814,-0.0011456418980928108,0.004427871700708791,0.00032368516785076615,-0.0015536601284557943,0.0026242596232460198,-0.0012825965692698585,-0.0011042463820525356,-0.00025442855668766744,0.0025818063529527728,-0.0026025633787281214,-0.0023708026821871674,0.005600697658158717,-0.001010843243336579,-0.002110547474953427,0.0002874849473400491,-0.00020066719817443945,0.00020066719817444405,0.000684183302507667,-0.0006851671667329312,-0.0006925967662340183,-0.0005533512901992683,-0.0009190571043989365,-0.00038768638014268473,-0.0016050994557454215,-0.0015845861013450058,-0.0014808883699840264,-0.00129404711240369,-0.0012459868513687053,-0.0007292509242834298,-0.0008917275397724669,-0.0008291071435237241,-0.0011783878989121846,-0.0006807261712287618,-0.0005372681139311906,-0.0002620668469918725,-0.0004323782845649471,-0.0005115330325940227,-0.0005091467765355979,-0.0004166526884552276,-0.0004532510305651147,-0.00029550831253253836,-0.00017132616800909954,-0.00011247624808216374
KXNFLAFCCHAMP-27-NE,-0.00018702512991826195,0.0001853038464749766,-1.3743164875225615e-05,-0.00019871285151681597,0.00010112626427646057,-1.7322031558416824e-05,0.00021343880427807465,0.00011168985056919927,-0.00022742238512736657,0.00016217846480124013,0.0003940455264224959,0.00011999996623627556,-8.745815906893308e-05,-8.764545459797158e-06,8.764545459788698e-06,-0.0001799050505170344,2.1610741431602608e-05,0.00011675473344661413,4.516131624556634e-05,9.814982090144277e-05,3.296459029659801e-05,-6.174486649104102e-05,-0.00017879332241702933,0.00021406942226059053,-0.00026250469816741363,-9.828783732807557e-05,0.00011753606106734222,0.00030741958482490245,6.594222072836656e-05,-8.915707161559001e-06,4.405733462012198e-06,-4.405733462014386e-06,0.0003374829974337913,0.00011924737451327255,-0.0001574886675524287,0.00043655311168499644,0.0008017072368918577,0.0001827793806662012,-0.00018251223266757386,-6.94475021541885e-05,-8.663263901221899e-05,3.079377366068276e-05,-1.1414438086589914e-05,1.1414438086587617e-05,-5.164422533271807e-06,1.2900925923454698e-05,-7.268627304897372e-06,-0.00040730874444020544,2.867688319064553e-05,0.0005085301838761915,-0.0004172781735858329,-5.477453858515207e-05,1.1677481835838911e-05,1.1579263617017832e-05,0.00017569176481358956,-0.00011973270485313223,7.088301240544236e-05,4.055934588999103e-05,0.00021426437239414138,7.436857980896991e-05,0.000229792319398175,0.000115703567982425,-0.00028582419859292645,0.0004619333468997884,-4.41762365596355e-05,-1.9145991192500863e-05,1.9145991192512223e-05,0.0001058176335584219,-0.0002760118736374264,0.00021753049428137469,0.00010541986944194879,0.0004684432594251643,0.0001851263209608189,-4.4784005170382396e-06,2.7241921857082876e-05,1.329378733458345e-05,-7.713186468604721e-05,-0.00011637471951034872,-0.00010057021157088181,-9.192642114777719e-06,4.032343922788038e-05,6.175945168097205e-05,-4.77016557715675e-05,-1.382398097020077e-05,-6.364760312756382e-05,0.00013702398677062588,-0.012975123252211956,-0.015999899771028635,-0.010980493265725297,-0.009979343578663678,-0.0030001015218359102,-0.011990716597255167,-0.010975005793861127,0.09000000000000002,-0.0029700177276413046,-0.002013856936616193,-3.136715744813256e-05,-4.485895217834642e-05,-1.883848551099486e-05,-1.540303720058156e-05,-1.8650111474004343e-05,-3.8462964293899e-05,-3.6854429577500707e-06,-3.361388068399582e-05,-5.951860988965372e-05,-1.1261829698902857e-05,-3.6194545670756396e-05,-6.0072666373897784e-05,3.203655759148546e-06,-4.063864897245801e-06,-2.997207378165859e-05,-3.951126555475895e-05,-0.00010852456969699165,8.414104506502438e-05,0.0005046681781170115,0.0004269968165705844,-0.0001065095856776119,0.0003197549142192839,-7.596156891205588e-05,1.7914591078367353e-06,-1.8089187001162394e-06,6.747304208751592e-05,-5.59645345150391e-05,0.00016145752637055283,7.570810014856655e-05,-0.00029641917796542074,-1.501207240773845e-05,0.0001098603494418874,-0.00017102984941359844,9.120279381382546e-05,7.997092208886e-05,2.250367723908176e-05,-0.00016907742202446448,0.0001658887097472043,0.000164249232990083,-0.00037341647030135396,7.569919005677482e-05,0.0001295286842475532,-1.3833797503223297e-05,1.4672067817407317e-05,-1.4672067817408893e-05,-4.525066735975994e-05,4.531587345519371e-05,4.590718183386346e-05,3.605813509196612e-05,6.042351771571663e-05,2.733791293087833e-05,0.00011033943563807046,0.00010895674340093129,0.00010209156243952208,8.960717551627056e-05,8.397584116990166e-05,5.319864749213317e-05,6.0091355123400844e-05,5.642265303335463e-05,7.792744929086138e-05,4.202244767822832e-05,4.0109445137015266e-05,2.2710541133565655e-05,2.8744706121564894e-05,3.262218771964869e-05,3.404512939779843e-05,2.8984860558856114e-05,3.211708818399403e-05,2.042410534830187e-05,1.2015349691236748e-05,7.938756080292901e-06
KXNFLAFCCHAMP-27-PIT,0.0013693706095810275,-0.0014058812686754034,8.610920519895554e-05,0.0014247929643082698,-0.0007648061723350003,9.776211846889292e-05,-0.0015786404750022472,-0.0008396298266638696,0.0016633205069261487,-0.0012184916067846995,-0.0029210351225642905,-0.0009045417325719513,0.0006150761919966306,3.546148379485841e-05,-3.546148379484975e-05,0.0014073075796016065,-0.0002102710669086025,-0.0009753446680293724,-0.00040140607444279425,-0.0008656458440431678,-0.0003074910701979306,0.0004830546200208906,0.001419489157774451,-0.001740855846724541,0.002017127313343458,0.0007121527085278337,-0.0010316393851348272,-0.0024116655451921157,-0.0005339951575318993,5.112116631510374e-05,-5.8611859302077084e-05,5.8611859302094777e-05,-0.001258046768107904,-3.4141751923886915e-05,0.0021555587308614644,-0.001975137385582377,-0.004634996235007391,-0.0013485582740969237,0.00134663851389956,0.00033642614816048304,0.00047105218783590613,-0.00044849318311762344,8.59076558779135e-05,-8.590765587790807e-05,2.5883199362521337e-05,-8.539087179165622e-05,3.6720898677012575e-05,0.003062065361283696,-0.00019119672547100925,-0.003778436899635021,0.003149265772836157,0.00036273302092394325,-0.0003006293233536276,-0.0003015382845851621,-0.0016147666584509306,0.0006957535888806694,-0.0007950261936400258,-0.000534327144353216,-0.0019142155014073624,-0.0007991627133080332,-0.0020476669351428478,-0.0012029320989592395,0.0021751071046774264,-0.0034891303494529076,0.0003145462212671711,0.00011481297335561071,-0.00011481297335561063,-0.0008397749567323719,0.0020783185294537504,-0.0016952722616053143,-0.000870368167640347,-0.0035564596811967076,-0.0014758288986461941,1.0954933017971138e-05,-0.00016877460207914834,-9.72626728054145e-05,0.00047657279171254137,0.0007748368579207437,0.000674193781798365,4.006471208410778e-05,-0.0002942197646722378,-0.000426539810154762,0.00025586740620450613,6.629488546002296e-05,0.0005472437349910283,-0.00106795886607757,-0.0038333165599581517,-0.004797172823380252,-0.00324655654030066,-0.0029439909262460625,-0.0009004015314659642,-0.0035723374002296776,-0.003233456974689051,-0.0029700177276413046,0.029099999999999997,-0.000643282793756029,7.002321143861155e-05,5.973662918236097e-05,-1.0981778006854933e-05,-6.523568889324549e-05,-0.00018003838134624065,9.903687547872298e-05,-2.523727286680831e-05,0.00017254653662561508,0.00036939219567750796,2.2853815805724142e-05,0.00019731725604115127,0.0003746189264295497,-8.748613371816169e-05,-2.2736640378004463e-05,0.00014847781177844017,0.00022273121211178166,0.0010452380659777085,-0.0003532626321500438,-0.0034041730355902243,-0.0028237264525139472,0.0010606082034170495,-0.002031173883339346,0.0006987627385560437,-1.8992421895941065e-05,1.9191413005600754e-05,-0.0005237935959803764,0.00048731878664030014,-0.001206755219602459,-0.0005937279789179615,0.0022906926374000112,0.00017671366543386437,-0.0007954622618331927,0.0013640262047954468,-0.00065594717928582,-0.0005627283221137527,-0.00012310741331265955,0.0013419479565162373,-0.0013572688894129227,-0.001217921710300395,0.0029006743743771983,-0.0005107785668726791,-0.0011075027083874795,0.00015703839616865552,-0.00010244738307724015,0.00010244738307724959,0.00035512366743393467,-0.00035563451826275223,-0.0003590701786129457,-0.00028778091423364936,-0.000477195176205676,-0.000198616578837972,-0.0008264016867314291,-0.0008157971045232107,-0.0007620448201409863,-0.0006653675532322825,-0.0006437553440215055,-0.0003713368509308592,-0.0004607232451217479,-0.00042766486987920086,-0.0006109737626700439,-0.0003571444076777301,-0.0002721568967878052,-0.00012832967252747132,-0.00022397786371098298,-0.0002668968384568983,-0.00026346646333454463,-0.00021401063389652722,-0.00023182709167191684,-0.00015172903017289562,-8.817359203695334e-05,-5.74767571288846e-05
KXNFLAFCCHAMP-27-TEN,-0.0013525880571887499,0.0013829928867000261,-8.672406947353187e-05,-0.0014133216712031264,0.0007478527191181119,-0.00010365182826493185,0.0015513931139077035,0.0008216518533056756,-0.001646787889331587,0.0011953663161034561,0.002875292919156565,0.0008857651440319386,-0.0006138941222224851,-3.656057446507668e-05,3.656057446506653e-05,-0.0013808992956395795,0.00020241072863468046,0.0009511670590585694,0.0003893140527610458,0.0008402027972100915,0.000297022348266613,-0.00047404554067433644,-0.0013909287143183202,0.0017018702127331049,-0.00198256590117459,-0.0007040376552329127,0.0010017432828533575,0.002365499846586892,0.000522164881241709,-5.1968223886300966e-05,5.69130945294751e-05,-5.69130945294924e-05,0.0013637533949683997,0.00011847143661124753,-0.002027363883774382,0.0020724288722049665,0.004700280133951157,0.001331071013104514,-0.0013291707948721685,-0.00036095577662672624,-0.0004928854334186764,0.000408842410265649,-8.474994235181257e-05,8.47499423518004e-05,-2.7479920489416124e-05,8.587363457697667e-05,-3.892090105514765e-05,-0.0030139726284698033,0.00019170101335018333,0.003725580445628226,-0.003097854257982132,-0.00036001452636183137,0.00027842208951925183,0.00027915287019995887,0.0015653017058245438,-0.0007022245756649747,0.0007610263731856223,0.0005074789240649062,0.0018593460645864816,0.0007668944062941847,0.0019892762855669823,0.0011565063160818411,-0.002139012970957836,0.003434095645395267,-0.0003117262856805863,-0.00011652040204365588,0.00011652040204366435,0.0008235206399546655,-0.0020468014212921526,0.0016648645008089805,0.0008510219941348454,0.00350018541227037,0.0014467605866587312,-1.3005629460392218e-05,0.00016962618657460015,9.599796006172349e-05,-0.0004791676943356105,-0.0007725572608209469,-0.0006717242427359511,-4.223583726367948e-05,0.0002905496297058286,0.00042358879502202404,-0.0002618721126034615,-6.891697472592639e-05,-0.0005322806806160657,0.0010480079412463564,-0.0026345597698581393,-0.0031949422815881583,-0.0022275078649631056,-0.0020293811049026706,-0.0005980128542517912,-0.0024117138631240065,-0.0022351995619455728,-0.002013856936616193,-0.000643282793756029,0.0196,-7.970666782267831e-05,-7.050936618106264e-05,4.978133185680116e-06,5.8353894992967496e-05,0.00016488284747446776,-0.00010973520484071272,1.7658566884600008e-05,-0.00018026222637884437,-0.0003736351337836794,-3.068720422037276e-05,-0.00020390248773422275,-0.00037865868658926985,7.787216274416469e-05,1.515617325556851e-05,-0.00015617708190635124,-0.0002288430942922337,-0.0010024762442018848,0.00037990072769796793,0.0033957837054561808,0.0028238487177479213,-0.00101451936577327,0.00204201723001336,-0.0006718414600382063,1.814874248626031e-05,-1.8338009576899257e-05,0.0005134616156542808,-0.0004729224935646331,0.0011885354298922348,0.0005814188265560248,-0.002249168525118675,-0.00016733618728925623,0.0007861666655632265,-0.0013348789188398875,0.000648713802769207,0.0005579020818607625,0.00012429480427430866,-0.0013160319414860793,0.0013234523843444219,0.0011993428197480543,-0.0028486627505547465,0.0005071461132669383,0.001075036510052352,-0.00015058799215089756,0.00010233578493217182,-0.00010233578493217251,-0.00034883475636970213,0.00034933733187861673,0.000352353275736152,0.00028189619265392473,0.0004678694825297089,0.00019626205565510883,0.0008141581602681392,0.0008037283506239214,0.0007510311610228635,0.0006561665003138477,0.0006324583010698445,0.00036902479283781376,0.00045260918566184476,0.0004207708865299699,0.000599068089534672,0.00034748442822544903,0.00027100904326343223,0.0001306871389079466,0.00021975941869043907,0.0002605586552424403,0.0002586772110869061,0.00021110931918166245,0.00022891471591424497,0.00014907346495110144,8.767151395008051e-05,5.6538230650585714e-05
KXVENEZUELALEADER-26DEC31-DFIG,0.0008905676077003091,-0.0009096449480697056,4.8802325967890204e-05,-0.00017958376032438858,7.733063580120424e-05,-2.1878375401414625e-05,0.0001673473125961919,8.323574351980063e-05,-0.00023553071589116513,0.00013958487973932473,0.000347876555301517,9.614052983307432e-05,-8.651473119181881e-05,-0.00622703945041505,0.006227039450415055,-5.005059339903953e-05,4.4356148999814066e-06,2.964176169598246e-05,1.0419153852489444e-05,2.1367742902235328e-05,6.947317536697474e-06,-1.5617398285194582e-05,-4.7293090158161145e-05,5.7623984182358115e-05,-7.967263912220487e-05,-3.490952526332036e-05,2.565645214155614e-05,9.412319720768705e-05,2.093456440827381e-05,-2.317425417449793e-06,-0.0023223727247839703,0.00232237272478396,0.0002468219566208675,3.5808773162961964e-05,-0.00029883072875841953,0.0003607970234179122,0.0007767280279830269,-0.007194858276932661,0.007184575341577076,-0.004798928005157852,-0.006789773114082942,0.006645974325801524,0.0052138566142106435,-0.0052138566142106635,-5.7186302274762415e-05,0.0001593985694459217,-8.10186395082142e-05,-0.00038914501105153103,1.697008375059069e-05,0.0004647354836826932,-0.00041418837825156436,-0.00013063600808141642,4.1906924733657244e-05,4.116093957303274e-05,0.00047031145935859663,-0.0003136775065117598,0.00019765248721570377,0.00012028664795931189,0.000571965072467542,0.00020522446589642262,0.0006117825531548055,0.0003150768219995284,-6.411225492281444e-05,9.631214801033888e-05,-4.532884072503244e-06,0.005994896955732649,-0.0059948969557326506,-0.00011362121231928558,0.0003117755495625076,-0.00023721770057221847,-0.00011336628890949428,-0.0005289387311998487,-0.00019920921714721438,-1.1288317414312513e-05,0.0001759012471786166,0.00010243503105341553,-0.0004981470896893104,-0.0008248788797063961,-0.0007203124595486364,-3.7145267471835104e-05,0.0003172952451371008,0.00045351847954910526,-0.0002663664216545848,-6.798810985406993e-05,-0.0006459571942679229,0.0013639473654005676,0.00022618884442295842,-0.0003331743697813004,0.00011108554268999902,0.00011711218762279172,-5.1788220061372566e-05,-5.980449933816795e-05,0.0001932346191206088,-3.136715744813256e-05,7.002321143861155e-05,-7.970666782267831e-05,0.022470999999999998,0.0020904497405920637,0.002210769092294381,0.0024623375270566503,-0.011208613806752228,0.0022189006362301417,5.779265604907248e-06,6.626648417827663e-06,-2.4494072300861182e-06,7.63133340452881e-06,5.27773671603223e-06,-3.5779664758818345e-06,2.0395723283132575e-05,5.790001933438261e-06,6.52372256238307e-06,4.061318114641419e-06,-0.0001314226693663159,4.5644017570712353e-05,0.00043166714560302605,0.0003570246156290771,-0.00013713784174936353,0.0002562050889532277,-8.315015054651383e-05,-0.00018284152334567953,0.0001847284082903966,0.0002860500220562268,-0.0002477822129944994,0.0006991816478329314,0.0003219656021359283,-0.0013409768401360601,-6.940743219587233e-05,0.00047729381430629996,-0.0007601136801959499,0.0003935267893817422,0.0003467972395473492,5.971668601492988e-06,-0.00010954774273439158,0.00010922429782657115,9.267594927281952e-05,-0.00023193413380644248,3.4891227444529426e-05,9.03363765353629e-05,-1.581918372742137e-05,-0.006839715772194896,0.006839715772194896,0.007609722117519833,-0.007620611884851887,-9.15753890853517e-05,-7.091733953084414e-05,-0.00012026645221362754,-6.376806813130384e-05,-0.0009685995398313905,-0.0009576107012262453,-0.0008985465951439492,-0.0007884615106121423,-0.000739046894965542,-0.00046639186095845717,-0.0005293919374809849,-0.000493107270040654,0.0008086078433443438,0.0004456539776015575,8.433891271427167e-05,4.7634285333251775e-05,0.0005900953534173606,0.0006908809424012351,0.0006973160318299679,-1.16251635031609e-05,-1.6086705699152084e-05,-9.906284325294516e-06,-2.920978507259418e-06,-4.454383748302911e-06
KXVENEZUELALEADER-26DEC31-DROD,0.0011787431859613309,-0.001197886941649106,5.664847506420376e-05,-0.00022978463868015086,0.00010951545662941058,-2.17893120286872e-05,0.0002295171885206586,0.00011805896321811982,-0.0003061344156905216,0.00019181869195988366,0.0004664441535458698,0.00013414384325846743,-0.00010677142513315543,-0.008209843821779288,0.00820984382177929,-7.392950228077177e-05,1.0703818660223656e-05,5.027960587076017e-05,2.0436573943849436e-05,4.332468142532434e-05,1.554289522818433e-05,-2.4185791354376498e-05,-7.2959439932018e-05,9.141098021038077e-05,-0.0001118434686423388,-4.449168699230684e-05,5.15868723653837e-05,0.00013637391132436893,3.185952442093307e-05,-2.3068697210916334e-06,-0.003015445163500231,0.0030154451635002093,0.00024990343093941875,1.4704706110474799e-05,-0.00044029139293463556,0.00039408043822744684,0.0009473347846850413,-0.009572013101910934,0.009558355501721995,-0.00636572556999788,-0.00899072443560867,0.008646836406834345,0.006946485361942206,-0.006946485361942205,-8.050236657136304e-05,0.00022033109960021828,-0.00011410308549279918,-0.0005097062363945443,3.3483185528076034e-05,0.0006306331612608301,-0.0005379540745558387,-0.00016397293603426905,2.2097638730018063e-05,2.031947552206759e-05,0.0005598752678029506,-0.0004477036528631838,0.00021465676069540372,0.00012402167006328875,0.0006903421521907107,0.0002274435882702556,0.0007377437446257029,0.0003521168323330188,-0.00010638315229289375,0.00015412135351156812,-3.5017541346421576e-06,0.00797408342623162,-0.007974083426231612,-0.0001129828707570608,0.0003946273410519569,-0.00025865378210927575,-9.205771918315434e-05,-0.0006516298173662069,-0.00019452634537705564,-4.436695089280907e-06,0.00020867632743534195,0.00013058239164222626,-0.0005921453983308128,-0.001026306157892593,-0.000901054817819851,-3.0250048512905434e-05,0.0004116114284478117,0.0005712528323089606,-0.00029484379577243713,-6.925645326238592e-05,-0.0008002316446222786,0.0017649934000982968,0.0002612275859103568,-0.0004155395274868294,0.00012154094736315543,0.00012718318264292173,-5.287658441054666e-05,-7.97113847341206e-05,0.00021786290680200852,-4.485895217834642e-05,5.973662918236097e-05,-7.050936618106264e-05,0.0020904497405920637,0.1275,0.0014651396574227307,-5.524528918091285e-05,-0.10114169034673795,0.002136466617719139,1.9040290240476693e-05,5.452968994570149e-05,4.916062023563496e-05,3.540207038555692e-05,5.23187837744004e-05,4.611615211400812e-05,6.173173728339035e-05,1.9489082669787678e-05,5.021168712319059e-05,5.13365842870204e-05,-0.00018721303216462815,4.280710836852889e-05,0.0005437725185147942,0.000443977555376067,-0.00020186156904807912,0.00031126120522950815,-0.00010875682833684843,-0.0002403136127408431,0.00024278909710928213,0.0003440566676493279,-0.0002924371119318739,0.0008896757470855607,0.0003855896233355315,-0.0017371915984805406,-6.426985870195453e-05,0.0006204780210648622,-0.0009527514627272506,0.0005105489985501566,0.00045729452774167584,1.3674144503546498e-05,-0.0001439725427911273,0.0001558617253730435,0.00013277905851476643,-0.0003111356985478722,5.247578008575016e-05,0.0001280419299498454,-1.6617263095475402e-05,-0.00909511581086977,0.009095115810869766,0.01012299047200596,-0.010137455136116203,-0.0001070230580656398,-8.134144820301243e-05,-0.00013998800045586214,-8.717262307314567e-05,-0.0012886672555819565,-0.001275315178868898,-0.0011997976311631806,-0.0010553800011516537,-0.0009731178899331917,-0.000641748334096599,-0.000697854548613118,-0.0006495816018447387,0.0010421731454979565,0.0005539112062484226,0.00012758665351933604,7.98044668090448e-05,0.0007839960444925417,0.0009152440194395669,0.000927818339461486,-1.8210509842301715e-05,-3.100425311579063e-05,-1.9825004595034755e-05,9.072223704896909e-07,-1.0043231565323018e-05
KXVENEZUELALEADER-26DEC31-DRON,0.0003569912632592015,-0.0003618893057454305,1.1596444062790439e-05,-6.278273095827969e-05,2.771106553682289e-05,-6.6860015365682275e-06,5.8139450896235856e-05,2.9226515705416116e-05,-9.414809141516925e-05,5.2942865753828933e-05,0.0001291057942457283,3.5070204624493105e-05,-3.064427217301778e-05,-0.0024831227658955635,0.002483122765895558,-1.9365388511586138e-05,3.258397944793755e-06,1.3756187404708791e-05,5.834184782167936e-06,1.2246817642149566e-05,4.591783614934077e-06,-6.116285896416814e-06,-1.904200634921064e-05,2.4779195017866294e-05,-3.0229341041525097e-05,-1.2731655411788566e-05,1.4523357132173277e-05,3.8172910500717403e-05,9.557667042263596e-06,-3.266669846789858e-07,-0.0008973866173765027,0.000897386617376506,5.076561234162217e-05,-8.071197939856882e-06,-0.00015215595065282145,9.342378649229821e-05,0.0002647144041113534,-0.0029426640014078393,0.0029384828777418454,-0.0016745135241862342,-0.0024607569010799447,0.0027470145333343627,0.002136444865417313,-0.0021364448654173024,-2.924645179421297e-05,7.510257575317577e-05,-4.148807533762489e-05,-0.0001627071130248712,1.209616856861743e-05,0.0002037515327300884,-0.00017417721674925537,-4.503619611369773e-05,-1.748002461230151e-05,-1.855705269269677e-05,0.0001251148318820187,-0.00015916347453710347,3.132211794038697e-05,1.1702306760836673e-05,0.00016180572564936807,3.723612889149633e-05,0.00017247873337282075,6.0455585548244e-05,-4.530848960374758e-05,6.303658853449247e-05,3.7694704401560554e-07,0.0024517881596561398,-0.002451788159656148,-1.7653373604601647e-05,0.00011119437880748853,-5.360485267917905e-05,-3.404485584763194e-06,-0.00017624682991469824,-2.8608900086094566e-05,4.503521395059727e-06,4.905102774424951e-05,3.639120983826666e-05,-0.00014002020861212587,-0.0002724563265401219,-0.00024233054849075874,1.927579688856263e-06,0.00011957304438232594,0.00015568318505583588,-5.620340242301726e-05,-9.125845755274264e-06,-0.0002071622301151324,0.0005085059511540293,4.834490150733402e-05,-0.0001099871790728704,1.5252470458807425e-05,1.5182535478874725e-05,-6.497945385689561e-06,-2.7319456743726107e-05,3.5281611128507056e-05,-1.883848551099486e-05,-1.0981778006854933e-05,4.978133185680116e-06,0.002210769092294381,0.0014651396574227307,0.035630999999999996,0.0026372095398427492,-0.02031834133671838,0.0024963350739201882,1.0987138602331941e-05,3.7907664624417664e-05,4.0027432824155004e-05,2.2243434226158326e-05,3.720416253580802e-05,3.835415719693344e-05,3.484646524215246e-05,1.1327557336142584e-05,3.4632124652300414e-05,3.7298848325798125e-05,-6.325961297066747e-05,4.610538110232492e-06,0.0001521586379135889,0.00012121708712597213,-7.152331354222471e-05,8.116713609744865e-05,-3.219929459674839e-05,-7.422794272567696e-05,7.499132816190604e-05,8.394971744114132e-05,-6.573599824968927e-05,0.00024755975844668545,9.296270813864222e-05,-0.000502805019929835,-2.0574512839836663e-06,0.00018128609078397925,-0.0002547622602459481,0.00014855549931881267,0.00013781082331238743,4.775429425930046e-06,-4.65848538901177e-05,5.396786548121214e-05,4.3985919280228945e-05,-0.00010091471360566954,1.6624203709536234e-05,4.4657901789143566e-05,-5.183358915849562e-06,-0.002795655693879738,0.0027956556938797394,0.003111238215253524,-0.003115665551759403,-2.3027772085981237e-05,-1.6130333620089213e-05,-2.9496100688236655e-05,-2.8317977950437346e-05,-0.0003955706618552779,-0.00039229042959873034,-0.00037106783814387504,-0.0003280802943062247,-0.00029212442095253807,-0.00021075447342300225,-0.00020989842111840426,-0.0001953270568047706,0.0002985711682387801,0.00014611171439369978,4.8514994301586165e-05,3.37082538125166e-05,0.0002392932832749024,0.00027742432621964295,0.0002842162790795274,-7.190738235147312e-06,-1.4459988560303697e-05,-9.267941690195377e-06,2.1291995906747544e-06,-5.019799086705082e-06
KXVENEZUELALEADER-26DEC31-JROD,8.036025260582392e-05,-7.906149002366378e-05,-9.578638325103968e-06,8.188414221432331e-07,-2.8761395138270154e-06,-1.307435832162743e-07,-7.445683214706459e-06,-4.505509998156423e-06,-2.273429052448441e-05,3.379675666456595e-06,6.68166952665835e-06,-1.461178699675192e-06,-1.972570797836899e-06,-0.0005491008378693752,0.0005491008378693658,2.7786895167057173e-07,1.7016622105193003e-06,2.241637600129711e-06,1.8679955071188437e-06,3.7715530351051155e-06,2.008770769910172e-06,4.561956949376869e-07,-5.319369503637462e-08,2.6456180286909314e-06,-7.504127576528859e-07,-1.0413663666602887e-06,4.295675957701067e-06,4.653565453354359e-06,2.7813155766480447e-06,8.758535874451373e-07,-0.0001630920302629847,0.00016309203026297777,-5.2787894567992634e-05,-3.4232580234137423e-05,-8.12428409047943e-05,-4.6100086324096704e-05,5.846565182320998e-08,-0.000756661976247883,0.0007556252328372131,0.00011946387334111667,-3.92996923897233e-05,0.0008519342357521721,0.000552515050147893,-0.0005525150501479005,-1.6644469305039412e-05,3.4545647986327575e-05,-2.3679764737175625e-05,-5.262766243522614e-05,7.93618693042571e-06,7.319971449386135e-05,-6.038429400070965e-05,-2.3837213516965408e-07,-5.644573147467582e-05,-5.7853388334417686e-05,-6.817219961461699e-05,-8.710413718849234e-05,-6.605602100720394e-05,-5.352715905360073e-05,-6.60020139361186e-05,-6.0279421787714825e-05,-7.157045726333216e-05,-8.657146707594224e-05,-3.920460095947496e-05,5.036581283036958e-05,3.332874874857964e-06,0.0006310321944634496,-0.0006310321944634252,3.4027873116717324e-05,6.108697588413682e-06,4.457490360358136e-05,5.582187162236867e-05,8.790532102327076e-06,6.319734182723894e-05,1.4046261657981151e-05,-2.023794667466597e-05,1.2935879869305178e-06,5.54203179328921e-05,2.342799024036271e-05,1.2978478596092014e-05,2.4971536480860203e-05,1.5780056832521726e-05,-3.1147100377398256e-06,6.0758993636431046e-05,2.4248256818221212e-05,3.005000391554238e-05,5.793700560258244e-05,-5.5736065345474335e-05,9.954141401903436e-06,-4.316038134255914e-05,-4.703753591329275e-05,1.943302842872586e-05,-1.2808298960762335e-05,-5.851860559477619e-05,-1.540303720058156e-05,-6.523568889324549e-05,5.8353894992967496e-05,0.0024623375270566503,-5.524528918091285e-05,0.0026372095398427492,0.05639999999999999,-0.03587380962462491,0.0027441597555651906,1.5024526545507413e-05,5.8016671746071896e-05,6.672654996921353e-05,3.2004566147319876e-05,5.7656355585486415e-05,6.464152028464654e-05,4.529745474860676e-05,1.5568166386433068e-05,5.278554341172316e-05,5.852576128400954e-05,-2.9306584600312505e-05,-1.8204488795220117e-05,5.311665008186929e-06,-3.222380074045601e-06,-3.975725828976441e-05,-1.185483941813527e-05,-5.6964559105593195e-06,-1.9300205155403538e-05,1.9495340162714588e-05,-2.5356513553543992e-05,3.497921465816966e-05,8.11168772071343e-06,-3.112697289298162e-05,-6.242412394845805e-05,3.756450543576793e-05,2.6449820851087274e-05,1.626431190348848e-05,2.0296553928864214e-05,2.9617449752740063e-05,3.0784674809111174e-06,-1.642423655812294e-05,2.7646153618840792e-05,1.8862744883576888e-05,-3.683573620506469e-05,5.998100581870892e-06,2.3493651718929454e-05,-9.70799974297842e-07,-0.0007174794117787275,0.0007174794117787312,0.0007982014707159897,-0.0007992975482628011,1.532514119799126e-05,1.494357516650412e-05,2.1541856953262687e-05,-1.05721559124528e-05,-0.00010053357226464147,-0.00010146362640786532,-0.00010030963181832973,-9.229819139094967e-05,-5.9947815607473385e-05,-8.341240020634817e-05,-4.399133755246956e-05,-4.0816681577235986e-05,2.9923079598778914e-05,-1.456990196526719e-05,3.2515146011385785e-05,2.85760774137588e-05,5.807095113357585e-05,6.322905175679739e-05,7.115752916680065e-05,-5.319055507226275e-06,-1.4624036262820862e-05,-9.465675366233538e-06,4.809684757734374e-06,-5.616203878604734e-06
KXVENEZUELALEADER-26DEC31-NMAD,-0.00032348578263330016,0.0003312937601959965,-4.6099790641773006e-05,0.00010172248079018558,-6.465309024364388e-05,3.577545842899229e-06,-0.00013337430740026395,-7.367872444778069e-05,7.403836691847578e-05,-8.538240704096113e-05,-0.00020235894691299504,-7.191951626796077e-05,3.733353255816498e-05,0.0022578870718848124,-0.002257887071884815,4.114895408383859e-05,-4.29839777765702e-06,-2.6181186320753645e-05,-9.817724229446575e-06,-2.2030008951505062e-05,-6.928676750177242e-06,1.5229250889752783e-05,4.197565870378236e-05,-4.7433169322681796e-05,5.479581790400775e-05,1.62238863310849e-05,-2.652126457092955e-05,-5.9958359372375036e-05,-1.0536820087693353e-05,2.773418446442672e-06,0.0008987639750062315,-0.0008987639750062075,-0.00019606043350354363,-7.226170383540964e-05,1.8629629616419643e-05,-0.00023900966638142103,-0.00036968771953772785,0.0023806903787272466,-0.0023771946738318835,0.0032783854715794946,0.004046714515075612,-0.0015363926989482614,-0.001726128880387793,0.0017261288803878008,-4.940491255509405e-06,-1.4051436724829404e-05,-7.201467225664186e-06,8.686668233929854e-05,-2.160268950701449e-06,-0.00010233419005349226,7.486463723493849e-05,6.84381548327787e-05,-0.00013877743344340297,-0.00014120629424675235,-0.0003964410381012028,-6.693580171104403e-06,-0.0002434323189059459,-0.0001763189087824436,-0.0004475411962034304,-0.00023567864016375286,-0.00048057320460372235,-0.0003491645977143744,-4.1446504257238995e-05,4.602470148262518e-05,8.746014345746424e-06,-0.0019802872782082653,0.0019802872782082514,0.00011608771305883125,-0.00015122751843341169,0.00019817750819216393,0.0001499911903951387,0.00028678164290336147,0.00020878091801037344,3.2326827242290804e-05,-0.0001329105353002931,-5.281981197104338e-05,0.00037267037203626477,0.0004866516141426196,0.0004104780736568725,6.763425056215258e-05,-0.00014016673494517072,-0.00024949459778445655,0.0002574811440561411,8.221549104584422e-05,0.0004091972992742036,-0.0006243846644054568,-0.0002430707366952034,0.0001992575930583369,-0.00015409552643368368,-0.00016548505149795807,6.550078879963227e-05,2.350023740281578e-06,-0.00023087781458737031,-1.8650111474004343e-05,-0.00018003838134624065,0.00016488284747446776,-0.011208613806752228,-0.10114169034673795,-0.02031834133671838,-0.03587380962462491,0.1204,-0.014646616729678718,2.291126943882917e-05,9.734407231828165e-05,0.00011858863276021492,5.097773281871074e-05,9.777776325157214e-05,0.00011549729747419629,6.78971518814089e-05,2.385246751449146e-05,8.828725662280503e-05,0.00010013637071060953,1.6626355204322295e-05,-5.5629871392691916e-05,-0.00021441424386885727,-0.00019098098853496422,3.103143444462135e-07,-0.00015398716632596774,3.361896930971965e-05,5.6589425946144454e-05,-5.717860722557183e-05,-0.0002017363837510139,0.00020329520474687406,-0.0003607961927813169,-0.00023209616668918507,0.0006013179800176062,0.00011125164706472471,-0.0002052092503783061,0.00044295786540325454,-0.00017207749334036885,-0.00012858950842690016,-2.3451703698452012e-06,2.0744304897386303e-05,-5.442177801715027e-06,-1.7548364862851326e-05,4.607470121975704e-05,-1.2640559099318133e-05,-1.8588488238426407e-06,1.710768786886402e-06,0.0022627080588206103,-0.0022627080588206094,-0.0025224171938534492,0.0025261254444371127,8.031183921090889e-05,6.86841256490199e-05,0.00010862255015762244,1.3417686491454856e-05,0.0003241812579089055,0.0003163981652605117,0.0002867976639626302,0.00024314719232158312,0.0002806303745542549,8.663328975222083e-05,0.0001991249356327711,0.0001854038861339949,-0.0003770941783423788,-0.0002676582005923108,1.7931999909204564e-05,2.8596397058821107e-05,-0.00020490661446557408,-0.00024969938109456095,-0.00023687885299870866,-3.976929337038467e-06,-1.819448204454507e-05,-1.1557037072938835e-05,9.030090836832424e-06,-7.519138032309467e-06
KXVENEZUELALEADER-26DEC31-VLOP,0.0011508025900230524,-0.0011747879507207043,6.442357634470056e-05,-0.00023422021723411009,0.00010287431007776994,-2.760573416820453e-05,0.00022182360765096013,0.00011105043854434921,-0.0003032951311113093,0.00018318260852044174,0.00045516516636612443,0.0001271911250292746,-0.00011179975786264812,-0.008042529933216913,0.008042529933216934,-6.695586281561026e-05,6.243378185543332e-06,4.020767223876833e-05,1.4357612904439015e-05,2.9742993720613304e-05,9.729303017825365e-06,-2.1189862851708133e-05,-6.373605124134415e-05,7.747069015536586e-05,-0.00010532788260574422,-4.527525659950746e-05,3.569515869202891e-05,0.00012431298489954718,2.753307132326108e-05,-3.1289937130379983e-06,-0.0029989656750424596,0.0029989656750424674,0.00032177601430279687,4.92814806518971e-05,-0.0003817956426966328,0.00046850828206377454,0.0010048447981962205,-0.009284378841528404,0.009271104255160499,-0.006313885776980913,-0.008888520452517193,0.008508285950193078,0.006729125237526069,-0.006729125237526074,-7.262445696312514e-05,0.000203809928847557,-0.00010287747564820782,-0.0004981600180558029,2.2835347877728896e-05,0.0005972059626215459,-0.0005284288529065553,-0.00016915433879003148,6.005503137038451e-05,5.92062026845957e-05,0.0006180874036296754,-0.0003995305166224458,0.0002634565761164499,0.00016187267332424233,0.0007500534380590598,0.0002727200509198205,0.0008023243749143966,0.00041799888308070897,-8.011975700912525e-05,0.00012103958854578176,-6.170479758303303e-06,0.0077354776151264,-0.007735477615126396,-0.00014867598057105374,0.00040387617266062224,-0.00030936328282188586,-0.00014887055683307575,-0.0006856944992879406,-0.00026071550846618757,-1.56356301887578e-05,0.00022997143066924775,0.00013300138289985713,-0.0006511183567675897,-0.001073105010906075,-0.0009364888795093475,-5.010984211793679e-05,0.00041097365420600244,0.0005893431993610372,-0.00035031728700275083,-9.004072058401943e-05,-0.0008418665983316818,0.00176770260048713,0.0003006527455988179,-0.00043366872046176654,0.0001496621983406178,0.00015790889665889747,-6.87532248392276e-05,-7.572970804316009e-05,0.00025808679092766655,-3.8462964293899e-05,9.903687547872298e-05,-0.00010973520484071272,0.0022189006362301417,0.002136466617719139,0.0024963350739201882,0.0027441597555651906,-0.014646616729678718,0.028158999999999997,6.336720735385824e-06,5.197253477706599e-06,-7.1365240667495505e-06,7.948442448799067e-06,3.4647252332991276e-06,-8.484959241051745e-06,2.378939496166173e-05,6.3223379672677545e-06,5.336121568272782e-06,1.8228063662369377e-06,-0.00016869986334396787,6.02793305891331e-05,0.0005595217566895213,0.00046324635744608077,-0.0001754073746536275,0.0003330123173845909,-0.00010752117268321277,-0.0002354039021085651,0.00023783335592968146,0.00037307064106633736,-0.00032484601379504567,0.0009074467417426675,0.00042011188156551333,-0.0017371705609108522,-9.316885674893139e-05,0.0006178026387615749,-0.0009888945827803027,0.0005094689347485296,0.00044804097484408867,8.319568587646092e-06,-0.00013995581060717398,0.00013938982366668994,0.00011949910688251829,-0.0002971224158655685,4.5732846007489265e-05,0.00011489544364030504,-1.966324506745179e-05,-0.00882562369263722,0.008825623692637218,0.009820020008086414,-0.009834078641014005,-0.00012038846835547181,-9.35770267595277e-05,-0.00015830228096636284,-8.19442387542472e-05,-0.0012501915315263155,-0.0012358342879683752,-0.0011591762337310983,-0.0010167780834695749,-0.0009553953002485998,-0.0005988950206766291,-0.0006843079291858485,-0.0006373282955401481,0.0010480568130022659,0.0005799271845244246,0.00010706966838700113,5.994636967079028e-05,0.0007620484957897941,0.0008926312490015726,0.0009002692500153678,-1.4699979775255923e-05,-1.9978965594780326e-05,-1.2351825682342648e-05,-3.890201355050094e-06,-5.493358628985937e-06
KXOSCARPIC-27-AVEN,-0.00026150839446722384,0.00023809591443745194,-3.0287124043182183e-05,3.502430628815487e-05,4.8356843990732875e-05,4.140927152863963e-05,5.8688265624375005e-05,5.2485607726420596e-05,4.9599489470324e-05,4.3943149343275386e-05,4.775996662339171e-05,4.679040073523832e-05,4.108016681277057e-05,2.506715947409643e-05,-2.506715947408221e-05,-3.0707665506520676e-05,1.1933436786052188e-05,3.1986092283314476e-05,1.7079256024812215e-05,3.409391042917596e-05,1.5221037506339035e-05,-9.177298926980366e-06,-3.338307508221216e-05,5.028248780504305e-05,-4.095480311490305e-05,-8.327944273802937e-06,3.970607304603072e-05,5.935354340512066e-05,1.6683937618314176e-05,3.093726693918801e-06,4.170234246068046e-06,-4.170234246080926e-06,-7.519557493514123e-05,-5.18673390227278e-05,-4.573658888011996e-05,-7.850308977772825e-05,-9.673002104391148e-05,0.00015854963985615175,-0.00015829701458182393,-0.00013465703289776543,-0.00014601849380236443,-5.837389659486153e-05,-8.535938161876851e-05,8.535938161876062e-05,3.8835876609221894e-05,-9.261230187860969e-05,5.4669701247025374e-05,-7.637301876409201e-05,-1.7396530366554626e-06,8.251725835239495e-05,-8.149019749051942e-05,-2.8961404891592147e-05,-6.581738902828183e-05,-6.580360082746769e-05,-0.00010539248285973695,-4.12842889229001e-05,-8.632294984951313e-05,-8.031802102400387e-05,-0.00011293492390040445,-7.95954823479351e-05,-0.00011843942468882456,-0.00010839081305951422,9.029188633806442e-06,-1.8756446474309487e-05,4.962597515363804e-06,1.6983608144618773e-05,-1.6983608144628985e-05,-1.0392209456976799e-05,3.834131484161453e-05,-2.4502668202895634e-05,-6.586806151630558e-06,-6.198654231443343e-05,-1.7462765342485364e-05,7.986333833420851e-07,-3.9088772822509085e-06,-1.7194362937049608e-06,1.0961088664353182e-05,1.55266988102165e-05,1.3306861702137641e-05,1.5932811869539344e-06,-4.984292039110854e-06,-8.082361263357531e-06,7.213196537114945e-06,2.2022491100810707e-06,1.4895813972413068e-05,-1.7827139102746876e-05,-3.718310707445648e-05,3.256792749671199e-05,-2.3086234720749563e-05,-2.4393188719151195e-05,4.757740287198779e-06,-1.8919047912401143e-07,-3.419561478023776e-05,-3.6854429577500707e-06,-2.523727286680831e-05,1.7658566884600008e-05,5.779265604907248e-06,1.9040290240476693e-05,1.0987138602331941e-05,1.5024526545507413e-05,2.291126943882917e-05,6.336720735385824e-06,0.019600000000000003,-0.00034171571245539023,-0.0021433588091875873,-0.0007540396967961031,-0.0009454494769501869,-0.0025437970354365135,-0.009742720434369478,-0.00036112661206362133,-0.00034411976389595196,-0.001345671115620751,1.0961052943127615e-05,7.99167645296413e-06,1.4823287635374399e-06,2.929699778288839e-06,1.1071039272045862e-05,4.8970411478816505e-06,8.806975695118781e-06,6.933527286133835e-05,-7.007819326608548e-05,-7.009430371836219e-07,1.1397534895018177e-05,-1.936067590068952e-05,-9.092539120540378e-07,5.3927111571210604e-05,3.438493782722838e-06,-1.3384904854423776e-05,2.9771015200316846e-05,-1.0185154737693567e-05,-9.255481739845066e-06,-8.068128282629194e-06,-2.281570134109106e-05,1.6466009687880816e-05,3.4090419775534327e-06,-3.77774732663339e-05,-6.166761712333745e-06,1.750363706156558e-05,-1.043239651344181e-05,7.807296580463845e-05,-7.807296580463532e-05,-9.284027832146555e-05,9.2991216674938e-05,-1.3683231765977152e-05,-9.605055099306023e-06,-1.6994442069116292e-05,-9.265427691740825e-06,5.376762860351619e-05,5.3054709756353554e-05,4.882339290992138e-05,4.13911813594941e-05,4.715077056944837e-05,1.4691971438410557e-05,3.383647136020352e-05,2.9428501389891475e-05,-5.9043849041958434e-05,-3.663328148262676e-05,3.131284044484058e-05,1.5589550966521907e-05,7.09473444131506e-05,8.386116711059948e-05,8.356276542967502e-05,-6.1158150182436795e-06,-7.055796006602167e-06,-4.372072465253231e-06,-2.437545407897875e-06,-1.7705267346467785e-06
KXOSCARPIC-27-BEH,0.0037541262419390885,-0.0038704305898116576,0.00022318121967616325,-7.893313230719246e-05,0.0001431115384244703,5.2879134799775474e-05,0.00023431132546053297,0.00015649530882443059,-7.665165133084124e-05,0.00017758631234005858,0.00033957421302194366,0.00015344306552799824,5.083426262436381e-06,-0.0002553765697341133,0.0002553765697341099,0.00037637014983232017,-4.09270847239387e-05,-0.00023825120247131834,-8.980204742251401e-05,-0.00019800637716114314,-6.422812943412964e-05,0.00013090384037058316,0.0003735267420543312,-0.00044034715917037626,0.0005486713796688818,0.00020790466375618632,-0.00023779274772701286,-0.0006355333899118096,-0.00013382647721408235,2.1720794247621074e-05,9.586147193942369e-06,-9.586147193935523e-06,1.7829172514801078e-05,-6.322246058865013e-05,-0.00025935046206846323,7.963965791795925e-05,0.0003038973719577226,-0.002363560873471677,0.00236021695022865,0.00016966821872868728,0.00031321007211193905,-0.0006461170220229148,0.0013027961720073443,-0.001302796172007353,-0.0003943516257754952,0.0012459887099017068,-0.0005585361165921924,0.0010557852803060788,-7.547848035295869e-05,-0.0013195743150250894,0.001082539258004893,-0.00017455691968860611,-1.0569523001769039e-05,-1.0381801077059377e-05,0.0003861120746797409,-0.0003242694256451146,0.00012868069127833435,4.885186596616074e-05,0.00047950341344506095,0.0001420577107487296,0.0005168206575862767,0.00023319549826880074,-0.00027090423242951295,0.0004286711209276465,-3.4170051423683874e-05,-0.0003109408008223756,0.0003109408008223844,0.00026488381135866205,-0.0006395590905648491,0.000530254246121465,0.00027997604976956014,0.00109907087644077,0.0004665399168175462,-2.6697366022347874e-06,4.0283834930442e-05,2.3263549813389638e-05,-0.00011398347408486168,-0.00018609973386602818,-0.00016204556594485547,-9.378663302980793e-06,7.08560004344803e-05,0.00010239983637765646,-6.120135875120058e-05,-1.5809677471367736e-05,-8.819112567235663e-05,0.00019491211869832715,0.00040651277294254264,-0.0005284636831282047,0.0002150304601556279,0.00022814158509551618,-9.884484310246544e-05,-8.044686516080698e-05,0.00035780137433313365,-3.361388068399582e-05,0.00017254653662561508,-0.00018026222637884437,6.626648417827663e-06,5.452968994570149e-05,3.7907664624417664e-05,5.8016671746071896e-05,9.734407231828165e-05,5.197253477706599e-06,-0.00034171571245539023,0.0196,-0.0021106027322116473,-0.0007293768440148011,-0.0009150830157570353,-0.002511040145443937,-0.009704786832443033,-0.0003413161808870407,-0.00031388176439765093,-0.0013150604965631884,-2.4423125946358695e-05,2.5017753901809603e-05,0.00013279561330800985,0.00011243630714142197,-2.525292116460022e-05,8.474392393570173e-05,-1.3238516900007725e-05,-0.0010133748781412184,0.0010237878927939884,0.00021478987348240024,-0.000178887501386616,0.00047517543990096525,0.00024264008101266456,-0.0008693232446015265,-6.128138524072907e-05,0.0003153215920842058,-0.0005161594801385682,0.00026173536710267695,0.0002253126431986768,-3.6963201676974076e-05,0.00013269421423676961,-0.0001553884231992866,-0.00016318357968620923,0.00031512386390899496,-8.655698337217989e-05,-0.00011946379027053458,-2.8828485514787657e-06,-0.001118519571107134,0.001118519571107133,0.0013209345920880329,-0.0013227968303876408,0.00024006559087793474,0.00019327136892272382,0.00031987135002900106,0.00013303823677128474,-0.0008102146830455111,-0.0007999743300554448,-0.0007491441775875832,-0.0006570004998644204,-0.0006188607196253109,-0.00038641790444622295,-0.00044284106454270844,-0.00041518824728667197,0.0008658066035118696,0.0004911106989747723,-0.0004849236795073849,-0.0002419733461746526,-0.0010977383483561016,-0.0012910376582795993,-0.0012937607885453286,9.288678059249809e-05,0.00010028864591633395,6.544104180867719e-05,3.8787745271518774e-05,2.471061112246526e-05
KXOSCARPIC-27-BLA,0.007616930120398029,-0.00779799210552972,0.00047753771465561425,-0.00020276214351830783,0.0002030807703012289,4.0510499838436066e-05,0.0003623446259315273,0.00022251747941410454,-0.00022097580641532405,0.00027599194711900134,0.0005811548464959305,0.00022528129984215702,-5.078972272143971e-05,-0.0005337331844413915,0.0005337331844413761,0.0007722721925957758,-9.74144676189324e-05,-0.0005085721136410791,-0.00019957569320245335,-0.0004348823006744589,-0.0001474747444394071,0.0002665955947106591,0.0007713164127641531,-0.0009258652083445932,0.0011189716721119413,0.0004123350601217898,-0.0005203577276735134,-0.001314337000596264,-0.0002831367476232948,3.717995243197047e-05,5.6650250570520685e-06,-5.66502505703625e-06,0.00016056258270676982,-3.728550977985671e-05,-0.0004224737543848914,0.00028554192054872746,0.0007449403452537925,-0.00478589477964205,0.0047790761387132025,0.0005879880295777063,0.0008814257130609631,-0.0011016754993133878,0.002633968991569385,-0.0026339689915693687,-0.0008165800383944218,0.002535379617122584,-0.0011560659207058186,0.0021418537977104914,-0.00014426913245217378,-0.0026614308452179744,0.0021992399178069866,-0.00029483329168567376,7.38552401889181e-05,7.419136528272747e-05,0.0008950593828966783,-0.0005659986001903404,0.00037159985328721765,0.00020919440195122795,0.001085868909552873,0.0003877446518697283,0.0011656619027408297,0.0006046000408042439,-0.0005341738986742501,0.0008521183862450934,-7.319563566341543e-05,-0.0006214980609557451,0.0006214980609557234,0.0005224084212212836,-0.001286429940450712,0.0010527705298979146,0.0005439547336879621,0.0022033703361471393,0.0009185425347634507,-6.844993755453138e-06,8.426185378339649e-05,4.743202792905131e-05,-0.0002382579153086527,-0.00038372493996490886,-0.0003336627090875277,-2.115238947225221e-05,0.00014400637884295065,0.0002100671240780435,-0.0001309931937431594,-3.460866457243107e-05,-0.00019201153452536133,0.00040175977660232885,0.0008376735403813241,-0.001066030102675088,0.0004480733161635163,0.0004752693880311349,-0.00019779921188011113,-0.00015486884478282657,0.0007394807164815055,-5.951860988965372e-05,0.00036939219567750796,-0.0003736351337836794,-2.4494072300861182e-06,4.916062023563496e-05,4.0027432824155004e-05,6.672654996921353e-05,0.00011858863276021492,-7.1365240667495505e-06,-0.0021433588091875873,-0.0021106027322116473,0.0979,-0.004330685413502244,-0.005415758537871282,-0.014211322600678287,-0.05380366773785806,-0.002142952893839414,-0.002114659351501188,-0.007615684538725747,-6.134637201808647e-05,3.877050541863349e-05,0.00025710957149743775,0.0002157899819339315,-6.259372690387207e-05,0.0001594374584943341,-3.8095253492135154e-05,-0.002053626879942486,0.002074773523289915,0.0004156602011274377,-0.00036134395139691175,0.0009443018359898002,0.00046972748345086574,-0.0017533944177892807,-0.0001232008407079035,0.0006273292913267362,-0.0010380519875168048,0.0005194278450030072,0.00044779827799647747,-5.430263545462991e-05,0.0002946793890071502,-0.00031999173413253167,-0.0003143158517955805,0.000668110816627729,-0.00015202387205439467,-0.00025274063864762046,1.4171537237822587e-05,-0.002271116337866315,0.00227111633786632,0.0026822457571139035,-0.0026860631641443602,0.0004820073233572379,0.00038597970906547284,0.0006404378457481497,0.0002698082958285279,-0.0016391370723137628,-0.0016183497750926292,-0.0015141988461903726,-0.0013258208690374235,-0.0012611043094779334,-0.0007653294016034941,-0.0009025131356543523,-0.0008428553773081565,0.0017542320081740915,0.001000011894473518,-0.0009798769151285079,-0.0004891559269244537,-0.0022178989169164155,-0.0026091480294263463,-0.002613841978865834,0.00018791916738202834,0.0002039775345200212,0.00013285156029793773,7.782062020869691e-05,5.0454516378558364e-05
KXOSCARPIC-27-DEB,0.000725763276578294,-0.000775870713759436,3.050112296262148e-05,8.149948726801709e-06,7.47798700806928e-05,4.6450356749174585e-05,0.00010611300698495453,8.14954832109261e-05,2.071371539234639e-05,7.983282496247511e-05,0.00012359963065090835,7.610137138179844e-05,3.419901654803631e-05,-4.224600577999206e-05,4.2246005779994574e-05,6.862096976124223e-05,-3.696832653144647e-07,-3.306008187237651e-05,-8.307567561630167e-06,-2.1149058927118268e-05,-3.451812840362867e-06,2.5013858182525605e-05,6.56130157206509e-05,-6.847278097660545e-05,0.00010342068022702527,4.523883436318478e-05,-2.6412914042537362e-05,-0.00011007235280105326,-1.9770804354457093e-05,7.91655527044306e-06,7.52823425030957e-06,-7.528234250311036e-06,-5.986139389439533e-05,-5.941029207640767e-05,-0.00010379639893326227,-4.739242045816254e-05,-6.267383004397395e-06,-0.0004620307716454475,0.0004614014239443991,-8.289230279215419e-05,-5.629678813353236e-05,-0.00022333986922176214,0.0002565843531691959,-0.00025658435316921156,-6.721018546968716e-05,0.0002365624214367619,-9.545977046131784e-05,0.00020306695038409714,-1.980548432111867e-05,-0.0002632130133278913,0.0002060956854655914,-6.63630996882795e-05,-5.4637873856800254e-05,-5.457866473908928e-05,1.2818488993173322e-05,-0.00011329441877851239,-3.618459259656296e-05,-5.1320135153198213e-05,3.0098714599607087e-05,-2.753774323637479e-05,3.503984171201922e-05,-2.7602298987257442e-05,-6.05176117023147e-05,9.210996619634854e-05,-4.521981722858718e-06,-6.45303511417235e-05,6.45303511417209e-05,5.851569021200321e-05,-0.0001291752264256064,0.0001137599006917877,6.584171416141017e-05,0.00022553928746754144,0.000103828231341031,1.1376653596742187e-07,6.66732651624252e-06,4.396659661850695e-06,-1.8948826176704505e-05,-3.330728224560426e-05,-2.9212333377874295e-05,-8.654395711138414e-07,1.3616767880384363e-05,1.8801187094776166e-05,-8.816820927223021e-06,-1.9343984998102847e-06,-9.99327494053127e-06,3.427773189557061e-05,7.15731349189031e-05,-0.00010556152260431668,3.5146089718981775e-05,3.7363348546993975e-05,-2.0714299978751964e-05,-2.0135107917202616e-05,6.181918072950773e-05,-1.1261829698902857e-05,2.2853815805724142e-05,-3.068720422037276e-05,7.63133340452881e-06,3.540207038555692e-05,2.2243434226158326e-05,3.2004566147319876e-05,5.097773281871074e-05,7.948442448799067e-06,-0.0007540396967961031,-0.0007293768440148011,-0.004330685413502244,0.0384,-0.0019337058024608868,-0.005131156753844566,-0.019528340980669776,-0.0007537307661846892,-0.0007324028522420094,-0.002733853232967493,2.212453775071298e-06,1.2018850638227092e-05,3.335715320708291e-05,2.9435948913208845e-05,1.9582172927268595e-06,2.4141578485174007e-05,3.660969176954575e-06,-0.00019708927700104895,0.00019909020398503066,5.271519102861404e-05,-3.54545637804399e-05,0.00010276012437093897,5.945684343257124e-05,-0.00017356603666382632,-1.249283444080038e-05,6.778349082843146e-05,-0.0001047811679391286,5.698605111138678e-05,4.868217068675835e-05,-1.703535593158108e-05,1.3302505233720169e-05,-2.6515528503145266e-05,-3.930148127832083e-05,4.6778693921159945e-05,-2.8034133472541528e-05,-1.6620524233178586e-05,-1.0258064793739255e-05,-0.00021573420530473462,0.00021573420530473936,0.00025448610992093125,-0.00025482703586797255,4.900410575474623e-05,4.0580060964407535e-05,6.628039959698697e-05,2.5754686288403806e-05,-0.0001590041468042014,-0.00015702663597813254,-0.0001477523118671366,-0.00013073000144560602,-0.000116545279414085,-8.468218532448495e-05,-8.333119847073635e-05,-7.99442592692589e-05,0.0001685657441190235,9.300823358399165e-05,-9.582866532293222e-05,-4.777420288345977e-05,-0.0002169819716278584,-0.0002548310629664555,-0.0002557786935046604,1.8248406286069135e-05,1.9228261714793645e-05,1.2707652412926162e-05,7.842385101674085e-06,4.672168598694651e-06
KXOSCARPIC-27-DIG,0.0042177943833717774,-0.004338794805132688,0.0002551234255194178,-9.647097078410046e-05,0.00014496651430753304,4.727700640140533e-05,0.00024279251644478646,0.00015861059950979234,-9.801406968124317e-05,0.00018423803657555092,0.0003620102010439653,0.00015679961127054373,-5.4013411546704955e-06,-0.00028947292467384415,0.0002894729246738471,0.000424305398282375,-4.853538039445566e-05,-0.0002721043714956347,-0.00010396616961835732,-0.00022829507595965924,-7.520091299269342e-05,0.00014720080400027166,0.0004219526896931013,-0.0005004164965184497,0.0006173759716230384,0.00023187928496805224,-0.0002738259019207207,-0.0007183838494787041,-0.00015241743131630734,2.315851742288048e-05,8.61910615527164e-06,-8.619106155279257e-06,4.1610484098280115e-05,-5.506710689639117e-05,-0.00027320831382889597,0.00011091829196471495,0.00036362914952137,-0.0026537168814089254,0.0026499540327427724,0.00023188182948769427,0.0003935486954535306,-0.0006906903828869312,0.0014620473201540458,-0.001462047320154031,-0.000446060610594323,0.001401259823452725,-0.0006316844644341077,0.0011863400355644122,-8.311543612078671e-05,-0.0014797445773158829,0.0012170461156466286,-0.00018524475079548738,5.640933799377708e-06,5.844159962889295e-06,0.0004543623131663851,-0.0003474448657016623,0.00016489966436412674,7.511689682109156e-05,0.0005595396669077934,0.00017790944480432946,0.0006022202287185939,0.00028618658066016666,-0.0003016055219406636,0.0004784800535693174,-3.90872825688036e-05,-0.0003477666240636023,0.000347766624063599,0.0002950389168127785,-0.0007166167110143362,0.0005918050289031896,0.000310451806118283,0.0012302475525565338,0.0005193843265392219,-3.226701660024701e-06,4.5661701257746054e-05,2.617265970244757e-05,-0.0001291715813022162,-0.000210047976722608,-0.00018282335768045858,-1.0877122763375745e-05,7.963822225307872e-05,0.00011540605345697013,-6.984546625052006e-05,-1.8166015948305416e-05,-0.00010145561558935884,0.00022012437783206897,0.00045901708836101733,-0.0005925888067055459,0.00024369874532522944,0.00025853394474272586,-0.00011052768325554445,-8.8869036857861e-05,0.00040440404804971256,-3.6194545670756396e-05,0.00019731725604115127,-0.00020390248773422275,5.27773671603223e-06,5.23187837744004e-05,3.720416253580802e-05,5.7656355585486415e-05,9.777776325157214e-05,3.4647252332991276e-06,-0.0009454494769501869,-0.0009150830157570353,-0.005415758537871282,-0.0019337058024608868,0.04750000000000001,-0.006416219482577236,-0.024410694844339373,-0.0009450691675786821,-0.000918809389007417,-0.0034199951785072293,-2.9712640598888533e-05,2.5765340022805086e-05,0.00014671788907261011,0.00012384036738755121,-3.05981445202554e-05,9.270505908572037e-05,-1.695062318668387e-05,-0.0011381041650625895,0.001149806938114914,0.00023761376755131284,-0.0002006848835917153,0.0005302351099295838,0.0002684545093481684,-0.0009748133555371201,-6.863638063536878e-05,0.00035199119552464266,-0.0005782281395168538,0.00029193518146076585,0.00025143225350299117,-3.802704094600592e-05,0.00015341707750080475,-0.00017559508669243173,-0.00018054175584987687,0.0003589684549447239,-9.325041324781339e-05,-0.00013623452325900562,1.7127286113396557e-07,-0.0012568733997771293,0.0012568733997771141,0.0014843865855358896,-0.0014864855195366954,0.0002688264005884594,0.0002160501896475413,0.00035786518178894974,0.0001494507046911412,-0.0009094471822126489,-0.0008979411939298862,-0.0008406495651891324,-0.0007368653561310747,-0.0006962999291582333,-0.00043077984173674146,-0.0004982749021520854,-0.00046655677830212736,0.0009723131803273702,0.0005524120243770314,-0.0005441025544147252,-0.00027153178534376136,-0.0012316639805928288,-0.0014486679159216996,-0.0014515836566585177,0.0001042592982564833,0.00011274072272647999,7.351632533043317e-05,4.344491476608602e-05,2.78060779382428e-05
KXOSCARPIC-27-DUN,0.007714571581943434,-0.007896289387237408,0.00048437779737321273,-0.00020633815339509565,0.00020354570218895327,3.942391773560934e-05,0.00036418488117140573,0.00022303614155842516,-0.00022537914790679987,0.00027746231112063557,0.0005859231943685437,0.00022606002242138012,-5.289938531995571e-05,-0.0005412159298221319,0.0005412159298221102,0.0007824873126586513,-9.906136331970752e-05,-0.0005158290205371371,-0.00020262702057014372,-0.0004414238374124358,-0.00014984772805009882,0.00027008511629747457,0.0007816650815612349,-0.0009387012412358255,0.0011335475319562565,0.00041737218433764503,-0.000528138970417695,-0.0013319275564125828,-0.0002870869134363732,3.748527254433759e-05,5.065081923881502e-06,-5.0650819238818915e-06,0.0001665078779394454,-3.5088186279477656e-05,-0.00042481406010093717,0.00029313382477390125,0.0007585624035154532,-0.004847012230402605,0.0048401051089692355,0.0006043178294917963,0.0009015708605253053,-0.0011080467566245721,0.002667462723958075,-0.0026674627239580613,-0.0008274285331306311,0.0025680020910009297,-0.0011714133233992506,0.0021690953100056724,-0.00014597688006054795,-0.0026950770692191666,0.002227209744064996,-0.0002972699191074883,7.691577753069444e-05,7.725483078661876e-05,0.0009089736778471491,-0.000571193599768619,0.00037880205842645386,0.00021431644761403897,0.0011022508826654825,0.00039490842414175397,0.0011831530945588583,0.0006152416791283952,-0.0005405981421436061,0.0008625523452337245,-7.42311817354046e-05,-0.0006291116411755598,0.0006291116411755588,0.0005285816535028934,-0.0013025505428014708,0.0010654668274164563,0.0005500864852464987,0.00223072040827505,0.0009293399758134638,-6.99686306285694e-06,8.545551039806284e-05,4.8051442928094394e-05,-0.00024162858131520455,-0.00038893201134873254,-0.0003381709474032298,-2.1517036115986643e-05,0.00014587045471291742,0.00021287046102557165,-0.00013297854244167175,-3.516524837757028e-05,-0.00019479675152697608,0.0004070689339400465,0.0008487468453170048,-0.0010795615173905158,0.0004541182001785313,0.0004816795615386994,-0.00020029238050797056,-0.00015665449471718223,0.0007493124028481918,-6.0072666373897784e-05,0.0003746189264295497,-0.00037865868658926985,-3.5779664758818345e-06,4.611615211400812e-05,3.835415719693344e-05,6.464152028464654e-05,0.00011549729747419629,-8.484959241051745e-06,-0.0025437970354365135,-0.002511040145443937,-0.014211322600678287,-0.005131156753844566,-0.006416219482577236,0.11310000000000002,-0.0636038062728774,-0.002543392650086353,-0.002515110053973986,-0.009016142806895812,-6.230244565642035e-05,3.9123183262454445e-05,0.00026032069935831136,0.00021847265387522257,-6.352579176718687e-05,0.00016138704833676718,-3.882492180012413e-05,-0.002079871873868045,0.002101289813813296,0.00042055266886295085,-0.00036594170433455796,0.0009559621782836145,0.0004752607207987957,-0.0017756045702336577,-0.0001247606974916582,0.000635087052981751,-0.0010511454707011706,0.0005258231523311618,0.00045332378060513386,-5.425231201927316e-05,0.0002993446831265541,-0.0003240439249442047,-0.0003176961096196513,0.000677646234870103,-0.00015312599878910984,-0.00025608787187857715,1.5052358187106637e-05,-0.0023003638249346823,0.002300363824934685,0.0027167535202535114,-0.002720621195578043,0.0004880325050359692,0.00039075362995150836,0.0006483999826317865,0.0002732602507162492,-0.001660004541635503,-0.0016389496424285244,-0.0015334379180072053,-0.0013426130093223384,-0.0012773865079673437,-0.0007746586710111237,-0.0009141656311413882,-0.0008536627426141156,0.0017766427622422332,0.001012922037605227,-0.0009923264857830895,-0.0004953861120822014,-0.0022460541354168886,-0.002642291657587067,-0.0026470197216661635,0.00019031543352592158,0.00020662696181824854,0.00013457582984048586,7.877208348253126e-05,5.112230573355844e-05
KXOSCARPIC-27-ODY,-0.0014332335766835973,0.0014158174301672857,-0.00011293043363503092,7.688002477195668e-05,4.167593287192576e-05,5.337400545535808e-05,3.5443444774564244e-05,4.510975066455603e-05,0.00010135598719226705,2.5250282046154214e-05,-1.0507302853686625e-05,3.6369214252802135e-05,6.532737067279978e-05,0.00011609868317179408,-0.00011609868317176295,-0.00015377501414741624,3.175039512956409e-05,0.00011940537004164118,5.38320654132207e-05,0.0001130161394137743,4.3805871515510656e-05,-5.1324265861213624e-05,-0.00015815039128524723,0.00020484824553020192,-0.00021630473196264155,-6.8809217131395e-05,0.0001335983896600648,0.0002708269180243212,6.411596616752007e-05,-6.632935123516998e-07,1.324633482967695e-05,-1.3246334829675736e-05,-0.00014902273718511038,-7.903323610432148e-05,-1.8728786482547702e-05,-0.0001724277171957633,-0.0002631020574968532,0.0008918742086917258,-0.0008905588248667132,-0.0003468169699795762,-0.0004040040361836815,3.2967172128747774e-06,-0.00048697061426348923,0.00048697061426347226,0.0001686315783103798,-0.00048354687257883087,0.00023830171192091985,-0.00040182517541735574,1.9378683390914668e-05,0.00048587871654809855,-0.0004150761956571672,1.723453267992843e-06,-9.999165289748346e-05,-0.00010001219200947423,-0.0002691246966807344,2.336068599215605e-05,-0.00016970273458750946,-0.00013881157906412678,-0.00030618955830541026,-0.0001627990048548267,-0.00032486829713197264,-0.00023240715806122309,8.609418299693785e-05,-0.00014388212308901485,1.7336704851355164e-05,0.00010772438140758801,-0.00010772438140761315,-8.37395945093316e-05,0.00023133303374896447,-0.00017575766054300977,-7.898975744686159e-05,-0.00038903251604971347,-0.00014566516925324684,2.757762806173325e-06,-1.846336774326534e-05,-9.17289913888959e-06,5.2059614536012095e-05,7.861837181522471e-05,6.789637356207056e-05,6.1577862765841e-06,-2.7397391738018667e-05,-4.195321151821041e-05,3.1674548497072463e-05,9.11567638724914e-06,4.813539409693137e-05,-8.141976414655574e-05,-0.00016970767572691714,0.000195057082793092,-9.531346423781144e-05,-0.00010099464704380726,3.484092561913952e-05,2.1464049957073258e-05,-0.00015182313662303272,3.203655759148546e-06,-8.748613371816169e-05,7.787216274416469e-05,2.0395723283132575e-05,6.173173728339035e-05,3.484646524215246e-05,4.529745474860676e-05,6.78971518814089e-05,2.378939496166173e-05,-0.009742720434369478,-0.009704786832443033,-0.05380366773785806,-0.019528340980669776,-0.024410694844339373,-0.0636038062728774,0.2499,-0.0097422782864683,-0.00970972381432017,-0.03421026899028704,2.1661542032830154e-05,2.830128192055309e-06,-3.8332858469493326e-05,-3.0554332318913875e-05,2.133315818283142e-05,-1.9759789104382814e-05,1.7252333432900048e-05,0.0003841152799531699,-0.00038811116926623364,-6.004995785744767e-05,6.657407127795739e-05,-0.00015977007132893456,-6.802658831565219e-05,0.0003204030190660017,2.2198672917220006e-05,-0.00010676041995085281,0.00018700634948952475,-8.72094729754237e-05,-7.577167045318294e-05,-9.913711546505429e-06,-8.008825527839125e-05,6.381892604400364e-05,4.2638865138252765e-05,-0.00015341351424387082,5.67221635328095e-06,5.6429503182867915e-05,-2.2040840283399406e-05,0.0004294529622943345,-0.0004294529622943438,-0.0005071495434347844,0.0005079054848766512,-8.58921119624521e-05,-6.685773641403744e-05,-0.00011245542042817558,-5.065083682427746e-05,0.000303989728671952,0.00030006292119061015,0.0002795217859470126,0.0002427768684488366,0.00024226850287638774,0.00012676425240153112,0.0001734585830668532,0.00015900765595533981,-0.00032781610719252144,-0.0001914841146841792,0.0001806566150408973,9.040935199447097e-05,0.00040857711865147615,0.0004813236717609584,0.000481414281141978,-3.487218109185216e-05,-3.896200028312648e-05,-2.5171426042606413e-05,-1.3715290449251642e-05,-9.855394047281915e-06
KXOSCARPIC-27-PRO,-0.0002107367093177481,0.00018614963743304963,-2.708244950187986e-05,3.358359134334142e-05,4.955508491231134e-05,4.1554452922628075e-05,6.090902589399754e-05,5.380088254410592e-05,4.800339205893119e-05,4.56330694647199e-05,5.144977747951921e-05,4.8139070625648295e-05,4.062519094345202e-05,2.1521394752797043e-05,-2.1521394752799486e-05,-2.5560792420517044e-05,1.1265127329372316e-05,2.8569401808093353e-05,1.5727940957152497e-05,3.115942294670926e-05,1.4216560439519092e-05,-7.406182952425503e-06,-2.8238336414747726e-05,4.407928132136133e-05,-3.349987304143821e-05,-5.59398469839208e-06,3.619759932684956e-05,5.056779320953879e-05,1.4780985337821978e-05,3.3292546284234646e-06,4.238727750425979e-06,-4.238727750427419e-06,-7.401968227722876e-05,-5.201110987768596e-05,-4.843764577810582e-05,-7.650387395457652e-05,-9.1664959455979e-05,0.00012666130825231598,-0.00012645415587608653,-0.00013080973764959173,-0.0001402126830668165,-6.580539982278905e-05,-6.780821450569443e-05,6.78082145057064e-05,3.3358910363617215e-05,-7.568771803306571e-05,4.691668885460654e-05,-6.205858304833287e-05,-2.6719952207931354e-06,6.478987672066084e-05,-6.677281043969017e-05,-3.080238996565463e-05,-6.511910184163056e-05,-6.510311441279772e-05,-9.917842620274426e-05,-4.486244179167403e-05,-8.360482903378998e-05,-7.868513786597682e-05,-0.00010544471451034968,-7.679326036493932e-05,-0.00011040780892120285,-0.00010407229715687311,5.489814432741389e-06,-1.3099355133950558e-05,4.467833070529103e-06,1.2837478360062749e-05,-1.2837478360054302e-05,-6.9117275154186835e-06,2.9770257280030936e-05,-1.7488553251728026e-05,-2.9636016214950668e-06,-4.730665794057129e-05,-1.1343222322219348e-05,7.547832431318526e-07,-3.3501305959481166e-06,-1.4035642109322118e-06,9.381362680812217e-06,1.2977443792852517e-05,1.1089800166683606e-05,1.4545607633616332e-06,-4.025405312879245e-06,-6.6854827738791176e-06,6.348207568500288e-06,1.974519236637417e-06,1.3592465503545505e-05,-1.5137385121981105e-05,-3.157326914410433e-05,2.5474507860506582e-05,-2.0075634931959375e-05,-2.1200295333889018e-05,3.4478331504304427e-06,-1.2039493929909464e-06,-2.9239433346923228e-05,-4.063864897245801e-06,-2.2736640378004463e-05,1.515617325556851e-05,5.790001933438261e-06,1.9489082669787678e-05,1.1327557336142584e-05,1.5568166386433068e-05,2.385246751449146e-05,6.3223379672677545e-06,-0.00036112661206362133,-0.0003413161808870407,-0.002142952893839414,-0.0007537307661846892,-0.0009450691675786821,-0.002543392650086353,-0.0097422782864683,0.0196,-0.00034373876575971167,-0.0013452892586221217,1.0513706299321532e-05,8.206980704476323e-06,3.142627153437144e-06,4.31428550329018e-06,1.06118106858945e-05,5.90662421931086e-06,8.528271815771033e-06,5.564602022772947e-05,-5.624789060676435e-05,2.0236668469558208e-06,8.991661805525562e-06,-1.3107958051269524e-05,2.1701201370013547e-06,4.225396987231537e-05,2.6202048675121812e-06,-9.228872700651936e-06,2.286851957210943e-05,-6.747098098717221e-06,-6.28969599187406e-06,-8.433501477003825e-06,-2.084956019553123e-05,1.4293188084401806e-05,1.3026991903980153e-06,-3.331562136295263e-05,-7.183219509998185e-06,1.577192211800095e-05,-1.0336982024545026e-05,6.29438460628741e-05,-6.294384606287388e-05,-7.49652156793018e-05,7.509070050572969e-05,-1.0474947052001943e-05,-7.039972723099369e-06,-1.2735259689646837e-05,-7.4662109977470735e-06,4.284385678557942e-05,4.2269425655915115e-05,3.87342761318343e-05,3.256104890646871e-05,3.873006739635895e-05,9.620493898543387e-06,2.780960865839363e-05,2.3806990396066823e-05,-4.735049580163594e-05,-2.9960758045550353e-05,2.478579402691582e-05,1.2333049370682512e-05,5.617104449713189e-05,6.647760902733066e-05,6.614854853014443e-05,-4.864074212965631e-06,-5.698586575611259e-06,-3.4893895344105212e-06,-1.9163124059880417e-06,-1.4357125882327107e-06
KXOSCARPIC-27-SOC,0.0032654635405735093,-0.0033704648446788335,0.00019233619527005125,-6.506473889181599e-05,0.0001315826328878806,5.148475540080438e-05,0.00021294205985760637,0.00014384031709780716,-6.128678318871009e-05,0.00016132500591266964,0.00030406552765184774,0.00014046626953996078,9.46514666806009e-06,-0.0002212491396545036,0.0002212491396545002,0.00032683269979795005,-3.44942065577379e-05,-0.00020536554391022567,-7.679532503416398e-05,-0.00016976146092572775,-5.4559626937844084e-05,0.00011385736045054997,0.0003240096472388824,-0.0003806418186361728,0.000476919667283169,0.00018159150061499007,-0.00020402319512641425,-0.0005509721133316292,-0.00011551063354191321,1.9454207692541554e-05,8.927233566083749e-06,-8.927233566080882e-06,6.506710791574561e-06,-6.184238835049423e-05,-0.00023335774810084967,6.0393015496184566e-05,0.0002551426854222696,-0.002056645355835874,0.0020537390972979836,0.000132631086831206,0.0002573227092175352,-0.0005745977267602547,0.001133871646397432,-0.0011338716463974374,-0.00034163667539598126,0.0010830941327911272,-0.00048391459651422083,0.0009180128152740895,-6.650541569005436e-05,-0.0011489540382596257,0.0009408882907846726,-0.00015684066335147582,-1.7294686993913042e-05,-1.7128130242067954e-05,0.00032629845282361567,-0.0002898349226545866,0.0001025145093903286,3.313080991380218e-05,0.00040740712491536943,0.00011508258054348052,0.0004395133001513456,0.0001916250120099996,-0.00023683942895454205,0.0003742239885584442,-2.9407918658624027e-05,-0.0002710358134960912,0.0002710358134960896,0.00023138571217373662,-0.0005570655607820742,0.00046274624320736597,0.00024510460483675653,0.00095778221253086,0.0004076420786893463,-2.247651686245159e-06,3.49059884749093e-05,2.0223366425857368e-05,-9.877887339944434e-05,-0.00016156372819246703,-0.00014070686150448368,-8.043458097321311e-06,6.162699143579495e-05,8.895522514421136e-05,-5.287589858856268e-05,-1.3617771672708408e-05,-7.564620331337467e-05,0.00016902374105896438,0.0003525191347518489,-0.00046019186002282963,0.00018605378262929442,0.0001974103589812942,-8.623750709146392e-05,-7.068048467513525e-05,0.00031009896326003074,-2.997207378165859e-05,0.00014847781177844017,-0.00015617708190635124,6.52372256238307e-06,5.021168712319059e-05,3.4632124652300414e-05,5.278554341172316e-05,8.828725662280503e-05,5.336121568272782e-06,-0.00034411976389595196,-0.00031388176439765093,-0.002114659351501188,-0.0007324028522420094,-0.000918809389007417,-0.002515110053973986,-0.00970972381432017,-0.00034373876575971167,0.0196,-0.0013188297640396932,-2.01169389878404e-05,2.2946149783978664e-05,0.00011681642621690505,9.9110776159616e-05,-2.0832370553971655e-05,7.502768692202905e-05,-1.0555557424988629e-05,-0.0008816198855046146,0.0008906753335392388,0.0001885672286124617,-0.0001557317422709065,0.0004149957479905648,0.00021300304750942022,-0.0007569730847407756,-5.3405646757447736e-05,0.0002753215526666124,-0.00044972537194863465,0.00022864559831276725,0.00019676823922475323,-3.3447287059234436e-05,0.00011376978991262289,-0.00013447527828306839,-0.00014291116354325854,0.0002721788020625381,-7.677467042428664e-05,-0.00010279593710836634,-3.8018807183738373e-06,-0.000972906183930411,0.0009729061839304009,0.001148892259575533,-0.001150509513693479,0.00020918698251146296,0.00016858344950258425,0.0002788783043402461,0.00011572129956073899,-0.0007050767314467843,-0.000696169282427895,-0.0006520395831050206,-0.0005720133295970588,-0.0005378136366134819,-0.00033760720789595183,-0.0003848340686280238,-0.0003610828059702972,0.0007532615627624173,0.0004268894432823366,-0.00042210291760354864,-0.00021063054835437358,-0.0009555211207463801,-0.0011237263652464707,-0.0011261544452473606,8.08391626325099e-05,8.722589535577375e-05,5.694548754622852e-05,3.3771046532603765e-05,2.1488119133601623e-05
KXOSCARPIC-27-WIL,0.004715552148260159,-0.004844671242986374,0.00028799371292377,-0.00011253642108690097,0.0001524419373879187,4.5496581540344335e-05,0.0002589569381287507,0.00016684242487144106,-0.00011679362089136476,0.00019667446541742268,0.00039281998879273734,0.0001658077755745679,-1.2769507934913208e-05,-0.00032542277728832617,0.0003254227772883134,0.0004753617911648769,-5.5861975154512e-05,-0.00030702765017441623,-0.00011817103443993238,-0.0002589365874426632,-8.598609505698992e-05,0.00016469642851636392,0.00047327039271944575,-0.0005630984987314025,0.0006908946677899329,0.00025819245970298593,-0.0003103726439582802,-0.0008059442913763836,-0.00017169557259155303,2.5130898661038327e-05,8.020570807664493e-06,-8.020570807654023e-06,6.046739908569112e-05,-5.141208016275451e-05,-0.0002938672007258419,0.00013792263505661766,0.0004209498279721618,-0.0029658222133548983,0.002961611482617312,0.00028701132352237864,0.00046800269693074393,-0.0007483237767624436,0.0016335417836161627,-0.0016335417836161506,-0.0005005114465601138,0.0015674191960214508,-0.0007087410226171631,0.001326250415129239,-9.196780171940211e-05,-0.0016525932213074571,0.0013608975073486674,-0.00020059064888278298,1.6758498629953907e-05,1.698067175246268e-05,0.0005202173866343306,-0.0003783594020079321,0.000196476307984063,9.605355799600754e-05,0.0006379497562269074,0.0002098149310839736,0.0006861131334807617,0.00033437001008358876,-0.000335480022112158,0.0005329865444465857,-4.412709900027966e-05,-0.00038773902772458143,0.0003877390277245862,0.00032815595237793954,-0.0007999240767296709,0.0006590331468902175,0.00034435962745093217,0.0013724310556828844,0.000577503213049508,-3.772800318910286e-06,5.134252810667621e-05,2.9288168545457147e-05,-0.00014522413168265854,-0.000235548453282629,-0.00020496554985538018,-1.2405838730061949e-05,8.906604622433383e-05,0.00012929293931238794,-7.88767489207308e-05,-2.06024971379377e-05,-0.00011487011639719846,0.0002467947351345292,0.000514607076630236,-0.0006618416975623332,0.0002737573775378156,0.0002904091627804994,-0.0001232741385892658,-9.843823716946475e-05,0.00045362003534779507,-3.951126555475895e-05,0.00022273121211178166,-0.0002288430942922337,4.061318114641419e-06,5.13365842870204e-05,3.7298848325798125e-05,5.852576128400954e-05,0.00010013637071060953,1.8228063662369377e-06,-0.001345671115620751,-0.0013150604965631884,-0.007615684538725747,-0.002733853232967493,-0.0034199951785072293,-0.009016142806895812,-0.03421026899028704,-0.0013452892586221217,-0.0013188297640396932,0.0651,-3.448801006307658e-05,2.752346401981823e-05,0.00016273085673209877,0.00013715265593726572,-3.542202614409773e-05,0.00010232293084520971,-2.01813883552121e-05,-0.0012721379848735315,0.0012852238771574576,0.0002634493545654803,-0.00022419048977644033,0.0005906347148612439,0.0002976625726309291,-0.0010886984226828721,-7.661241417980482e-05,0.00039216332054574333,-0.0006454512507331235,0.00032511093400638556,0.00028007684567632615,-4.016203102735509e-05,0.00017440616645767265,-0.00019678700937973687,-0.0001999272780335087,0.0004045783090543018,-0.00010157391402201056,-0.000153408727768184,2.4606857873597444e-06,-0.0014054112216667024,0.0014054112216666964,0.0016598152267058145,-0.0016621662718653606,0.00029998427311477097,0.00024086194604498786,0.00039914367907015663,0.00016707335006404736,-0.0010162409610294995,-0.0010033758207128607,-0.0009392106245792492,-0.0008230225604880339,-0.0007790690452874078,-0.0004795493447051133,-0.0005575150321549484,-0.0005216639827784538,0.0010867822666424697,0.0006179976319166275,-0.0006078673827219904,-0.0003033791277320616,-0.001375970762226846,-0.0016184786130427247,-0.0016216450348548385,0.00011650333626630867,0.00012610646412925604,8.220580985755227e-05,4.84681838548145e-05,3.112628144479938e-05
KXWNBA-26-ATL,-0.001387001426586501,0.001387884542923358,-0.00010298787384431224,0.00118310898123217,-0.0006959080339519605,4.549051978414064e-05,-0.001398153888373415,-0.0007629552732398789,0.0013768546204575576,-0.0010798899838188902,-0.002536312209490251,-0.0008139641000215478,0.00048756899643913803,0.0005982171753584595,-0.000598217175358448,0.0007569238601152392,-0.00010480837317371475,-0.0005129259799274393,-0.00020680924379171015,-0.0004510191955925236,-0.00015616585354640697,0.0002629424188866228,0.0007622847712986745,-0.0009218907102004027,0.001084350793020823,0.0003877222845952873,-0.0005387084319336043,-0.0012830308210085369,-0.000279399227927328,3.3274219712640477e-05,-0.000272555406739545,0.00027255540673953556,-0.0004013200332694697,4.3625202379704895e-06,0.0007899001148911145,-0.0006507449993081152,-0.0015959893395436184,-0.0004924238947173838,0.0004917071337189408,0.00027948765169267327,0.00036397381590818104,-0.00021924622307227846,-0.0007373296214256497,0.0007373296214256382,-0.00014262042639951215,0.00043831640552720205,-0.0002018635470028421,0.0024600778144094173,-0.0001544790537211893,-0.003037571032012728,0.0025288686989810762,0.000335605337663097,-0.0003194670436359445,-0.00032018333762206337,-0.0016173451438729514,0.0006655832685449526,-0.0008100185743973006,-0.0005556711835931823,-0.0019128799796538796,-0.0008112771352416245,-0.0020449478167150863,-0.0012155148250437055,0.0021724743537441084,-0.0034847385570678444,0.00031380727982890217,0.0006078194693459073,-0.0006078194693458897,-0.0004954371529617106,0.0012441468858616599,-0.0010053890892276181,-0.0005044358287547832,-0.002122568872819747,-0.0008691452670320169,-9.044397972792696e-06,2.9151603078883798e-05,1.0738958593065853e-05,-8.359668020014167e-05,-0.00011452490151659734,-9.81458596060133e-05,-1.3540393747059127e-05,3.397769000575123e-05,5.7004236278800465e-05,-6.108999369567369e-05,-1.9485971532967954e-05,9.710890916793581e-05,-0.00016882996279262642,0.002209054534504819,-0.002695613596357585,0.0012067495278987052,0.001279571187079634,-0.0004957067473428934,-0.00035406525341312743,0.0019615356072901395,-0.00010852456969699165,0.0010452380659777085,-0.0010024762442018848,-0.0001314226693663159,-0.00018721303216462815,-6.325961297066747e-05,-2.9306584600312505e-05,1.6626355204322295e-05,-0.00016869986334396787,1.0961052943127615e-05,-2.4423125946358695e-05,-6.134637201808647e-05,2.212453775071298e-06,-2.9712640598888533e-05,-6.230244565642035e-05,2.1661542032830154e-05,1.0513706299321532e-05,-2.01169389878404e-05,-3.448801006307658e-05,0.1056,-0.012966849054714333,-0.01412382020716175,-0.010525336005395047,-0.05492387129486704,-0.006930122506449532,-0.0022504393599197827,0.0004492905095710809,-0.0004539379924587934,-0.0005630001387668651,0.0005197701344031628,-0.0013141900172873513,-0.0006371348756731648,0.0024881239892021777,0.00018085006863802138,-0.0008712362824076871,0.0014732975621999699,-0.0007189058395116084,-0.0006193145492098612,-0.00010785576179314998,0.0015041985715088962,-0.001461062679010737,-0.0013092859653478465,0.0032167768130512515,-0.0005321161292002567,-0.0011886000483046283,0.00019588888158122216,-0.0005066074380688925,0.0005066074380688931,-0.0002910318654637804,0.0002914595629572484,3.0028501580900838e-05,2.680406557279199e-05,4.247754840102837e-05,1.6520043402829095e-05,-0.00037057480745787707,-0.0003658120409948917,-0.0003417739411554727,-0.0002985521996080641,-0.00028808660971848816,-0.00016753439402712823,-0.0002061789538994946,-0.00019160863447500326,-0.00046737416938402753,-0.00027563299152620515,8.94831957769386e-06,7.563201342648317e-06,-0.0003886035763486291,-0.0004619755653106273,-0.00045755244421387864,-0.0003359162125860775,-0.0003709674828633996,-0.00024917042805385907,-0.00012440433160876128,-9.633211342641263e-05
KXWNBA-26-GS,0.0005767451535835094,-0.0006136370139467072,2.437558147964457e-05,-0.0005690015511715371,0.00023726765531606675,-8.021833754513957e-05,0.0005359409892447082,0.00026320666695840077,-0.0006556640399137024,0.0004060840526710082,0.0010335843554123288,0.00028963594180267133,-0.00027041889076833553,-0.00027362654661193075,0.00027362654661193335,-0.00030534111888717017,4.4420636877664035e-05,0.0002089194759260776,8.503842337188483e-05,0.00017931697255696406,6.443157210871878e-05,-0.00010132451199474579,-0.0003040420256100676,0.0003770051881713262,-0.00044744319962625883,-0.00016361751304955045,0.00021348340767738435,0.0005371629281667233,0.00011995110565690882,-9.382213573330927e-06,8.910704215567657e-05,-8.91070421557005e-05,0.0004697763664788751,0.00017518369182615589,-0.00013324442213906234,0.000590912763520822,0.0010139499994498047,0.00021386927776465806,-0.00021357434688384008,-3.4090401682826175e-05,-6.73951380860939e-05,0.00015191288190245377,0.0003154079625048131,-0.00031540796250481974,6.318638574978017e-05,-0.00019115124221225473,8.940063172489698e-05,-0.0010617982133219244,7.166921761553825e-05,0.0013194138940547952,-0.001090743414051336,-0.00020375114682606553,2.72853358172702e-06,2.5936718298147293e-06,0.0005220428949124743,-0.0004137290955421528,0.00018676779385191157,8.743847401085605e-05,0.0006447174704830591,0.00020202913491598594,0.000693284103388946,0.00032393116676594064,-0.0009207266389376714,0.0014880055401655253,-0.00014243838812052454,-0.0002660175178930802,0.00026601751789308314,0.00020976463375957946,-0.0005335195396081535,0.00042718700908871555,0.0002167489261276815,0.0009105574971122303,0.0003682713063482962,-7.38804884869086e-06,2.1307435656350546e-06,-4.909379667013373e-06,-7.33030217515389e-06,9.713848175861682e-06,9.969341214547294e-06,-7.204023005948584e-06,-1.3313275743695268e-05,-1.1469603422171595e-05,-2.035596299470959e-05,-8.977430701679327e-06,-1.1979492589787084e-05,5.393471428216726e-05,-0.0008765422532911807,0.0011683678307695287,-0.00045735476976148035,-0.0004852221194473908,0.00021701009635922595,0.00018665429978715565,-0.0007683900789554211,8.414104506502438e-05,-0.0003532626321500438,0.00037990072769796793,4.5644017570712353e-05,4.280710836852889e-05,4.610538110232492e-06,-1.8204488795220117e-05,-5.5629871392691916e-05,6.02793305891331e-05,7.99167645296413e-06,2.5017753901809603e-05,3.877050541863349e-05,1.2018850638227092e-05,2.5765340022805086e-05,3.9123183262454445e-05,2.830128192055309e-06,8.206980704476323e-06,2.2946149783978664e-05,2.752346401981823e-05,-0.012966849054714333,0.0979,-0.012900772593459899,-0.009602636874057026,-0.05029962038171662,-0.0063081488982495056,-0.002040275054156191,-0.00019506752862948371,0.0001970665188658269,0.00024952464466930036,-0.00021209215690946046,0.000575677528577791,0.0002812698074110664,-0.001063258942070593,-6.69415318043405e-05,0.0003859086119253203,-0.0006234972766302747,0.0003199065532168949,0.00027758012396277097,0.00012018881527515066,-0.000559114926491047,0.0006325863986585379,0.0006271617385215738,-0.001287453388179299,0.000312728244600968,0.0005002626364420885,-1.5159043862531725e-05,0.00021757483866040471,-0.00021757483866040322,0.00012969272239955764,-0.0001298686101010599,-1.4090460180540584e-05,-8.34479801115387e-06,-1.5961310763856345e-05,-7.970502399903988e-06,0.00015953213948581942,0.00015756296312672806,0.00014760198176459722,0.00012940695982369615,0.00012203931159422303,7.58868171054904e-05,8.73682316638005e-05,8.166774423831581e-05,0.0001886641983750722,9.891381884364085e-05,1.7876692249142306e-06,4.766613718576372e-06,0.0001635808895886083,0.00018719645811486388,0.0001932636404823534,0.00014542863911893024,0.00015474748961629868,9.240433843815075e-05,7.308533075046632e-05,3.4257144813986e-05
KXWNBA-26-IND,0.004861321171374828,-0.0049808708210754525,0.0003021930740655996,-0.0043918211227300195,0.0022735931444174866,-0.0003543293042150265,0.004756245193048828,0.0025024414472625688,-0.005090226506404985,0.0036485466216934622,0.0088230138394546,0.0026978054824273222,-0.001924111332137054,-0.0021760906136711563,0.0021760906136711524,-0.0026228810926149614,0.00036989028605637086,0.0017836113501707236,0.0007216405826135685,0.0015542677948317874,0.0005455833927319673,-0.00089603944134775,-0.0026303867640511307,0.0032106385667147034,-0.0037894569596828966,-0.001366626902360352,0.0018542486842827366,0.004508278256906239,0.000991174450747953,-0.00010248907139494035,0.000877976686216254,-0.0008779766862162656,0.002373488073710987,0.0005499168445866108,-0.0021451119554330095,0.0033032237317007426,0.006711847532146094,0.0017549068962441573,-0.0017524046159305773,-0.0007168927309412374,-0.001007177784244652,0.0009628443756535921,0.002612369251918816,-0.0026123692519188224,0.0005122355529366761,-0.001564580372280816,0.0007249087364765324,-0.008746229863651214,0.0005650675585663826,0.01082590316005762,-0.008988469699618518,-0.0013807699126589463,0.0007050788588785473,0.0007062089482972071,0.005189062394453556,-0.0027692642202681718,0.00236085164087858,0.0014899188996612234,0.006224192393520017,0.002412225301877338,0.0066668355986196585,0.003681833714085437,-0.007669677551552015,0.012337907104771319,-0.0011379353716753989,-0.002172644749499576,0.0021726447494995593,0.001748233054353209,-0.004412106484667982,0.0035526151313320063,0.001789945664293014,0.007528239336287268,0.0030677927557565747,-3.8275382323237055e-06,-5.6737551550466604e-05,-3.9045045024574526e-05,0.00015882469775835008,0.00028055263108855565,0.00024567254867475987,6.549755732437424e-06,-0.00011647826702295283,-0.0001607825020581322,6.82746675960775e-05,1.3860481683011394e-05,-0.0002498319876149756,0.000539874821117129,-0.0076085836719816165,0.009599102704195568,-0.0040879396239101385,-0.00433547985492312,0.0017720443628049926,0.0013665763760656658,-0.006724392428657555,0.0005046681781170115,-0.0034041730355902243,0.0033957837054561808,0.00043166714560302605,0.0005437725185147942,0.0001521586379135889,5.311665008186929e-06,-0.00021441424386885727,0.0005595217566895213,1.4823287635374399e-06,0.00013279561330800985,0.00025710957149743775,3.335715320708291e-05,0.00014671788907261011,0.00026032069935831136,-3.8332858469493326e-05,3.142627153437144e-06,0.00011681642621690505,0.00016273085673209877,-0.01412382020716175,-0.012900772593459899,0.10559999999999999,-0.010445904732289853,-0.05483409763469049,-0.006853631998443618,-0.0022160546563991254,-0.0016010114915741471,0.0016175126460581295,0.0020223322964332126,-0.0018088421377377975,0.004699148031845594,0.0022850842550544335,-0.008811876329540615,-0.0006075107560649519,0.003128885919530611,-0.005198352159960354,0.0025865071966247005,0.002234545383666689,0.0006184317774433091,-0.005060238272505943,0.005200945450160704,0.004852888635328364,-0.011114320073106886,0.002156838836617509,0.0041853340067541794,-0.0004750291560541002,0.0017976103847432833,-0.0017976103847432761,0.001047764350274229,-0.0010492573333424223,-0.00011040128302023148,-8.509118922628605e-05,-0.00014354605565197731,-6.139261766565428e-05,0.0013161564643918147,0.0012995000975044566,0.001215361744506374,0.0010631670950704227,0.0010168619333606897,0.0006070364112266001,0.000727838321759986,0.0006779114460164046,0.0016200119760666418,0.0009160536679185964,-1.3787097394401909e-05,-1.2609911036190304e-06,0.0013683641131635323,0.0016035700131157508,0.001613250807925147,0.0011956777272139987,0.0013018439998491909,0.0008377249547247324,0.000503941245347201,0.00031921439932816955
KXWNBA-26-LV,0.00405172597697729,-0.0041577310629198234,0.00024888064504231436,-0.003671599623332291,0.001888664326213522,-0.00030348825027555975,0.003959430604352845,0.002079244918462118,-0.004254304068063516,0.003036057202263002,0.007352786090563791,0.002242731021426022,-0.0016129957939765953,-0.001818367329318761,0.0018183673293187448,-0.0021840581788291815,0.00030787169009862037,0.0014848172759425388,0.0006006151843525548,0.001292746438414,0.00045397014365690196,-0.0007454072406977275,-0.0021895508049981785,0.0026735191920999766,-0.0031573858443938335,-0.0011397113378783905,0.0015421969345023846,0.003756918580572352,0.0008262444521787277,-8.493767843318373e-05,0.0007272879736281481,-0.0007272879736281411,0.002035846268116594,0.0004929113220671179,-0.0017495376574281696,0.0028136896954341723,0.005659962509540029,0.0014640628009960363,-0.0014619776955258675,-0.0005796703623932272,-0.000821261796316366,0.0008161561824620842,0.0021788542398295265,-0.0021788542398295425,0.00042754908050623525,-0.0013054585792426619,0.000605056072856279,-0.007296485040143488,0.00047195321282187313,0.009032292858685126,-0.007498651871447717,-0.001161157873882635,0.0005660081199469333,0.0005668712811127692,0.004299631809705124,-0.002330824581986527,0.0019426387671691706,0.0012179520750133345,0.005162301796035194,0.001987897915182886,0.005530138046475369,0.0030382888368545658,-0.006395307510727217,0.010289651124187327,-0.0009503508597174847,-0.0018129955298001265,0.0018129955298001306,0.0014569021622581305,-0.003679712121572426,0.002961338050652872,0.0014915101044878191,0.006278103265716576,0.0025564895331960176,-5.042526679911463e-06,-4.483872882977239e-05,-3.257851570371715e-05,0.00012518569868324563,0.000227318003005086,0.000199462931252165,3.2837817548262623e-06,-9.689052718598611e-05,-0.00013185312283096233,4.919003902501296e-05,8.678035665362311e-06,-0.00020339982204121667,0.0004471845311967838,-0.006334367601109129,0.00800807246866376,-0.0033997302995413987,-0.0036056334428717926,0.001478522249800085,0.0011454158761439333,-0.005596568826386896,0.0004269968165705844,-0.0028237264525139472,0.0028238487177479213,0.0003570246156290771,0.000443977555376067,0.00012121708712597213,-3.222380074045601e-06,-0.00019098098853496422,0.00046324635744608077,2.929699778288839e-06,0.00011243630714142197,0.0002157899819339315,2.9435948913208845e-05,0.00012384036738755121,0.00021847265387522257,-3.0554332318913875e-05,4.31428550329018e-06,9.9110776159616e-05,0.00013715265593726572,-0.010525336005395047,-0.009602636874057026,-0.010445904732289853,0.0819,-0.04103926789977666,-0.005056238317127891,-0.001616216895713783,-0.001335840409394684,0.0013496059544115644,0.0016878276192983002,-0.0015067793832183338,0.003921191477309781,0.0019069294482454964,-0.007348874694200782,-0.0005048251824523045,0.00261164499409395,-0.00433417009883225,0.002159159323644984,0.0018657051673338638,0.0005293778849081084,-0.004204869869958782,0.004339992453280249,0.004059829893464379,-0.009253341333012156,0.0018144086769432428,0.0034902761568250664,-0.0003836644431000832,0.001499191615033696,-0.0014991916150336917,0.0008750548236468976,-0.0008762996193521683,-9.246952784758183e-05,-7.0764884584065e-05,-0.00011974700442844154,-5.127462790211447e-05,0.0010978326867382754,0.0010839554626869878,0.0010138478004265289,0.0008869744840870558,0.0008478197380412946,0.0005070380850282674,0.0006068547223290618,0.0005652995385284463,0.0013493036037487628,0.0007609535586488469,-1.047858995011674e-05,4.2220901853167766e-07,0.001140799380902367,0.001335743407115585,0.0013450757798931044,0.0009975319691468087,0.0010854253941050126,0.0006968488481649722,0.00042296633833843934,0.00026535471853237
KXWNBA-26-MIN,-0.0013984934353147827,0.0013957972083321253,-0.00010510351956926345,0.0011906151436051884,-0.0007002365765712027,4.575355819778193e-05,-0.001406685918209185,-0.0007676005289147722,0.0013864425005410022,-0.0010869121620811,-0.0025528069617629986,-0.0008191131618013783,0.0004907708422791617,0.0005997472274400877,-0.0005997472274400794,0.0007651226807480753,-0.00010699086835395743,-0.0005201064061848429,-0.00021030738120583214,-0.00045869221389894404,-0.00015916284978160188,0.0002659806504330014,0.0007712543298931293,-0.0009334930831139034,0.0010946891280611097,0.00039006401254968663,-0.0005477720350820699,-0.001296317532030891,-0.0002826278826454705,3.328168570685262e-05,-0.0002779745439288855,0.0002779745439288969,-0.00036197703262497237,3.153691084018443e-05,0.0008269001394424394,-0.0006119322736055221,-0.0015617923935609273,-0.0004960840857690348,0.0004953611945941607,0.0002991813331235411,0.0003846190857856917,-0.00020687928763825784,-0.0007425380624721041,0.0007425380624721112,-0.00014356710743654332,0.0004413479311294539,-0.00020320632965018138,0.00247647659055776,-0.00015576429405466305,-0.0030584115321783305,0.0025452857632037376,0.0003340060666752672,-0.00033272780701390915,-0.0003335017063566469,-0.001643597570699492,0.0006600634934332521,-0.0008291702230121187,-0.0005718584010415283,-0.0019416971118491107,-0.0008292652225448361,-0.0020754632873726036,-0.0012408617400885059,0.0021890973173106787,-0.0035106384874407214,0.00031559382386636323,0.0006119167467638778,-0.0006119167467638827,-0.0005012696546745495,0.0012539492131537755,-0.0010158850848643747,-0.0005118037703891167,-0.002140582458852157,-0.0008796605947887473,-1.0035167682156405e-05,3.0771977412070355e-05,1.0888264933581973e-05,-8.824511504371352e-05,-0.0001191368153162739,-0.00010193389866673601,-1.481528215079065e-05,3.446727433481715e-05,5.879119887729636e-05,-6.563852086590839e-05,-2.1142368213749827e-05,0.00010045287428501372,-0.00017171711571207875,0.0022311975232905744,-0.0027149719325191184,0.0012205159092419215,0.0012941700302137086,-0.000499492328017625,-0.00035410725779649226,0.00198201697010186,-0.0001065095856776119,0.0010606082034170495,-0.00101451936577327,-0.00013713784174936353,-0.00020186156904807912,-7.152331354222471e-05,-3.975725828976441e-05,3.103143444462135e-07,-0.0001754073746536275,1.1071039272045862e-05,-2.525292116460022e-05,-6.259372690387207e-05,1.9582172927268595e-06,-3.05981445202554e-05,-6.352579176718687e-05,2.133315818283142e-05,1.06118106858945e-05,-2.0832370553971655e-05,-3.542202614409773e-05,-0.05492387129486704,-0.05029962038171662,-0.05483409763469049,-0.04103926789977666,0.24840000000000004,-0.027249479237499985,-0.00902201644774897,0.00045213825780410883,-0.000456815478352823,-0.0005670922495094326,0.000524779469733208,-0.001323298872390138,-0.0006418769323146794,0.002507109617563817,0.00018335618262382857,-0.0008767889966153867,0.0014853098933851096,-0.0007233859712750684,-0.0006229334836426832,-9.907634943931505e-05,0.0015261832395266936,-0.0014686207889935202,-0.0013100093323831887,0.003251891092224143,-0.0005251903021625168,-0.0011956431418672282,0.00020601265242025822,-0.0005108083351951827,0.000510808335195186,-0.0002918559385025304,0.0002922852508144024,2.9679958823286892e-05,2.64889383931705e-05,4.200463662759492e-05,1.6757034851319278e-05,-0.00037331988797757146,-0.00036850757643976497,-0.0003442323949612704,-0.00030063579228490353,-0.00029049108107684406,-0.0001682542183289143,-0.00020787964689494016,-0.00019316247853786754,-0.00047163795176522193,-0.000279020327632624,9.701105554609294e-06,8.648632562669988e-06,-0.00039170493593770363,-0.000466116600074373,-0.00046113514457872247,-0.00033818542438059616,-0.0003732648616775445,-0.00025093678660077095,-0.00012516637753500447,-9.695631873452643e-05
KXWNBA-26-NY,0.0029433778534559904,-0.003029738430387575,0.0001762877947493266,-0.00268484950652825,0.0013613127082992855,-0.00023379416851416609,0.0028677143824723432,0.0014994349923535349,-0.0031092937765993933,0.0021970179858528394,0.00533869774164859,0.0016192989900734112,-0.0011867606620467046,-0.0013275893502799245,0.001327589350279922,-0.0015838929380254832,0.00022336202261476394,0.0010766501950501435,0.00043546765238447786,0.0009359117460262158,0.00032906322523017706,-0.000539455677635379,-0.001586851129345541,0.0019393948780965485,-0.0022924843432880495,-0.0008287977802415333,0.001116387283848139,0.0027290952533658313,0.0006007251117092394,-6.083284736884357e-05,0.0005219655821402198,-0.0005219655821402147,0.0015605324495319224,0.00040656604713595966,-0.001217308313617006,0.0021299569801099304,0.00420537323307703,0.0010657602320201887,-0.0010642461861871397,-0.00039714403407085393,-0.0005721516340403579,0.0006109946890107154,0.0015850901710985398,-0.001585090171098537,0.000311539531945906,-0.0009505312043452918,0.0004408742347267115,-0.005310537787206084,0.0003444738904423828,0.00657547203969,-0.005457677809757516,-0.00085913782476719,0.0003789154941122733,0.0003794291262328407,0.003085977735226514,-0.0017271668135838384,0.0013739628013048329,0.0008492255846718748,0.0037125831036919263,0.001410486188233423,0.003978194614319904,0.00216200898728975,-0.004650253016037221,0.007484640403601713,-0.0006932907571021939,-0.0013203385684503824,0.0013203385684503795,0.001058583122425659,-0.0026768904956984956,0.0021525166270020693,0.0010839009809568648,0.0045667581270782825,0.0018575002259474285,-6.421082092760395e-06,-2.8975519241333726e-05,-2.3743424988504745e-05,8.035794892846772e-05,0.00015557194735597033,0.00013712143455174043,-8.270536289007777e-07,-7.01377538707548e-05,-9.26537261924709e-05,2.4316754969004233e-05,2.0470350130056284e-06,-0.00014062085710500377,0.0003207519385427811,-0.004591140985396463,0.00582899940356169,-0.0024587339514447488,-0.0026077063272789487,0.00107658098140398,0.0008417421577612189,-0.004053876511077677,0.0003197549142192839,-0.002031173883339346,0.00204201723001336,0.0002562050889532277,0.00031126120522950815,8.116713609744865e-05,-1.185483941813527e-05,-0.00015398716632596774,0.0003330123173845909,4.8970411478816505e-06,8.474392393570173e-05,0.0001594374584943341,2.4141578485174007e-05,9.270505908572037e-05,0.00016138704833676718,-1.9759789104382814e-05,5.90662421931086e-06,7.502768692202905e-05,0.00010232293084520971,-0.006930122506449532,-0.0063081488982495056,-0.006853631998443618,-0.005056238317127891,-0.027249479237499985,0.05639999999999999,-0.0010180168626616618,-0.0009725479856918682,0.0009825657542436852,0.0012297025099430425,-0.0010934669178924365,0.0028556016367006385,0.0013890568447604093,-0.00534549580687433,-0.00036455733729770187,0.001903016377947269,-0.00315102812941412,0.0015736544615847846,0.0013602877791190223,0.000404489043348611,-0.0030367814613339456,0.0031599495023379807,0.002971008832891648,-0.00670822922627143,0.0013421316953721968,0.002537885648031335,-0.0002611980542595604,0.0010906484477100663,-0.0010906484477100646,0.0006381294366705876,-0.0006390338771787351,-6.774016587704041e-05,-5.099332866619171e-05,-8.691990391351775e-05,-3.7452074090596146e-05,0.0007988426230844536,0.0007887670483807242,0.000737856115975499,0.0006456430901622225,0.0006164026920897525,0.00036993274606675266,0.00044122333270568215,0.00041112080369153455,0.000978823508017215,0.0005489648035630686,-6.1577223541586195e-06,2.4127391546033197e-06,0.000829223702206919,0.0009691845792297934,0.000977876284561988,0.0007261089423307877,0.0007889125334396744,0.0005039083753896922,0.00031201129679141496,0.00019157314218928867
KXWNBA-26-WSH,-0.0009361519670416654,0.0009432624900936476,-6.806101939253205e-05,0.0007934736688354455,-0.0004838927921297219,2.0494904184376552e-05,-0.0009625027022900023,-0.0005303274029599599,0.0009216136049613297,-0.0007432775598783031,-0.0017318847572835993,-0.0005635862655979017,0.00032040067391985594,0.0004096880916772249,-0.0004096880916772199,0.0005071519338160407,-6.678464945164867e-05,-0.00033854124264390576,-0.00013458558652820589,-0.0002943443771634603,-0.00010054111943784592,0.0001763582114053323,0.0005091761386845882,-0.0006120894439562193,0.000729130199927305,0.00026415545984299666,-0.0003519816188736865,-0.0008583882237504836,-0.00018546737412848154,2.39746883727478e-05,-0.00017915958411752016,0.00017915958411750835,-0.00035214199421597803,-5.124336751598044e-05,0.0004722654257733423,-0.000522469884363073,-0.0011660055629523476,-0.0003330375553087318,0.0003325528857821258,0.0001542094373999291,0.00021068272827714666,-0.0001758226848122656,-0.0004992272364933732,0.0004992272364933722,-9.661458892186067e-05,0.0002966723191498323,-0.00013673991893506067,0.001667742563358584,-0.00010320275100524364,-0.0020562216771715528,0.001715767706175676,0.000230232874527002,-0.00020323865927604782,-0.00020363022738650708,-0.0010761010966277205,0.00046231992139372216,-0.0005320256926187913,-0.00036187315224870184,-0.0012753847369413032,-0.0005342089654129143,-0.0013637072975350628,-0.0008020430161132244,0.0014692519371534891,-0.002357201538632957,0.00021252113360777623,0.0004118296793130358,-0.0004118296793130434,-0.00032913140566672675,0.0008396153389445386,-0.0006715862337653752,-0.00033041093128698606,-0.001428579654061641,-0.0005765177812810968,-5.160467580297414e-06,1.7907187237306707e-05,7.03013390191792e-06,-5.1531516375073104e-05,-7.266273189859332e-05,-6.249117607742798e-05,-7.756062145144823e-06,2.2513583538744516e-05,3.663721048082699e-05,-3.659242432307639e-05,-1.145436793738998e-05,6.195319021302513e-05,-0.00011174988677461479,0.0014874910953227376,-0.0018226468198003975,0.0008109291581850052,0.0008598192584920953,-0.00033417001183876495,-0.0002417153719888239,0.0013199222741049931,-7.596156891205588e-05,0.0006987627385560437,-0.0006718414600382063,-8.315015054651383e-05,-0.00010875682833684843,-3.219929459674839e-05,-5.6964559105593195e-06,3.361896930971965e-05,-0.00010752117268321277,8.806975695118781e-06,-1.3238516900007725e-05,-3.8095253492135154e-05,3.660969176954575e-06,-1.695062318668387e-05,-3.882492180012413e-05,1.7252333432900048e-05,8.528271815771033e-06,-1.0555557424988629e-05,-2.01813883552121e-05,-0.0022504393599197827,-0.002040275054156191,-0.0022160546563991254,-0.001616216895713783,-0.00902201644774897,-0.0010180168626616618,0.0196,0.0003047714742764929,-0.0003079258689129437,-0.0003795540492588768,0.0003494105274465346,-0.0008884750058058665,-0.000429358863455001,0.0016809531940717697,0.00012024602437132634,-0.000589880106197761,0.000993830519483145,-0.0004868271318260965,-0.0004198378714358569,-8.973828301187548e-05,0.0009984114912594752,-0.0009965653110040622,-0.0009015979177803866,0.0021560349534108336,-0.0003787781271892642,-0.0008102954507829794,0.00011752507930786889,-0.00034170220263895964,0.000341702202638956,-0.00019949565858601672,0.00019978851591462266,2.1781203378249334e-05,2.013218248544085e-05,3.1388592177868785e-05,1.068677947569013e-05,-0.00025053826284941966,-0.00024734305461457623,-0.0002311867302605258,-0.00020204343007077343,-0.00019437128390896403,-0.00011404445412621064,-0.00013916182858164948,-0.00012931320288923535,-0.0003152040147250642,-0.00018505962471409106,4.75950956847343e-06,3.127151019404871e-06,-0.00026254211510472387,-0.00031188709781828467,-0.00030923310729548485,-0.00022756778119400488,-0.00025285832044999793,-0.00017102015243906368,-8.144551790709299e-05,-6.652529866628036e-05
KXRATECUTCOUNT-26DEC31-T0,-0.02362565889367509,0.02405229495261203,-0.001544458169530768,0.0012688771964929199,-0.0006705141895077444,9.398371654464084e-05,-0.0013926327184938967,-0.0007372158981224352,0.0014740690797509465,-0.0010707722976472881,-0.0025768427464030663,-0.0007939133502744049,0.0005511063005117075,-0.0009450405101517065,0.000945040510151723,-0.0008150950917431576,0.00011649030030545966,0.0005569207386200612,0.00022629247994447,0.0004886782179787342,0.00017170146996347402,-0.00027970215050907726,-0.0008194033260633621,0.0009997878393450765,-0.0011731186843481657,-0.0004198799905930159,0.0005829464908816819,0.0013961735901148315,0.00030702763290105966,-3.195388997536507e-05,7.986959691431144e-05,-7.986959691430733e-05,0.00037509144852797,5.599164738591789e-05,-0.00046881127988561736,0.0005503164373420249,0.0011998843318201146,-0.001765422534886674,0.0017628947809800182,0.0009348938831011682,0.001281659025400379,-0.0010828776503832155,0.000598633619207399,-0.0005986336192073933,-0.00038051517478128726,0.0011667862991276991,-0.0005385482520881069,-0.000346642298482334,2.248984591750953e-05,0.00042943841142754706,-0.00035570847981770503,7.923314147382021e-05,-5.499255644314881e-05,-5.507906251602011e-05,-0.0003344726218143419,0.0001600215594923211,-0.00015928137454238918,-0.00010502736486662511,-0.0003986485657842077,-0.0001611656550012526,-0.00042657408667882583,-0.00024369485008808364,-0.00013138928102454712,0.00021061857291754783,-1.8885674682223436e-05,-0.0008090695983545674,0.000809069598354572,3.6728201293513926e-05,-8.79990121912726e-05,7.333407151931678e-05,3.903542849080743e-05,0.00015142370034302796,6.473234119387411e-05,4.5067847257860645e-05,-0.0004611458105923199,-0.00025224886226099,0.0013031527266519263,0.002067564375242054,0.001795055719200633,0.00012488633319941264,-0.000763296140636601,-0.0011253148589326642,0.0007348647836986655,0.00019863848001942713,0.0005908969255295372,-0.001182306608825987,-3.953795330280388e-05,4.782453505616919e-05,-2.1691136006826867e-05,-2.3005199959904816e-05,8.883031383983736e-06,6.161603549163636e-06,-3.516390455343109e-05,1.7914591078367353e-06,-1.8992421895941065e-05,1.814874248626031e-05,-0.00018284152334567953,-0.0002403136127408431,-7.422794272567696e-05,-1.9300205155403538e-05,5.6589425946144454e-05,-0.0002354039021085651,6.933527286133835e-05,-0.0010133748781412184,-0.002053626879942486,-0.00019708927700104895,-0.0011381041650625895,-0.002079871873868045,0.0003841152799531699,5.564602022772947e-05,-0.0008816198855046146,-0.0012721379848735315,0.0004492905095710809,-0.00019506752862948371,-0.0016010114915741471,-0.001335840409394684,0.00045213825780410883,-0.0009725479856918682,0.0003047714742764929,0.08025599999999997,-0.08107383298501653,0.00040224952884899495,-0.00035879062440500914,0.0009324834627802585,0.00045450903047717435,-0.0017463151092684773,-0.00012073171885497982,0.0006206705225184454,-0.0010308095646517005,0.0005131914238024574,0.00044321427193183386,-3.68277419330742e-05,0.0003231073416400258,-0.0003290742983424919,-0.00030519497046409386,0.0007066292555607105,-0.0001339166560532994,-0.0002652657731198518,3.2247466497392254e-05,0.0018805120446514357,-0.0018805120446514431,0.0010659983212412847,-0.0010675253942286677,-0.00018778713681550567,-0.00014951956743938132,-0.00024877496581444383,-0.00010637463463516214,-0.001318897124716686,-0.0013021181276715783,-0.001217457627766316,-0.0010646211422404017,-0.0010205716132985236,-0.0006052171342998919,-0.0007304331988902757,-0.0006800671496169308,1.6887278050595877e-05,9.343858173020363e-06,0.0005900584243592683,0.0002947615848335661,9.063388229175513e-05,0.00010675876960354345,0.00010678233763933287,-0.0008389330183395482,-0.0009163486600411073,-0.0005961664693829526,-0.0003431865010596407,-0.00022794144912858838
KXRATECUTCOUNT-26DEC31-T1,0.02386934063808344,-0.024300442282866427,0.0015603629058824316,-0.001281980960367947,0.0006774025641116577,-9.497517691713412e-05,0.0014069619888214151,0.0007447898179013698,-0.0014892971774970306,0.0010817907413213945,0.0026033901622718727,0.0008020751281477062,-0.0005568116035990353,0.0009547845973380429,-0.0009547845973380596,0.000823507835162735,-0.00011769303937733666,-0.0005626696446803406,-0.00022862872129060112,-0.0004937242511352518,-0.00017347433167603658,0.00028258976354248,0.0008278614537953583,-0.0010101072591209503,0.0011852245180346047,0.00042421160098310266,-0.0005889659589260517,-0.0014105810021590938,-0.00031019580404537865,3.228401813740757e-05,-8.06958290618647e-05,8.069582906186065e-05,-0.0003789253023674247,-5.6544207314562564e-05,0.0004736758752915582,-0.0005559575978436948,-0.0012122245513863177,0.0017836308528172825,-0.0017810770353537256,-0.0009444800025298905,-0.0012948210367182806,0.0010940933070337137,-0.0006048077018785983,0.0006048077018785919,0.000384434258382252,-0.0011788167799029305,0.0005440951250272028,0.0003502210589042434,-2.2719606032603225e-05,-0.0004338675630935192,0.0003593819167848968,-8.004105501308547e-05,5.557879841325849e-05,5.5666220137387586e-05,0.0003379466837762973,-0.00016165463802732748,0.00016094699789138508,0.00010613232899398816,0.0004027851968640521,0.00016284858471527912,0.00043099980915862546,0.0002462361320831719,0.00013274604604074223,-0.00021279279375308025,1.908021252408893e-05,0.0008174162494459105,-0.0008174162494459145,-3.7107565335244624e-05,8.890761873775703e-05,-7.409151336183715e-05,-3.943768819421796e-05,-0.00015298685470153527,-6.540084915566746e-05,-4.553137089353621e-05,0.0004659020800093964,0.000254851488165077,-0.0013165927697802132,-0.0020888905382806296,-0.0018135711440705527,-0.00012617355051329084,0.0007711705794416128,0.001136923147623396,-0.0007424411093571002,-0.00020068590367309358,-0.000596993834308596,0.0011945039174845473,3.994837754167005e-05,-4.831815177241259e-05,2.1916918186059545e-05,2.3244663286131206e-05,-8.97486536446415e-06,-6.22427748090633e-06,3.5529231626206176e-05,-1.8089187001162394e-06,1.9191413005600754e-05,-1.8338009576899257e-05,0.0001847284082903966,0.00024278909710928213,7.499132816190604e-05,1.9495340162714588e-05,-5.717860722557183e-05,0.00023783335592968146,-7.007819326608548e-05,0.0010237878927939884,0.002074773523289915,0.00019909020398503066,0.001149806938114914,0.002101289813813296,-0.00038811116926623364,-5.624789060676435e-05,0.0008906753335392388,0.0012852238771574576,-0.0004539379924587934,0.0001970665188658269,0.0016175126460581295,0.0013496059544115644,-0.000456815478352823,0.0009825657542436852,-0.0003079258689129437,-0.08107383298501653,0.08189999999999999,-0.000406402738235768,0.0003624825398428102,-0.000942108808694018,-0.00045920089276606886,0.0017643198888185685,0.00012196851238448026,-0.0006270804260068905,0.0010414332289077636,-0.0005184925149364913,-0.0004477939597602593,3.721155356074989e-05,-0.00032643494035826143,0.0003324660164650936,0.0003083457753372262,-0.0007139118109783111,0.00013530252939941673,0.0002679980775302405,-3.257611963610165e-05,-0.0018999129859725075,0.001899912985972514,-0.001076991019797166,0.001078533834972207,0.00018972367830285636,0.00015106147764185396,0.0002513404610006711,0.00010747212056964363,0.0013325010467117727,0.0013155489768501409,0.0012300160901805523,0.0010756046387120014,0.001031091701055025,0.0006114717223059614,0.0007379620957151077,0.0006870801158076563,-1.7059572085284588e-05,-9.437262688922365e-06,-0.0005961454837651181,-0.00029780252981831943,-9.156930773297496e-05,-0.00010786157410708173,-0.00010788439209675025,0.0008475873201566092,0.0009258014061480785,0.000602315435413852,0.0003467279609018432,0.0002302924490744592
KXNASCARCUPSERIES-NCS26-BWAL,0.0007557083373329148,-0.0007702881349758576,4.8825484066336976e-05,-0.0013192663857329286,0.0007190966500422403,-8.489596185090786e-05,0.0014796141302452796,0.0007903051671978655,-0.0015303979873272392,0.0011376627326357659,0.002718719254016797,0.0008480691213204555,-0.0005645700172520773,-0.00044721936698600295,0.0004472193669859903,-0.0010887324797078744,0.00015984921436661294,0.0007500422173611458,0.0003070516786913583,0.0006613483447913488,0.00023424284665796085,-0.00037267063392342343,-0.0010957313725905846,0.001342606817834758,-0.0015656356709803157,-0.000557088246786977,0.0007883683526985446,0.0018695443911734741,0.0004132787118612762,-4.017040677581162e-05,0.00038753978215974605,-0.0003875397821597378,0.0010036401801991424,0.00014546070420919408,-0.0012560918144370417,0.0014734672024315767,0.003208426562629544,-0.0008687190809004834,0.0008674724701258222,-0.00020825287627259862,-0.00028383124791173315,0.0002348631437420052,-0.0002634157125718348,0.0002634157125718196,-0.00039092908153664683,0.0011922117417490301,-0.000553242209052908,-0.0022520078475924466,0.00014167428430139246,0.0027807125666211773,-0.002315756656108112,-0.0004431002424872049,0.0002970276074172856,0.0002977065659593079,0.0018249194984744778,-0.0008746578389289864,0.0008667626510270152,0.000567437523017335,0.0021753885878133703,0.0008776251073248448,0.002328362041820909,0.0013290332116784312,-0.0015355559229230965,0.0024679787013503988,-0.00022591159005299987,-0.0013749223155990692,0.0013749223155990588,0.0006020411568695152,-0.0015100968623488183,0.0012209105817457301,0.0006181195053432597,0.0025787147739768346,0.0010568815331548015,-8.019203214973456e-06,8.510039874388408e-05,4.681362819446222e-05,-0.00024047800902375654,-0.0003824041057358775,-0.0003320510128572465,-2.2796874510126393e-05,0.0001415767255385431,0.00020840456406793015,-0.00013490965211635848,-3.63195401095399e-05,3.26268332239806e-05,-7.154513123070892e-05,-0.0011431419081001258,0.0014223027572278053,-0.0006185137281035807,-0.0006558944438062229,0.00026188978314466865,0.00019595240401867572,-0.0010122613253730388,6.747304208751592e-05,-0.0005237935959803764,0.0005134616156542808,0.0002860500220562268,0.0003440566676493279,8.394971744114132e-05,-2.5356513553543992e-05,-0.0002017363837510139,0.00037307064106633736,-7.009430371836219e-07,0.00021478987348240024,0.0004156602011274377,5.271519102861404e-05,0.00023761376755131284,0.00042055266886295085,-6.004995785744767e-05,2.0236668469558208e-06,0.0001885672286124617,0.0002634493545654803,-0.0005630001387668651,0.00024952464466930036,0.0020223322964332126,0.0016878276192983002,-0.0005670922495094326,0.0012297025099430425,-0.0003795540492588768,0.00040224952884899495,-0.000406402738235768,0.0196,-0.003155633307230952,-0.0006404293209958624,5.130200874838978e-05,-0.006699092725183218,-0.00044436839992117473,-0.0008257875216467376,-0.0023680148709484777,-0.0006365267730316413,-0.0008243471759312466,0.00011345583191150059,-0.0011173627381210935,0.0011244487170951592,0.0010312597984333306,-0.002427740854089665,0.00044297908585901264,0.0009095771331125011,-0.0001216767215169489,-8.780810733443936e-05,8.780810733444192e-05,-5.573845901529141e-05,5.581990169505076e-05,3.394341104282307e-05,2.731261343039391e-05,4.523813303140372e-05,1.9231299620165822e-05,4.2796815308573036e-05,4.227185930966154e-05,3.930606000194469e-05,3.394011596378154e-05,3.496842885660006e-05,1.6378051708908458e-05,2.509260550111795e-05,2.254308486421241e-05,-0.0004085630992182151,-0.00023374777097007505,0.0001792336106977297,8.948068069450176e-05,5.2142969603693155e-05,6.236390797106906e-05,6.130232787732297e-05,1.4138144201964127e-05,1.4892369293391517e-05,9.395070242173705e-06,6.643337005990474e-06,3.431523680815155e-06
KXNASCARCUPSERIES-NCS26-CBEL,-0.0006811220005832552,0.0006949186371883486,-4.3228026145889436e-05,0.0011991493950768625,-0.0006325198228451018,8.939497558808633e-05,-0.0013141800666853006,-0.0006953321075488492,0.0013941285396545352,-0.0010109636735741656,-0.0024338304332353947,-0.0007491912687559344,0.0005213541769346993,0.0004041827372724161,-0.000404182737272418,0.0009794557388315638,-0.00013722017279622635,-0.0006652037889316044,-0.0002687970403741579,-0.0005814611651727326,-0.00020311975557683366,0.0003366149587771145,0.0009837427375768164,-0.001196761160194792,0.0014107076733859726,0.0005071074547066761,-0.0006939793862703139,-0.0016749629936810245,-0.000366954715733374,3.9961382451502995e-05,-0.00034228563980617734,0.00034228563980617577,-0.0008647622145005404,-0.00010603546784090698,0.0011637714837253144,-0.001287248160080551,-0.0028515204581793393,0.0007838568892419694,-0.000782733992665902,0.00017790666146471772,0.00024608676363096626,-0.00022106186122906228,0.00023670621745410308,-0.00023670621745409268,0.0003436660599153226,-0.0010670733772279054,0.000486520938714332,0.0020308865919469923,-0.00012938196975361674,-0.002510530941305465,0.002087709272134686,0.0004156639762104028,-0.00023084134298323493,-0.0002313453440419208,-0.0015988396933202943,0.0008240876310245942,-0.0007375019879308209,-0.0004703698766027616,-0.0019138429838492284,-0.0007513955871718023,-0.0020496334327188134,-0.0011443087554217457,0.0013905958954800023,-0.0022325340437553774,0.0002026168399734141,0.0012377435811259888,-0.001237743581125972,-0.0005448244962563852,0.0013636532829106038,-0.0011040618811665826,-0.000560297855355383,-0.002329463501104764,-0.0009566226793459388,6.612400047571507e-06,-7.593303732413405e-05,-4.2247291027921736e-05,0.0002145234096996649,0.00034285506128721004,0.00029783570907169186,1.9821050587057315e-05,-0.00012770234463425212,-0.00018732560651956812,0.00011909407195717325,3.178678918081103e-05,-3.235680099727841e-05,6.611591131070976e-05,0.0010438111172926298,-0.001284757173453718,0.000567815666549319,0.0006021400711003968,-0.00023716329402677301,-0.00017254195021254354,0.0009258046510640442,-5.59645345150391e-05,0.00048731878664030014,-0.0004729224935646331,-0.0002477822129944994,-0.0002924371119318739,-6.573599824968927e-05,3.497921465816966e-05,0.00020329520474687406,-0.00032484601379504567,1.1397534895018177e-05,-0.000178887501386616,-0.00036134395139691175,-3.54545637804399e-05,-0.0002006848835917153,-0.00036594170433455796,6.657407127795739e-05,8.991661805525562e-06,-0.0001557317422709065,-0.00022419048977644033,0.0005197701344031628,-0.00021209215690946046,-0.0018088421377377975,-0.0015067793832183338,0.000524779469733208,-0.0010934669178924365,0.0003494105274465346,-0.00035879062440500914,0.0003624825398428102,-0.003155633307230952,0.15390000000000004,-0.010581221933307846,-0.0031592458559185515,-0.06915698818503664,-0.008672294012313113,-0.012450046231990345,-0.027523263726269075,-0.010568576229657114,-0.012445272222800615,-0.00010480397537170923,0.0010070625082994583,-0.001021003873051451,-0.0009344680057531547,0.0021909928291716178,-0.0004023351865034433,-0.0008268870774132887,0.00010811304090790701,7.951377392581335e-05,-7.951377392581374e-05,5.0378542174978386e-05,-5.045135023436578e-05,-3.255425934085768e-05,-2.6875706597726256e-05,-4.394275013242726e-05,-1.6756040424202536e-05,-3.8226381677242976e-05,-3.7757605319202583e-05,-3.532423414441813e-05,-3.089572367358323e-05,-2.957503866926395e-05,-1.7590376174182247e-05,-2.116371212624333e-05,-1.9679343734819744e-05,0.00036609155874310195,0.00020717402903417686,-0.00015859328326341392,-7.577863071946565e-05,-4.6447899643694445e-05,-5.4440739540320124e-05,-5.469020510666015e-05,-1.2812675360977993e-05,-1.3970265183310393e-05,-9.177540888743158e-06,-5.157520294614019e-06,-3.503931582531265e-06
KXNASCARCUPSERIES-NCS26-CBRI,0.0017589932756593486,-0.0017904120507846845,0.0001151766029861666,-0.0030789328497686764,0.0016567319957071628,-0.00021083982937994758,0.003422526389251425,0.0018212920144888257,-0.0035721721032944504,0.0026307002071771293,0.006305162605170288,0.001956926556351445,-0.0013257108675001823,-0.0010375644061661928,0.0010375644061661857,-0.0025257436552805633,0.00036298395896992776,0.001728545615560308,0.0007034081290915944,0.0015177274970490755,0.0005342812244625856,-0.0008658658705044159,-0.0025392793291579155,0.003101606583083176,-0.0036356434194416837,-0.0013002843554321831,0.001810202334264547,0.004330358279112298,0.000953502465121218,-9.75766850007627e-05,0.0009013644187960614,-0.0009013644187960373,0.0024079101813687864,0.00039386774699856343,-0.0028581619746981283,0.0034999001562283296,0.007538052563605049,-0.0020171048669835896,0.0020142106920290094,-0.0004982326932280576,-0.0006720607532942607,0.0005189795307709193,-0.0006130140916868908,0.0006130140916868911,-0.0009082680809004293,0.002771418161424534,-0.001285366361206108,-0.005230759671072913,0.00033386367403668546,0.006467647898054581,-0.0053762323386710624,-0.0010302391721242529,0.0006748533029174855,0.0006762438155166466,0.004219088247190753,-0.0020483442588523316,0.0019951001189496406,0.0013029583644000053,0.00503288493458512,0.00202189228814417,0.005386980345105204,0.0030635667717399673,-0.003569581784674547,0.005737966656094886,-0.0005259495874597761,-0.003200241964061018,0.0032002419640610033,0.0013975183946302952,-0.0035109341735548106,0.002835670235592907,0.0014327624425405727,0.005993737130125257,0.0024529434720528213,-1.9203908292121446e-05,0.0001986352031861566,0.00010883333400954739,-0.0005613138780936823,-0.0008910646217283713,-0.0007736325163169681,-5.3657035620046665e-05,0.0003292107033028823,0.00048517896733881995,-0.00031604456632870043,-8.533228747580916e-05,8.188726143533769e-05,-0.00017093321385193604,-0.0026496375879736384,0.0033086044045849868,-0.0014310378842237682,-0.0015175847030701106,0.0006098885139466728,0.00045985532401722907,-0.002345137016767814,0.00016145752637055283,-0.001206755219602459,0.0011885354298922348,0.0006991816478329314,0.0008896757470855607,0.00024755975844668545,8.11168772071343e-06,-0.0003607961927813169,0.0009074467417426675,-1.936067590068952e-05,0.00047517543990096525,0.0009443018359898002,0.00010276012437093897,0.0005302351099295838,0.0009559621782836145,-0.00015977007132893456,-1.3107958051269524e-05,0.0004149957479905648,0.0005906347148612439,-0.0013141900172873513,0.000575677528577791,0.004699148031845594,0.003921191477309781,-0.001323298872390138,0.0028556016367006385,-0.0008884750058058665,0.0009324834627802585,-0.000942108808694018,-0.0006404293209958624,-0.010581221933307846,0.0564,-0.0006422597381969952,-0.02129254818013738,-0.002304889012366132,-0.003481712244521087,-0.008199263466587774,-0.0028960149229080153,-0.00347947571340864,0.0002673638180538372,-0.002592524591026543,0.0026073707237496335,0.002399282573010096,-0.005637527876718002,0.001034210844356119,0.0021058553216388954,-0.00027884181389307907,-0.0002013191175318044,0.00020131911753179055,-0.00013037812283682898,0.00013056637672048498,7.867183552466808e-05,6.270706680010701e-05,0.00010430790042433523,4.4957550539059745e-05,9.902724160409202e-05,9.779474300629682e-05,9.127049730933487e-05,7.945559207023717e-05,7.816942879708809e-05,4.275461652719314e-05,5.600715527604122e-05,5.1429791508107176e-05,-0.0009513187875556382,-0.0005447242795318576,0.0004175479895075751,0.00020911280724079026,0.0001201384350058907,0.00014242894143101873,0.00014142494760281896,3.2974074800724486e-05,3.549804989014951e-05,2.279151745361604e-05,1.4336113808466662e-05,8.55962080531754e-06
KXNASCARCUPSERIES-NCS26-CELL,0.0008541607458894423,-0.0008707785149401332,5.5062181010889514e-05,-0.0014915863131690172,0.0008122666001730303,-9.64135166673374e-05,0.001671748536924643,0.000892694411715684,-0.0017305165478027572,0.0012854679331800354,0.003072566836316009,0.0009580749535723246,-0.000638616650595183,-0.0005056736189504309,0.0005056736189504331,-0.0012307459349709799,0.00018048848091197357,0.0008475729732197409,0.00034686632325692956,0.0007471934307664307,0.00026455489940806475,-0.00042133399685881525,-0.001238602753739681,0.0015173759029859088,-0.0017698989572257065,-0.0006299186983933269,0.0008907288281587388,0.0021131370167150523,0.0004670147362723563,-4.5538017135522415e-05,0.0004374984757211087,-0.00043749847572110615,0.001128559629447028,0.0001603326582474363,-0.0014247266192407152,0.001659589972368107,0.0036206407390865745,-0.0009821324723900307,0.0009807232743903264,-0.0002337145623353855,-0.00031920463068373084,0.00026747518855048185,-0.0002977063210606387,0.0002977063210606369,-0.00044123104064735933,0.0013470809639829907,-0.0006244433717812722,-0.0025459539558224196,0.00016009350410135754,0.0031435216280184452,-0.0026180843782042263,-0.0005022106526194937,0.00033333925001937856,0.00033410509560401647,0.0020600022262350797,-0.0009910566061834029,0.000976963662129547,0.0006386821418633951,0.0024561333944196273,0.0009895192415786589,0.002628940737710209,0.001498942059364087,-0.001736321739208822,0.002790422562591222,-0.00025525912313627904,-0.0015539588628751542,0.0015539588628751605,0.0006807971749609354,-0.0017071999168843323,0.0013805005001539276,0.0006991293331740089,0.002915425962267038,0.001195166728142386,-8.995293686486139e-06,9.610275374547812e-05,5.291993058361235e-05,-0.000271565016983494,-0.0004320346623102319,-0.0003751608843162633,-2.5685465333863004e-05,0.00016003837711631635,0.0002355058741826874,-0.00015220832804532753,-4.0945451428511294e-05,3.6919318208821506e-05,-8.08580435309756e-05,-0.0012935832308624017,0.0016079116874313168,-0.0007002545634950087,-0.0007425737301777189,0.00029608736638462045,0.00022101380838878727,-0.0011456418980928108,7.570810014856655e-05,-0.0005937279789179615,0.0005814188265560248,0.0003219656021359283,0.0003855896233355315,9.296270813864222e-05,-3.112697289298162e-05,-0.00023209616668918507,0.00042011188156551333,-9.092539120540378e-07,0.00024264008101266456,0.00046972748345086574,5.945684343257124e-05,0.0002684545093481684,0.0004752607207987957,-6.802658831565219e-05,2.1701201370013547e-06,0.00021300304750942022,0.0002976625726309291,-0.0006371348756731648,0.0002812698074110664,0.0022850842550544335,0.0019069294482454964,-0.0006418769323146794,0.0013890568447604093,-0.000429358863455001,0.00045450903047717435,-0.00045920089276606886,5.130200874838978e-05,-0.0031592458559185515,-0.0006422597381969952,0.0196,-0.006703240418302992,-0.0004475013295414222,-0.0008281810079500711,-0.002371971408642734,-0.0006388973937536222,-0.000826941080231584,0.0001283320799704273,-0.0012632337732130126,0.001271945247626571,0.0011660748754491032,-0.0027447573932184773,0.0005008372562678574,0.001029096369107856,-0.00013755834868613726,-9.937397619827856e-05,9.937397619827158e-05,-6.301423404919752e-05,6.310633532138443e-05,3.853829327999949e-05,3.108849678836581e-05,5.142827567253242e-05,2.1683021545207163e-05,4.837313508834052e-05,4.778011193576211e-05,4.443018665993342e-05,3.83686545866667e-05,3.950881614200427e-05,1.8541154130420386e-05,2.834947391915944e-05,2.5476081241979498e-05,-0.00046162983216773145,-0.00026392208638627355,0.00020234442394097233,0.00010072865794739019,5.893617925053012e-05,7.044788075552766e-05,6.928907413431996e-05,1.5982681686539557e-05,1.6843149827277146e-05,1.063919532967503e-05,7.4865044132670035e-06,3.888914999946369e-06
KXNASCARCUPSERIES-NCS26-DHAM,-0.003305887303949551,0.0033651820204744767,-0.00021529114385201276,0.0058024015789296755,-0.0030892109801903284,0.0004164544630269354,-0.00640193294709304,-0.0033963527524054865,0.006736795295801009,-0.0049215688622185425,-0.011824020379396658,-0.003654069495538678,0.0025111604071162176,0.0019497995157843006,-0.0019497995157842654,0.004742613905187201,-0.0006702676171656948,-0.0032292513395864265,-0.0013079952215828436,-0.0028264151950300152,-0.000990115018954441,0.001628009723022916,0.004764426301693001,-0.005804929182289816,0.006830916181778642,0.002452137504549075,-0.0033725278660597068,-0.008119945712525133,-0.0017823213923634723,0.0001896936096668883,-0.0016830304786612975,0.0016830304786612967,-0.004477981653433519,-0.0007111105169342975,0.005409669170497055,-0.006529024201371296,-0.014120038937395076,0.003790542846570244,-0.003785108230354987,0.0009045528837562739,0.00122999868708278,-0.000995719055898279,0.0011522526438518905,-0.0011522526438518658,0.0016929719901398496,-0.0051966331181934,0.002396138179459604,0.009832950907450093,-0.0006301990294298992,-0.012162613016492548,0.010105563106331908,0.001963875951298187,-0.0012033022770231465,-0.0012056990920543166,-0.007847102675518778,0.003912359259552859,-0.003672088832354579,-0.0023763986398725122,-0.009374787572874202,-0.0037296253959019417,-0.010036432734372628,-0.005662362399270353,0.006719329351984172,-0.010797164795947048,0.0009869297112812718,0.006013838012563104,-0.006013838012563101,-0.002629593620149292,0.006602645319484985,-0.005334656140075491,-0.002696931250676454,-0.011272724797469807,-0.00461569984639975,3.522257591564289e-05,-0.0003720470833741637,-0.00020451613461936916,0.001051301206274192,0.0016715050315248134,0.0014514359414576242,9.971168749581742e-05,-0.0006186727756738123,-0.0009107668729579985,0.0005901929849086317,0.00015896090526679472,-0.00016126723801693444,0.000326114018606507,0.005000264175751418,-0.00622323427802283,0.0027050800332214064,0.002868703348152325,-0.0011482160369020843,-0.0008584458554937874,0.004427871700708791,-0.00029641917796542074,0.0022906926374000112,-0.002249168525118675,-0.0013409768401360601,-0.0017371915984805406,-0.000502805019929835,-6.242412394845805e-05,0.0006013179800176062,-0.0017371705609108522,5.3927111571210604e-05,-0.0008693232446015265,-0.0017533944177892807,-0.00017356603666382632,-0.0009748133555371201,-0.0017756045702336577,0.0003204030190660017,4.225396987231537e-05,-0.0007569730847407756,-0.0010886984226828721,0.0024881239892021777,-0.001063258942070593,-0.008811876329540615,-0.007348874694200782,0.002507109617563817,-0.00534549580687433,0.0016809531940717697,-0.0017463151092684773,0.0017643198888185685,-0.006699092725183218,-0.06915698818503664,-0.02129254818013738,-0.006703240418302992,0.2331,-0.01758213572762812,-0.024954351689374474,-0.054390271294838324,-0.021277438465050494,-0.024948564432771533,-0.0005079461192349151,0.004870584523500653,-0.004911966461665053,-0.004518272210492179,0.010597691761780626,-0.0019502019951621668,-0.003968387402253389,0.0005202236889621561,0.00037737281912674447,-0.00037737281912674186,0.00024678425110117447,-0.00024713928015545353,-0.0001511381797092603,-0.0001215476370594459,-0.00020126150849991448,-8.35925135131294e-05,-0.00018575453910577562,-0.0001834209990721636,-0.00017149575698292027,-0.00014991022610344077,-0.00014401102763702395,-8.482084869107772e-05,-0.00010307680276606749,-9.580315310517909e-05,0.0017857443134730864,0.0010195317711824401,-0.0007805584299037689,-0.0003858749728188091,-0.00022454331398144968,-0.000264178555743779,-0.000264525888900819,-6.207349387100716e-05,-6.767163654323655e-05,-4.407168130176092e-05,-2.5460458058816528e-05,-1.681384151629055e-05
KXNASCARCUPSERIES-NCS26-JLOG,-0.00023039641987020106,0.00023624307654509992,-1.3713539323314705e-05,0.0004080448483404777,-0.0002116880113536866,3.239170432309831e-05,-0.00044179938678972226,-0.00023263256978384912,0.0004757964177207984,-0.00034040902555644657,-0.0008225012348626595,-0.0002513740912541022,0.00017886160490191002,0.0001383105453088036,-0.00013831054530880177,0.00033319331414923686,-4.5963106970773256e-05,-0.00022527715168315686,-9.064900876859142e-05,-0.0001964746324797615,-6.829025450368114e-05,0.00011475608034432593,0.0003345339006681353,-0.00040587104052062085,0.00047984419981287506,0.00017288359560543761,-0.00023459655498380333,-0.0005685504298377298,-0.00012413567818058964,1.406694695598391e-05,-0.00011252311117778427,0.00011252311117778611,-0.0002485613530514029,-4.851106270776672e-06,0.0004314341381813526,-0.0003915147659457243,-0.0009210157631009729,0.00026718747710123217,-0.00026680559010374685,5.0141160015098055e-05,7.388138029682821e-05,-8.893482756049765e-05,7.980225079104852e-05,-7.980225079107516e-05,0.00011243766510541717,-0.00035840838637703405,0.0001592652612954176,0.0006912670975508183,-4.326578906581487e-05,-0.0008530285743415985,0.0007111381371175373,0.00014918439554604954,-6.495980668124323e-05,-6.513810908436162e-05,-0.0005271352365922822,0.0002926795901130758,-0.0002348427229275446,-0.00014430775543034413,-0.000633900422058375,-0.00024111207270060764,-0.0006794331019375213,-0.0003699784434736134,0.0004752885752390929,-0.0007615294040105859,6.799960747053917e-05,0.0004180311192387375,-0.0004180311192387398,-0.00018669685088182545,0.0004639541908463649,-0.00037739587547812943,-0.00019315571049902827,-0.0007935350240723918,-0.0003280337457525191,1.7397757638860508e-06,-2.5094520054004035e-05,-1.4356783928257357e-05,7.086902038976373e-05,0.00011468476948609054,9.972689971836403e-05,6.126700762054352e-06,-4.334611400904915e-05,-6.30517529229693e-05,3.8306082341621716e-05,9.99442125221113e-06,-1.050950215547773e-05,2.178013053312018e-05,0.0003636737295756889,-0.0004367254210003099,0.00020020641550664352,0.00021229332544497575,-8.070640371472305e-05,-5.506186504540115e-05,0.00032368516785076615,-1.501207240773845e-05,0.00017671366543386437,-0.00016733618728925623,-6.940743219587233e-05,-6.426985870195453e-05,-2.0574512839836663e-06,3.756450543576793e-05,0.00011125164706472471,-9.316885674893139e-05,3.438493782722838e-06,-6.128138524072907e-05,-0.0001232008407079035,-1.249283444080038e-05,-6.863638063536878e-05,-0.0001247606974916582,2.2198672917220006e-05,2.6202048675121812e-06,-5.3405646757447736e-05,-7.661241417980482e-05,0.00018085006863802138,-6.69415318043405e-05,-0.0006075107560649519,-0.0005048251824523045,0.00018335618262382857,-0.00036455733729770187,0.00012024602437132634,-0.00012073171885497982,0.00012196851238448026,-0.00044436839992117473,-0.008672294012313113,-0.002304889012366132,-0.0004475013295414222,-0.01758213572762812,0.0475,-0.0027803054604333497,-0.006686718399386745,-0.002294352489610477,-0.0027763890247854686,-3.5650180806105716e-05,0.0003434101749744257,-0.0003524896989573134,-0.00031900228629778597,0.000747051565177919,-0.00013662027547061274,-0.00028704981016965017,3.724001998647516e-05,2.8044456760059952e-05,-2.804445676006009e-05,1.696840731704369e-05,-1.699329422936229e-05,-1.212768322587489e-05,-1.0531189601113296e-05,-1.6811883126740375e-05,-5.311125263755357e-06,-1.2960188483086372e-05,-1.2806229155750818e-05,-1.1976040855442041e-05,-1.0458285467026166e-05,-1.0103890680922789e-05,-5.837580286654697e-06,-7.228665137632655e-06,-6.688444389170624e-06,0.00012267569525923486,6.812578040151934e-05,-5.2048073024116255e-05,-2.2904370488214532e-05,-1.583555945343109e-05,-1.841717495146074e-05,-1.8628001861846423e-05,-4.3460716322894974e-06,-4.720901039942034e-06,-3.154090240163469e-06,-1.700309950494983e-06,-1.2014270885950549e-06
KXNASCARCUPSERIES-NCS26-KLAR,0.0011702135307947855,-0.0011903214819101852,7.719101728389984e-05,-0.002046975737485484,0.001103344165122159,-0.00013912798703713758,0.0022783121022890472,0.0012129902194458883,-0.0023740598318425224,0.0017508715049279057,0.004194853146679474,0.001302923044158516,-0.0008805896006150455,-0.0006891279809381008,0.0006891279809381075,-0.001678979119330272,0.00024156467353506647,0.001149419740989231,0.00046788180835330217,0.0010093551008981986,0.00035546045186924356,-0.0005754514019645938,-0.00168798471045568,0.0020622694425427293,-0.0024169078937032094,-0.0008643147889615265,0.0012038219580301757,0.002879238240086412,0.0006341624646896765,-6.46627276298352e-05,0.0006016030354305651,-0.000601603035430575,0.0016302411429209638,0.00028204105508505004,-0.0018771657234320585,0.002356688607642643,0.005043001047168855,-0.0013405138924029363,0.0013385900603943603,-0.0003364484214784989,-0.0004515626448970236,0.0003368478652378675,-0.00040807266068239713,0.0004080726606823947,-0.0006064865726489747,0.0018452164678857482,-0.0008582380974110125,-0.003477207565543863,0.00022246421540233273,0.004300451071511091,-0.0035735771304006682,-0.0006803725917075891,0.00045613448297112465,0.0004570492278914976,0.0028140024532263223,-0.0013549682927180302,0.0013351655734156673,0.0008749301223426978,0.00335522112541239,0.0013521183215693413,0.0035909672883027615,0.0020472132329555797,-0.0023717702272753414,0.0038134584253777565,-0.0003502263179284729,-0.0021295421571549283,0.002129542157154919,0.000928217446301131,-0.002334080641762066,0.0018840293602850723,0.0009508714654509673,0.0039840173591978514,0.0016290730630361735,-1.3087450921739936e-05,0.0001325031252806491,7.235461203913508e-05,-0.0003744525464058615,-0.0005935630163603033,-0.0005152780838807119,-3.60510377134772e-05,0.00021890686711910676,0.00032294528830694607,-0.00021147780072467836,-5.723892266172001e-05,5.500677404838109e-05,-0.00011428644915180324,-0.0017561948975853311,0.0021998597870105403,-0.000946997269069526,-0.0010042812469339022,0.000405472742227553,0.0003079984550011416,-0.0015536601284557943,0.0001098603494418874,-0.0007954622618331927,0.0007861666655632265,0.00047729381430629996,0.0006204780210648622,0.00018128609078397925,2.6449820851087274e-05,-0.0002052092503783061,0.0006178026387615749,-1.3384904854423776e-05,0.0003153215920842058,0.0006273292913267362,6.778349082843146e-05,0.00035199119552464266,0.000635087052981751,-0.00010676041995085281,-9.228872700651936e-06,0.0002753215526666124,0.00039216332054574333,-0.0008712362824076871,0.0003859086119253203,0.003128885919530611,0.00261164499409395,-0.0008767889966153867,0.001903016377947269,-0.000589880106197761,0.0006206705225184454,-0.0006270804260068905,-0.0008257875216467376,-0.012450046231990345,-0.003481712244521087,-0.0008281810079500711,-0.024954351689374474,-0.0027803054604333497,0.0651,-0.009667864527075576,-0.0034737137374549402,-0.004155892829284192,0.0001778949913258176,-0.001722854260378845,0.0017302088604761118,0.0015945079637259677,-0.0037466398733796216,0.0006878747966135438,0.001396391326517066,-0.0001849519507304891,-0.0001330928566901319,0.00013309285669013004,-8.689945845940752e-05,8.702468550844296e-05,5.167917434903916e-05,4.08533457428397e-05,6.823030153019395e-05,3.0125951429388464e-05,6.586904017602664e-05,6.504445052501781e-05,6.070982786563529e-05,5.2867944514154436e-05,5.1917123173240844e-05,2.8567303666751534e-05,3.719709600114908e-05,3.419446048960852e-05,-0.0006336741992920393,-0.00036366336018179603,0.0002787797998636431,0.000140802606113111,7.980817264350098e-05,9.466831041453875e-05,9.396628993135447e-05,2.1929727909987385e-05,2.363543480905783e-05,1.515244108529511e-05,9.537838068655767e-06,5.697350857969519e-06
KXNASCARCUPSERIES-NCS26-RBLA,-0.0019516532230407799,0.0019881423915526983,-0.00012617396989232516,0.003426891096992486,-0.0018232033964736593,0.00024660736089396725,-0.00377884933123799,-0.0020043617267438687,0.003979888874333529,-0.002905577901249666,-0.006981640940397715,-0.002156861960387346,0.001483675520863829,0.001153495462469745,-0.0011534954624697522,0.0028026389828847602,-0.00039645090224565646,-0.0019088831136184728,-0.0007733915125649266,-0.001671237322026918,-0.000585555371526999,0.0009621590656790577,0.0028158031664061523,-0.0034309512126555032,0.004036120522576525,0.0014483262804593053,-0.00199411733986952,-0.004798056557766297,-0.0010532508856458905,0.00011198691969913347,-0.000990752937461212,0.0009907529374611867,-0.0025943808130171383,-0.00038482442463195175,0.0032358062501130855,-0.0038052999353975487,-0.008286738201479604,0.002240612508345874,-0.002237400420113665,0.0005303705292429065,0.0007237650288293773,-0.0006002868135253421,0.0006795345441823438,-0.0006795345441823508,0.0009963947332773501,-0.0030660045458350623,0.001410315475761301,0.0058094148172772725,-0.00037123706177740433,-0.007183744909933553,0.005971084172409076,0.0011662875738313843,-0.0007026974623849472,-0.0007041514169875318,-0.004626418808642077,0.002318577136211453,-0.002159927723417409,-0.0013941489254380751,-0.005528775841249463,-0.002194889872079127,-0.005919389625891853,-0.0033341636105702448,0.003971317201880625,-0.006380048457279653,0.0005821525357562261,0.003549132115889017,-0.0035491321158890162,-0.0015549013463872267,0.003900510846357508,-0.0031533862260941497,-0.0015960432162987464,-0.006660475064884171,-0.002729562029654854,2.029260339324506e-05,-0.00021912293934653755,-0.0001208484307130274,0.0006191460906992901,0.000985753756088495,0.0008560562237605576,5.832608486734382e-05,-0.00036547327067282525,-0.0005375199759569458,0.0003465349708397396,9.3110038918419e-05,-9.336468024933394e-05,0.00019082193144031825,0.002962231613907909,-0.003675709499352175,0.001604932002199788,0.0017019863338301605,-0.0006781566365397938,-0.0005034125597330663,0.0026242596232460198,-0.00017102984941359844,0.0013640262047954468,-0.0013348789188398875,-0.0007601136801959499,-0.0009527514627272506,-0.0002547622602459481,1.626431190348848e-05,0.00044295786540325454,-0.0009888945827803027,2.9771015200316846e-05,-0.0005161594801385682,-0.0010380519875168048,-0.0001047811679391286,-0.0005782281395168538,-0.0010511454707011706,0.00018700634948952475,2.286851957210943e-05,-0.00044972537194863465,-0.0006454512507331235,0.0014732975621999699,-0.0006234972766302747,-0.005198352159960354,-0.00433417009883225,0.0014853098933851096,-0.00315102812941412,0.000993830519483145,-0.0010308095646517005,0.0010414332289077636,-0.0023680148709484777,-0.027523263726269075,-0.008199263466587774,-0.002371971408642734,-0.054390271294838324,-0.006686718399386745,-0.009667864527075576,0.1275,-0.008185506591454148,-0.00966269533551317,-0.00029927788919769375,0.002879048573056371,-0.002906865494213862,-0.0026695880400097074,0.0062633050391795115,-0.0011509470263410407,-0.0023502357552233084,0.0003085272395938767,0.0002246275919232747,-0.00022462759192326946,0.00014498606178400358,-0.00014519512739251058,-9.014099381858102e-05,-7.301845043477674e-05,-0.00012048941405782866,-4.902202135939601e-05,-0.00010966254512908267,-0.00010829910748386969,-0.00010123766244823145,-8.843074438557991e-05,-8.530807228072065e-05,-4.959159714685531e-05,-6.106956045651618e-05,-5.661200292207322e-05,0.001052745626214997,0.0005996717646979401,-0.0004592244256657751,-0.00022517769333757856,-0.00013290731781666533,-0.00015644329610326103,-0.00015651884631573306,-3.665489117586723e-05,-3.985020194337746e-05,-2.5946607257343276e-05,-1.5144307498344197e-05,-9.867445171663674e-06
KXNASCARCUPSERIES-NCS26-TGIB,0.0009669586858582737,-0.0009835414850189834,6.385823270543169e-05,-0.0016905998794638224,0.00091297620504221,-0.00011390882024737479,0.0018841714237439323,0.0010036905172418355,-0.0019604709973478256,0.0014479289661322972,0.003467573831768185,0.0010778529508843572,-0.0007266105041258057,-0.0005694039088781342,0.0005694039088781201,-0.0013875417929984177,0.00020021619930149016,0.0009507500261668417,0.00038732552140686744,0.0008353547840212535,0.00029443412229691944,-0.00047545095912499555,-0.0013951675889332842,0.001705278973802588,-0.0019971691927365602,-0.0007137480418570291,0.0009962233752595744,0.0023800474168699905,0.0005245040840766643,-5.3104109821283224e-05,0.0004977306071918218,-0.0004977306071918225,0.0013502751790884634,0.00023508306985700286,-0.0015485263897428074,0.0019506100143041342,0.004170252386018872,-0.0011076594399663463,0.0011060695673074023,-0.0002797109138245448,-0.00037487546517427214,0.0002770944359268853,-0.0003371994208148009,0.00033719942081481604,-0.0005019246844495909,0.0015253772342827072,-0.0007102575514339735,-0.0028730720899746614,0.00018369627258189717,0.003553083081014472,-0.002952732475826522,-0.0005606505247477078,0.00038042088267875964,0.0003811874256299657,0.002329632752734331,-0.0011162186117261849,0.0011074303991652843,0.000726878407741256,0.0027769332653359026,0.0011210484660576594,0.002971933591117322,0.0016967444713052915,-0.001959200931682717,0.0031503315033915525,-0.00028948377752270024,-0.0017597222767191376,0.001759722276719145,0.0007668005718498439,-0.001928423209353096,0.0015564631132491346,0.0007854427928115782,0.0032915405431699603,0.001345763301727401,-1.0866254877931078e-05,0.00010956114010059455,5.97869146949581e-05,-0.0003096217646391278,-0.000490643963327057,-0.0004259207295521991,-2.985517182349001e-05,0.0001808837210202468,0.00026691029059860787,-0.00017496774380518028,-4.738027118627485e-05,4.509624379883594e-05,-9.42091580248763e-05,-0.0014499467497324206,0.0018174835635285016,-0.0007815879729147039,-0.000828865457042621,0.0003349400215537952,0.00025485483856405,-0.0012825965692698585,9.120279381382546e-05,-0.00065594717928582,0.000648713802769207,0.0003935267893817422,0.0005105489985501566,0.00014855549931881267,2.0296553928864214e-05,-0.00017207749334036885,0.0005094689347485296,-1.0185154737693567e-05,0.00026173536710267695,0.0005194278450030072,5.698605111138678e-05,0.00029193518146076585,0.0005258231523311618,-8.72094729754237e-05,-6.747098098717221e-06,0.00022864559831276725,0.00032511093400638556,-0.0007189058395116084,0.0003199065532168949,0.0025865071966247005,0.002159159323644984,-0.0007233859712750684,0.0015736544615847846,-0.0004868271318260965,0.0005131914238024574,-0.0005184925149364913,-0.0006365267730316413,-0.010568576229657114,-0.0028960149229080153,-0.0006388973937536222,-0.021277438465050494,-0.002294352489610477,-0.0034737137374549402,-0.008185506591454148,0.056399999999999985,-0.0034707740850445524,0.00014671884055096672,-0.0014236577326133847,0.0014289784092592888,0.001317054749953485,-0.003095663376802089,0.0005680633933528034,0.0011531883487055587,-0.00015300861219037033,-0.00010999763212654449,0.00010999763212655173,-7.17281095326348e-05,7.183153587789597e-05,4.251932872423306e-05,3.3546884357527984e-05,5.6083407647023544e-05,2.4945151977602655e-05,5.4447160590317414e-05,5.3766428656914977e-05,5.016749788670733e-05,4.365649338549058e-05,4.304588849860413e-05,2.33813199193807e-05,3.084637279312925e-05,2.82989838070903e-05,-0.0005237476320346338,-0.00030075195213636707,0.00023060024218235316,0.0001167568772650961,6.600590662247076e-05,7.8400432188571e-05,7.770602103271327e-05,1.8115247565168224e-05,1.9481566858694457e-05,1.245709580113856e-05,7.956860831075164e-06,4.6706827840037585e-06
KXNASCARCUPSERIES-NCS26-TRED,0.0008349272260356618,-0.0008488226326582252,5.5426163044789625e-05,-0.0014592116062415736,0.000788665549207584,-9.79717830656954e-05,0.0016273080723403165,0.0008670595061019324,-0.0016917558144378128,0.0012503675398482144,0.002993918746231437,0.0009309664107135585,-0.0006268830314330256,-0.0004910393154360176,0.0004910393154360138,-0.0011973195966351754,0.00017278255107426376,0.000820418678884627,0.00033423455197700483,0.0007208022170720942,0.0002540770542285703,-0.0004102250191626571,-0.0012038617692901959,0.0014715381134732812,-0.0017234898610956695,-0.0006159983977967006,0.0008596052299522573,0.0020539788940311748,0.00045267936659920997,-4.579103097168069e-05,0.00043067779701346724,-0.00043067779701346165,0.0011804681838940912,0.00021331982822075707,-0.0013245695209669287,0.0016988060542449993,0.0036153059631504813,-0.0009556508290250529,0.0009542789603325138,-0.00024369267105938864,-0.000325560581979329,0.00023507227141005574,-0.00029129942114031985,0.0002912994211403178,-0.00043441754505735487,0.0013177369442369264,-0.0006147060763371697,-0.0024793812143635565,0.00015883040640097607,0.0030667936885324827,-0.0025479409766601814,-0.00048176096835646253,0.0003315066215614659,0.00033216034736120227,0.0020143449584312523,-0.000960444439845219,0.0009594710343322675,0.0006310647100878971,0.0024004523428363417,0.0009708527795541352,0.002568873338802941,0.0014687536801252987,-0.001690225821867407,0.0027182769644255532,-0.0002501119699462271,-0.001519712117982719,0.0015197121179827233,0.0006613279809949423,-0.0016642803626582532,0.0013426858544136624,0.0006770141759183414,0.0028403561787154813,0.0011605787098130484,-9.538630485714244e-06,9.477558933199777e-05,5.1596234286967416e-05,-0.00026784678845192806,-0.0004240156376116675,-0.00036805236621943895,-2.595394723279591e-05,0.00015612590628137754,0.00023054081567090628,-0.00015168329705619716,-4.1144439639736655e-05,3.931818886505231e-05,-8.171539818290997e-05,-0.0012487254257331046,0.0015687043759889429,-0.0006723692632361208,-0.0007130464822482098,0.0002890860732151033,0.00022109043883350118,-0.0011042463820525356,7.997092208886e-05,-0.0005627283221137527,0.0005579020818607625,0.0003467972395473492,0.00045729452774167584,0.00013781082331238743,2.9617449752740063e-05,-0.00012858950842690016,0.00044804097484408867,-9.255481739845066e-06,0.0002253126431986768,0.00044779827799647747,4.868217068675835e-05,0.00025143225350299117,0.00045332378060513386,-7.577167045318294e-05,-6.28969599187406e-06,0.00019676823922475323,0.00028007684567632615,-0.0006193145492098612,0.00027758012396277097,0.002234545383666689,0.0018657051673338638,-0.0006229334836426832,0.0013602877791190223,-0.0004198378714358569,0.00044321427193183386,-0.0004477939597602593,-0.0008243471759312466,-0.012445272222800615,-0.00347947571340864,-0.000826941080231584,-0.024948564432771533,-0.0027763890247854686,-0.004155892829284192,-0.00966269533551317,-0.0034707740850445524,0.0651,0.0001267687897850525,-0.001228235708455326,0.0012316559097939707,0.0011364420591453814,-0.0026709393646760678,0.0004904969560724161,0.0009934188091342115,-0.00013177100307179676,-9.451289275205875e-05,9.451289275206018e-05,-6.20491862416017e-05,6.213851075060131e-05,3.6402146385668894e-05,2.8550698166699972e-05,4.786921302375293e-05,2.1643911840812644e-05,4.700416690487623e-05,4.6413583893268985e-05,4.331250811626172e-05,3.7706777755155304e-05,3.7091780963389214e-05,2.0302805046200767e-05,2.6578145408272576e-05,2.441584661126181e-05,-0.00045263353809556493,-0.00026032174143969256,0.00019959725529243997,0.000101631339131552,5.6915170141632486e-05,6.760657582144543e-05,6.701571104987812e-05,1.563905320428873e-05,1.6842968970973183e-05,1.076517674311361e-05,6.853141597496865e-06,4.042968082175124e-06
KXWTA-26USO-AND,5.448734468403166e-05,-5.4524826611554835e-05,5.081716125509996e-06,-0.0002215733925899363,0.0001290184068672773,-9.775072488558986e-06,0.0002613072053373989,0.00014210050135574326,-0.0002522985961768238,0.00019899889838859066,0.00046892832901216915,0.00015059960768172033,-9.132407844907595e-05,-5.972541698222205e-05,5.972541698222766e-05,-0.00022892059891431492,3.791815618683804e-05,0.00016411466367166952,6.954429108265576e-05,0.00014896937248376908,5.439190570577187e-05,-7.811538965328573e-05,-0.00023230157216173433,0.00028933598329096085,-0.0003262767931694779,-0.00011206595537049856,0.00017709615326640127,0.00039528998601865513,8.93260345552126e-05,-6.374485214818401e-06,-8.301948610947588e-06,8.301948610950554e-06,0.0003326386225729367,9.965630406695946e-05,-0.0001898825859965719,0.00043919462960816417,0.0008170492039381539,7.770943258028088e-05,-7.759482282376586e-05,-4.425212265796342e-05,-5.6122536555191616e-05,2.4842546651828784e-05,-4.3688615705599074e-05,4.368861570559873e-05,-1.6200331959909377e-05,3.644154306042826e-05,-2.284224645644552e-05,-0.0005700910120070693,2.9105087937840623e-05,0.0006898721249844278,-0.0005938615096843401,-6.327892514518659e-05,6.457804857932702e-05,6.47010402845347e-05,0.0003157939522710887,-0.0001261882779616626,0.00015980991197766864,0.00011058640633301552,0.0003729564305556672,0.00015970414531459395,0.0003985652688413596,0.0002387767983483771,-0.0004322123883354186,0.000690473926786203,-6.021872370850622e-05,-0.00018371024543981231,0.00018371024543980838,0.00011949702871673755,-0.00029620392541718763,0.00024128765027188551,0.00012455631207905816,0.0005071767857507963,0.00021012630387960744,2.8333859443494457e-06,-1.107896732664041e-05,-4.582686596871342e-06,3.1603134981986995e-05,4.520624489009678e-05,3.892468347171003e-05,4.527357289295971e-06,-1.4388361957617164e-05,-2.3075618914994733e-05,2.1790466848947456e-05,6.722862473850637e-06,-4.0189257187854676e-05,7.364123963575072e-05,-0.0002892467744038945,0.0003740918582632129,-0.00015339094115952411,-0.00016257440354007824,6.708528689586404e-05,5.580041140665973e-05,-0.00025442855668766744,2.250367723908176e-05,-0.00012310741331265955,0.00012429480427430866,5.971668601492988e-06,1.3674144503546498e-05,4.775429425930046e-06,3.0784674809111174e-06,-2.3451703698452012e-06,8.319568587646092e-06,-8.068128282629194e-06,-3.6963201676974076e-05,-5.430263545462991e-05,-1.703535593158108e-05,-3.802704094600592e-05,-5.425231201927316e-05,-9.913711546505429e-06,-8.433501477003825e-06,-3.3447287059234436e-05,-4.016203102735509e-05,-0.00010785576179314998,0.00012018881527515066,0.0006184317774433091,0.0005293778849081084,-9.907634943931505e-05,0.000404489043348611,-8.973828301187548e-05,-3.68277419330742e-05,3.721155356074989e-05,0.00011345583191150059,-0.00010480397537170923,0.0002673638180538372,0.0001283320799704273,-0.0005079461192349151,-3.5650180806105716e-05,0.0001778949913258176,-0.00029927788919769375,0.00014671884055096672,0.0001267687897850525,0.0819,-0.01865963650097572,-0.0014278187183924635,-0.008122493459030572,-0.015983509635741945,-0.03020433074132299,-0.0007129395935005302,-0.00212722120570031,6.785562982673923e-05,-6.785562982673899e-05,3.234541150751604e-05,-3.239440480194935e-05,-5.795653014589624e-05,-4.812132867146694e-05,-7.833834933333938e-05,-2.742164493497193e-05,-1.3474169327459387e-05,-1.3159759874485219e-05,-1.15308359136153e-05,-9.192904981664628e-06,-1.4253822562878407e-05,1.0455318043012118e-06,-9.894741066566938e-06,-8.75481127292169e-06,-4.1177647033559966e-05,-2.5330177979798176e-05,-0.000248203728172359,-0.00013408951303773528,-9.756959823077316e-05,-0.00011749004668399238,-0.00011439332385391398,-6.066130711037426e-05,-7.118089548093003e-05,-4.771107202396399e-05,-1.8680998190875098e-05,-1.963686731612718e-05
KXWTA-26USO-GAU,-0.0004993727090971437,0.0005096487489889878,-3.072074834592561e-05,0.0021283896409436784,-0.001125642364068286,0.00015678276003738766,-0.0023364557677411964,-0.0012371996857235808,0.002476300493963999,-0.001798323820241689,-0.004326491511215008,-0.0013329804352102727,0.0009243782084010972,0.00054789754921909,-0.0005478975492190878,0.0021281539140666755,-0.0002967431023372832,-0.0014430940655065308,-0.000582295424351254,-0.001259168024628195,-0.0004395110799562371,0.0007308476157314547,0.0021362363257820603,-0.0025982423802460054,0.0030677625161641543,0.0011049182515220745,-0.0015029329499543767,-0.00364128704391655,-0.0007974067281454697,8.711136189291792e-05,4.7943693249218635e-05,-4.794369324926306e-05,-0.001976296970736969,-0.00026466210097965707,0.0026135640073352943,-0.0029302539089689334,-0.006479857061575147,-0.0007177128001841456,0.0007166881699305305,0.00033165902717303134,0.0004506153260060109,-0.00036326465210617507,0.00041432342357703767,-0.00041432342357703166,8.481725147619922e-05,-0.00027528253719307226,0.00012014772313168752,0.005287663965079313,-0.0003474310863600181,-0.006558051869773206,0.0054251296864764285,0.0006987443482394283,-0.0004199311064988408,-0.0004207839653370798,-0.002771181187732092,0.0013910362689970885,-0.0012930464495947858,-0.0008344563000535694,-0.0033119856118578777,-0.0013141316136597073,-0.0035459869283325333,-0.0019963276093683054,0.004051409823728789,-0.0065155156416302025,0.0005994406365204644,0.0017091598196621019,-0.0017091598196621134,-0.0011272937754717993,0.0028327006411348176,-0.002287637159977513,-0.0011544451750836785,-0.004835138527064622,-0.001978408746507173,-6.791894239419593e-06,8.177497330041065e-05,4.571007628290592e-05,-0.00023081222200461445,-0.0003692007488676418,-0.0003207048430083422,-2.1198853713429447e-05,0.00013776648569945412,0.00020199432926938885,-0.00012747888759948798,-3.39167623383905e-05,0.0003359114420343995,-0.0006765603842896297,0.0029140147859425787,-0.003616473359777088,0.0015786968241084578,0.00167431360312221,-0.0006694954273188326,-0.0004960142763943977,0.0025818063529527728,-0.00016907742202446448,0.0013419479565162373,-0.0013160319414860793,-0.00010954774273439158,-0.0001439725427911273,-4.65848538901177e-05,-1.642423655812294e-05,2.0744304897386303e-05,-0.00013995581060717398,-2.281570134109106e-05,0.00013269421423676961,0.0002946793890071502,1.3302505233720169e-05,0.00015341707750080475,0.0002993446831265541,-8.008825527839125e-05,-2.084956019553123e-05,0.00011376978991262289,0.00017440616645767265,0.0015041985715088962,-0.000559114926491047,-0.005060238272505943,-0.004204869869958782,0.0015261832395266936,-0.0030367814613339456,0.0009984114912594752,0.0003231073416400258,-0.00032643494035826143,-0.0011173627381210935,0.0010070625082994583,-0.002592524591026543,-0.0012632337732130126,0.004870584523500653,0.0003434101749744257,-0.001722854260378845,0.002879048573056371,-0.0014236577326133847,-0.001228235708455326,-0.01865963650097572,0.1771,-0.0054440214609440775,-0.023209863418599652,-0.043582595295850235,-0.08010431441464004,-0.0033655792257607014,-0.007496700036949209,-0.0006348025965436971,0.0006348025965437018,-0.00027466441880365217,0.00027505413880264657,0.00048597338874207337,0.00038494687351166117,0.0006422446438133704,0.00028103799642042657,0.00010919145701046652,0.00010796910975225193,0.00010188682915928798,9.020289879800709e-05,7.974316141259511e-05,5.904670856599222e-05,5.7411745249230664e-05,5.4125197208305615e-05,0.00036480146497587783,0.00020610876147951615,0.002268002146472818,0.001122810907238547,0.0009003875282076004,0.0010561132605147355,0.0010618000053877186,0.0005709985130349508,0.0006184404488396235,0.00040069989034059256,0.00024031158228850194,0.00015171869024864878
KXWTA-26USO-NAV,0.0005045569656131918,-0.0005158382813783281,3.237455523343544e-05,-0.0021322276268000455,0.0011601176417463245,-0.00013838095321327582,0.0023881817617807345,0.0012749444182191753,-0.002474243841774666,0.001836563864570393,0.004390653219091623,0.001368553831511947,-0.000913330695459373,-0.0005501621103687349,0.000550162110368726,-0.0021639550717773596,0.00031797010448449733,0.0014915454688596117,0.0006108736411039103,0.0013175649577591357,0.00046625246463804755,-0.0007422371416799537,-0.002179444642130427,0.0026684266573433436,-0.003107864882268697,-0.0011037583034212452,0.001570743043064122,0.0037098823957835304,0.0008195786765750854,-8.071155899822308e-05,-4.8013546332229554e-05,4.801354633222812e-05,0.002029117252843939,0.00027035010581264644,-0.002626410189328234,0.0029982146727668673,0.006575699725682905,0.0007265367926996732,-0.0007254975623420428,-0.00036795238752503843,-0.0004884148097027246,0.0003390972035112684,-0.00041771903883269817,0.0004177190388327047,-9.460837702402096e-05,0.0002872306886171796,-0.00013392268481365665,-0.005356637756851627,0.0003348688554241898,0.006609276218247655,-0.00551208686097285,-0.0006851878361314688,0.0004789849610087256,0.0004801184073934551,0.002866517177863066,-0.0013489347107370877,0.0013707093210929902,0.0009023151002582419,0.0034135987483776206,0.001385957010524916,0.0036531876458852394,0.0020962262342574724,-0.004100910287204132,0.006583627041935392,-0.0005973978870793557,-0.0017264902974143876,0.0017264902974143935,0.0011460468072479945,-0.0028560872858817087,0.002318970506627715,0.0011825153533859235,0.004882339296486615,0.0020130280232749246,1.340692584381409e-05,-9.116694594511086e-05,-4.592609475858438e-05,0.0002580688704352015,0.00039510494251634667,0.0003419565809680201,2.9041136242432163e-05,-0.0001394740775778243,-0.00021112150697319166,0.00015590366928627073,4.440763872677962e-05,-0.0003554682618030173,0.0006920705700550587,-0.0029369095116473943,0.0036358831633179177,-0.0015930289751621743,-0.0016892890515941392,0.0006696552746285599,0.0004950209770698315,-0.0026025633787281214,0.0001658887097472043,-0.0013572688894129227,0.0013234523843444219,0.00010922429782657115,0.0001558617253730435,5.396786548121214e-05,2.7646153618840792e-05,-5.442177801715027e-06,0.00013938982366668994,1.6466009687880816e-05,-0.0001553884231992866,-0.00031999173413253167,-2.6515528503145266e-05,-0.00017559508669243173,-0.0003240439249442047,6.381892604400364e-05,1.4293188084401806e-05,-0.00013447527828306839,-0.00019678700937973687,-0.001461062679010737,0.0006325863986585379,0.005200945450160704,0.004339992453280249,-0.0014686207889935202,0.0031599495023379807,-0.0009965653110040622,-0.0003290742983424919,0.0003324660164650936,0.0011244487170951592,-0.001021003873051451,0.0026073707237496335,0.001271945247626571,-0.004911966461665053,-0.0003524896989573134,0.0017302088604761118,-0.002906865494213862,0.0014289784092592888,0.0012316559097939707,-0.0014278187183924635,-0.0054440214609440775,0.029099999999999997,-0.001997741351418252,-0.004561850393786066,-0.009254262105156442,0.00023678058617103575,-0.0001154501211488535,0.0006419351407990927,-0.0006419351407990983,0.00027922611602611616,-0.00027962109036252267,-0.0004989211779574633,-0.00039804901274277866,-0.0006615811698810722,-0.00028039813681785377,-0.00011259241396356108,-0.00011109292743367234,-0.0001037366286987461,-9.072197577216436e-05,-8.712372391221193e-05,-5.14819411669447e-05,-6.211855425155771e-05,-5.843637306952663e-05,-0.00036870658933428336,-0.0002087006403165887,-0.0023055960007997457,-0.0011636345902083615,-0.000910953590247818,-0.001071957679691542,-0.0010733931101151216,-0.0005768166319185908,-0.0006347802517512155,-0.0004134383979204771,-0.00023114254160335685,-0.00015941557837830238
KXWTA-26USO-PEG,0.0004672756991815707,-0.0004752301465568726,3.171197175542716e-05,-0.0019722034480120594,0.0010659257909646858,-0.00013253633660072195,0.0021997248440644313,0.0011720303151385785,-0.0022849074856713795,0.0016894488243099051,0.004045443419475896,0.0012581235923230369,-0.0008471378188685317,-0.0005121808527934557,0.0005121808527934542,-0.0019875910154573827,0.00028874764041149256,0.0013649815150502407,0.0005572096581175877,0.001202235151632115,0.000424256527481081,-0.000681660172898992,-0.002000053445260525,0.0024456634183608913,-0.0028577836260261003,-0.001018648868768274,0.0014336041556298296,0.0034074775280031975,0.0007515094656641874,-7.559025755411043e-05,-4.9783237736753936e-05,4.97832377367574e-05,0.00204320699010368,0.00036308787249688296,-0.0022889913010418527,0.0029404550999142663,0.006245519205733883,0.0006707671278447613,-0.0006698033172696971,-0.0003273746720343084,-0.0004369113955263103,0.00031250348407617964,-0.00038512109255677246,0.00038512109255677376,-9.168353449094365e-05,0.0002690468685575963,-0.00012969027208163566,-0.004938237722396814,0.0003089516397769726,0.006092838093332312,-0.005083009647165519,-0.000630357957654828,0.0004297166752700429,0.0004305943381720179,0.0026225282738634053,-0.0012535333081601233,0.001247749432406221,0.0008193839776622627,0.0031256474879217235,0.0012628714810100842,0.003345094506519454,0.0019111653251292857,-0.0037758416143868975,0.0060635331657096355,-0.000551535897715803,-0.001594745456701393,0.001594745456701397,0.0010499522881258394,-0.0026290064495698303,0.0021279474308039995,0.0010798053927024006,0.004490867973399329,0.0018435335515993392,1.0504672815361618e-05,-8.100165894594659e-05,-4.208486532695199e-05,0.00022925504517999135,0.0003559969889186048,0.00030853392761165453,2.4307646601098554e-05,-0.00012789765290117732,-0.00019149967296327016,0.00013519559350271454,3.7808859783327726e-05,-0.00032190548103829854,0.000633749303434807,-0.0026791844336383716,0.0033486131542707987,-0.0014463057929224733,-0.0015337047330535466,0.0006159942548953946,0.00046617155581365306,-0.0023708026821871674,0.000164249232990083,-0.001217921710300395,0.0011993428197480543,9.267594927281952e-05,0.00013277905851476643,4.3985919280228945e-05,1.8862744883576888e-05,-1.7548364862851326e-05,0.00011949910688251829,3.4090419775534327e-06,-0.00016318357968620923,-0.0003143158517955805,-3.930148127832083e-05,-0.00018054175584987687,-0.0003176961096196513,4.2638865138252765e-05,1.3026991903980153e-06,-0.00014291116354325854,-0.0001999272780335087,-0.0013092859653478465,0.0006271617385215738,0.004852888635328364,0.004059829893464379,-0.0013100093323831887,0.002971008832891648,-0.0009015979177803866,-0.00030519497046409386,0.0003083457753372262,0.0010312597984333306,-0.0009344680057531547,0.002399282573010096,0.0011660748754491032,-0.004518272210492179,-0.00031900228629778597,0.0015945079637259677,-0.0026695880400097074,0.001317054749953485,0.0011364420591453814,-0.008122493459030572,-0.023209863418599652,-0.001997741351418252,0.0979,-0.019937188289481184,-0.03734246772041545,-0.0010867187360029619,-0.0028994372781878186,0.0005917811176314488,-0.00059178111763145,0.0002610618619214239,-0.00026143717790699404,-0.0004636563253027923,-0.0003711924674511985,-0.0006158427937887863,-0.00025729532756076757,-0.00010496870442613818,-0.00010350046653001413,-9.610113131335694e-05,-8.330089206989662e-05,-8.439764022792628e-05,-4.213709339599453e-05,-6.0096359421612686e-05,-5.5707375198446246e-05,-0.00034360303467062916,-0.00019753546152811413,-0.0021250267867964617,-0.001072792413199534,-0.0008415596214192922,-0.0009924573515745782,-0.0009912415788844026,-0.0005316164414305184,-0.0005858439976780029,-0.00038241586839434546,-0.00021126965951116084,-0.00014768013317684425
KXWTA-26USO-RYB,-0.0010893209632828794,0.0011104982831989538,-6.899460199520925e-05,0.004630399360363389,-0.002462862272916112,0.00033333916429198886,-0.0051043669884912775,-0.002707276121860369,0.0053809739651148915,-0.003926304878817578,-0.009434454366740884,-0.00291394516616529,0.002005240356998681,0.001195181974748338,-0.0011951819747483131,0.0046385557960364945,-0.0006536993241935948,-0.003155628476490889,-0.0012771414062899185,-0.0027600818133922144,-0.000966164410756085,0.0015923854341117903,0.0046590631585908,-0.0056745213607898096,0.00668226862782037,0.0024004812956497754,-0.003293590047256721,-0.00794077525657634,-0.0017421376619293967,0.00018641325827562373,0.00010821436548824083,-0.00010821436548820644,-0.004445300550712763,-0.0006584521689914698,0.00559193816480359,-0.006529105341772503,-0.014261303190392198,-0.0015648948657833485,0.001562656584638672,0.0007319349920348266,0.0009901553067319085,-0.0007762139532105473,0.0009020515635454747,-0.0009020515635454905,0.00019295740888365507,-0.0006078207223202114,0.00027321265850646794,0.0115266932703913,-0.0007476948802609088,-0.014276140469599402,0.011836696700752943,0.0015094618428074056,-0.0009374257439368995,-0.0009393211147785039,-0.00606026735890367,0.0030051385648089107,-0.002841965727893584,-0.0018425302739498292,-0.007237849582504169,-0.0028852147296316586,-0.00774838005892731,-0.004378628349115494,0.008826434756207324,-0.014189426090084174,0.0013016346583298714,0.0037251109667977723,-0.0037251109667977757,-0.0024550103186405836,0.006164412780004092,-0.004980623048164355,-0.002516623480037977,-0.010523844299448411,-0.004309025727209092,-1.7224537915778926e-05,0.00018086259821031088,9.924410788763252e-05,-0.0005108740013744302,-0.0008110302891223183,-0.0007041035381441433,-4.8790407238416056e-05,0.0002997799822924606,0.00044181667430842587,-0.00028715007568604897,-7.74635469466867e-05,0.0007368269125877365,-0.001475645159691054,0.00632372859205585,-0.007865343030465675,0.003422175234263097,0.003629321582725414,-0.0014535537175973576,-0.0010838673417093605,0.005600697658158717,-0.00037341647030135396,0.0029006743743771983,-0.0028486627505547465,-0.00023193413380644248,-0.0003111356985478722,-0.00010091471360566954,-3.683573620506469e-05,4.607470121975704e-05,-0.0002971224158655685,-3.77774732663339e-05,0.00031512386390899496,0.000668110816627729,4.6778693921159945e-05,0.0003589684549447239,0.000677646234870103,-0.00015341351424387082,-3.331562136295263e-05,0.0002721788020625381,0.0004045783090543018,0.0032167768130512515,-0.001287453388179299,-0.011114320073106886,-0.009253341333012156,0.003251891092224143,-0.00670822922627143,0.0021560349534108336,0.0007066292555607105,-0.0007139118109783111,-0.002427740854089665,0.0021909928291716178,-0.005637527876718002,-0.0027447573932184773,0.010597691761780626,0.000747051565177919,-0.0037466398733796216,0.0062633050391795115,-0.003095663376802089,-0.0026709393646760678,-0.015983509635741945,-0.043582595295850235,-0.004561850393786066,-0.019937188289481184,0.16,-0.06935602259106735,-0.002780600798792209,-0.006311646661967003,-0.001383094468888259,0.0013830944688882603,-0.0006019057118913198,0.0006027633134311065,0.0010657663803111958,0.0008467525913372594,0.0014104828582707095,0.0006093264281638528,0.00023997954913834436,0.00023710475121264572,0.000222729929581032,0.00019602602794262816,0.0001803094538837654,0.00012023379314913804,0.00012939159979127938,0.00012133683096379297,0.000797340355119615,0.00045285354740139014,0.004948261228023271,0.002462620479151402,0.0019633194955243874,0.002306377286673187,0.0023145166294052145,0.0012436826596674442,0.0013533019614428046,0.0008786459812998049,0.0005155740800652294,0.00033448903831910753
KXWTA-26USO-SAB,0.00020360259755058854,-0.00020600596338509367,1.5074095804655426e-05,-0.0008526384054103243,0.00046684710130505034,-5.4051263610777577e-05,0.0009604163628120875,0.0005135714243863609,-0.0009841056588414888,0.0007360962641987982,0.0017577679383373951,0.0005498575287279386,-0.0003636651123269483,-0.00022390340487501558,0.00022390340487499346,-0.0008610052195654212,0.00012768364877828502,0.0005951252678341927,0.00024435723417807424,0.0005265406045055172,0.00018685111427158902,-0.00029498593167234804,-0.0008674037520433741,0.001063742827560287,-0.0012366202825397426,-0.00043857561318813435,0.0006275632651559339,0.0014780934707376257,0.00032724149135356296,-3.139794807302009e-05,-2.4709902793057424e-05,2.4709902793053026e-05,0.0009854610556119102,0.00021827025330890538,-0.0009181401189713903,0.0013777592656878423,0.0028112326114148904,0.0002914658084401656,-0.00029104425106351494,-0.00014192149990957946,-0.00018866610606765839,0.0001302573373270702,-0.0001666404482633905,0.0001666404482633878,-4.4366225033792926e-05,0.00012117213088555512,-6.269423041563554e-05,-0.002143943763624848,0.00012948065588207463,0.002635539956523752,-0.0022120459875097616,-0.00026724529033800645,0.00019402073399204592,0.00019438600332469006,0.0011429313743245492,-0.0005338354499951506,0.0005488179647340902,0.00036366663038944216,0.0013604593002804815,0.0005543768027463085,0.0014556168052655034,0.0008372941225786967,-0.0016357302755301846,0.002624584951293984,-0.0002371616209409659,-0.000692468150351338,0.0006924681503513478,0.00045324842564826344,-0.0011354259983165377,0.0009187013760236786,0.00046651480400859485,0.001939668129639141,0.0007958888604302656,5.320862275378105e-06,-3.5758037094923825e-05,-1.8024892929595836e-05,0.00010137084461358671,0.00015575571054016435,0.0001348996142988871,1.1259018798180994e-05,-5.512150449188211e-05,-8.317851014211128e-05,6.129666878248286e-05,1.7432191447874967e-05,-0.00014071603537791066,0.00027464147957121466,-0.0011441959186372765,0.0014443561326521995,-0.0006145528570122326,-0.0006516284269825854,0.00026432177580325994,0.00020541997777532447,-0.001010843243336579,7.569919005677482e-05,-0.0005107785668726791,0.0005071461132669383,3.4891227444529426e-05,5.247578008575016e-05,1.6624203709536234e-05,5.998100581870892e-06,-1.2640559099318133e-05,4.5732846007489265e-05,-6.166761712333745e-06,-8.655698337217989e-05,-0.00015202387205439467,-2.8034133472541528e-05,-9.325041324781339e-05,-0.00015312599878910984,5.67221635328095e-06,-7.183219509998185e-06,-7.677467042428664e-05,-0.00010157391402201056,-0.0005321161292002567,0.000312728244600968,0.002156838836617509,0.0018144086769432428,-0.0005251903021625168,0.0013421316953721968,-0.0003787781271892642,-0.0001339166560532994,0.00013530252939941673,0.00044297908585901264,-0.0004023351865034433,0.001034210844356119,0.0005008372562678574,-0.0019502019951621668,-0.00013662027547061274,0.0006878747966135438,-0.0011509470263410407,0.0005680633933528034,0.0004904969560724161,-0.03020433074132299,-0.08010431441464004,-0.009254262105156442,-0.03734246772041545,-0.06935602259106735,0.23039999999999997,-0.005895670804256004,-0.012589272927178857,0.0002564495861911849,-0.00025644958619118377,0.00011560754756670456,-0.00011577659664332987,-0.00020500866735836265,-0.00016554330883555564,-0.0002734197263158316,-0.00010989966851666599,-4.6709958853356025e-05,-4.595618447256742e-05,-4.210298617698324e-05,-3.581908488180499e-05,-4.043546946916526e-05,-1.333249791163021e-05,-2.8599673136306144e-05,-2.610580710710405e-05,-0.00015085564926337064,-8.841064539658636e-05,-0.0009243654356208453,-0.0004727611834983358,-0.00036592235978582426,-0.00043358658308891875,-0.0004305710175443862,-0.00023024988098183034,-0.00025681877724630374,-0.000168615560603788,-8.753535947197022e-05,-6.597859857873698e-05
KXWTA-26USO-SWI,0.00040663432361115264,-0.0004166063964915195,2.5594576598308812e-05,-0.0017166915954319,0.0009412948166987525,-0.00010705268705225425,0.0019329175952237025,0.0010342027337694423,-0.001992661572350418,0.0014871328451346803,0.0035489515866316515,0.0011094490196776855,-0.0007326681375130057,-0.0004426720080924814,0.00044267200809247923,-0.0017503996234081568,0.0002595756260341494,0.001210045417832195,0.0004968851417762427,0.0010712725995211405,0.0003799848260162726,-0.0006003113649893166,-0.0017640539408203377,0.002162306605002857,-0.0025120331137311954,-0.0008897311285451491,0.0012768595928505594,0.0030016132914703775,0.0006641041737756901,-6.416456096302346e-05,-3.7535917415300085e-05,3.753591741531044e-05,0.0015840783194345756,0.0001808301593151159,-0.0021630242068816034,0.002365724813868951,0.005251002731541254,0.0005862469808209415,-0.0005854098014639935,-0.0002986392317241176,-0.000396414057756115,0.0002761900795182903,-0.0003371634798790467,0.0003371634798790447,-7.531438663459319e-05,0.00023094538896621094,-0.00010664293088200909,-0.004326378399032635,0.00026864752553699175,0.005334717520912725,-0.004452981020732856,-0.0005528981949563282,0.00039334371289745894,0.0003943350578272874,0.0023242068784975027,-0.0010827994274970666,0.0011150776025255944,0.000735422342849976,0.002766310391156104,0.0011267384367483883,0.002960384003407897,0.0017034135891226395,-0.0033131842243398343,0.005317417721797559,-0.00048132408857562555,-0.0013926449303468692,0.0013926449303468702,0.0009276969759299773,-0.002306595485058492,0.001875667693934624,0.0009588613678833655,0.003944487058595361,0.0016298219179062168,1.1928719305557486e-05,-7.522242246087399e-05,-3.712902678210715e-05,0.00021300915869191535,0.00032329078868795533,0.0002795783525481232,2.4818569661428118e-05,-0.00011282903191944961,-0.00017196627332617616,0.00013068417818027205,3.7635920759608886e-05,-0.00029001352523301213,0.0005607391342579257,-0.0023803204067405484,0.002934943112543713,-0.0012937120403478427,-0.0013718596529717327,0.0005404350921419858,0.0003956709332733713,-0.002110547474953427,0.0001295286842475532,-0.0011075027083874795,0.001075036510052352,9.03363765353629e-05,0.0001280419299498454,4.4657901789143566e-05,2.3493651718929454e-05,-1.8588488238426407e-06,0.00011489544364030504,1.750363706156558e-05,-0.00011946379027053458,-0.00025274063864762046,-1.6620524233178586e-05,-0.00013623452325900562,-0.00025608787187857715,5.6429503182867915e-05,1.577192211800095e-05,-0.00010279593710836634,-0.000153408727768184,-0.0011886000483046283,0.0005002626364420885,0.0041853340067541794,0.0034902761568250664,-0.0011956431418672282,0.002537885648031335,-0.0008102954507829794,-0.0002652657731198518,0.0002679980775302405,0.0009095771331125011,-0.0008268870774132887,0.0021058553216388954,0.001029096369107856,-0.003968387402253389,-0.00028704981016965017,0.001396391326517066,-0.0023502357552233084,0.0011531883487055587,0.0009934188091342115,-0.0007129395935005302,-0.0033655792257607014,0.00023678058617103575,-0.0010867187360029619,-0.002780600798792209,-0.005895670804256004,0.019600000000000003,0.00012877662701761276,0.0005181184678004248,-0.0005181184678004206,0.00022449436433687533,-0.0002248098721274444,-0.0004022055608755051,-0.000320683901082552,-0.0005331663577749131,-0.0002264971193109713,-9.06709760308048e-05,-8.94668975309425e-05,-8.365319730894927e-05,-7.33476717132093e-05,-6.935758667653788e-05,-4.2902504849266196e-05,-4.942545340786047e-05,-4.6824426229624956e-05,-0.0002964499484830596,-0.00016682167102947276,-0.0018626758081389245,-0.0009417296401175261,-0.0007349615571718922,-0.000864385949949325,-0.0008660768162961298,-0.00046571734912465474,-0.0005129317938307827,-0.00033386668948387683,-0.00018650267124090608,-0.00012885183074143748
KXWTA-26USO-ZHE,-5.148948644759998e-05,5.346608661787602e-05,-1.8830218200362123e-06,0.00022642280804966114,-0.00011306078809014936,2.031078694761687e-05,-0.00023815856638153128,-0.00012401124891012942,0.00026732480931217743,-0.00018489622742058208,-0.00045030641508708366,-0.00013518718511073871,0.00010117806759155537,5.640311211486316e-05,-5.640311211485991e-05,0.00022293559994256872,-2.744135653121169e-05,-0.00014578122906513727,-5.680612551084893e-05,-0.00012371895274231024,-4.172324153972989e-05,7.688753487316057e-05,0.00022228174035531504,-0.00026618641918308464,0.0003235415862430448,0.00011979197338714653,-0.00014810463861889033,-0.0003791194361000425,-8.132717909078792e-05,1.0957560342103955e-05,2.6238506213490575e-06,-2.6238506213460857e-06,-0.00011348835375488886,2.851544975587891e-05,0.00034391835998892254,-0.00021028078951968365,-0.0005831713134450218,-7.455021951734955e-05,7.444658097428993e-05,2.895828807664639e-05,4.212005559473786e-05,-4.8283265580930476e-05,4.386231343955272e-05,-4.3862313439543195e-05,3.793854987797006e-06,-2.3880593138877784e-05,5.453612944960006e-06,0.0005517420745363527,-4.1619349312842035e-05,-0.0006954132662889633,0.000560159232504408,8.108735746461775e-05,-3.183714109394645e-05,-3.191974861506921e-05,-0.0002792355538340669,0.00016015862330730763,-0.00012248426137595516,-7.421824735588171e-05,-0.0003364973622096421,-0.00012618915776956176,-0.0003607636584657284,-0.00019417186508641026,0.0004260868086566688,-0.0006880880003526088,6.534099415499577e-05,0.00017837112587642363,-0.00017837112587641994,-0.00011942760142442631,0.0003018497911206116,-0.00024289608926681935,-0.00012113025539423754,-0.0005144263547820025,-0.00020938002553641264,5.169837589601782e-07,7.291606413259079e-06,5.0132890212804355e-06,-2.037015809736958e-05,-3.563537296775467e-05,-3.1143771447730915e-05,-9.408889519204376e-07,1.4728702088750863e-05,2.0469683552710626e-05,-8.715028306334375e-06,-1.7821480619382194e-06,3.289767894501197e-05,-7.046550145675756e-05,0.0003227811794231361,-0.0003878796096875413,0.00017765087434917133,0.0001884785900726181,-7.326763706520681e-05,-4.9347686401361775e-05,0.0002874849473400491,-1.3833797503223297e-05,0.00015703839616865552,-0.00015058799215089756,-1.581918372742137e-05,-1.6617263095475402e-05,-5.183358915849562e-06,-9.70799974297842e-07,1.710768786886402e-06,-1.966324506745179e-05,-1.043239651344181e-05,-2.8828485514787657e-06,1.4171537237822587e-05,-1.0258064793739255e-05,1.7127286113396557e-07,1.5052358187106637e-05,-2.2040840283399406e-05,-1.0336982024545026e-05,-3.8018807183738373e-06,2.4606857873597444e-06,0.00019588888158122216,-1.5159043862531725e-05,-0.0004750291560541002,-0.0003836644431000832,0.00020601265242025822,-0.0002611980542595604,0.00011752507930786889,3.2247466497392254e-05,-3.257611963610165e-05,-0.0001216767215169489,0.00010811304090790701,-0.00027884181389307907,-0.00013755834868613726,0.0005202236889621561,3.724001998647516e-05,-0.0001849519507304891,0.0003085272395938767,-0.00015300861219037033,-0.00013177100307179676,-0.00212722120570031,-0.007496700036949209,-0.0001154501211488535,-0.0028994372781878186,-0.006311646661967003,-0.012589272927178857,0.00012877662701761276,0.0384,-6.65645561422173e-05,6.656455614221016e-05,-2.6588944491854363e-05,2.6624148278065744e-05,4.674658821066045e-05,3.547022804304894e-05,6.054823988502866e-05,3.1304080497275956e-05,1.0174388913083315e-05,1.0173404180576177e-05,1.0231211256055622e-05,9.792087422804056e-06,4.242956141959659e-06,1.150478172373889e-05,3.302872118879058e-06,3.572557418846587e-06,3.653380959885898e-05,1.9031778054116626e-05,0.00023423180415001378,0.0001085941647187353,9.345654816611716e-05,0.00010743792775570594,0.00011067987423035938,6.0166579093714394e-05,6.148756324792237e-05,3.870552860513046e-05,2.999791071022242e-05,1.3600052296652125e-05
SENATEMI-26-D,-0.002867128768377686,0.002916822031951644,-0.00018928770422633144,-0.0008908836454293337,0.00048731635066531347,-5.663005231941076e-05,0.001002506059252844,0.0005359555362902411,-0.0010301164768196345,0.0007691391819821954,0.0018368455009822866,0.0005741726524251551,-0.0003802881440582073,0.019040754606258946,-0.01904075460625903,0.000639473187573403,-8.877442574325723e-05,-0.00043293289594264545,-0.00017444032344615516,-0.0003768465602330804,-0.00013150760181083982,0.00021921986234518537,0.0006413180323311218,-0.0007802434005887791,0.0009232294142895209,0.00033349663297695055,-0.0004498100576914283,-0.0010958383840922602,-0.00024002586007687853,2.6120525245279766e-05,0.011327243580918626,-0.011327243580918626,-0.0009221750533575373,-0.00016185834217743463,0.0010441718831123994,-0.001329453330032021,-0.0028313388603145246,0.0305952719237359,-0.030551398226858914,0.01857075882304677,0.025206276686627865,-0.02010414732958431,-0.020826768816153626,0.020826768816153623,0.0010645697601006305,-0.003253264593905357,0.0015065991288647409,-0.0017685337032116253,0.00011619609925242947,0.002193314950391635,-0.0018149701116012742,-0.00029953770127419415,0.00017831628871392373,0.00017863215331213552,0.0011867301901797517,-0.0005997088098458974,0.0005526129657054579,0.0003563628086022891,0.0014188396405884363,0.0005618432603429603,0.0015190486579252697,0.0008536376989124207,0.002059376308817651,-0.003311150382826902,0.0003040380774408337,-0.02263148524980991,0.022631485249809895,-0.0008688028830719328,0.0021959428381980815,-0.0017665518535238608,-0.0008865477811468823,-0.0037452090110934103,-0.0015241384007198765,3.157875516546948e-05,-0.00031658733208127167,-0.00017254844727267367,0.0008945803740610654,0.001416434405813126,0.001229454532107161,8.659878716223482e-05,-0.0005217639922020589,-0.0007703851851710333,0.0005060103777312552,0.00013716015571178374,-0.00031621210394350714,0.0006391280530298957,-0.00022676168602805125,0.00028467951782788076,-0.00012214453092644547,-0.0001295893191441729,5.324748360739404e-05,4.026438953070211e-05,-0.00020066719817443945,1.4672067817407317e-05,-0.00010244738307724015,0.00010233578493217182,-0.006839715772194896,-0.00909511581086977,-0.002795655693879738,-0.0007174794117787275,0.0022627080588206103,-0.00882562369263722,7.807296580463845e-05,-0.001118519571107134,-0.002271116337866315,-0.00021573420530473462,-0.0012568733997771293,-0.0023003638249346823,0.0004294529622943345,6.29438460628741e-05,-0.000972906183930411,-0.0014054112216667024,-0.0005066074380688925,0.00021757483866040471,0.0017976103847432833,0.001499191615033696,-0.0005108083351951827,0.0010906484477100663,-0.00034170220263895964,0.0018805120446514357,-0.0018999129859725075,-8.780810733443936e-05,7.951377392581335e-05,-0.0002013191175318044,-9.937397619827856e-05,0.00037737281912674447,2.8044456760059952e-05,-0.0001330928566901319,0.0002246275919232747,-0.00010999763212654449,-9.451289275205875e-05,6.785562982673923e-05,-0.0006348025965436971,0.0006419351407990927,0.0005917811176314488,-0.001383094468888259,0.0002564495861911849,0.0005181184678004248,-6.65645561422173e-05,0.23309999999999997,-0.23309999999999997,-0.023601056181233124,0.023634950992274938,-0.00011903150419858035,-9.479637782009996e-05,-0.00015774404642000586,-6.790583235070024e-05,5.568540900700737e-05,5.489866375392552e-05,5.105516531821911e-05,4.4369227537487687e-05,4.423661198879074e-05,2.3304591081261416e-05,3.1576083108416535e-05,2.931497597576041e-05,-0.002762873944873292,-0.0015840434520923083,0.0015736609519199313,0.0007871271623926692,-0.0060582583889971404,-0.007128856125299717,-0.007139476000844327,0.0018154912960403069,0.001981587173709006,0.0012889940314573817,0.0007441719529182463,0.000492461828634665
SENATEMI-26-R,0.002867128768377694,-0.0029168220319516396,0.00018928770422631383,0.0008908836454293281,-0.0004873163506652707,5.6630052319426506e-05,-0.0010025060592528173,-0.0005359555362902545,0.0010301164768196274,-0.0007691391819822026,-0.001836845500982304,-0.0005741726524251518,0.00038028814405820195,-0.019040754606258967,0.019040754606259015,-0.0006394731875734001,8.877442574326932e-05,0.0004329328959426504,0.00017444032344617733,0.0003768465602330944,0.00013150760181082763,-0.00021921986234520248,-0.0006413180323311343,0.0007802434005888001,-0.0009232294142895219,-0.0003334966329769539,0.00044981005769141765,0.0010958383840922645,0.00024002586007687012,-2.612052524528175e-05,-0.011327243580918616,0.011327243580918618,0.000922175053357521,0.00016185834217743715,-0.0010441718831123944,0.0013294533300320247,0.0028313388603145306,-0.030595271923735876,0.030551398226858876,-0.018570758823046762,-0.025206276686627872,0.020104147329584314,0.020826768816153664,-0.020826768816153668,-0.0010645697601006305,0.003253264593905356,-0.0015065991288647318,0.0017685337032116305,-0.00011619609925242489,-0.002193314950391651,0.0018149701116012685,0.00029953770127419963,-0.00017831628871392907,-0.00017863215331213693,-0.0011867301901797526,0.0005997088098458965,-0.000552612965705441,-0.0003563628086022905,-0.0014188396405884372,-0.0005618432603429612,-0.0015190486579252746,-0.0008536376989124151,-0.002059376308817646,0.0033111503828268983,-0.00030403807744083127,0.022631485249809923,-0.022631485249809923,0.0008688028830719388,-0.002195942838198081,0.0017665518535238546,0.0008865477811468768,0.003745209011093412,0.001524138400719873,-3.157875516546897e-05,0.00031658733208126164,0.00017254844727267754,-0.0008945803740610554,-0.0014164344058131264,-0.0012294545321071596,-8.659878716223195e-05,0.0005217639922020644,0.0007703851851710298,-0.0005060103777312599,-0.00013716015571178225,0.0003162121039435005,-0.0006391280530298965,0.00022676168602804602,-0.00028467951782787523,0.00012214453092644493,0.00012958931914417213,-5.324748360739566e-05,-4.026438953070279e-05,0.00020066719817444405,-1.4672067817408893e-05,0.00010244738307724959,-0.00010233578493217251,0.006839715772194896,0.009095115810869766,0.0027956556938797394,0.0007174794117787312,-0.0022627080588206094,0.008825623692637218,-7.807296580463532e-05,0.001118519571107133,0.00227111633786632,0.00021573420530473936,0.0012568733997771141,0.002300363824934685,-0.0004294529622943438,-6.294384606287388e-05,0.0009729061839304009,0.0014054112216666964,0.0005066074380688931,-0.00021757483866040322,-0.0017976103847432761,-0.0014991916150336917,0.000510808335195186,-0.0010906484477100646,0.000341702202638956,-0.0018805120446514431,0.001899912985972514,8.780810733444192e-05,-7.951377392581374e-05,0.00020131911753179055,9.937397619827158e-05,-0.00037737281912674186,-2.804445676006009e-05,0.00013309285669013004,-0.00022462759192326946,0.00010999763212655173,9.451289275206018e-05,-6.785562982673899e-05,0.0006348025965437018,-0.0006419351407990983,-0.00059178111763145,0.0013830944688882603,-0.00025644958619118377,-0.0005181184678004206,6.656455614221016e-05,-0.23309999999999997,0.23309999999999997,0.02360105618123314,-0.02363495099227494,0.00011903150419857717,9.4796377820103e-05,0.00015774404642000318,6.790583235069895e-05,-5.568540900700018e-05,-5.489866375393307e-05,-5.105516531823964e-05,-4.4369227537493846e-05,-4.423661198878596e-05,-2.3304591081261775e-05,-3.157608310841597e-05,-2.9314975975758955e-05,0.0027628739448732863,0.0015840434520923122,-0.0015736609519199276,-0.0007871271623926636,0.006058258388997146,0.0071288561252997144,0.00713947600084432,-0.0018154912960403006,-0.0019815871737090002,-0.0012889940314573846,-0.0007441719529182436,-0.0004924618286346622
SENATEOHS-26-D,0.0007720514105488707,-0.0007842308858343625,5.2432978577398905e-05,-8.627047824337985e-05,3.635182497113056e-05,-1.1642246258491797e-05,8.095460231436524e-05,3.9913377458048753e-05,-0.00010246426537786221,6.298294052699643e-05,0.00015950766538124495,4.458686378264175e-05,-4.114793980935584e-05,-0.02467431203739958,0.024674312037399632,-0.0009003517801506763,0.00012444374543941784,0.0006087904669555103,0.00024501095400625647,0.0005296682978289261,0.0001845555139453733,-0.00030889264903214206,-0.000902905290969846,0.001097583748566102,-0.0012997308236751895,-0.00046977041405943805,0.0006323044568448146,0.001541799055519137,0.000337374888369551,-3.7176279573117875e-05,-0.009967237920230854,0.009967237920230857,-0.0012655844715683607,-0.00019286211316272393,0.001569456251074693,-0.0018539380224036552,-0.00403609543700124,-0.02452830528557171,0.02449313002020151,-0.017195949928263884,-0.02333513635081645,0.018587430830646123,0.0329817167387442,-0.032981716738744185,-0.0009411559986978575,0.0028751324998022056,-0.0013319269279587506,-0.0004632118405178278,2.810122459078664e-05,0.0005695921139192714,-0.00047781065555386635,0.00040369677160028116,-0.0002484150611283087,-0.0002488985088568823,-0.0016155899367801567,0.0008045577517245353,-0.0007565206559612479,-0.0004898676621326249,-0.0019299648476490529,-0.0007682669283927849,-0.0020661179429252744,-0.0011662169668421852,-0.0005732183362946895,0.0009229336720953028,-8.563408083991938e-05,0.033935252116184894,-0.03393525211618488,-0.00029851321037709506,0.0007355950861233122,-0.0006017390188047335,-0.000310417807546291,-0.001259605796724219,-0.0005247836838593728,-3.9080407194297146e-05,0.0003900621346476598,0.00021244504261127602,-0.0011022161629561757,-0.0017446959482402178,-0.0015143514256483216,-0.00010684740236142548,0.0006424522746832132,0.0009487696998252513,-0.0006238552463999496,-0.00016918698067728037,-0.0014982964930393876,0.0029963858169846183,0.0007722506385019914,-0.0009592217394282931,0.0004181980212129223,0.00044355283349327846,-0.0001778429423350462,-0.00013192484877210501,0.000684183302507667,-4.525066735975994e-05,0.00035512366743393467,-0.00034883475636970213,0.007609722117519833,0.01012299047200596,0.003111238215253524,0.0007982014707159897,-0.0025224171938534492,0.009820020008086414,-9.284027832146555e-05,0.0013209345920880329,0.0026822457571139035,0.00025448610992093125,0.0014843865855358896,0.0027167535202535114,-0.0005071495434347844,-7.49652156793018e-05,0.001148892259575533,0.0016598152267058145,-0.0002910318654637804,0.00012969272239955764,0.001047764350274229,0.0008750548236468976,-0.0002918559385025304,0.0006381294366705876,-0.00019949565858601672,0.0010659983212412847,-0.001076991019797166,-5.573845901529141e-05,5.0378542174978386e-05,-0.00013037812283682898,-6.301423404919752e-05,0.00024678425110117447,1.696840731704369e-05,-8.689945845940752e-05,0.00014498606178400358,-7.17281095326348e-05,-6.20491862416017e-05,3.234541150751604e-05,-0.00027466441880365217,0.00027922611602611616,0.0002610618619214239,-0.0006019057118913198,0.00011560754756670456,0.00022449436433687533,-2.6588944491854363e-05,-0.023601056181233124,0.02360105618123314,0.24839999999999998,-0.24874975376124447,0.0007167865406476774,0.0005708806572873144,0.000949748964096107,0.0004062307002519705,-0.0011832027228731905,-0.0011680539046133986,-0.0010916845811893088,-0.0009541421752786703,-0.000917642872926545,-0.0005390014550659078,-0.0006566759726569229,-0.000611031904414708,0.0016057119093495329,0.0009207951585188993,0.0057503888488629005,0.0028720450899450906,0.002256004512169522,0.0026544952235910218,0.0026586524555063554,0.00033638883943273563,0.00036842540916392743,0.00023989786784985072,0.00013650030653878563,9.198312664719714e-05
SENATEOHS-26-R,-0.0007731614245222066,0.0007853604056251413,-5.250942779892232e-05,8.639117631506585e-05,-3.639813892582313e-05,1.1660717217927403e-05,-8.10599980820462e-05,-3.9963673625843416e-05,0.0001026133889333718,-6.306769260655323e-05,-0.0001597261501997332,-4.464502341989144e-05,4.1207721456512635e-05,0.024709746771629782,-0.02470974677162982,0.0009016344201658608,-0.0001246162680997647,-0.0006096504844306784,-0.0002453543640607069,-0.000530410914581137,-0.00018481260529360383,0.00030933229325407207,0.0009041887776658955,-0.0010991398490402975,0.0013015876072859614,0.0004704470451739012,-0.000633191468616506,-0.0015439963140330836,-0.00033785394114735736,3.72311330091723e-05,0.00998155473485764,-0.009981554734857644,0.0012673485916405442,0.00019310938962122112,-0.0015717445390620757,0.0018565438964364743,0.004041832087742368,0.024563531056435252,-0.024528305283710892,0.01722050968911191,0.02336850932501549,-0.018614227369443556,-0.03302907357115584,0.03302907357115584,0.000942510777061978,-0.002879264708312795,0.0013338441806842536,0.00046387636431995994,-2.8142969969314804e-05,-0.0005704115690805757,0.0004784962501901897,-0.0004042842338358009,0.0002487524504671448,0.0002492365308837645,0.0016178846381881833,-0.0008057310173704652,0.000757583674837247,0.0004905494943165077,0.001932710266753652,0.0007693489338610947,0.00206905766216961,0.0011678627836018713,0.0005740372200335282,-0.0009242543111324801,8.575809261147986e-05,-0.03398398023114749,0.03398398023114748,0.0002989476494928711,-0.000736654682131763,0.000602611787902271,0.0003108720338352443,0.0012614228335158435,0.0005255479448130606,3.913566207262784e-05,-0.0003906223597201303,-0.00021275073618118767,0.001103798666241549,0.0017472017381146227,0.0015165263281053647,0.00010700049136956113,-0.0006433756626745531,-0.0009501330967179966,0.0006247491907777114,0.00016942913083554234,0.00150044932821023,-0.0030006899433499866,-0.000773361006177548,0.0009606008062048399,-0.0004187993551319983,-0.0004441906749921426,0.00017809937400062832,0.00013211464866296952,-0.0006851671667329312,4.531587345519371e-05,-0.00035563451826275223,0.00034933733187861673,-0.007620611884851887,-0.010137455136116203,-0.003115665551759403,-0.0007992975482628011,0.0025261254444371127,-0.009834078641014005,9.2991216674938e-05,-0.0013227968303876408,-0.0026860631641443602,-0.00025482703586797255,-0.0014864855195366954,-0.002720621195578043,0.0005079054848766512,7.509070050572969e-05,-0.001150509513693479,-0.0016621662718653606,0.0002914595629572484,-0.0001298686101010599,-0.0010492573333424223,-0.0008762996193521683,0.0002922852508144024,-0.0006390338771787351,0.00019978851591462266,-0.0010675253942286677,0.001078533834972207,5.581990169505076e-05,-5.045135023436578e-05,0.00013056637672048498,6.310633532138443e-05,-0.00024713928015545353,-1.699329422936229e-05,8.702468550844296e-05,-0.00014519512739251058,7.183153587789597e-05,6.213851075060131e-05,-3.239440480194935e-05,0.00027505413880264657,-0.00027962109036252267,-0.00026143717790699404,0.0006027633134311065,-0.00011577659664332987,-0.0002248098721274444,2.6624148278065744e-05,0.023634950992274938,-0.02363495099227494,-0.24874975376124447,0.24910000000000002,-0.0007178138326444272,-0.0005716982030740354,-0.0009511096295534032,-0.0004068145986582865,0.0011849027050347934,0.0011697320392579742,0.0010932526648122132,0.0009555123749762646,0.0009189626812708526,0.0005397732004662878,0.0006576202482011635,0.0006119106084376132,-0.00160801956257501,-0.0009221196089084849,-0.005758643156545466,-0.0028761637900648947,-0.002259243736588371,-0.0026583061140975214,-0.0026624698925927634,-0.0003368721306186702,-0.0003689553471371243,-0.00024024247667909747,-0.00013669643876039684,-9.211541406768095e-05
KXALIENS-26DEC,0.0009575200714032204,-0.0009746567919242931,6.234167667965439e-05,-0.0006706313980274897,0.0003562240969654314,-4.8598448542652996e-05,0.0007387016957853412,0.00039163620771810563,-0.0007789308582251363,0.0005679804725936216,0.0013652486399778868,0.0004215005789358266,-0.0002905658684594967,0.0009805981361133771,-0.0009805981361133722,0.0001570144004983944,-2.0978607241772865e-05,-0.0001050955079464736,-4.189484594272101e-05,-9.075257132616266e-05,-3.132898362613949e-05,5.3929139164267246e-05,0.00015715227356051075,-0.00019022493956696293,0.00022714608371387428,8.27880193205165e-05,-0.00010842513366898906,-0.0002685080106667333,-5.84353114219429e-05,6.849980028930574e-06,-0.000151922339870208,0.00015192233987019988,0.0002905804249674288,3.392718383046971e-05,-0.00039837737139749105,0.00043415890450990385,0.0009661968116003393,9.923925933223021e-05,-9.909840401553193e-05,2.6827910335396792e-05,3.848511143844022e-05,-4.090706051771358e-05,0.002870264689642075,-0.0028702646896420847,-0.0020296900076289892,0.006210234766891447,-0.0028725216895493667,0.0025571405288503804,-0.00016431926218096835,-0.0031637497528725013,0.0026279172635931794,-5.290016065057604e-05,3.7041265998734324e-05,3.7135475762179655e-05,0.00022076972929520948,-0.00010348364265267372,0.00010567708667422788,6.95315239777627e-05,0.0002628491619178293,0.00010683493248585513,0.00028130429669472783,0.0001615939242493779,-6.364812031458384e-05,0.00010180447927054417,-8.980968877802686e-06,0.0035783385986892955,-0.0035783385986892973,-0.00028336094973017414,0.0007167096592495426,-0.0005763104837431677,-0.0002888859404760502,-0.0012221682638734357,-0.0004970515228047416,3.994923554887116e-06,-3.675185516904329e-05,-1.9726195278003932e-05,0.00010384504984238847,0.00016320701370216154,0.00014155952492048515,1.0414219650564846e-05,-5.960289925630317e-05,-8.847894828926458e-05,5.951874941205076e-05,1.6311366857915635e-05,0.0004823598644601407,-0.0009671246967546656,-0.0007819345787746521,0.0009719121091134299,-0.00042329488380752104,-0.00044891565561376703,0.00017959580020962296,0.00013372202119466312,-0.0006925967662340183,4.590718183386346e-05,-0.0003590701786129457,0.000352353275736152,-9.15753890853517e-05,-0.0001070230580656398,-2.3027772085981237e-05,1.532514119799126e-05,8.031183921090889e-05,-0.00012038846835547181,-1.3683231765977152e-05,0.00024006559087793474,0.0004820073233572379,4.900410575474623e-05,0.0002688264005884594,0.0004880325050359692,-8.58921119624521e-05,-1.0474947052001943e-05,0.00020918698251146296,0.00029998427311477097,3.0028501580900838e-05,-1.4090460180540584e-05,-0.00011040128302023148,-9.246952784758183e-05,2.9679958823286892e-05,-6.774016587704041e-05,2.1781203378249334e-05,-0.00018778713681550567,0.00018972367830285636,3.394341104282307e-05,-3.255425934085768e-05,7.867183552466808e-05,3.853829327999949e-05,-0.0001511381797092603,-1.212768322587489e-05,5.167917434903916e-05,-9.014099381858102e-05,4.251932872423306e-05,3.6402146385668894e-05,-5.795653014589624e-05,0.00048597338874207337,-0.0004989211779574633,-0.0004636563253027923,0.0010657663803111958,-0.00020500866735836265,-0.0004022055608755051,4.674658821066045e-05,-0.00011903150419858035,0.00011903150419857717,0.0007167865406476774,-0.0007178138326444272,0.029099999999999994,0.019400059566964115,0.02847020749187725,0.023999563410973333,0.0004836852969617888,0.00047751035174537176,0.00044634610808205017,0.0003901637505828422,0.0003749078463708887,0.00022077527960808683,0.0002683063465867187,0.0002496636407069403,0.0009949459634502158,0.0005699781956679548,0.0013721161922702052,0.0006848905140180707,-5.795837298658778e-05,-6.803058373283874e-05,-6.833375881596805e-05,8.986200352368521e-05,9.77255797232798e-05,6.339590693236422e-05,3.735830197011234e-05,2.4124544546032504e-05
KXALIENS-26NOV,0.0007628587828357594,-0.0007765933344331967,4.9431217202178276e-05,-0.0005348087190033405,0.0002831097895643523,-3.931423126196584e-05,0.0005876764165523715,0.000311259091308497,-0.000621357062185669,0.00045189950018846955,0.0010870562336792872,0.0003351433718516837,-0.00023209634607551899,0.0007819516020088244,-0.0007819516020088265,0.00012449900370551265,-1.5949211976256805e-05,-8.232642932062793e-05,-3.243787192832209e-05,-7.049596680821341e-05,-2.404073673170988e-05,4.2860331335843344e-05,0.0001243568021336301,-0.00014969532928363886,0.0001804626362801419,6.637532107145066e-05,-8.431179591181489e-05,-0.000212389062155394,-4.5901657782204444e-05,5.806061727782127e-06,-0.00012091320944738112,0.00012091320944737703,0.00021922235872925925,1.8237818747364484e-05,-0.0003275282879128538,0.00033358105930082337,0.0007570130425930269,7.910256903815403e-05,-7.89913196100238e-05,2.0891014557335965e-05,3.0112616292976466e-05,-3.254103635179569e-05,0.002287381913208841,-0.0022873819132088495,-0.0016172692282893247,0.0049490342879209455,-0.002288850610204732,0.0020377764823862063,-0.00013109493485381524,-0.0025214489417085275,0.002094119267797033,-4.3001788073432484e-05,2.920892354591205e-05,2.9297344076511505e-05,0.00017593395337295366,-8.279554426998356e-05,8.398124388695892e-05,5.492902863650268e-05,0.0002095185876664606,8.495917740332121e-05,0.00022427236205191435,0.00012866501223160083,-5.101930912448356e-05,8.145613282357838e-05,-7.082664134701789e-06,0.0028519881022207967,-0.0028519881022207876,-0.00022500552434794762,0.0005708838820505492,-0.0004581245843753748,-0.0002287381699304078,-0.0009729733270743864,-0.00039456762143576224,3.2774682258556106e-06,-2.9494764365869887e-05,-1.5757092178032505e-05,8.331843397874964e-05,0.00013061588071752917,0.00011326019076512105,8.451298407523364e-06,-4.756756454361372e-05,-7.07454156346873e-05,4.793470506322469e-05,1.318049649406322e-05,0.0003841430894550305,-0.0007705626752618799,-0.000624538236497827,0.0007747516513681896,-0.00033842202673282294,-0.00035890834260197426,0.00014325285519082285,0.00010611526719111468,-0.0005533512901992683,3.605813509196612e-05,-0.00028778091423364936,0.00028189619265392473,-7.091733953084414e-05,-8.134144820301243e-05,-1.6130333620089213e-05,1.494357516650412e-05,6.86841256490199e-05,-9.35770267595277e-05,-9.605055099306023e-06,0.00019327136892272382,0.00038597970906547284,4.0580060964407535e-05,0.0002160501896475413,0.00039075362995150836,-6.685773641403744e-05,-7.039972723099369e-06,0.00016858344950258425,0.00024086194604498786,2.680406557279199e-05,-8.34479801115387e-06,-8.509118922628605e-05,-7.0764884584065e-05,2.64889383931705e-05,-5.099332866619171e-05,2.013218248544085e-05,-0.00014951956743938132,0.00015106147764185396,2.731261343039391e-05,-2.6875706597726256e-05,6.270706680010701e-05,3.108849678836581e-05,-0.0001215476370594459,-1.0531189601113296e-05,4.08533457428397e-05,-7.301845043477674e-05,3.3546884357527984e-05,2.8550698166699972e-05,-4.812132867146694e-05,0.00038494687351166117,-0.00039804901274277866,-0.0003711924674511985,0.0008467525913372594,-0.00016554330883555564,-0.000320683901082552,3.547022804304894e-05,-9.479637782009996e-05,9.4796377820103e-05,0.0005708806572873144,-0.0005716982030740354,0.019400059566964115,0.019599999999999996,0.018980493698848706,0.01599936568178602,0.0003855508717192643,0.0003806255986862596,0.0003557512858163318,0.0003109225909702537,0.0002990540532870463,0.0001755975470480646,0.00021401982515064857,0.0001990830759524532,0.0007930199219389966,0.0004543570729037648,0.0010933140291112895,0.0005454931646822528,-4.614031809571694e-05,-5.413665574497706e-05,-5.4412969929125616e-05,7.158642884905264e-05,7.763058678141446e-05,5.0165234862214615e-05,3.0189857531108922e-05,1.903006348443294e-05
KXALIENS-27,0.001268892639520265,-0.0012916472176775994,8.241684996994033e-05,-0.0008891555628740698,0.00047146841926730204,-6.491417023118586e-05,0.000978194138306199,0.0005183428774054532,-0.0010328887537166538,0.000752153094509996,0.0018086559747106414,0.0005579948497868759,-0.00038557012703305233,0.0012999852575670862,-0.0012999852575670873,0.00020759497323056893,-2.715327033163344e-05,-0.00013809627605189314,-5.472667991507886e-05,-0.00011875106327471204,-4.0741006093495766e-05,7.139210622057798e-05,0.00020756863099313566,-0.000250533778247134,0.0003006068660944069,0.00011006808203309912,-0.00014195128363722885,-0.000354543299322072,-7.688369556409515e-05,9.379422405427794e-06,-0.00020130091440215983,0.00020130091440214755,0.00037496987560712625,3.767753325188613e-05,-0.0005363112953486455,0.0005652298059232,0.001269911307767869,0.00013150979302724023,-0.00013132403231126523,3.536290396965593e-05,5.074245962940605e-05,-5.387033916414736e-05,0.003804152031391271,-0.003804152031391282,-0.002689857441798667,0.00823075144715282,-0.0038068316957422747,0.003389053222115769,-0.00021791773174690751,-0.0041932647099174325,0.0034827945726204445,-7.091962005097724e-05,4.865733295948494e-05,4.8793338931921515e-05,0.0002923838329890623,-0.00013759234110936416,0.00013965662527477563,9.154825629133318e-05,0.000348192653160585,0.00014125737568247248,0.00037268285121832716,0.00021382742198739366,-8.45896079020642e-05,0.0001351827451238962,-1.1844002711685974e-05,0.004742895568398604,-0.004742895568398591,-0.00037489365992208286,0.0009496789612387146,-0.0007628835138483067,-0.00038165858512831277,-0.0016190040057363364,-0.0006575112114660273,5.3596935158048465e-06,-4.886016085776027e-05,-2.617313991513992e-05,0.0001380388810818107,0.00021670872783790624,0.00018794213754097394,1.3911808019001056e-05,-7.90468694604601e-05,-0.0001174388302387684,7.924266139960124e-05,2.1747792917048078e-05,0.0006390917008943131,-0.0012816516593142798,-0.001037455104820173,0.0012882996876811704,-0.0005618841568109938,-0.0005958953351516802,0.0002381307751334403,0.00017686968637706393,-0.0009190571043989365,6.042351771571663e-05,-0.000477195176205676,0.0004678694825297089,-0.00012026645221362754,-0.00013998800045586214,-2.9496100688236655e-05,2.1541856953262687e-05,0.00010862255015762244,-0.00015830228096636284,-1.6994442069116292e-05,0.00031987135002900106,0.0006404378457481497,6.628039959698697e-05,0.00035786518178894974,0.0006483999826317865,-0.00011245542042817558,-1.2735259689646837e-05,0.0002788783043402461,0.00039914367907015663,4.247754840102837e-05,-1.5961310763856345e-05,-0.00014354605565197731,-0.00011974700442844154,4.200463662759492e-05,-8.691990391351775e-05,3.1388592177868785e-05,-0.00024877496581444383,0.0002513404610006711,4.523813303140372e-05,-4.394275013242726e-05,0.00010430790042433523,5.142827567253242e-05,-0.00020126150849991448,-1.6811883126740375e-05,6.823030153019395e-05,-0.00012048941405782866,5.6083407647023544e-05,4.786921302375293e-05,-7.833834933333938e-05,0.0006422446438133704,-0.0006615811698810722,-0.0006158427937887863,0.0014104828582707095,-0.0002734197263158316,-0.0005331663577749131,6.054823988502866e-05,-0.00015774404642000586,0.00015774404642000318,0.000949748964096107,-0.0009511096295534032,0.02847020749187725,0.018980493698848706,0.048399,0.040798929428304,0.0006411304224342451,0.0006329433176464586,0.0005916076390351748,0.0005170990282041459,0.0004971230008770227,0.00029231603492958314,0.0003557704629745035,0.0003309925146999569,0.0013187690904084646,0.0007555303862703421,0.001818415741446428,0.0009074634815210353,-7.677666938357685e-05,-9.010569283661168e-05,-9.053145473841831e-05,0.00011907808100525314,0.00012931113719399212,8.371284701291753e-05,4.987828576438293e-05,3.180511649985561e-05
KXALIENS-27-29,0.0005417236703600653,-0.0005507764665972757,3.573808769230604e-05,-0.000378696545430623,0.00020255762689339212,-2.6653019369795234e-05,0.0004192388119819379,0.00022271071905491087,-0.0004393587783001111,0.0003221781031595777,0.0007732383952794029,0.0002394318184680928,-0.00016351117438018848,0.0005522039542794736,-0.0005522039542794746,9.031940051121447e-05,-1.3194169124729032e-05,-6.213402623972075e-05,-2.5403322508952945e-05,-5.477840043094911e-05,-1.936287451325216e-05,3.096272406154506e-05,9.091199654171317e-05,-0.0001112558878301977,0.0001298171864987185,4.619928403544205e-05,-6.531088823528985e-05,-0.00015488119342579748,-3.418851583996557e-05,3.391413009828924e-06,-8.745025262232713e-05,8.745025262231826e-05,0.0001911125615828062,3.743055516811442e-05,-0.00020414036320331685,0.0002727028131764845,0.0005746204075442502,5.562594994310802e-05,-5.5545565193112355e-05,2.0130817322723656e-05,2.6691115778712185e-05,-1.831903094673471e-05,0.0016222949362230247,-0.0016222949362230531,-0.0011472758612007467,0.0035096003366897333,-0.0016236753066557477,0.0014449068025209101,-9.281165570801634e-05,-0.0017876507995358355,0.0014848135450543534,-3.0077898395775267e-05,1.8292962734505974e-05,1.831882999204428e-05,0.00012079745753307706,-6.088630447228868e-05,5.635886925213422e-05,3.650523506890958e-05,0.0001444004460897651,5.727194363344177e-05,0.00015457942085496108,8.694038937271729e-05,-3.514263388492014e-05,5.6617903624842734e-05,-5.278864067440015e-06,0.0020221204162245085,-0.0020221204162244946,-0.00016194227716072855,0.0004057841249631108,-0.00032829901980950966,-0.0001663728116833314,-0.0006930319132864918,-0.0002843077299745408,1.8463906428787323e-06,-2.0016642595366552e-05,-1.1052981861648704e-05,5.657223341328906e-05,9.017964813145e-05,7.833004588349108e-05,5.296747987838593e-06,-3.346946424661396e-05,-4.9178762408532014e-05,3.1638309610364376e-05,8.490877308931089e-06,0.00027338117347655344,-0.000546947581444388,-0.0004381976669102281,0.0005487026752410938,-0.00023633348182572645,-0.0002506308861346282,0.00010116961149949277,7.676548023439695e-05,-0.00038768638014268473,2.733791293087833e-05,-0.000198616578837972,0.00019626205565510883,-6.376806813130384e-05,-8.717262307314567e-05,-2.8317977950437346e-05,-1.05721559124528e-05,1.3417686491454856e-05,-8.19442387542472e-05,-9.265427691740825e-06,0.00013303823677128474,0.0002698082958285279,2.5754686288403806e-05,0.0001494507046911412,0.0002732602507162492,-5.065083682427746e-05,-7.4662109977470735e-06,0.00011572129956073899,0.00016707335006404736,1.6520043402829095e-05,-7.970502399903988e-06,-6.139261766565428e-05,-5.127462790211447e-05,1.6757034851319278e-05,-3.7452074090596146e-05,1.068677947569013e-05,-0.00010637463463516214,0.00010747212056964363,1.9231299620165822e-05,-1.6756040424202536e-05,4.4957550539059745e-05,2.1683021545207163e-05,-8.35925135131294e-05,-5.311125263755357e-06,3.0125951429388464e-05,-4.902202135939601e-05,2.4945151977602655e-05,2.1643911840812644e-05,-2.742164493497193e-05,0.00028103799642042657,-0.00028039813681785377,-0.00025729532756076757,0.0006093264281638528,-0.00010989966851666599,-0.0002264971193109713,3.1304080497275956e-05,-6.790583235070024e-05,6.790583235069895e-05,0.0004062307002519705,-0.0004068145986582865,0.023999563410973333,0.01599936568178602,0.040798929428304,0.16,0.0002731425408729043,0.00026966850081448334,0.00025213691653516815,0.00022048548727476012,0.0002113555228165717,0.00012534923361727437,0.00015126911475947177,0.00014083856204556255,0.0005620266980076403,0.0003217328101817467,0.0007757463861462779,0.0003876482652320671,-3.2883244554446806e-05,-3.8737602545412455e-05,-3.874068630053944e-05,5.084735382313137e-05,5.565263588673296e-05,3.628780734536045e-05,2.060282032388523e-05,1.390492871005111e-05
KXWTIMAX-26DEC31-T115,-0.006479433734848888,0.006591071181559436,-0.0004253852655318871,0.0014166626614048185,-0.0007533988961549202,0.00010221184523393021,-0.0015619625818907397,-0.0008283780593600942,0.001644362312413973,-0.0012005154858034735,-0.0028850001096600887,-0.0008912387586712534,0.0006133769554093072,0.0037361960562272466,-0.003736196056227236,0.00013409082965151097,-1.8535062844802555e-05,-9.06821443790952e-05,-3.650009869773125e-05,-7.896016552790566e-05,-2.749863452157981e-05,4.6049603271729744e-05,0.00013451623129723475,-0.00016345069800953357,0.0001934509079885217,6.985886411871146e-05,-9.426477028976737e-05,-0.0002294299159045823,-5.018255520604492e-05,5.564919501440278e-06,-0.0010683947853354324,0.0010683947853354506,0.0012819940472252695,0.00021480524460679151,-0.001506655038043826,0.001859839887326685,0.0039985468757339476,0.002436317528244818,-0.0024328240408804597,0.00045035140155646,0.0006120896411195971,-0.0004924805559135704,0.0029358007060752873,-0.0029358007060752843,0.001475002769120172,-0.004511633263111166,0.0020874826159659734,-0.0012254067125901966,7.859874192132305e-05,0.0015158908249952672,-0.0012593025712014946,-6.879051878170932e-05,4.121330272587429e-05,4.129618424437433e-05,0.00027224476462973425,-0.00013678298558103883,0.0001269998371561977,8.190284553583101e-05,0.00032538757304264427,0.00012907703413197975,0.000348376701441106,0.00019610635361691977,-0.0010337973570471626,0.0016613691241640569,-0.00015199490282880227,0.006228191128708475,-0.006228191128708449,0.0001900911683904232,-0.0004763576424776292,0.00038538151925920276,0.00019520928318691392,0.0008135140037715332,0.00033371103010682577,0.0002863728539387176,-0.00294716331997306,-0.0016136538789732055,0.008328456667825678,0.013219961905655933,0.011478056285216743,0.0007963386957084485,-0.004883104301330584,-0.007196697013946169,0.004692582874630848,0.0012675293742404076,-0.0010601347119059135,0.002123190226312473,-0.0018133629051494426,0.0022636842625216222,-0.0009795234950630333,-0.001038790998351826,0.0004177061969875126,0.0003145106715122892,-0.0016050994557454215,0.00011033943563807046,-0.0008264016867314291,0.0008141581602681392,-0.0009685995398313905,-0.0012886672555819565,-0.0003955706618552779,-0.00010053357226464147,0.0003241812579089055,-0.0012501915315263155,5.376762860351619e-05,-0.0008102146830455111,-0.0016391370723137628,-0.0001590041468042014,-0.0009094471822126489,-0.001660004541635503,0.000303989728671952,4.284385678557942e-05,-0.0007050767314467843,-0.0010162409610294995,-0.00037057480745787707,0.00015953213948581942,0.0013161564643918147,0.0010978326867382754,-0.00037331988797757146,0.0007988426230844536,-0.00025053826284941966,-0.001318897124716686,0.0013325010467117727,4.2796815308573036e-05,-3.8226381677242976e-05,9.902724160409202e-05,4.837313508834052e-05,-0.00018575453910577562,-1.2960188483086372e-05,6.586904017602664e-05,-0.00010966254512908267,5.4447160590317414e-05,4.700416690487623e-05,-1.3474169327459387e-05,0.00010919145701046652,-0.00011259241396356108,-0.00010496870442613818,0.00023997954913834436,-4.6709958853356025e-05,-9.06709760308048e-05,1.0174388913083315e-05,5.568540900700737e-05,-5.568540900700018e-05,-0.0011832027228731905,0.0011849027050347934,0.0004836852969617888,0.0003855508717192643,0.0006411304224342451,0.0002731425408729043,0.20797500000000005,0.17343001631281738,0.150870002793801,0.11984993904435232,0.08812479683124028,0.06979349325664762,0.056399984252327666,0.05146507626096368,0.002202793753970816,0.0012611975213234839,0.003949499514892123,0.0019727463189922645,0.006843648792009891,0.008053011800349582,0.008065063510098886,-0.0006906399806374388,-0.0007542296156577224,-0.0004906383460032159,-0.00028271851179832795,-0.00018755351695634156
KXWTIMAX-26DEC31-T120,-0.00639694814890285,0.00650713751100341,-0.00041996888768294777,0.0013986204498187146,-0.0007438147815026675,0.00010090379741123763,-0.0015420860840654551,-0.0008178401627697103,0.0016234214164452755,-0.0011852387422009152,-0.002848277880184274,-0.0008798995255194905,0.0006055609221476974,0.0036884914016420524,-0.003688491401642055,0.00013242272478002404,-1.8323980372732747e-05,-8.958372681134045e-05,-3.606905519997707e-05,-7.80264868753315e-05,-2.7180361359346445e-05,4.5478188280678904e-05,0.0001328540448060596,-0.0001614481972067911,0.00019102390714644972,6.896052490695594e-05,-9.314806944185755e-05,-0.00022657384064375056,-4.956529614985856e-05,5.487803800530905e-06,-0.0010549140032755843,0.0010549140032755778,0.0012661663336944527,0.00021237569234501934,-0.0014871236202064135,0.0018366745864582827,0.003948181203483159,0.0024052318239698367,-0.0024017829531825623,0.00044497746544341807,0.0006046297078620519,-0.0004856807957429914,0.0028984676444217903,-0.0028984676444217894,0.001456222779278849,-0.0044541995553816415,0.002060904559348764,-0.0012098323292940158,7.758528080333146e-05,0.0014965949313482255,-0.0012433094674185795,-6.793527082189789e-05,4.065244994706868e-05,4.073433331010705e-05,0.0002687418374341372,-0.00013507805500471217,0.00012534306086625044,8.082085360467498e-05,0.0003212087063157683,0.0001273980628648863,0.00034390425393707093,0.00019356280646064212,-0.0010206094572110954,0.0016401880523895952,-0.00015006546062600173,0.006148966503755926,-0.006148966503755909,0.0001876104313665096,-0.00047026261511957826,0.0003803856677790415,0.00019262579785200027,0.0008030733667130808,0.00032934927560902534,0.0002827120703130312,-0.0029096148181612406,-0.001593106726495989,0.00822234812362925,0.013051584956882816,0.011331870232382137,0.000786177419537147,-0.004820931274209055,-0.007105046160336373,0.004632767856026823,0.00125136547636424,-0.0010466689091139347,0.002096197067780958,-0.001790198254583711,0.002234839641959144,-0.0009669947771768555,-0.001025503575696723,0.0004123729341559888,0.00031052391191316146,-0.0015845861013450058,0.00010895674340093129,-0.0008157971045232107,0.0008037283506239214,-0.0009576107012262453,-0.001275315178868898,-0.00039229042959873034,-0.00010146362640786532,0.0003163981652605117,-0.0012358342879683752,5.3054709756353554e-05,-0.0007999743300554448,-0.0016183497750926292,-0.00015702663597813254,-0.0008979411939298862,-0.0016389496424285244,0.00030006292119061015,4.2269425655915115e-05,-0.000696169282427895,-0.0010033758207128607,-0.0003658120409948917,0.00015756296312672806,0.0012995000975044566,0.0010839554626869878,-0.00036850757643976497,0.0007887670483807242,-0.00024734305461457623,-0.0013021181276715783,0.0013155489768501409,4.227185930966154e-05,-3.7757605319202583e-05,9.779474300629682e-05,4.778011193576211e-05,-0.0001834209990721636,-1.2806229155750818e-05,6.504445052501781e-05,-0.00010829910748386969,5.3766428656914977e-05,4.6413583893268985e-05,-1.3159759874485219e-05,0.00010796910975225193,-0.00011109292743367234,-0.00010350046653001413,0.00023710475121264572,-4.595618447256742e-05,-8.94668975309425e-05,1.0173404180576177e-05,5.489866375392552e-05,-5.489866375393307e-05,-0.0011680539046133986,0.0011697320392579742,0.00047751035174537176,0.0003806255986862596,0.0006329433176464586,0.00026966850081448334,0.17343001631281738,0.185484,0.1613559940934096,0.1281799355880882,0.09424973003591944,0.0746444492458513,0.06031994645223021,0.05504205424549946,0.0021747777752155707,0.0012451663752011954,0.003899218951034086,0.0019476304871166475,0.006756533709384591,0.007950500800909418,0.007962400420073868,-0.0006818455569776764,-0.0007446159604480346,-0.00048438302971651485,-0.0002791283728936075,-0.00018515989912518133
KXWTIMAX-26DEC31-T125,-0.0059807105047425145,0.006083195186869906,-0.0003927203417281574,0.0013070102381414503,-0.0006963882940416561,9.354059402101885e-05,-0.001442950033932669,-0.0007656767294540295,0.0015169550394926964,-0.00110903956787539,-0.0026640395230600245,-0.000823598218575042,0.0005653990192679971,0.0034479119727653844,-0.003447911972765387,0.00012404980109294046,-1.7373329142625818e-05,-8.422732288066104e-05,-3.402756887676654e-05,-7.35545572524438e-05,-2.570736410216658e-05,4.258320711537145e-05,0.00012454029778204582,-0.0001515813974909921,0.00017881206140059398,6.435687168109592e-05,-8.778424513948071e-05,-0.00021236270881731104,-4.6549380246627396e-05,5.0340569630345315e-06,-0.000986618277339135,0.0009866182773391366,0.0011870560474971903,0.0002008185041297297,-0.0013877418689803318,0.0017204774596774075,0.003694705698613394,0.0022484116535784193,-0.0022451875005085474,0.00041867925129543827,0.000567917940845782,-0.00045142863088732256,0.002709914103493355,-0.002709914103493349,0.0013611962161251751,-0.004164050940441071,0.0019264250192088384,-0.0011309736892631326,7.2632806155193e-05,0.001399225330643513,-0.0011622342180440646,-6.294921923055577e-05,3.8823111714952783e-05,3.889807007409714e-05,0.0002522147077266069,-0.0001255242613267397,0.00011813506350246303,7.652640006848315e-05,0.0003012824705267003,0.00011996129223068832,0.0003225342498472987,0.00018208573587957853,-0.0009539356423523917,0.0015331653285850563,-0.0001403670166153565,0.005748877815541461,-0.0057488778155414515,0.0001751169305564752,-0.00043951861345608786,0.0003552130928093656,0.00017962273238615882,0.0007504173708897861,0.00030738346500396767,0.00026424580406902683,-0.0027201006789989023,-0.0014893906477337119,0.007686797011566067,0.012201694356329871,0.010593982398133018,0.0007349092333731346,-0.004507088166059476,-0.0066424259529219605,0.004330895056317243,0.0011697968861055712,-0.0009786959164919174,0.0019598765974156405,-0.0016731208729042625,0.0020893224890618685,-0.0009036150665213711,-0.000958289501249723,0.00038551939299449303,0.000290509881450291,-0.0014808883699840264,0.00010209156243952208,-0.0007620448201409863,0.0007510311610228635,-0.0008985465951439492,-0.0011997976311631806,-0.00037106783814387504,-0.00010030963181832973,0.0002867976639626302,-0.0011591762337310983,4.882339290992138e-05,-0.0007491441775875832,-0.0015141988461903726,-0.0001477523118671366,-0.0008406495651891324,-0.0015334379180072053,0.0002795217859470126,3.87342761318343e-05,-0.0006520395831050206,-0.0009392106245792492,-0.0003417739411554727,0.00014760198176459722,0.001215361744506374,0.0010138478004265289,-0.0003442323949612704,0.000737856115975499,-0.0002311867302605258,-0.001217457627766316,0.0012300160901805523,3.930606000194469e-05,-3.532423414441813e-05,9.127049730933487e-05,4.443018665993342e-05,-0.00017149575698292027,-1.1976040855442041e-05,6.070982786563529e-05,-0.00010123766244823145,5.016749788670733e-05,4.331250811626172e-05,-1.15308359136153e-05,0.00010188682915928798,-0.0001037366286987461,-9.610113131335694e-05,0.000222729929581032,-4.210298617698324e-05,-8.365319730894927e-05,1.0231211256055622e-05,5.105516531821911e-05,-5.105516531823964e-05,-0.0010916845811893088,0.0010932526648122132,0.00044634610808205017,0.0003557512858163318,0.0005916076390351748,0.00025213691653516815,0.150870002793801,0.1613559940934096,0.16820399999999996,0.13361997521093608,0.09824951786046066,0.07781268089795168,0.06287979936336233,0.05737797173943775,0.0020333018245972103,0.0011642131141336976,0.003645418504712061,0.001820877282207976,0.006316729733133802,0.007432955711154762,0.00744410471261594,-0.0006374534023974503,-0.0006961076068030601,-0.0004528357123576521,-0.00026097119153122234,-0.00017309297604760468
KXWTIMAX-26DEC31-T130,-0.005229485924633676,0.005318266807090969,-0.00034351855135756563,0.001141775723765756,-0.0006106224176302683,8.038914755946793e-05,-0.0012638131637309744,-0.0006713457018081336,0.001324955479389767,-0.0009713558083022651,-0.0023313387445147516,-0.0007218194149966818,0.0004930476259938318,0.003014205276585998,-0.0030142052765860065,0.00010876555316863636,-1.5537767535118894e-05,-7.429828437090281e-05,-3.018361014850019e-05,-6.51504359178632e-05,-2.2897419776958475e-05,3.7296501116415504e-05,0.00010931142499888809,-0.00013340977238859505,0.00015661312496087807,5.60944737076371e-05,-7.771640020394602e-05,-0.000186412005843448,-4.100210518180128e-05,4.249852860695279e-06,-0.0008629452093845788,0.0008629452093845721,0.0010422074760002608,0.0001786436723294169,-0.0012099039308358902,0.0015086309321244386,0.003235007730233383,0.001965622302199666,-0.0019628032902112803,0.00036908464376620483,0.0004995834584227965,-0.00039199081329312446,0.0023695257119775914,-0.002369525711977594,0.001189752984944357,-0.0036404628626377656,0.0016838010314459925,-0.000988576235654968,6.372760452988415e-05,0.0012234836575274024,-0.001015791012301816,-5.397400535685228e-05,3.5540134455646515e-05,3.5603136934335254e-05,0.000222412546018089,-0.00010826082369754504,0.00010514872593371996,6.87855254028614e-05,0.0002653457361933498,0.00010656071532832827,0.00028399392457327386,0.00016140534392965867,-0.0008337233312898107,0.0013401494615033753,-0.00012283805084914456,0.005026658132906545,-0.00502665813290654,0.00015280122791623936,-0.00038414714909920986,0.00031012391383056616,0.0001565359083816529,0.0006557054854848363,0.00026817480501096006,0.00023097376246764673,-0.0023781901836897575,-0.0013022306449261439,0.006720584748951299,0.010668189648634002,0.009262553866275794,0.0006424673016989396,-0.003940730544082878,-0.005807657260549244,0.003786376843490563,0.0010226882615435179,-0.000855945411952019,0.0017137692926781614,-0.0014621328152322377,0.0018267882648844202,-0.0007894611481598822,-0.000837231116687811,0.00033710196519234626,0.0002543134149869001,-0.00129404711240369,8.960717551627056e-05,-0.0006653675532322825,0.0006561665003138477,-0.0007884615106121423,-0.0010553800011516537,-0.0003280802943062247,-9.229819139094967e-05,0.00024314719232158312,-0.0010167780834695749,4.13911813594941e-05,-0.0006570004998644204,-0.0013258208690374235,-0.00013073000144560602,-0.0007368653561310747,-0.0013426130093223384,0.0002427768684488366,3.256104890646871e-05,-0.0005720133295970588,-0.0008230225604880339,-0.0002985521996080641,0.00012940695982369615,0.0010631670950704227,0.0008869744840870558,-0.00030063579228490353,0.0006456430901622225,-0.00020204343007077343,-0.0010646211422404017,0.0010756046387120014,3.394011596378154e-05,-3.089572367358323e-05,7.945559207023717e-05,3.83686545866667e-05,-0.00014991022610344077,-1.0458285467026166e-05,5.2867944514154436e-05,-8.843074438557991e-05,4.365649338549058e-05,3.7706777755155304e-05,-9.192904981664628e-06,9.020289879800709e-05,-9.072197577216436e-05,-8.330089206989662e-05,0.00019602602794262816,-3.581908488180499e-05,-7.33476717132093e-05,9.792087422804056e-06,4.4369227537487687e-05,-4.4369227537493846e-05,-0.0009541421752786703,0.0009555123749762646,0.0003901637505828422,0.0003109225909702537,0.0005170990282041459,0.00022048548727476012,0.11984993904435232,0.1281799355880882,0.13361997521093608,0.1411,0.10374918919571934,0.08216900405323939,0.066399570502994,0.06058984650869438,0.0017779103490284383,0.0010180485443124355,0.0031873894390815486,0.0015921261914859952,0.0055230107652157415,0.006498946299299939,0.006508730233041712,-0.0005573477349787347,-0.0006086082025024968,-0.00039593553346531157,-0.00022817131150929508,-0.00015133734957149564
KXWTIMAX-26DEC31-T135,-0.005015611547135854,0.005105599071661543,-0.0003287283247337354,0.0011011299417044117,-0.0005759280180608829,8.508460505460847e-05,-0.0012000994552122516,-0.0006333789818507331,0.0012790785355070642,-0.0009223985129539359,-0.0022250302100478704,-0.0006827737237316996,0.0004804724598292742,0.0028947323743002715,-0.0028947323743002875,0.00010251771513446318,-1.2866678141804762e-05,-6.741140994157709e-05,-2.641504538182863e-05,-5.7550213753154035e-05,-1.949507163063656e-05,3.537632646627658e-05,0.00010234633840802297,-0.00012280671471838548,0.00014862085110619867,5.4837498223886115e-05,-6.886787237816143e-05,-0.00017449767848037797,-3.75648270977766e-05,4.954730108037408e-06,-0.0008259567165619553,0.000825956716561952,0.0009742187120059916,0.00015327371838508823,-0.0011813188623005428,0.0014215012067590109,0.0030765000103634764,0.0018874621927531497,-0.0018847573174369083,0.0003352929307372031,0.00046043617528549016,-0.00039316554772384204,0.002272600190894186,-0.002272600190894177,0.0011437674306548485,-0.003494739689245779,0.001618662483424193,-0.0009499908680202566,5.9920498592590184e-05,0.0011733705012249445,-0.0009767260013846548,-5.7798644979114874e-05,2.514649380373402e-05,2.5221909738347186e-05,0.00020279698793292269,-0.00011223035091438779,9.04616532086191e-05,5.546397697866411e-05,0.00024381548814150073,9.285411722674447e-05,0.0002613347983566631,0.00014252773133041443,-0.0008019014318085137,0.0012878969685730915,-0.00011722302748000364,0.004821671472667051,-0.004821671472667049,0.00014850640979955073,-0.00036943721442076014,0.0003003228906830954,0.00015334489578678421,0.0006316550011682374,0.00026086914045075145,0.00022201749396735253,-0.002282386930458153,-0.001249446830990271,0.006449847080235604,0.010237077945702836,0.008888125581825652,0.000616987495185727,-0.0037809204735294146,-0.005572664023296099,0.003634668831928303,0.0009819051384040533,-0.0008198964311996924,0.0016432736547670706,-0.001407204026642162,0.0017526926613193293,-0.0007609913919217836,-0.0008070251091362524,0.000323305439499568,0.0002422124278026098,-0.0012459868513687053,8.397584116990166e-05,-0.0006437553440215055,0.0006324583010698445,-0.000739046894965542,-0.0009731178899331917,-0.00029212442095253807,-5.9947815607473385e-05,0.0002806303745542549,-0.0009553953002485998,4.715077056944837e-05,-0.0006188607196253109,-0.0012611043094779334,-0.000116545279414085,-0.0006962999291582333,-0.0012773865079673437,0.00024226850287638774,3.873006739635895e-05,-0.0005378136366134819,-0.0007790690452874078,-0.00028808660971848816,0.00012203931159422303,0.0010168619333606897,0.0008478197380412946,-0.00029049108107684406,0.0006164026920897525,-0.00019437128390896403,-0.0010205716132985236,0.001031091701055025,3.496842885660006e-05,-2.957503866926395e-05,7.816942879708809e-05,3.950881614200427e-05,-0.00014401102763702395,-1.0103890680922789e-05,5.1917123173240844e-05,-8.530807228072065e-05,4.304588849860413e-05,3.7091780963389214e-05,-1.4253822562878407e-05,7.974316141259511e-05,-8.712372391221193e-05,-8.439764022792628e-05,0.0001803094538837654,-4.043546946916526e-05,-6.935758667653788e-05,4.242956141959659e-06,4.423661198879074e-05,-4.423661198878596e-05,-0.000917642872926545,0.0009189626812708526,0.0003749078463708887,0.0002990540532870463,0.0004971230008770227,0.0002113555228165717,0.08812479683124028,0.09424973003591944,0.09824951786046066,0.10374918919571934,0.10937499999999999,0.0866212991396304,0.07000022370201853,0.06387505183631893,0.001705140268804446,0.0009759968156787069,0.00305782243602751,0.0015272162619318773,0.005298800623264549,0.0062353096994619515,0.006244485841812426,-0.0005347689726415935,-0.0005841045645864787,-0.0003798837599305586,-0.0002189307216833835,-0.0001452414781076111
KXWTIMAX-26DEC31-T150,-0.002969963957798731,0.0030146823672454956,-0.00019597263202735156,0.0006412657418687351,-0.00035833120903945787,3.6177988274586356e-05,-0.0007320336313371379,-0.0003937539321787085,0.0007426130143617037,-0.0005626198823722676,-0.0013370496272018008,-0.0004212501181149754,0.0002710067805888404,0.0017075226795884913,-0.0017075226795885072,6.38572773252386e-05,-1.1209358741742662e-05,-4.6693079341472955e-05,-2.0107729979022436e-05,-4.276898823804147e-05,-1.5891054501159676e-05,2.163125330596691e-05,6.497778013383321e-05,-8.177729483113584e-05,9.078316205345303e-05,3.063761236521856e-05,-5.07622757414669e-05,-0.00011087946146740435,-2.5348670234167633e-05,1.3782632325680426e-06,-0.0004919443346359841,0.0004919443346359889,0.0006213813598766698,0.00012251394367367456,-0.0006627747498264146,0.0008863289485895612,0.0018676692387036386,0.0011137764229652495,-0.0011121766150148957,0.00023134004591402526,0.0003055119648478802,-0.00020289514137496152,0.0013456841856709163,-0.0013456841856709072,0.0006725216271772903,-0.0020637584991661617,0.0009518559780317815,-0.0005592126222995885,3.763680771408377e-05,0.0006949368055871757,-0.000573898797139987,-2.346144924554207e-05,3.084955356814743e-05,3.086743569181089e-05,0.00013885565809424762,-5.146345966520232e-05,7.210501461541463e-05,5.159731140685977e-05,0.00016342631963472314,7.166825766790445e-05,0.00017445316625592594,0.00010630798147808274,-0.00047082669862446604,0.0007581112232944516,-7.045832112509198e-05,0.002853988676985059,-0.002853988676985055,8.453958779973986e-05,-0.00021701982761816946,0.00017282382985768903,8.52184133300966e-05,0.0003692193734409706,0.00014810526700357316,0.00013061406031406584,-0.0013489450869733864,-0.0007390149795652361,0.00381202129242479,0.006052694850009467,0.005255330084979798,0.00036396063270140167,-0.0022364487654498223,-0.0032953705135083514,0.0021467501435508867,0.000579610686895966,-0.0004873122985372513,0.0009737305255082676,-0.000824704559694267,0.0010367874982243667,-0.0004438980438205471,-0.0004707751019795559,0.000191482213346431,0.0001464296682393791,-0.0007292509242834298,5.319864749213317e-05,-0.0003713368509308592,0.00036902479283781376,-0.00046639186095845717,-0.000641748334096599,-0.00021075447342300225,-8.341240020634817e-05,8.663328975222083e-05,-0.0005988950206766291,1.4691971438410557e-05,-0.00038641790444622295,-0.0007653294016034941,-8.468218532448495e-05,-0.00043077984173674146,-0.0007746586710111237,0.00012676425240153112,9.620493898543387e-06,-0.00033760720789595183,-0.0004795493447051133,-0.00016753439402712823,7.58868171054904e-05,0.0006070364112266001,0.0005070380850282674,-0.0001682542183289143,0.00036993274606675266,-0.00011404445412621064,-0.0006052171342998919,0.0006114717223059614,1.6378051708908458e-05,-1.7590376174182247e-05,4.275461652719314e-05,1.8541154130420386e-05,-8.482084869107772e-05,-5.837580286654697e-06,2.8567303666751534e-05,-4.959159714685531e-05,2.33813199193807e-05,2.0302805046200767e-05,1.0455318043012118e-06,5.904670856599222e-05,-5.14819411669447e-05,-4.213709339599453e-05,0.00012023379314913804,-1.333249791163021e-05,-4.2902504849266196e-05,1.150478172373889e-05,2.3304591081261416e-05,-2.3304591081261775e-05,-0.0005390014550659078,0.0005397732004662878,0.00022077527960808683,0.0001755975470480646,0.00029231603492958314,0.00012534923361727437,0.06979349325664762,0.0746444492458513,0.07781268089795168,0.08216900405323939,0.0866212991396304,0.08919900000000001,0.07207723648850936,0.06577118662103867,0.00100975638738897,0.0005786382655658169,0.0018092697221588202,0.0009039720955949094,0.003134676624005037,0.0036883584700413015,0.003694160192417872,-0.0003162800797437551,-0.0003452017087871523,-0.00022470799005160167,-0.00012946378124456786,-8.584584477693217e-05
KXWTIMAX-26DEC31-T160,-0.003589687670485619,0.0036540272744207155,-0.00023529239889515672,0.0007882186907143704,-0.00041200001118658165,6.106289863574507e-05,-0.0008586880922423167,-0.0004531056324158343,0.000915598810593426,-0.0006599753872133622,-0.0015922421914584847,-0.0004884726158285071,0.0003440344773184355,0.002071580697254489,-0.0020715806972544932,7.345360419071001e-05,-9.2368224793809e-06,-4.832934470940938e-05,-1.8948894538481953e-05,-4.1291562630446256e-05,-1.399185011627368e-05,2.5356243680709795e-05,7.334879509997389e-05,-8.801604492851857e-05,0.00010644675289633415,3.9245738630227424e-05,-4.941053892764595e-05,-0.00012499130973446211,-2.69101834215253e-05,3.5477674753491745e-06,-0.0005913567227569553,0.0005913567227569566,0.0006979354193855339,0.00011007316993860807,-0.0008450244309933857,0.0010180978278204991,0.0022026116139151073,0.0013507925443352435,-0.0013488568306920527,0.00024164727874587236,0.00033121443995843956,-0.0002798370371622437,0.0016265049920231056,-0.001626504992023089,0.0008186221924968674,-0.0025012026813563387,0.0011585151359651373,-0.000680038557241583,4.2813795865904116e-05,0.0008397872636781839,-0.0006992392068303088,-4.153022784603195e-05,1.768279062445095e-05,1.773631098378635e-05,0.00014474509400671013,-8.061589908812849e-05,6.436890136625453e-05,3.933534603031847e-05,0.00017409237724765113,6.611614147281347e-05,0.00018661369031265212,0.00010155200286419316,-0.0005739156866425454,0.0009217382921710754,-8.389259796782165e-05,0.003450920475688026,-0.0034509204756880303,0.00010618308744395904,-0.0002643599825690122,0.00021479130239344084,0.00010957486537148831,0.0004519376114711249,0.00018651027756403157,0.0001588777951028073,-0.0016334625156498633,-0.0008942213918132756,0.004616038297572352,0.007326553694681588,0.006361130272451582,0.0004415480190294509,-0.0027059855975140766,-0.003988302674918269,0.0026012279668661195,0.0007027122655754583,-0.0005867721139651433,0.001176077277059728,-0.0010071095572375412,0.001254360532611788,-0.0005446289917651482,-0.0005775732537949647,0.00023136062519683368,0.00017333843165608605,-0.0008917275397724669,6.0091355123400844e-05,-0.0004607232451217479,0.00045260918566184476,-0.0005293919374809849,-0.000697854548613118,-0.00020989842111840426,-4.399133755246956e-05,0.0001991249356327711,-0.0006843079291858485,3.383647136020352e-05,-0.00044284106454270844,-0.0009025131356543523,-8.333119847073635e-05,-0.0004982749021520854,-0.0009141656311413882,0.0001734585830668532,2.780960865839363e-05,-0.0003848340686280238,-0.0005575150321549484,-0.0002061789538994946,8.73682316638005e-05,0.000727838321759986,0.0006068547223290618,-0.00020787964689494016,0.00044122333270568215,-0.00013916182858164948,-0.0007304331988902757,0.0007379620957151077,2.509260550111795e-05,-2.116371212624333e-05,5.600715527604122e-05,2.834947391915944e-05,-0.00010307680276606749,-7.228665137632655e-06,3.719709600114908e-05,-6.106956045651618e-05,3.084637279312925e-05,2.6578145408272576e-05,-9.894741066566938e-06,5.7411745249230664e-05,-6.211855425155771e-05,-6.0096359421612686e-05,0.00012939159979127938,-2.8599673136306144e-05,-4.942545340786047e-05,3.302872118879058e-06,3.1576083108416535e-05,-3.157608310841597e-05,-0.0006566759726569229,0.0006576202482011635,0.0002683063465867187,0.00021401982515064857,0.0003557704629745035,0.00015126911475947177,0.056399984252327666,0.06031994645223021,0.06287979936336233,0.066399570502994,0.07000022370201853,0.07207723648850936,0.0736,0.06715995037470938,0.0012203702399168615,0.0006985213911042014,0.0021884749645673445,0.0010930220742575514,0.003792335992179728,0.004462590732108156,0.004469161179932101,-0.0003827291611104207,-0.00041801815780182703,-0.0002718558468626219,-0.0001567168307915564,-0.00010393366466680549
KXWTIMAX-26DEC31-T180,-0.0033417161385160816,0.0034005316211911164,-0.000219196108823987,0.0007319236719897452,-0.0003864640035754638,5.442805469917161e-05,-0.000802965119060813,-0.0004249600040595231,0.0008498667426411089,-0.0006171712825370497,-0.0014855568525318458,-0.00045759755161991437,0.0003179745578990981,0.0019282062153717962,-0.0019282062153718027,6.859124150941272e-05,-9.015356388021902e-06,-4.569597908620338e-05,-1.8134584281079024e-05,-3.93515012774173e-05,-1.3515460789195442e-05,2.3596151076985265e-05,6.86121334530318e-05,-8.284604607178397e-05,9.926343842015943e-05,3.628757267533559e-05,-4.703514676948739e-05,-0.00011711643619445714,-2.54100731451235e-05,3.0838603262056373e-06,-0.0005502157438567796,0.0005502157438567782,0.000653781208440079,0.00010570106905157825,-0.0007829388120868455,0.0009517149793366252,0.0020544879634743123,0.0012572089509621932,-0.00125540655088553,0.00022559025285283813,0.00030903787586828324,-0.00026043109064955594,0.00151405385690405,-0.0015140538569040464,0.0007613270012720812,-0.0023275719638127927,0.0010774476507363316,-0.0006322571735641211,4.034756643377002e-05,0.0007817846801318196,-0.0006497998351113609,-3.66944886574646e-05,1.9537856215834523e-05,1.9584532478340528e-05,0.0001384080380763863,-7.215793048727707e-05,6.35105428574952e-05,4.020722916516372e-05,0.00016578817612613933,6.478292792009278e-05,0.0001775781702752069,9.880283655951085e-05,-0.000533755023284899,0.0008574978242644408,-7.824746125764052e-05,0.0032121491361254244,-0.0032121491361254235,9.869339381221514e-05,-0.0002460068285182579,0.00019972228697414589,0.00010175703095212805,0.00042048140066667145,0.00017333704152382314,0.00014785345486684147,-0.0015204123286399634,-0.000832358787350376,0.004296565232204881,0.006819585025080689,0.0059209728841045925,0.00041095959616771575,-0.0025187844086728027,-0.0037123526308385207,0.0024211322622339575,0.0006540452075980612,-0.000546499464791857,0.001094890402287324,-0.0009365203174329547,0.0011677089256009042,-0.0005061805359895999,-0.0005368068252727376,0.00021548013999515706,0.00016179550807148525,-0.0008291071435237241,5.642265303335463e-05,-0.00042766486987920086,0.0004207708865299699,-0.000493107270040654,-0.0006495816018447387,-0.0001953270568047706,-4.0816681577235986e-05,0.0001854038861339949,-0.0006373282955401481,2.9428501389891475e-05,-0.00041518824728667197,-0.0008428553773081565,-7.99442592692589e-05,-0.00046655677830212736,-0.0008536627426141156,0.00015900765595533981,2.3806990396066823e-05,-0.0003610828059702972,-0.0005216639827784538,-0.00019160863447500326,8.166774423831581e-05,0.0006779114460164046,0.0005652995385284463,-0.00019316247853786754,0.00041112080369153455,-0.00012931320288923535,-0.0006800671496169308,0.0006870801158076563,2.254308486421241e-05,-1.9679343734819744e-05,5.1429791508107176e-05,2.5476081241979498e-05,-9.580315310517909e-05,-6.688444389170624e-06,3.419446048960852e-05,-5.661200292207322e-05,2.82989838070903e-05,2.441584661126181e-05,-8.75481127292169e-06,5.4125197208305615e-05,-5.843637306952663e-05,-5.5707375198446246e-05,0.00012133683096379297,-2.610580710710405e-05,-4.6824426229624956e-05,3.572557418846587e-06,2.931497597576041e-05,-2.9314975975758955e-05,-0.000611031904414708,0.0006119106084376132,0.0002496636407069403,0.0001990830759524532,0.0003309925146999569,0.00014083856204556255,0.05146507626096368,0.05504205424549946,0.05737797173943775,0.06058984650869438,0.06387505183631893,0.06577118662103867,0.06715995037470938,0.06767099999999998,0.0011360251346134499,0.0006503222528272533,0.0020371281815166663,0.0010174898470422153,0.003529969555717312,0.004153811466846569,0.004159972898096295,-0.00035625267954439985,-0.0003891242866852131,-0.00025311823071546993,-0.0001457899050255973,-9.67764340838443e-05
KXTRUMPOUT27-27-28,0.0020003941593053727,-0.0020343337584097787,0.00013210251427127535,0.0004685028879588412,-0.000258777716246191,2.8338637375246547e-05,-0.0005308781021982619,-0.0002845974875110384,0.0005412953028586843,-0.0004072008718863276,-0.0009703525653849739,-0.0003045130334689343,0.00019900800821039106,0.00023948656873731992,-0.0002394865687373124,0.0003164886687812641,-4.399904271286219e-05,-0.00021435326341387743,-8.640147577635674e-05,-0.00018660907226124073,-6.515409231045658e-05,0.00010846744411381554,0.00031740477911894273,-0.0003862688628734474,0.00045695646203351264,0.0001650606107527011,-0.0002227296243494843,-0.0005425080790446055,-0.00011887612610085459,1.2879682740302143e-05,0.0013722629429203908,-0.0013722629429203724,0.0007522037613943142,0.00010574939939801732,-0.0009622788307932881,0.0011085357794658264,0.002428254092309913,0.0016016768717693369,-0.001599385667757404,-0.0013593893653130562,-0.0018478790109751784,0.0014894289831210014,0.000638800309278332,-0.0006388003092783381,0.00027914664236999647,-0.0008562049840710294,0.0003950868515743397,0.00032402037402476684,-2.098128619172351e-05,-0.00040121253646679283,0.0003329568855325043,0.00024854006946488496,-0.00013393238868230118,-0.0001341347071477505,-0.0009525335699989786,0.0004999143990479018,-0.0004367233146257908,-0.00027784596391672956,-0.0011413754100436384,-0.0004454783273598297,-0.001222318549074362,-0.0006787973737026523,-0.0008307053179850664,0.0013349439070055628,-0.00012209644256600942,-0.0012213353243684469,0.0012213353243684412,4.410464661810542e-05,-0.0001089915864757865,8.89774151373434e-05,4.5855958098099806e-05,0.00018663225169485544,7.754784223126183e-05,4.685056025191752e-06,-4.270172492699599e-05,-2.293062165436976e-05,0.0001207557365401671,0.00019026977252303463,0.00016512420366014333,1.1964832382524679e-05,-6.960346374679615e-05,-0.00010310068948966112,6.925690033472435e-05,1.895760131856777e-05,-0.00040357185818828815,0.0008005044758050935,-0.0013304559252311273,0.0016535877786421616,-0.0007202560407257499,-0.0007638184702319745,0.00030514042868485787,0.00022735181944301755,-0.0011783878989121846,7.792744929086138e-05,-0.0006109737626700439,0.000599068089534672,0.0008086078433443438,0.0010421731454979565,0.0002985711682387801,2.9923079598778914e-05,-0.0003770941783423788,0.0010480568130022659,-5.9043849041958434e-05,0.0008658066035118696,0.0017542320081740915,0.0001685657441190235,0.0009723131803273702,0.0017766427622422332,-0.00032781610719252144,-4.735049580163594e-05,0.0007532615627624173,0.0010867822666424697,-0.00046737416938402753,0.0001886641983750722,0.0016200119760666418,0.0013493036037487628,-0.00047163795176522193,0.000978823508017215,-0.0003152040147250642,1.6887278050595877e-05,-1.7059572085284588e-05,-0.0004085630992182151,0.00036609155874310195,-0.0009513187875556382,-0.00046162983216773145,0.0017857443134730864,0.00012267569525923486,-0.0006336741992920393,0.001052745626214997,-0.0005237476320346338,-0.00045263353809556493,-4.1177647033559966e-05,0.00036480146497587783,-0.00036870658933428336,-0.00034360303467062916,0.000797340355119615,-0.00015085564926337064,-0.0002964499484830596,3.653380959885898e-05,-0.002762873944873292,0.0027628739448732863,0.0016057119093495329,-0.00160801956257501,0.0009949459634502158,0.0007930199219389966,0.0013187690904084646,0.0005620266980076403,0.002202793753970816,0.0021747777752155707,0.0020333018245972103,0.0017779103490284383,0.001705140268804446,0.00100975638738897,0.0012203702399168615,0.0011360251346134499,0.1476,0.04182115985952387,0.011686061051878468,0.005835789941663477,0.0020292163116107814,0.0023883039510623353,0.002391271768591468,-0.0020943091146677266,-0.002287002637915918,-0.0014877279865313543,-0.0008574245669718452,-0.0005686802053929532
KXTRUMPOUT27-27-DJT,0.0011460755471092514,-0.0011655345041453285,7.621385193561721e-05,0.00026634198343830607,-0.00015478520821988063,1.1775995833274874e-05,-0.00031327874127830177,-0.00017030655541547797,0.00030542393602271786,-0.00023951703802319531,-0.0005644215672324612,-0.00018088223418076947,0.00011005050425926704,0.00013544099194094883,-0.00013544099194094986,0.0001796128291899527,-2.4471854922893434e-05,-0.00012086474815207623,-4.84273823171425e-05,-0.0001045049905052849,-3.6344114356934515e-05,6.142292711637168e-05,0.0001797518370042631,-0.00021845995830034728,0.000260110605064243,9.4656332808094e-05,-0.00012477597205246327,-0.00030835215204820814,-6.742780625897945e-05,7.4485880176308695e-06,0.0007848991186298926,-0.0007848991186298962,0.00039507043716404495,3.6561079082290126e-05,-0.0005788613480105036,0.0005984435429395556,0.0013525439286325232,0.0009149100084670557,-0.0009136055413512703,-0.0007589058401093698,-0.0010391852852390379,0.0008752044524975328,0.0003665615665179943,-0.0003665615665180092,0.0001588206916805255,-0.0004893237118920743,0.00022480785860406877,0.00018530892936381783,-1.214630319253211e-05,-0.00022976409494068536,0.00019031140190415603,0.0001481141120131524,-6.153850438445775e-05,-6.159004394523882e-05,-0.00052501089518017,0.0003001964139148812,-0.00023157432674026754,-0.00014208908939819883,-0.0006324689885285543,-0.00023821019675811535,-0.0006777783152999595,-0.00036566174585311753,-0.0004761199868201818,0.0007648684685963906,-6.977436355582095e-05,-0.0006971066873236356,0.0006971066873236345,2.5985756274293762e-05,-6.268943355786766e-05,5.199721388933059e-05,2.7496803939634054e-05,0.00010779090034059456,4.5789492675672914e-05,3.251597458993065e-06,-2.51595832786819e-05,-1.3088839346163544e-05,7.121236323920977e-05,0.00011076232277669348,9.602743211993968e-05,7.4885632885949055e-06,-3.985039558749746e-05,-5.958293182133445e-05,4.196604078729365e-05,1.1722519835838306e-05,-0.00023547018362150694,0.0004614289798065882,-0.0007677275769931086,0.0009470109234041356,-0.00041718181187575134,-0.00044240653386740255,0.00017487685100508001,0.00012787159371991622,-0.0006807261712287618,4.202244767822832e-05,-0.0003571444076777301,0.00034748442822544903,0.0004456539776015575,0.0005539112062484226,0.00014611171439369978,-1.456990196526719e-05,-0.0002676582005923108,0.0005799271845244246,-3.663328148262676e-05,0.0004911106989747723,0.001000011894473518,9.300823358399165e-05,0.0005524120243770314,0.001012922037605227,-0.0001914841146841792,-2.9960758045550353e-05,0.0004268894432823366,0.0006179976319166275,-0.00027563299152620515,9.891381884364085e-05,0.0009160536679185964,0.0007609535586488469,-0.000279020327632624,0.0005489648035630686,-0.00018505962471409106,9.343858173020363e-06,-9.437262688922365e-06,-0.00023374777097007505,0.00020717402903417686,-0.0005447242795318576,-0.00026392208638627355,0.0010195317711824401,6.812578040151934e-05,-0.00036366336018179603,0.0005996717646979401,-0.00030075195213636707,-0.00026032174143969256,-2.5330177979798176e-05,0.00020610876147951615,-0.0002087006403165887,-0.00019753546152811413,0.00045285354740139014,-8.841064539658636e-05,-0.00016682167102947276,1.9031778054116626e-05,-0.0015840434520923083,0.0015840434520923122,0.0009207951585188993,-0.0009221196089084849,0.0005699781956679548,0.0004543570729037648,0.0007555303862703421,0.0003217328101817467,0.0012611975213234839,0.0012451663752011954,0.0011642131141336976,0.0010180485443124355,0.0009759968156787069,0.0005786382655658169,0.0006985213911042014,0.0006503222528272533,0.04182115985952387,0.048399000000000005,0.006690435988301976,0.0033400014890921175,0.0011623581165800265,0.0013684439085974694,0.0013696761153776048,-0.001199238628729463,-0.0013096867166157947,-0.0008519016169536957,-0.0004909564174450744,-0.00032567101466358136
KXGREENLAND-29,0.0005051720884802658,-0.0005158832311328583,3.2375685876658095e-05,0.00039576213170704904,-0.00020649183824850476,3.077699128903087e-05,-0.00043032844758262776,-0.00022696718993793881,0.0004608511950612116,-0.0003313060825767046,-0.0007995197409417652,-0.00024497400093114244,0.00017298004184202083,-0.0035369336380090413,0.0035369336380090435,-0.00010692477719361966,1.3861858527377802e-05,7.092349033540361e-05,2.8029727711838873e-05,6.075511669935956e-05,2.0818063348093863e-05,-3.670012258321108e-05,-0.00010677978412946983,0.00012886684889502784,-0.00015512541186134434,-5.702627316855962e-05,7.263241604816862e-05,0.00018289194585367863,3.964632169382514e-05,-4.840951753926275e-06,0.0005046863066552158,-0.0005046863066552209,-0.0008895560847382811,-0.0001310296885721752,0.0011136678884373897,-0.0013056530245535798,-0.002845898400005758,-0.0030304659378121894,0.0030261242690760954,-0.00024196400773527358,-0.0003248479836773984,0.00024070425646461637,0.005126129682286973,-0.005126129682286971,-0.00047826219427766223,0.0014636086642392607,-0.0006768628244517807,-0.0028404015087198043,0.0001829116963555946,0.0035150026428756183,-0.0029186984092959196,0.00014098919191309257,-0.00010051915384704801,-0.00010075525008616722,-0.000595204302792569,0.0002780158604192193,-0.0002854062019660328,-0.0001884277243867534,-0.000708518269600372,-0.0002884127270375957,-0.0007581981374645704,-0.00043594318985973996,8.36105952614179e-05,-0.0001338881270693209,1.1906681565016533e-05,0.005450608543463584,-0.00545060854346357,-0.00031186927152872896,0.0007805184484522685,-0.0006319740509360192,-0.0003207172912369492,-0.0013333185569864082,-0.0005475876828433457,3.999683853418423e-05,-0.0004170023648924565,-0.00022878430831788167,0.0011783836874942688,0.0018721651461766037,0.0016256064509959478,0.00011217095043115205,-0.0006922779892170614,-0.0010196319792385076,0.0006627315347751333,0.00017874601669475452,-0.0003743922999832704,0.000754138724747866,-0.0006078843698374178,0.0007664767828274489,-0.0003266967333015718,-0.0003464693268594079,0.00014128387166467454,0.00010895243668272502,-0.0005372681139311906,4.0109445137015266e-05,-0.0002721568967878052,0.00027100904326343223,8.433891271427167e-05,0.00012758665351933604,4.8514994301586165e-05,3.2515146011385785e-05,1.7931999909204564e-05,0.00010706966838700113,3.131284044484058e-05,-0.0004849236795073849,-0.0009798769151285079,-9.582866532293222e-05,-0.0005441025544147252,-0.0009923264857830895,0.0001806566150408973,2.478579402691582e-05,-0.00042210291760354864,-0.0006078673827219904,8.94831957769386e-06,1.7876692249142306e-06,-1.3787097394401909e-05,-1.047858995011674e-05,9.701105554609294e-06,-6.1577223541586195e-06,4.75950956847343e-06,0.0005900584243592683,-0.0005961454837651181,0.0001792336106977297,-0.00015859328326341392,0.0004175479895075751,0.00020234442394097233,-0.0007805584299037689,-5.2048073024116255e-05,0.0002787797998636431,-0.0004592244256657751,0.00023060024218235316,0.00019959725529243997,-0.000248203728172359,0.002268002146472818,-0.0023055960007997457,-0.0021250267867964617,0.004948261228023271,-0.0009243654356208453,-0.0018626758081389245,0.00023423180415001378,0.0015736609519199313,-0.0015736609519199276,0.0057503888488629005,-0.005758643156545466,0.0013721161922702052,0.0010933140291112895,0.001818415741446428,0.0007757463861462779,0.003949499514892123,0.003899218951034086,0.003645418504712061,0.0031873894390815486,0.00305782243602751,0.0018092697221588202,0.0021884749645673445,0.0020371281815166663,0.011686061051878468,0.006690435988301976,0.15389999999999998,0.032400490983810135,0.003740395791612847,0.004401027178790583,0.004408026036387245,0.0020281223621180493,0.002214941594100385,0.0014410044374587932,0.0008299584865091052,0.0005508746500128994
KXGREENLAND-29-27,0.00025103853793842105,-0.00025869014983489195,1.5248520206940506e-05,0.00019861726796507228,-9.889846961229411e-05,1.8096707538997495e-05,-0.00020882399289142036,-0.00010862525040811387,0.0002329698870415329,-0.00016140333453607377,-0.0003935373879060015,-0.00011817419461954971,8.873715480645982e-05,-0.0017663918191501474,0.0017663918191501502,-5.135674362466018e-05,5.350180951566898e-06,3.2105126357928906e-05,1.1941809623887892e-05,2.612849005064249e-05,8.432419015670548e-06,-1.7657493905526677e-05,-5.065499666986192e-05,5.978116788594176e-05,-7.558282234545289e-05,-2.9125846645526226e-05,3.139140432997656e-05,8.750242089928486e-05,1.842675939080857e-05,-2.9368097205771963e-06,0.0002523139438668209,-0.0002523139438668163,-0.00040387273475187154,-3.7539267795753e-05,0.0005884401436650538,-0.000611186877023977,-0.0013787004084184961,-0.001512427053172791,0.001510264322228337,-0.00013371778218668662,-0.0001747203823907842,0.00010528430999642892,0.0025602031043025146,-0.002560203104302513,-0.0002386843194917761,0.0007308539975192281,-0.0003378012035664602,-0.0014180571246327693,9.182842644164231e-05,0.001755817840227846,-0.0014568371044671458,6.766356997012064e-05,-5.9996234341815524e-05,-6.017535615329308e-05,-0.00031102406335874015,0.00012990582420061066,-0.00015469072874573113,-0.00010491323078932945,-0.0003681404100537365,-0.00015517334184638918,-0.00039371514432139044,-0.0002330918531384967,4.2742840345561304e-05,-6.792366211793368e-05,5.665898892359754e-06,0.0027209623171397927,-0.0027209623171397914,-0.00015737496343244526,0.00039049883235695856,-0.0003179628491931873,-0.00016298573062171998,-0.0006680454976442835,-0.0002765435694761332,1.938508035261095e-05,-0.00020741828523062838,-0.00011425197332539191,0.0005861026020205502,0.0009328484540752095,0.0008101208886856412,5.529284198849276e-05,-0.0003456810451855078,-0.0005085019220517945,0.00032844124516252993,8.832205035645525e-05,-0.0001837314904740392,0.0003744402254323413,-0.00029740985984609786,0.000382556017833634,-0.00015819103315290435,-0.00016777010049510825,7.036383264426014e-05,5.678794727971495e-05,-0.0002620668469918725,2.2710541133565655e-05,-0.00012832967252747132,0.0001306871389079466,4.7634285333251775e-05,7.98044668090448e-05,3.37082538125166e-05,2.85760774137588e-05,2.8596397058821107e-05,5.994636967079028e-05,1.5589550966521907e-05,-0.0002419733461746526,-0.0004891559269244537,-4.777420288345977e-05,-0.00027153178534376136,-0.0004953861120822014,9.040935199447097e-05,1.2333049370682512e-05,-0.00021063054835437358,-0.0003033791277320616,7.563201342648317e-06,4.766613718576372e-06,-1.2609911036190304e-06,4.2220901853167766e-07,8.648632562669988e-06,2.4127391546033197e-06,3.127151019404871e-06,0.0002947615848335661,-0.00029780252981831943,8.948068069450176e-05,-7.577863071946565e-05,0.00020911280724079026,0.00010072865794739019,-0.0003858749728188091,-2.2904370488214532e-05,0.000140802606113111,-0.00022517769333757856,0.0001167568772650961,0.000101631339131552,-0.00013408951303773528,0.001122810907238547,-0.0011636345902083615,-0.001072792413199534,0.002462620479151402,-0.0004727611834983358,-0.0009417296401175261,0.0001085941647187353,0.0007871271623926692,-0.0007871271623926636,0.0028720450899450906,-0.0028761637900648947,0.0006848905140180707,0.0005454931646822528,0.0009074634815210353,0.0003876482652320671,0.0019727463189922645,0.0019476304871166475,0.001820877282207976,0.0015921261914859952,0.0015272162619318773,0.0009039720955949094,0.0010930220742575514,0.0010174898470422153,0.005835789941663477,0.0033400014890921175,0.032400490983810135,0.0384,0.0018679972046984654,0.0021976129119049346,0.002201479187078303,0.0010131025001738332,0.0011067769095198905,0.0007201781726276829,0.0004141162013635235,0.0002754119216039346
KXBTCMINY-27JAN01-45000.00,-0.004947714186005566,0.005033187371653317,-0.0003245552598162017,0.0010382370377372224,-0.000553987255878844,7.385291595918544e-05,-0.0011474337496509262,-0.0006091199686619685,0.0012047889661883507,-0.0008818218487251397,-0.002117547611466153,-0.0006550474316960508,0.00044880577539337883,0.000599441597757278,-0.0005994415977572491,-0.0006289408559149035,8.94860681294982e-05,0.00042914552791588714,0.00017415735607972816,0.0003762384840034356,0.00013202353447489587,-0.00021589226885397787,-0.0006321291618785068,0.0007707856652183253,-0.0009053776425346524,-0.00032438912166210196,0.0004488675698505383,0.0010769660344442324,0.00023664048857545617,-2.488278947902899e-05,0.0006671372885222581,-0.0006671372885222674,0.0004988306070718437,7.681717879918097e-05,-0.0006131833860698196,0.0007295970637018459,0.0015843858819281176,-0.0024267124604995284,0.0024232333708023904,-0.0010123098832731338,-0.0013681856512144212,0.001063746466672947,0.0013831400049359019,-0.0013831400049359268,0.00022028583471360357,-0.0006737235238925355,0.000311758336212347,-0.00236444503037341,0.00015201639043475884,0.0029255954501694265,-0.002429575673611283,0.00030145515514541947,-0.0001848186331829057,-0.00018515336898116666,-0.0012073483820295734,0.0006032864610600698,-0.0005647538522027916,-0.0003657014693711947,-0.0014425597473688016,-0.0005736325311103842,-0.0015443136643163745,-0.0008707925579108005,-0.000690449705725456,0.0011095198425475844,-0.00010145628016263014,0.005406179284162241,-0.005406179284162264,-3.353790838229922e-05,8.616142500935829e-05,-6.858380872258355e-05,-3.3762958174038586e-05,-0.00014654630787584087,-5.874260613568605e-05,4.306907039564118e-06,-4.180816287285752e-05,-2.267729383730863e-05,0.00011816816075129778,0.00018681894622377755,0.00016215127825205828,1.1522244519876173e-05,-6.866597309994693e-05,-0.00010148449146771214,6.714596191396598e-05,1.825906905776692e-05,-0.00032780445319112656,0.0006546456991832961,-0.0004882097930955724,0.0006071220712272859,-0.0002642234350515537,-0.0002802067561634714,0.00011205205895659148,8.359256413072517e-05,-0.0004323782845649471,2.8744706121564894e-05,-0.00022397786371098298,0.00021975941869043907,0.0005900953534173606,0.0007839960444925417,0.0002392932832749024,5.807095113357585e-05,-0.00020490661446557408,0.0007620484957897941,7.09473444131506e-05,-0.0010977383483561016,-0.0022178989169164155,-0.0002169819716278584,-0.0012316639805928288,-0.0022460541354168886,0.00040857711865147615,5.617104449713189e-05,-0.0009555211207463801,-0.001375970762226846,-0.0003886035763486291,0.0001635808895886083,0.0013683641131635323,0.001140799380902367,-0.00039170493593770363,0.000829223702206919,-0.00026254211510472387,9.063388229175513e-05,-9.156930773297496e-05,5.2142969603693155e-05,-4.6447899643694445e-05,0.0001201384350058907,5.893617925053012e-05,-0.00022454331398144968,-1.583555945343109e-05,7.980817264350098e-05,-0.00013290731781666533,6.600590662247076e-05,5.6915170141632486e-05,-9.756959823077316e-05,0.0009003875282076004,-0.000910953590247818,-0.0008415596214192922,0.0019633194955243874,-0.00036592235978582426,-0.0007349615571718922,9.345654816611716e-05,-0.0060582583889971404,0.006058258388997146,0.002256004512169522,-0.002259243736588371,-5.795837298658778e-05,-4.614031809571694e-05,-7.677666938357685e-05,-3.2883244554446806e-05,0.006843648792009891,0.006756533709384591,0.006316729733133802,0.0055230107652157415,0.005298800623264549,0.003134676624005037,0.003792335992179728,0.003529969555717312,0.0020292163116107814,0.0011623581165800265,0.003740395791612847,0.0018679972046984654,0.12040000000000002,0.11619994993164665,0.10780005170181878,0.007489885377548039,0.008178441788038563,0.005320345427418738,0.0030667857682379787,0.0020335028433301925
KXBTCMINY-27JAN01-50000.00,-0.0058213020202214595,0.005923198178003819,-0.00038138270444165083,0.0012224855952947262,-0.0006513144796721159,8.756868890956446e-05,-0.0013497365432665112,-0.0007161939046876902,0.0014183191487750994,-0.0010371003257162981,-0.002491309211904463,-0.0007702455927236853,0.0005287959889250341,0.0007058252516804195,-0.0007058252516803378,-0.0007411667448325376,0.00010589202083140765,0.000506395070486218,0.000205755835496615,0.000444504141195682,0.00015612247849820047,-0.0002544724499502071,-0.0007452007967400961,0.0009090066430028686,-0.0010663968003020948,-0.0003815407843581278,0.000530268301552897,0.0012689704061714909,0.00027897956358167953,-2.9160708631702544e-05,0.0007858658538314547,-0.0007858658538314573,0.0005706810268488208,7.968217905007465e-05,-0.0007339361336928709,0.0008418308498933673,0.0018469100107171119,-0.0028557242599426603,0.0028516316032116684,-0.0011964397716312022,-0.0016154778755970295,0.0012488413208030839,0.0016277254860879923,-0.0016277254860880056,0.000259331497290021,-0.0007928947901100237,0.0003670151155535738,-0.0027822897559354725,0.0001787584208977743,0.003442414925590117,-0.0028589021474774387,0.00035581283503501477,-0.00021375274687146967,-0.00021412361739267982,-0.0014154706876409412,0.0007132988185111367,-0.0006599322516185527,-0.00042620162652580234,-0.0016920477579278233,-0.0006707675380296424,-0.0018114934237937266,-0.001018834283874034,-0.0008130741109677443,0.0013062354587354986,-0.00011919700648068969,0.006361823926650837,-0.006361823926650847,-3.8734735149357444e-05,0.00010104743676550465,-7.96355805188625e-05,-3.855332997837723e-05,-0.00017146461546618713,-6.775501763275042e-05,5.398264529560171e-06,-4.966105634084002e-05,-2.6690096354620297e-05,0.00014039367605191944,0.00022106274967825129,0.0001918071990779696,1.395757161895572e-05,-8.085180298453367e-05,-0.00011983927507802194,8.042515592313159e-05,2.2010795898444465e-05,-0.0003868985920334575,0.0007711481786844144,-0.0005771991021058678,0.0007144757413261897,-0.0003131062230768795,-0.00033204175990665576,0.000131880313905087,9.729523298976374e-05,-0.0005115330325940227,3.262218771964869e-05,-0.0002668968384568983,0.0002605586552424403,0.0006908809424012351,0.0009152440194395669,0.00027742432621964295,6.322905175679739e-05,-0.00024969938109456095,0.0008926312490015726,8.386116711059948e-05,-0.0012910376582795993,-0.0026091480294263463,-0.0002548310629664555,-0.0014486679159216996,-0.002642291657587067,0.0004813236717609584,6.647760902733066e-05,-0.0011237263652464707,-0.0016184786130427247,-0.0004619755653106273,0.00018719645811486388,0.0016035700131157508,0.001335743407115585,-0.000466116600074373,0.0009691845792297934,-0.00031188709781828467,0.00010675876960354345,-0.00010786157410708173,6.236390797106906e-05,-5.4440739540320124e-05,0.00014242894143101873,7.044788075552766e-05,-0.000264178555743779,-1.841717495146074e-05,9.466831041453875e-05,-0.00015644329610326103,7.8400432188571e-05,6.760657582144543e-05,-0.00011749004668399238,0.0010561132605147355,-0.001071957679691542,-0.0009924573515745782,0.002306377286673187,-0.00043358658308891875,-0.000864385949949325,0.00010743792775570594,-0.007128856125299717,0.0071288561252997144,0.0026544952235910218,-0.0026583061140975214,-6.803058373283874e-05,-5.413665574497706e-05,-9.010569283661168e-05,-3.8737602545412455e-05,0.008053011800349582,0.007950500800909418,0.007432955711154762,0.006498946299299939,0.0062353096994619515,0.0036883584700413015,0.004462590732108156,0.004153811466846569,0.0023883039510623353,0.0013684439085974694,0.004401027178790583,0.0021976129119049346,0.11619994993164665,0.14109999999999998,0.13089992806570944,0.00881338573995917,0.009623580826643057,0.006260575803980456,0.003608588122595867,0.002392860421081914
KXBTCMINY-27JAN01-55000.00,-0.005830846886372495,0.005931405349530705,-0.00038254357833727114,0.001223577629322094,-0.0006527400011420067,8.711700966736733e-05,-0.0013520545477547223,-0.000717698887740574,0.0014198998221933129,-0.001039090277657132,-0.0024953227285497053,-0.0007718389767294787,0.000528981324847322,0.000706354468122156,-0.0007063544681221335,-0.0007409556306508783,0.00010531731808050614,0.0005054146546091321,0.00020504936769164016,0.0004429828144218013,0.00015540733656111512,-0.00025433505804747564,-0.0007446503737806295,0.0009078949922404894,-0.0010667409144637214,-0.0003823285972374864,0.0005285072500221053,0.001268791634719915,0.0002787514602299525,-2.935779209930828e-05,0.0007860112447461416,-0.0007860112447461353,0.0005910952884033566,9.265216343167773e-05,-0.0007201634594012182,0.0008631267018774435,0.0018706248040541039,-0.002859753036876182,0.0028556530318828545,-0.0011907981309118082,-0.0016100980405764466,0.001254978128475122,0.0016299309011250944,-0.0016299309011251044,0.00025958620894568445,-0.0007939460770443063,0.0003673779302603453,-0.0027865164685594414,0.00017912484513065335,0.0034477755096938775,-0.0028633186843387286,0.0003550571809612892,-0.00021852634291969842,-0.00021892562024358568,-0.001423857168688765,0.0007102999585001985,-0.0006664486576957551,-0.0004317697560690185,-0.001701088772075844,-0.0006768373677767327,-0.0018210612768451984,-0.0010273485363403337,-0.0008135982613937386,0.0013074568782017665,-0.00011958653311139565,0.006370963097059309,-0.006370963097059335,-3.970819642289484e-05,0.00010161271579888585,-8.108975883750285e-05,-4.010681880506665e-05,-0.00017293861917319918,-6.957601431900552e-05,5.023417719149285e-06,-4.919722205133479e-05,-2.672480719058008e-05,0.0001390501150475945,0.00021997506685003388,0.00019093969927168276,1.3516123316059472e-05,-8.091651265440864e-05,-0.00011953537741702458,7.890760806783447e-05,2.1434909750377928e-05,-0.0003860604448000193,0.0007712947304550185,-0.0005749476653887464,0.000715460765838704,-0.00031106329592925125,-0.0003298802216433837,0.00013203412858834375,9.866245222013605e-05,-0.0005091467765355979,3.404512939779843e-05,-0.00026346646333454463,0.0002586772110869061,0.0006973160318299679,0.000927818339461486,0.0002842162790795274,7.115752916680065e-05,-0.00023687885299870866,0.0009002692500153678,8.356276542967502e-05,-0.0012937607885453286,-0.002613841978865834,-0.0002557786935046604,-0.0014515836566585177,-0.0026470197216661635,0.000481414281141978,6.614854853014443e-05,-0.0011261544452473606,-0.0016216450348548385,-0.00045755244421387864,0.0001932636404823534,0.001613250807925147,0.0013450757798931044,-0.00046113514457872247,0.000977876284561988,-0.00030923310729548485,0.00010678233763933287,-0.00010788439209675025,6.130232787732297e-05,-5.469020510666015e-05,0.00014142494760281896,6.928907413431996e-05,-0.000264525888900819,-1.8628001861846423e-05,9.396628993135447e-05,-0.00015651884631573306,7.770602103271327e-05,6.701571104987812e-05,-0.00011439332385391398,0.0010618000053877186,-0.0010733931101151216,-0.0009912415788844026,0.0023145166294052145,-0.0004305710175443862,-0.0008660768162961298,0.00011067987423035938,-0.007139476000844327,0.00713947600084432,0.0026586524555063554,-0.0026624698925927634,-6.833375881596805e-05,-5.4412969929125616e-05,-9.053145473841831e-05,-3.874068630053944e-05,0.008065063510098886,0.007962400420073868,0.00744410471261594,0.006508730233041712,0.006244485841812426,0.003694160192417872,0.004469161179932101,0.004159972898096295,0.002391271768591468,0.0013696761153776048,0.004408026036387245,0.002201479187078303,0.10780005170181878,0.13089992806570944,0.1771,0.008826641310209151,0.009638114782651223,0.006269915149399809,0.0036140999728959686,0.0023964479601188996
KXBTCMAXY-26DEC31-99999.99,0.002165338983034726,-0.002202636692969993,0.0001421303769630667,0.0008848546232700256,-0.0004716359629529413,6.322550765446575e-05,-0.0009771448276605884,-0.0005185613541486334,0.001026979882601775,-0.0007510245700033276,-0.0018038906178812148,-0.0005577631421952963,0.0003827106022502606,0.002501384263753754,-0.0025013842637537473,-0.0008959559217307032,0.00012653265579590098,0.000609897377252388,0.00024697886742061984,0.0005336145822044415,0.00018692003195089845,-0.00030747451694261487,-0.0008999473346332676,0.001096528417843421,-0.001290786051074389,-0.00046358782329726,0.0006367209764894745,0.0015343604763601107,0.0003368013710639486,-3.582852447722046e-05,0.00048234182734184614,-0.00048234182734184863,-2.8463193632974446e-05,-2.772846264204861e-06,4.143189416424311e-05,-4.304961087163495e-05,-9.725375319865587e-05,0.003961762807946138,-0.003956082399225633,4.419238698037006e-05,5.8574175410506594e-05,-3.9901596259787214e-05,-0.0027683567125030314,0.0027683567125030423,0.0008501960464707087,-0.002601076364079192,0.0012032376096970917,-0.000555835241096601,3.561919613376759e-05,0.0006875054885087437,-0.0005712877736670831,-3.139157044172485e-05,1.8885008482000902e-05,1.8918376659596864e-05,0.0001249309008861236,-6.290222461166102e-05,5.826055102303432e-05,3.763284587711707e-05,0.00014933526805276925,5.921413075443077e-05,0.00015987781115212344,8.993834874322624e-05,-0.00020051109873575086,0.0003223498032208577,-2.957148997464435e-05,0.0007124468585777369,-0.0007124468585777617,0.0004914075309369871,-0.0012360665395826905,0.0009975343154582795,0.0005032293388077262,0.0021096961193752817,0.0008624150358120994,-3.1860309924149194e-05,0.0003273262544541504,0.00017916936905849459,-0.0009249965301880148,-0.001468064455782309,-0.001274610074720514,-8.850568764992927e-05,0.0005421777674747626,0.000799138832353697,-0.0005213094088792593,-0.00014084256766871652,-0.0008552380731571439,0.001712598505011832,-0.0004708254548910347,0.0005886085524041348,-0.00025413768547972396,-0.0002695114391837179,0.00010854340523246192,8.204305716501877e-05,-0.0004166526884552276,2.8984860558856114e-05,-0.00021401063389652722,0.00021110931918166245,-1.16251635031609e-05,-1.8210509842301715e-05,-7.190738235147312e-06,-5.319055507226275e-06,-3.976929337038467e-06,-1.4699979775255923e-05,-6.1158150182436795e-06,9.288678059249809e-05,0.00018791916738202834,1.8248406286069135e-05,0.0001042592982564833,0.00019031543352592158,-3.487218109185216e-05,-4.864074212965631e-06,8.08391626325099e-05,0.00011650333626630867,-0.0003359162125860775,0.00014542863911893024,0.0011956777272139987,0.0009975319691468087,-0.00033818542438059616,0.0007261089423307877,-0.00022756778119400488,-0.0008389330183395482,0.0008475873201566092,1.4138144201964127e-05,-1.2812675360977993e-05,3.2974074800724486e-05,1.5982681686539557e-05,-6.207349387100716e-05,-4.3460716322894974e-06,2.1929727909987385e-05,-3.665489117586723e-05,1.8115247565168224e-05,1.563905320428873e-05,-6.066130711037426e-05,0.0005709985130349508,-0.0005768166319185908,-0.0005316164414305184,0.0012436826596674442,-0.00023024988098183034,-0.00046571734912465474,6.0166579093714394e-05,0.0018154912960403069,-0.0018154912960403006,0.00033638883943273563,-0.0003368721306186702,8.986200352368521e-05,7.158642884905264e-05,0.00011907808100525314,5.084735382313137e-05,-0.0006906399806374388,-0.0006818455569776764,-0.0006374534023974503,-0.0005573477349787347,-0.0005347689726415935,-0.0003162800797437551,-0.0003827291611104207,-0.00035625267954439985,-0.0020943091146677266,-0.001199238628729463,0.0020281223621180493,0.0010131025001738332,0.007489885377548039,0.00881338573995917,0.008826641310209151,0.18240000000000003,0.09119977844869297,0.05319956046929501,0.0455991512378854,0.015199907597086029
KXBTCMAXY-26DEC31-119999.99,0.0023634320615668813,-0.0024067004630815084,0.00015453523559980922,0.0009684718428956846,-0.0005115858255095022,7.191771480460504e-05,-0.0010628756677416077,-0.0005625815351121987,0.0011242499143087697,-0.0008167928279993921,-0.001965879337573107,-0.000605689797448763,0.0004206273074839167,0.0027292120237333494,-0.0027292120237333573,-0.0009765906616915972,0.0001368539574493373,0.0006631883368588068,0.00026796598464603886,0.0005791517698760869,0.00020246529762350986,-0.000335169659557054,-0.000980422747473481,0.0011934918328856171,-0.0014078453949310933,-0.0005067394072493453,0.0006911777870727408,0.0016721963532971666,0.00036662008860316616,-3.955263313913161e-05,0.0005242159286473871,-0.000524215928647379,-8.828656288311147e-06,1.1668317707479829e-05,6.215824419472638e-05,-2.4240122392162518e-05,-8.236150048668501e-05,0.004325536615777715,-0.004319338966889283,6.801579706430303e-05,8.393445759631854e-05,-2.6688773475345573e-05,-0.00302276650410456,0.0030227665041045663,0.000928410294783754,-0.0028402465226208262,0.0013139266167824554,-0.000608155380149484,3.8289643370779e-05,0.0007508735894615687,-0.0006256579208707473,-3.5253211123309925e-05,1.6991353101136377e-05,1.700381545165655e-05,0.0001313071416876088,-7.201346442827625e-05,5.911142025873699e-05,3.710168188894015e-05,0.00015776143818748074,6.052825366453661e-05,0.00016898730718120376,9.249844172684229e-05,-0.00021857910465927286,0.000351556241497477,-3.233589090737953e-05,0.0007782613598327034,-0.0007782613598326861,0.0005344630446874351,-0.001348871130449774,0.0010861982143227453,0.0005457416657660824,0.0023009213029595897,0.0009376805757890175,-3.511300657510172e-05,0.000358043790853789,0.00019572822000980987,-0.0010117673348491738,-0.0016047086552578023,-0.00139315383311208,-9.712169874266824e-05,0.0005922012865819351,0.0008732883231879945,-0.0005708518687656691,-0.0001543787915311631,-0.0009330152839822567,0.0018695147921795343,-0.0005124113721056403,0.0006421625421253225,-0.00027624055479825874,-0.00029293467234524394,0.00011808863004418825,8.995144329975826e-05,-0.0004532510305651147,3.211708818399403e-05,-0.00023182709167191684,0.00022891471591424497,-1.6086705699152084e-05,-3.100425311579063e-05,-1.4459988560303697e-05,-1.4624036262820862e-05,-1.819448204454507e-05,-1.9978965594780326e-05,-7.055796006602167e-06,0.00010028864591633395,0.0002039775345200212,1.9228261714793645e-05,0.00011274072272647999,0.00020662696181824854,-3.896200028312648e-05,-5.698586575611259e-06,8.722589535577375e-05,0.00012610646412925604,-0.0003709674828633996,0.00015474748961629868,0.0013018439998491909,0.0010854253941050126,-0.0003732648616775445,0.0007889125334396744,-0.00025285832044999793,-0.0009163486600411073,0.0009258014061480785,1.4892369293391517e-05,-1.3970265183310393e-05,3.549804989014951e-05,1.6843149827277146e-05,-6.767163654323655e-05,-4.720901039942034e-06,2.363543480905783e-05,-3.985020194337746e-05,1.9481566858694457e-05,1.6842968970973183e-05,-7.118089548093003e-05,0.0006184404488396235,-0.0006347802517512155,-0.0005858439976780029,0.0013533019614428046,-0.00025681877724630374,-0.0005129317938307827,6.148756324792237e-05,0.001981587173709006,-0.0019815871737090002,0.00036842540916392743,-0.0003689553471371243,9.77255797232798e-05,7.763058678141446e-05,0.00012931113719399212,5.565263588673296e-05,-0.0007542296156577224,-0.0007446159604480346,-0.0006961076068030601,-0.0006086082025024968,-0.0005841045645864787,-0.0003452017087871523,-0.00041801815780182703,-0.0003891242866852131,-0.002287002637915918,-0.0013096867166157947,0.002214941594100385,0.0011067769095198905,0.008178441788038563,0.009623580826643057,0.009638114782651223,0.09119977844869297,0.10559999999999999,0.06160006826524701,0.052797933893010796,0.01760027716412603
KXBTCMAXY-26DEC31-129999.99,0.0015368815965466792,-0.001566548029309102,0.00010016580425959371,0.0006329248163431392,-0.0003284256589795914,5.047796117410436e-05,-0.0006861652471919764,-0.0003612872975206415,0.0007350106524168,-0.0005271399608267231,-0.0012739123251095785,-0.0003897178038208194,0.0002771332498751174,0.001775010223215036,-0.0017750102232150353,-0.0006349348018050941,8.847186426810987e-05,0.0004304404105439053,0.00017364844265212276,0.00037549978047089034,0.00013105014001063732,-0.00021800776792085195,-0.0006372622010525455,0.0007751095680099973,-0.0009155260352250172,-0.0003299544706386233,0.00044819879360310605,0.0010867232509686143,0.00023801468046749972,-2.6006614300103876e-05,0.00034065977092550897,-0.0003406597709255058,5.158989024432467e-07,1.2105634748519103e-05,4.5556912298120466e-05,-9.494335996649456e-06,-4.7002981707771297e-05,0.0028139336333410352,-0.0028099047032054455,4.849897486623649e-05,5.8915347008752497e-05,-1.383070903074313e-05,-0.0019663423326917477,0.0019663423326917555,0.0006041743019501288,-0.001847851981609399,0.0008550474203969684,-0.000396387444016689,2.4440352679129956e-05,0.0004884399076098445,-0.00040813272150860694,-2.297690765992332e-05,1.0431531174764811e-05,1.0433039833104209e-05,8.44699417773948e-05,-4.740887028618555e-05,3.765619044599772e-05,2.3473551513125632e-05,0.0001016344037819039,3.863858577614286e-05,0.00010887628892833925,5.913203450788029e-05,-0.00014256090879123307,0.00022906836527799635,-2.0883190762017212e-05,0.0005062382896791307,-0.0005062382896791348,0.0003467993037233921,-0.0008772144459216493,0.0007053666921961424,0.0003532998342774817,0.0014957393826680121,0.0006082899140633266,-2.2771093041720483e-05,0.00023291047331055998,0.00012736677089048563,-0.0006581102819514717,-0.0010438721425101208,-0.0009062532715165548,-6.314283095778237e-05,0.0003852869970624315,0.0005681356411364023,-0.00037117804852260667,-0.00010035690925479037,-0.0006067515414350821,0.0012160247007268203,-0.0003339806701149155,0.00041743062865043113,-0.00018028993323820184,-0.0001911705597742414,7.652672789523651e-05,5.806705896640046e-05,-0.00029550831253253836,2.042410534830187e-05,-0.00015172903017289562,0.00014907346495110144,-9.906284325294516e-06,-1.9825004595034755e-05,-9.267941690195377e-06,-9.465675366233538e-06,-1.1557037072938835e-05,-1.2351825682342648e-05,-4.372072465253231e-06,6.544104180867719e-05,0.00013285156029793773,1.2707652412926162e-05,7.351632533043317e-05,0.00013457582984048586,-2.5171426042606413e-05,-3.4893895344105212e-06,5.694548754622852e-05,8.220580985755227e-05,-0.00024917042805385907,9.240433843815075e-05,0.0008377249547247324,0.0006968488481649722,-0.00025093678660077095,0.0005039083753896922,-0.00017102015243906368,-0.0005961664693829526,0.000602315435413852,9.395070242173705e-06,-9.177540888743158e-06,2.279151745361604e-05,1.063919532967503e-05,-4.407168130176092e-05,-3.154090240163469e-06,1.515244108529511e-05,-2.5946607257343276e-05,1.245709580113856e-05,1.076517674311361e-05,-4.771107202396399e-05,0.00040069989034059256,-0.0004134383979204771,-0.00038241586839434546,0.0008786459812998049,-0.000168615560603788,-0.00033386668948387683,3.870552860513046e-05,0.0012889940314573817,-0.0012889940314573846,0.00023989786784985072,-0.00024024247667909747,6.339590693236422e-05,5.0165234862214615e-05,8.371284701291753e-05,3.628780734536045e-05,-0.0004906383460032159,-0.00048438302971651485,-0.0004528357123576521,-0.00039593553346531157,-0.0003798837599305586,-0.00022470799005160167,-0.0002718558468626219,-0.00025311823071546993,-0.0014877279865313543,-0.0008519016169536957,0.0014410044374587932,0.0007201781726276829,0.005320345427418738,0.006260575803980456,0.006269915149399809,0.05319956046929501,0.06160006826524701,0.0651,0.05579698870726117,0.018600343069342273
KXBTCMAXY-26DEC31-139999.99,0.0008882420254979351,-0.0008993673273292016,5.924718045684651e-05,0.00035679157259541647,-0.0002014198776085657,1.887692697682989e-05,-0.00041009350824161426,-0.0002212273143885954,0.0004135640140219833,-0.0003154967927861198,-0.0007480051708874385,-0.00023654295973395497,0.00015005278513287822,0.001026586894341818,-0.0010265868943418281,-0.00036884360139610836,5.3645830333728714e-05,0.00025338605675332554,0.0001034656214731522,0.00022313838173122828,7.87887580291523e-05,-0.00012644465607531633,-0.00037114564355066656,0.00045396258980712304,-0.0005303413147289269,-0.00018897951116042964,0.000266067610289226,0.000632440932521305,0.00013950603707134888,-1.3955066581910623e-05,0.0002001084002677348,-0.00020010840026773172,-3.900361396483498e-05,-1.9659588201633643e-05,-4.26804240114043e-06,-4.5453251581076094e-05,-6.895879033220779e-05,0.001622500229103218,-0.0016201664601177266,-4.685931017878596e-06,9.251398375180464e-07,-3.558585399232318e-05,-0.0011336666958127908,0.0011336666958127863,0.00034781325944511837,-0.0010647699523775949,0.000492252527787466,-0.0002255864769151068,1.5684402945471942e-05,0.00028138888465405366,-0.00023092096521043436,-1.1926329717075705e-05,1.1740612359423122e-05,1.1783807798172441e-05,5.688845282415049e-05,-2.209174497477132e-05,2.8862275529816877e-05,1.979059745756954e-05,6.71096778047881e-05,2.8842512783195665e-05,7.175692687352752e-05,4.320746522134015e-05,-8.197907098413931e-05,0.0001319195005880693,-1.2251118002126193e-05,0.00029150784607927683,-0.0002915078460792647,0.0002041569135287997,-0.0005071742186415298,0.0004126360435927379,0.00021145151625957803,0.0008675474762906456,0.00035873267469649036,-1.2844302951567576e-05,0.00013348463261489397,7.323884015704622e-05,-0.00037731015066657547,-0.0005996795475330968,-0.0005207411074189271,-3.58616795795447e-05,0.00022179246764840663,0.00032657287817539147,-0.0002122409250889118,-5.723503507015936e-05,-0.0003512045340016112,0.0007019101644698601,-0.00019351682961469966,0.00024188014707854803,-0.000104470961891867,-0.00011082345258674154,4.5179209756625015e-05,3.3806320805781274e-05,-0.00017132616800909954,1.2015349691236748e-05,-8.817359203695334e-05,8.767151395008051e-05,-2.920978507259418e-06,9.072223704896909e-07,2.1291995906747544e-06,4.809684757734374e-06,9.030090836832424e-06,-3.890201355050094e-06,-2.437545407897875e-06,3.8787745271518774e-05,7.782062020869691e-05,7.842385101674085e-06,4.344491476608602e-05,7.877208348253126e-05,-1.3715290449251642e-05,-1.9163124059880417e-06,3.3771046532603765e-05,4.84681838548145e-05,-0.00012440433160876128,7.308533075046632e-05,0.000503941245347201,0.00042296633833843934,-0.00012516637753500447,0.00031201129679141496,-8.144551790709299e-05,-0.0003431865010596407,0.0003467279609018432,6.643337005990474e-06,-5.157520294614019e-06,1.4336113808466662e-05,7.4865044132670035e-06,-2.5460458058816528e-05,-1.700309950494983e-06,9.537838068655767e-06,-1.5144307498344197e-05,7.956860831075164e-06,6.853141597496865e-06,-1.8680998190875098e-05,0.00024031158228850194,-0.00023114254160335685,-0.00021126965951116084,0.0005155740800652294,-8.753535947197022e-05,-0.00018650267124090608,2.999791071022242e-05,0.0007441719529182463,-0.0007441719529182436,0.00013650030653878563,-0.00013669643876039684,3.735830197011234e-05,3.0189857531108922e-05,4.987828576438293e-05,2.060282032388523e-05,-0.00028271851179832795,-0.0002791283728936075,-0.00026097119153122234,-0.00022817131150929508,-0.0002189307216833835,-0.00012946378124456786,-0.0001567168307915564,-0.0001457899050255973,-0.0008574245669718452,-0.0004909564174450744,0.0008299584865091052,0.0004141162013635235,0.0030667857682379787,0.003608588122595867,0.0036140999728959686,0.0455991512378854,0.052797933893010796,0.05579698870726117,0.05639999999999999,0.018798671933241314
KXBTCMAXY-26DEC31-199999.99,0.0005871262673547082,-0.0005992015584159781,3.808622511709124e-05,0.00024252397168363706,-0.0001246098031169166,2.0069363160004104e-05,-0.0002611557320279232,-0.00013710410864214208,0.00028170123513028236,-0.0002005971895773808,-0.0004858694148095612,-0.00014805241622641263,0.00010666066502290655,0.0006778687359412403,-0.0006778687359412447,-0.00024220477913257588,3.345760468132937e-05,0.00016376074303670139,6.590173569866667e-05,0.0001425595159494286,4.964198385217736e-05,-8.316780589742744e-05,-0.00024295044458178577,0.0002952062107525378,-0.00034948491529285453,-0.00012625745478967012,0.0001701930925286938,0.00041447882626675177,9.066027150397585e-05,-1.0056661626521168e-05,0.00012953950556191077,-0.00012953950556192362,6.2944241739747475e-06,8.653738488771562e-06,2.2048639171676544e-05,2.6098052078062173e-06,-1.1434713483907574e-05,0.0010754141805772897,-0.0010738756725958201,2.396588540267374e-05,2.8012823373562286e-05,-6.967170034068877e-07,-0.0007515451220836102,0.0007515451220836088,0.00023093795367197712,-0.000706285832479841,0.0003268300491873195,-0.00015183512257163135,9.178817153002865e-06,0.00018673429765032534,-0.00015649510283928612,-9.055853533315244e-06,2.9715304228631214e-06,2.9653996295610605e-06,3.085501161161038e-05,-1.9051039365750864e-05,1.3131823608463276e-05,7.854697034576864e-06,3.736106720331239e-05,1.361237718190607e-05,4.004891055250332e-05,2.1003464243701887e-05,-5.438817249967213e-05,8.743580473781528e-05,-7.995085539284207e-06,0.00019356751281212004,-0.0001935675128121195,0.00013197696794065814,-0.00033505880946518244,0.00026877694196958873,0.00013401989176582176,0.0005709542819113636,0.0002314081387025369,-8.792134652935911e-06,8.919088589774749e-05,4.870413263270205e-05,-0.00025200827856708044,-0.00039943612290818024,-0.00034675106192425074,-2.4264346871972955e-05,0.00014730913749424836,0.00021733233594178945,-0.0001423096140672316,-3.851811524547027e-05,-0.00023166410975149692,0.0004646252869499784,-0.0001271831452902237,0.00015939971993159113,-6.855993646498468e-05,-7.269311389233776e-05,2.91339566779524e-05,2.2298590896320998e-05,-0.00011247624808216374,7.938756080292901e-06,-5.74767571288846e-05,5.6538230650585714e-05,-4.454383748302911e-06,-1.0043231565323018e-05,-5.019799086705082e-06,-5.616203878604734e-06,-7.519138032309467e-06,-5.493358628985937e-06,-1.7705267346467785e-06,2.471061112246526e-05,5.0454516378558364e-05,4.672168598694651e-06,2.78060779382428e-05,5.112230573355844e-05,-9.855394047281915e-06,-1.4357125882327107e-06,2.1488119133601623e-05,3.112628144479938e-05,-9.633211342641263e-05,3.4257144813986e-05,0.00031921439932816955,0.00026535471853237,-9.695631873452643e-05,0.00019157314218928867,-6.652529866628036e-05,-0.00022794144912858838,0.0002302924490744592,3.431523680815155e-06,-3.503931582531265e-06,8.55962080531754e-06,3.888914999946369e-06,-1.681384151629055e-05,-1.2014270885950549e-06,5.697350857969519e-06,-9.867445171663674e-06,4.6706827840037585e-06,4.042968082175124e-06,-1.963686731612718e-05,0.00015171869024864878,-0.00015941557837830238,-0.00014768013317684425,0.00033448903831910753,-6.597859857873698e-05,-0.00012885183074143748,1.3600052296652125e-05,0.000492461828634665,-0.0004924618286346622,9.198312664719714e-05,-9.211541406768095e-05,2.4124544546032504e-05,1.903006348443294e-05,3.180511649985561e-05,1.390492871005111e-05,-0.00018755351695634156,-0.00018515989912518133,-0.00017309297604760468,-0.00015133734957149564,-0.0001452414781076111,-8.584584477693217e-05,-0.00010393366466680549,-9.67764340838443e-05,-0.0005686802053929532,-0.00032567101466358136,0.0005508746500128994,0.0002754119216039346,0.0020335028433301925,0.002392860421081914,0.0023964479601188996,0.015199907597086029,0.01760027716412603,0.018600343069342273,0.018798671933241314,0.0196
