ticker,ts,close,volume,date
KXFEDDECISION-26SEP-H0,1781150400,0.76,269.95,2026-06-11
KXFEDDECISION-26SEP-H0,1781236800,0.8,2.46,2026-06-12
KXFEDDECISION-26SEP-H0,1781323200,0.79,110.64,2026-06-13
KXFEDDECISION-26SEP-H0,1781409600,0.76,3.06,2026-06-14
KXFEDDECISION-26SEP-H0,1781496000,0.76,450.98,2026-06-15
KXFEDDECISION-26SEP-H0,1781582400,0.8,252.7,2026-06-16
KXFEDDECISION-26SEP-H0,1781668800,0.71,1761.36,2026-06-17
KXFEDDECISION-26SEP-H0,1781755200,0.5,3458.61,2026-06-18
KXFEDDECISION-26SEP-H0,1781841600,0.53,452.02,2026-06-19
KXFEDDECISION-26SEP-H0,1781928000,0.53,23.8,2026-06-20
KXFEDDECISION-26SEP-H0,1782014400,0.53,182.66,2026-06-21
KXFEDDECISION-26SEP-H0,1782100800,0.53,55.78,2026-06-22
KXFEDDECISION-26SEP-H0,1782187200,0.61,202.78,2026-06-23
KXFEDDECISION-26SEP-H0,1782273600,0.56,89.0,2026-06-24
KXFEDDECISION-26SEP-H0,1782360000,0.56,269.36,2026-06-25
KXFEDDECISION-26SEP-H0,1782446400,0.59,20.0,2026-06-26
KXFEDDECISION-26SEP-H0,1782532800,0.61,648.36,2026-06-27
KXFEDDECISION-26SEP-H0,1782619200,0.61,257.57,2026-06-28
KXFEDDECISION-26SEP-H0,1782705600,0.61,251.59,2026-06-29
KXFEDDECISION-26SEP-H0,1782792000,0.61,268.09,2026-06-30
KXFEDDECISION-26SEP-H0,1782878400,0.64,405.03,2026-07-01
KXFEDDECISION-26SEP-H0,1782964800,0.63,38.68,2026-07-02
KXFEDDECISION-26SEP-H0,1783051200,0.68,1676.42,2026-07-03
KXFEDDECISION-26SEP-H0,1783137600,0.68,1044.59,2026-07-04
KXFEDDECISION-26SEP-H0,1783224000,0.68,200.0,2026-07-05
KXFEDDECISION-26SEP-H0,1783310400,0.68,219.61,2026-07-06
KXFEDDECISION-26SEP-H0,1783396800,0.68,766.0,2026-07-07
KXFEDDECISION-26SEP-H0,1783483200,,0.0,2026-07-08
KXFEDDECISION-26SEP-H0,1783569600,0.56,3992.35,2026-07-09
KXFEDDECISION-26SEP-H0,1783656000,0.63,1689.44,2026-07-10
KXFEDDECISION-26SEP-H0,1783742400,0.66,286.88,2026-07-11
KXFEDDECISION-26SEP-H0,1783828800,0.59,179.92,2026-07-12
KXFEDDECISION-26SEP-H0,1783915200,0.58,34.44,2026-07-13
KXFEDDECISION-26SEP-H0,1784001600,0.37,3211.0,2026-07-14
KXFEDDECISION-26SEP-H0,1784088000,0.59,1646.2,2026-07-15
KXFEDDECISION-26SEP-H0,1784174400,0.63,1795.31,2026-07-16
KXFEDDECISION-26SEP-H0,1784260800,0.66,2069.48,2026-07-17
KXFEDDECISION-26SEP-H0,1784347200,0.64,1238.84,2026-07-18
KXFEDDECISION-26SEP-H0,1784433600,0.62,1582.21,2026-07-19
KXFEDDECISION-26SEP-H0,1784520000,0.62,1473.63,2026-07-20
KXFEDDECISION-26SEP-H0,1784606400,0.58,818.4,2026-07-21
KXFEDDECISION-26SEP-H0,1784692800,0.46,2566.01,2026-07-22
KXFEDDECISION-26SEP-H0,1784779200,0.49,1141.17,2026-07-23
KXFEDDECISION-26SEP-H0,1784865600,0.44,4855.93,2026-07-24
KXFEDDECISION-26SEP-H0,1784952000,0.43,1407.75,2026-07-25
KXFEDDECISION-26SEP-H0,1785038400,0.46,622.21,2026-07-26
KXFEDDECISION-26SEP-H0,1785124800,0.44,2454.35,2026-07-27
KXFEDDECISION-26SEP-H0,1785211200,0.42,2118.55,2026-07-28
KXFEDDECISION-26SEP-H0,1785297600,0.42,12573.86,2026-07-29
KXFEDDECISION-26SEP-H0,1785384000,0.46,91578.47,2026-07-30
KXFEDDECISION-26SEP-H0,1785470400,0.45,78745.97,2026-07-31
KXFEDDECISION-26SEP-H0,1785556800,0.42,43711.29,2026-08-01
KXFEDDECISION-26SEP-H0,1785643200,0.42,40102.38,2026-08-02
KXFEDDECISION-26SEP-H0,1785729600,0.42,18977.52,2026-08-03
KXFEDDECISION-26SEP-H0,1785816000,0.42,45326.74,2026-08-04
KXFEDDECISION-26SEP-H0,1785902400,0.5,121182.67,2026-08-05
KXFEDDECISION-26SEP-H0,1785988800,0.52,110067.7,2026-08-06
KXFEDDECISION-26SEP-H0,1786075200,0.49,317806.43,2026-08-07
KXFEDDECISION-26SEP-H0,1786161600,0.64,601662.37,2026-08-08
KXFEDDECISION-26SEP-H0,1786248000,0.66,84029.63,2026-08-09
KXFEDDECISION-26SEP-H0,1786334400,0.65,48227.21,2026-08-10
KXFEDDECISION-26SEP-H0,1786420800,0.55,387957.34,2026-08-11
KXFEDDECISION-26SEP-H0,1786507200,0.63,594031.55,2026-08-12
KXFEDDECISION-26SEP-H0,1786593600,0.67,448083.26,2026-08-13
KXFEDDECISION-26SEP-H0,1786680000,0.71,467713.28,2026-08-14
KXFEDDECISION-26SEP-H0,1786766400,0.73,292618.74,2026-08-15
KXFEDDECISION-26SEP-H0,1786852800,0.73,119342.06,2026-08-16
KXFEDDECISION-26SEP-H0,1786939200,0.73,27717.44,2026-08-17
KXFEDDECISION-26SEP-H0,1787025600,0.72,225092.62,2026-08-18
KXFEDDECISION-26SEP-H0,1787112000,0.7,70400.68,2026-08-19
KXFEDDECISION-26SEP-H0,1787198400,0.73,169392.13,2026-08-20
KXFEDDECISION-26SEP-H0,1787284800,0.69,131690.34,2026-08-21
KXFEDDECISION-26SEP-H0,1787371200,0.67,253835.62,2026-08-22
KXFEDDECISION-26SEP-H0,1787457600,0.68,62725.42,2026-08-23
KXFEDDECISION-26SEP-H0,1787544000,0.68,13981.55,2026-08-24
KXFEDDECISION-26SEP-H0,1787630400,0.66,600858.9,2026-08-25
KXFEDDECISION-26SEP-H0,1787716800,0.66,256512.31,2026-08-26
KXFEDDECISION-26SEP-H0,1787803200,0.69,114109.06,2026-08-27
KXFEDDECISION-26SEP-H0,1787889600,0.7,120552.46,2026-08-28
KXFEDDECISION-26SEP-H0,1787976000,0.55,1505094.35,2026-08-29
KXFEDDECISION-26SEP-H0,1788062400,0.53,358722.51,2026-08-30
KXFEDDECISION-26SEP-H0,1788148800,0.47,473031.76,2026-08-31
KXFEDDECISION-26SEP-H0,1788235200,0.42,1228662.6,2026-09-01
KXFEDDECISION-26SEP-H0,1788321600,0.39,995718.04,2026-09-02
KXFEDDECISION-26SEP-H0,1788408000,0.45,407218.02,2026-09-03
KXFEDDECISION-26SEP-H0,1788494400,0.57,1877393.48,2026-09-04
KXFEDDECISION-26SEP-H0,1788580800,0.48,1125756.37,2026-09-05
KXFEDDECISION-26SEP-H0,1788667200,0.49,283565.88,2026-09-06
KXFEDDECISION-26SEP-H0,1788753600,0.49,390478.77,2026-09-07
KXFEDDECISION-26SEP-H0,1788840000,0.47,413212.64,2026-09-08
KXFEDDECISION-26SEP-H25,1781150400,0.16,771.92,2026-06-11
KXFEDDECISION-26SEP-H25,1781236800,0.2,45.16,2026-06-12
KXFEDDECISION-26SEP-H25,1781323200,0.2,1044.76,2026-06-13
KXFEDDECISION-26SEP-H25,1781409600,0.2,56.79,2026-06-14
KXFEDDECISION-26SEP-H25,1781496000,0.16,1991.83,2026-06-15
KXFEDDECISION-26SEP-H25,1781582400,0.16,1960.23,2026-06-16
KXFEDDECISION-26SEP-H25,1781668800,0.11,3333.2,2026-06-17
KXFEDDECISION-26SEP-H25,1781755200,0.39,5090.97,2026-06-18
KXFEDDECISION-26SEP-H25,1781841600,0.41,6407.47,2026-06-19
KXFEDDECISION-26SEP-H25,1781928000,0.38,2.82,2026-06-20
KXFEDDECISION-26SEP-H25,1782014400,0.38,223.04,2026-06-21
KXFEDDECISION-26SEP-H25,1782100800,0.38,27.79,2026-06-22
KXFEDDECISION-26SEP-H25,1782187200,0.43,627.62,2026-06-23
KXFEDDECISION-26SEP-H25,1782273600,0.41,597.43,2026-06-24
KXFEDDECISION-26SEP-H25,1782360000,0.42,3899.79,2026-06-25
KXFEDDECISION-26SEP-H25,1782446400,0.37,2171.97,2026-06-26
KXFEDDECISION-26SEP-H25,1782532800,0.39,926.81,2026-06-27
KXFEDDECISION-26SEP-H25,1782619200,0.34,18.12,2026-06-28
KXFEDDECISION-26SEP-H25,1782705600,,0.0,2026-06-29
KXFEDDECISION-26SEP-H25,1782792000,0.34,85.68,2026-06-30
KXFEDDECISION-26SEP-H25,1782878400,0.3,531.39,2026-07-01
KXFEDDECISION-26SEP-H25,1782964800,0.38,132.16,2026-07-02
KXFEDDECISION-26SEP-H25,1783051200,0.3,149.37,2026-07-03
KXFEDDECISION-26SEP-H25,1783137600,0.29,593.28,2026-07-04
KXFEDDECISION-26SEP-H25,1783224000,0.29,387.44,2026-07-05
KXFEDDECISION-26SEP-H25,1783310400,0.27,6.0,2026-07-06
KXFEDDECISION-26SEP-H25,1783396800,0.28,5288.78,2026-07-07
KXFEDDECISION-26SEP-H25,1783483200,0.28,279.47,2026-07-08
KXFEDDECISION-26SEP-H25,1783569600,0.34,1231.0,2026-07-09
KXFEDDECISION-26SEP-H25,1783656000,0.34,134.03,2026-07-10
KXFEDDECISION-26SEP-H25,1783742400,0.31,1282.64,2026-07-11
KXFEDDECISION-26SEP-H25,1783828800,0.32,2.0,2026-07-12
KXFEDDECISION-26SEP-H25,1783915200,0.39,201.0,2026-07-13
KXFEDDECISION-26SEP-H25,1784001600,0.48,4277.09,2026-07-14
KXFEDDECISION-26SEP-H25,1784088000,0.41,5245.39,2026-07-15
KXFEDDECISION-26SEP-H25,1784174400,0.3,5676.52,2026-07-16
KXFEDDECISION-26SEP-H25,1784260800,0.34,1906.52,2026-07-17
KXFEDDECISION-26SEP-H25,1784347200,0.36,536.68,2026-07-18
KXFEDDECISION-26SEP-H25,1784433600,0.37,3132.16,2026-07-19
KXFEDDECISION-26SEP-H25,1784520000,0.38,743.64,2026-07-20
KXFEDDECISION-26SEP-H25,1784606400,0.41,2912.04,2026-07-21
KXFEDDECISION-26SEP-H25,1784692800,0.49,5335.14,2026-07-22
KXFEDDECISION-26SEP-H25,1784779200,0.45,164.65,2026-07-23
KXFEDDECISION-26SEP-H25,1784865600,0.48,2213.56,2026-07-24
KXFEDDECISION-26SEP-H25,1784952000,0.49,7550.72,2026-07-25
KXFEDDECISION-26SEP-H25,1785038400,0.49,224.28,2026-07-26
KXFEDDECISION-26SEP-H25,1785124800,0.49,2222.29,2026-07-27
KXFEDDECISION-26SEP-H25,1785211200,0.5,8570.71,2026-07-28
KXFEDDECISION-26SEP-H25,1785297600,0.55,5070.22,2026-07-29
KXFEDDECISION-26SEP-H25,1785384000,0.52,174935.89,2026-07-30
KXFEDDECISION-26SEP-H25,1785470400,0.52,80145.16,2026-07-31
KXFEDDECISION-26SEP-H25,1785556800,0.57,73163.79,2026-08-01
KXFEDDECISION-26SEP-H25,1785643200,0.57,30701.33,2026-08-02
KXFEDDECISION-26SEP-H25,1785729600,0.57,28948.36,2026-08-03
KXFEDDECISION-26SEP-H25,1785816000,0.55,16783.04,2026-08-04
KXFEDDECISION-26SEP-H25,1785902400,0.47,77770.39,2026-08-05
KXFEDDECISION-26SEP-H25,1785988800,0.47,45762.66,2026-08-06
KXFEDDECISION-26SEP-H25,1786075200,0.5,62571.76,2026-08-07
KXFEDDECISION-26SEP-H25,1786161600,0.35,247885.81,2026-08-08
KXFEDDECISION-26SEP-H25,1786248000,0.34,28624.28,2026-08-09
KXFEDDECISION-26SEP-H25,1786334400,0.35,86369.47,2026-08-10
KXFEDDECISION-26SEP-H25,1786420800,0.43,126018.57,2026-08-11
KXFEDDECISION-26SEP-H25,1786507200,0.37,125923.04,2026-08-12
KXFEDDECISION-26SEP-H25,1786593600,0.33,221959.9,2026-08-13
KXFEDDECISION-26SEP-H25,1786680000,0.28,586153.55,2026-08-14
KXFEDDECISION-26SEP-H25,1786766400,0.27,223329.78,2026-08-15
KXFEDDECISION-26SEP-H25,1786852800,0.26,47831.41,2026-08-16
KXFEDDECISION-26SEP-H25,1786939200,0.26,26984.99,2026-08-17
KXFEDDECISION-26SEP-H25,1787025600,0.29,111904.76,2026-08-18
KXFEDDECISION-26SEP-H25,1787112000,0.29,23902.61,2026-08-19
KXFEDDECISION-26SEP-H25,1787198400,0.28,88192.37,2026-08-20
KXFEDDECISION-26SEP-H25,1787284800,0.28,59804.24,2026-08-21
KXFEDDECISION-26SEP-H25,1787371200,0.33,52068.09,2026-08-22
KXFEDDECISION-26SEP-H25,1787457600,0.32,18427.74,2026-08-23
KXFEDDECISION-26SEP-H25,1787544000,0.32,3858.13,2026-08-24
KXFEDDECISION-26SEP-H25,1787630400,0.33,119524.72,2026-08-25
KXFEDDECISION-26SEP-H25,1787716800,0.32,128248.79,2026-08-26
KXFEDDECISION-26SEP-H25,1787803200,0.31,107423.79,2026-08-27
KXFEDDECISION-26SEP-H25,1787889600,0.3,34567.27,2026-08-28
KXFEDDECISION-26SEP-H25,1787976000,0.47,1161575.42,2026-08-29
KXFEDDECISION-26SEP-H25,1788062400,0.48,243103.07,2026-08-30
KXFEDDECISION-26SEP-H25,1788148800,0.54,190215.18,2026-08-31
KXFEDDECISION-26SEP-H25,1788235200,0.56,537147.83,2026-09-01
KXFEDDECISION-26SEP-H25,1788321600,0.61,313476.8,2026-09-02
KXFEDDECISION-26SEP-H25,1788408000,0.54,408147.79,2026-09-03
KXFEDDECISION-26SEP-H25,1788494400,0.42,494294.72,2026-09-04
KXFEDDECISION-26SEP-H25,1788580800,0.49,308198.9,2026-09-05
KXFEDDECISION-26SEP-H25,1788667200,0.5,27810.05,2026-09-06
KXFEDDECISION-26SEP-H25,1788753600,0.5,30572.15,2026-09-07
KXFEDDECISION-26SEP-H25,1788840000,0.53,104725.73,2026-09-08
KXFEDDECISION-26SEP-H26,1781150400,,0.0,2026-06-11
KXFEDDECISION-26SEP-H26,1781236800,,0.0,2026-06-12
KXFEDDECISION-26SEP-H26,1781323200,,0.0,2026-06-13
KXFEDDECISION-26SEP-H26,1781409600,0.04,281.0,2026-06-14
KXFEDDECISION-26SEP-H26,1781496000,0.04,117.12,2026-06-15
KXFEDDECISION-26SEP-H26,1781582400,,0.0,2026-06-16
KXFEDDECISION-26SEP-H26,1781668800,,0.0,2026-06-17
KXFEDDECISION-26SEP-H26,1781755200,0.01,2122.22,2026-06-18
KXFEDDECISION-26SEP-H26,1781841600,0.03,132.8,2026-06-19
KXFEDDECISION-26SEP-H26,1782014400,0.01,500.0,2026-06-21
KXFEDDECISION-26SEP-H26,1782187200,0.01,284.92,2026-06-23
KXFEDDECISION-26SEP-H26,1782273600,0.01,89.0,2026-06-24
KXFEDDECISION-26SEP-H26,1782360000,0.01,13.0,2026-06-25
KXFEDDECISION-26SEP-H26,1782446400,0.01,394.0,2026-06-26
KXFEDDECISION-26SEP-H26,1782705600,,0.0,2026-06-29
KXFEDDECISION-26SEP-H26,1783051200,0.01,93.51,2026-07-03
KXFEDDECISION-26SEP-H26,1783137600,,0.0,2026-07-04
KXFEDDECISION-26SEP-H26,1783224000,0.01,36.0,2026-07-05
KXFEDDECISION-26SEP-H26,1783310400,,0.0,2026-07-06
KXFEDDECISION-26SEP-H26,1783396800,0.01,467.58,2026-07-07
KXFEDDECISION-26SEP-H26,1783483200,0.01,3086.13,2026-07-08
KXFEDDECISION-26SEP-H26,1783569600,0.01,10.0,2026-07-09
KXFEDDECISION-26SEP-H26,1783656000,,0.0,2026-07-10
KXFEDDECISION-26SEP-H26,1783742400,,0.0,2026-07-11
KXFEDDECISION-26SEP-H26,1783828800,,0.0,2026-07-12
KXFEDDECISION-26SEP-H26,1783915200,0.01,93.51,2026-07-13
KXFEDDECISION-26SEP-H26,1784001600,0.02,5807.84,2026-07-14
KXFEDDECISION-26SEP-H26,1784088000,0.02,2053.62,2026-07-15
KXFEDDECISION-26SEP-H26,1784174400,0.02,46.79,2026-07-16
KXFEDDECISION-26SEP-H26,1784260800,0.01,1.0,2026-07-17
KXFEDDECISION-26SEP-H26,1784347200,0.01,31.68,2026-07-18
KXFEDDECISION-26SEP-H26,1784520000,0.01,709.47,2026-07-20
KXFEDDECISION-26SEP-H26,1784606400,,0.0,2026-07-21
KXFEDDECISION-26SEP-H26,1784692800,0.01,470.9,2026-07-22
KXFEDDECISION-26SEP-H26,1784779200,0.02,20000.0,2026-07-23
KXFEDDECISION-26SEP-H26,1784865600,0.04,15826.78,2026-07-24
KXFEDDECISION-26SEP-H26,1784952000,0.03,3463.25,2026-07-25
KXFEDDECISION-26SEP-H26,1785038400,0.03,5633.13,2026-07-26
KXFEDDECISION-26SEP-H26,1785124800,0.03,1021.27,2026-07-27
KXFEDDECISION-26SEP-H26,1785211200,0.02,1632.06,2026-07-28
KXFEDDECISION-26SEP-H26,1785297600,0.03,19820.8,2026-07-29
KXFEDDECISION-26SEP-H26,1785384000,0.03,49013.93,2026-07-30
KXFEDDECISION-26SEP-H26,1785470400,0.02,43023.23,2026-07-31
KXFEDDECISION-26SEP-H26,1785556800,0.02,347539.39,2026-08-01
KXFEDDECISION-26SEP-H26,1785643200,0.01,32486.53,2026-08-02
KXFEDDECISION-26SEP-H26,1785729600,0.02,10436.63,2026-08-03
KXFEDDECISION-26SEP-H26,1785816000,0.02,6084.83,2026-08-04
KXFEDDECISION-26SEP-H26,1785902400,0.02,26441.06,2026-08-05
KXFEDDECISION-26SEP-H26,1785988800,0.02,1948.88,2026-08-06
KXFEDDECISION-26SEP-H26,1786075200,0.02,8091.48,2026-08-07
KXFEDDECISION-26SEP-H26,1786161600,0.01,119322.15,2026-08-08
KXFEDDECISION-26SEP-H26,1786248000,0.01,3885.66,2026-08-09
KXFEDDECISION-26SEP-H26,1786334400,0.01,2240.71,2026-08-10
KXFEDDECISION-26SEP-H26,1786420800,0.01,26959.15,2026-08-11
KXFEDDECISION-26SEP-H26,1786507200,0.01,13280.51,2026-08-12
KXFEDDECISION-26SEP-H26,1786593600,0.01,5078.38,2026-08-13
KXFEDDECISION-26SEP-H26,1786680000,0.01,4740.76,2026-08-14
KXFEDDECISION-26SEP-H26,1786766400,0.01,66.66,2026-08-15
KXFEDDECISION-26SEP-H26,1786852800,,0.0,2026-08-16
KXFEDDECISION-26SEP-H26,1786939200,0.01,234.0,2026-08-17
KXFEDDECISION-26SEP-H26,1787025600,0.01,287.0,2026-08-18
KXFEDDECISION-26SEP-H26,1787112000,0.01,1343.8,2026-08-19
KXFEDDECISION-26SEP-H26,1787198400,0.01,15213.41,2026-08-20
KXFEDDECISION-26SEP-H26,1787284800,0.01,306.66,2026-08-21
KXFEDDECISION-26SEP-H26,1787371200,0.01,510.0,2026-08-22
KXFEDDECISION-26SEP-H26,1787457600,,0.0,2026-08-23
KXFEDDECISION-26SEP-H26,1787544000,0.01,513.33,2026-08-24
KXFEDDECISION-26SEP-H26,1787630400,0.01,630.04,2026-08-25
KXFEDDECISION-26SEP-H26,1787716800,0.01,12381.85,2026-08-26
KXFEDDECISION-26SEP-H26,1787803200,0.01,3101.52,2026-08-27
KXFEDDECISION-26SEP-H26,1787889600,0.01,3048.53,2026-08-28
KXFEDDECISION-26SEP-H26,1787976000,0.01,3299614.09,2026-08-29
KXFEDDECISION-26SEP-H26,1788062400,0.02,114989.71,2026-08-30
KXFEDDECISION-26SEP-H26,1788148800,0.01,113081.69,2026-08-31
KXFEDDECISION-26SEP-H26,1788235200,0.02,120266.17,2026-09-01
KXFEDDECISION-26SEP-H26,1788321600,0.02,2183681.21,2026-09-02
KXFEDDECISION-26SEP-H26,1788408000,0.02,123330.32,2026-09-03
KXFEDDECISION-26SEP-H26,1788494400,0.01,154186.67,2026-09-04
KXFEDDECISION-26SEP-H26,1788580800,0.01,29803.69,2026-09-05
KXFEDDECISION-26SEP-H26,1788667200,0.01,8213.06,2026-09-06
KXFEDDECISION-26SEP-H26,1788753600,0.01,209528.86,2026-09-07
KXFEDDECISION-26SEP-H26,1788840000,0.01,63176.37,2026-09-08
KXMLB-26-ATL,1781150400,0.112,17797.54,2026-06-11
KXMLB-26-ATL,1781236800,0.109,11051.75,2026-06-12
KXMLB-26-ATL,1781323200,0.118,7115.61,2026-06-13
KXMLB-26-ATL,1781409600,0.117,9025.06,2026-06-14
KXMLB-26-ATL,1781496000,0.116,30719.93,2026-06-15
KXMLB-26-ATL,1781582400,0.107,8209.78,2026-06-16
KXMLB-26-ATL,1781668800,0.109,8367.67,2026-06-17
KXMLB-26-ATL,1781755200,0.109,8622.26,2026-06-18
KXMLB-26-ATL,1781841600,0.08,9977.78,2026-06-19
KXMLB-26-ATL,1781928000,0.106,9386.84,2026-06-20
KXMLB-26-ATL,1782014400,0.106,5055.74,2026-06-21
KXMLB-26-ATL,1782100800,0.099,8503.78,2026-06-22
KXMLB-26-ATL,1782187200,0.1,8653.4,2026-06-23
KXMLB-26-ATL,1782273600,0.083,6709.56,2026-06-24
KXMLB-26-ATL,1782360000,0.085,6417.65,2026-06-25
KXMLB-26-ATL,1782446400,0.095,4780.29,2026-06-26
KXMLB-26-ATL,1782532800,0.084,5872.7,2026-06-27
KXMLB-26-ATL,1782619200,0.082,3121.94,2026-06-28
KXMLB-26-ATL,1782705600,0.08,4349.07,2026-06-29
KXMLB-26-ATL,1782792000,0.072,20555.53,2026-06-30
KXMLB-26-ATL,1782878400,0.085,8528.1,2026-07-01
KXMLB-26-ATL,1782964800,0.079,3422.64,2026-07-02
KXMLB-26-ATL,1783051200,0.08,3850.31,2026-07-03
KXMLB-26-ATL,1783137600,0.08,1831.51,2026-07-04
KXMLB-26-ATL,1783224000,0.08,9460.2,2026-07-05
KXMLB-26-ATL,1783310400,0.076,4720.55,2026-07-06
KXMLB-26-ATL,1783396800,0.083,5152.32,2026-07-07
KXMLB-26-ATL,1783483200,0.07,9462.14,2026-07-08
KXMLB-26-ATL,1783569600,0.067,4477.02,2026-07-09
KXMLB-26-ATL,1783656000,0.07,10855.34,2026-07-10
KXMLB-26-ATL,1783742400,0.074,7279.64,2026-07-11
KXMLB-26-ATL,1783828800,0.061,7320.22,2026-07-12
KXMLB-26-ATL,1783915200,0.078,7839.2,2026-07-13
KXMLB-26-ATL,1784001600,0.08,6841.71,2026-07-14
KXMLB-26-ATL,1784088000,0.073,3465.17,2026-07-15
KXMLB-26-ATL,1784174400,0.081,7032.65,2026-07-16
KXMLB-26-ATL,1784260800,0.074,4086.53,2026-07-17
KXMLB-26-ATL,1784347200,0.074,5104.11,2026-07-18
KXMLB-26-ATL,1784433600,0.071,4283.84,2026-07-19
KXMLB-26-ATL,1784520000,0.077,12113.47,2026-07-20
KXMLB-26-ATL,1784606400,0.073,7903.64,2026-07-21
KXMLB-26-ATL,1784692800,0.073,6565.58,2026-07-22
KXMLB-26-ATL,1784779200,0.074,18874.87,2026-07-23
KXMLB-26-ATL,1784865600,0.071,2771.29,2026-07-24
KXMLB-26-ATL,1784952000,0.07,10433.37,2026-07-25
KXMLB-26-ATL,1785038400,0.076,7431.94,2026-07-26
KXMLB-26-ATL,1785124800,0.076,6178.26,2026-07-27
KXMLB-26-ATL,1785211200,0.067,11070.02,2026-07-28
KXMLB-26-ATL,1785297600,0.069,9504.54,2026-07-29
KXMLB-26-ATL,1785384000,0.069,9398.98,2026-07-30
KXMLB-26-ATL,1785470400,0.073,17285.6,2026-07-31
KXMLB-26-ATL,1785556800,0.075,28133.78,2026-08-01
KXMLB-26-ATL,1785643200,0.083,58159.75,2026-08-02
KXMLB-26-ATL,1785729600,0.065,49727.73,2026-08-03
KXMLB-26-ATL,1785816000,0.063,32973.55,2026-08-04
KXMLB-26-ATL,1785902400,0.066,34045.45,2026-08-05
KXMLB-26-ATL,1785988800,0.072,34288.3,2026-08-06
KXMLB-26-ATL,1786075200,0.074,10262.15,2026-08-07
KXMLB-26-ATL,1786161600,0.064,15614.02,2026-08-08
KXMLB-26-ATL,1786248000,0.072,20635.62,2026-08-09
KXMLB-26-ATL,1786334400,0.069,12800.66,2026-08-10
KXMLB-26-ATL,1786420800,0.071,17752.81,2026-08-11
KXMLB-26-ATL,1786507200,0.071,7561.67,2026-08-12
KXMLB-26-ATL,1786593600,0.072,17584.73,2026-08-13
KXMLB-26-ATL,1786680000,0.072,9697.42,2026-08-14
KXMLB-26-ATL,1786766400,0.069,15025.64,2026-08-15
KXMLB-26-ATL,1786852800,0.073,16495.56,2026-08-16
KXMLB-26-ATL,1786939200,0.072,11497.13,2026-08-17
KXMLB-26-ATL,1787025600,0.066,7328.47,2026-08-18
KXMLB-26-ATL,1787112000,0.067,12585.26,2026-08-19
KXMLB-26-ATL,1787198400,0.063,11012.75,2026-08-20
KXMLB-26-ATL,1787284800,0.064,6429.46,2026-08-21
KXMLB-26-ATL,1787371200,0.058,7544.35,2026-08-22
KXMLB-26-ATL,1787457600,0.057,5411.62,2026-08-23
KXMLB-26-ATL,1787544000,0.054,12398.3,2026-08-24
KXMLB-26-ATL,1787630400,0.047,17366.62,2026-08-25
KXMLB-26-ATL,1787716800,0.052,12240.35,2026-08-26
KXMLB-26-ATL,1787803200,0.055,23482.97,2026-08-27
KXMLB-26-ATL,1787889600,0.055,33589.86,2026-08-28
KXMLB-26-ATL,1787976000,0.058,42277.56,2026-08-29
KXMLB-26-ATL,1788062400,0.068,25527.69,2026-08-30
KXMLB-26-ATL,1788148800,0.067,24430.08,2026-08-31
KXMLB-26-ATL,1788235200,0.067,48312.85,2026-09-01
KXMLB-26-ATL,1788321600,0.069,18265.5,2026-09-02
KXMLB-26-ATL,1788408000,0.068,29242.41,2026-09-03
KXMLB-26-ATL,1788494400,0.069,20903.23,2026-09-04
KXMLB-26-ATL,1788580800,0.07,28341.15,2026-09-05
KXMLB-26-ATL,1788667200,0.068,70012.14,2026-09-06
KXMLB-26-ATL,1788753600,0.073,43851.61,2026-09-07
KXMLB-26-ATL,1788840000,0.07,11482.86,2026-09-08
KXMLB-26-BOS,1781150400,0.01,136.91,2026-06-11
KXMLB-26-BOS,1781236800,0.009,1442.4,2026-06-12
KXMLB-26-BOS,1781323200,0.009,2435.87,2026-06-13
KXMLB-26-BOS,1781409600,0.008,3188.75,2026-06-14
KXMLB-26-BOS,1781496000,0.009,981.4,2026-06-15
KXMLB-26-BOS,1781582400,0.009,188.53,2026-06-16
KXMLB-26-BOS,1781668800,0.009,16030.81,2026-06-17
KXMLB-26-BOS,1781755200,0.009,375.0,2026-06-18
KXMLB-26-BOS,1781841600,0.008,371.0,2026-06-19
KXMLB-26-BOS,1781928000,0.007,329.0,2026-06-20
KXMLB-26-BOS,1782014400,0.007,7154.52,2026-06-21
KXMLB-26-BOS,1782100800,0.007,829.9,2026-06-22
KXMLB-26-BOS,1782187200,0.006,2218.0,2026-06-23
KXMLB-26-BOS,1782273600,0.007,1491.64,2026-06-24
KXMLB-26-BOS,1782360000,0.006,21517.5,2026-06-25
KXMLB-26-BOS,1782446400,0.007,1000.0,2026-06-26
KXMLB-26-BOS,1782532800,0.007,7288.85,2026-06-27
KXMLB-26-BOS,1782619200,0.007,4414.81,2026-06-28
KXMLB-26-BOS,1782705600,0.011,13750.78,2026-06-29
KXMLB-26-BOS,1782792000,0.011,20468.81,2026-06-30
KXMLB-26-BOS,1782878400,0.014,7326.94,2026-07-01
KXMLB-26-BOS,1782964800,0.01,6245.51,2026-07-02
KXMLB-26-BOS,1783051200,0.009,519.47,2026-07-03
KXMLB-26-BOS,1783137600,0.009,736.93,2026-07-04
KXMLB-26-BOS,1783224000,0.007,2856.88,2026-07-05
KXMLB-26-BOS,1783310400,0.012,15568.81,2026-07-06
KXMLB-26-BOS,1783396800,0.013,5414.59,2026-07-07
KXMLB-26-BOS,1783483200,0.011,1724.37,2026-07-08
KXMLB-26-BOS,1783569600,0.011,26414.59,2026-07-09
KXMLB-26-BOS,1783656000,0.016,24272.61,2026-07-10
KXMLB-26-BOS,1783742400,0.015,16644.0,2026-07-11
KXMLB-26-BOS,1783828800,0.021,22056.59,2026-07-12
KXMLB-26-BOS,1783915200,0.018,35298.7,2026-07-13
KXMLB-26-BOS,1784001600,0.018,15826.51,2026-07-14
KXMLB-26-BOS,1784088000,0.024,20632.39,2026-07-15
KXMLB-26-BOS,1784174400,0.022,6894.62,2026-07-16
KXMLB-26-BOS,1784260800,0.021,11378.25,2026-07-17
KXMLB-26-BOS,1784347200,0.036,40663.08,2026-07-18
KXMLB-26-BOS,1784433600,0.035,42404.94,2026-07-19
KXMLB-26-BOS,1784520000,0.037,49646.3,2026-07-20
KXMLB-26-BOS,1784606400,0.037,44562.19,2026-07-21
KXMLB-26-BOS,1784692800,0.039,42054.84,2026-07-22
KXMLB-26-BOS,1784779200,0.046,70802.36,2026-07-23
KXMLB-26-BOS,1784865600,0.031,33882.97,2026-07-24
KXMLB-26-BOS,1784952000,0.04,28743.18,2026-07-25
KXMLB-26-BOS,1785038400,0.042,7099.16,2026-07-26
KXMLB-26-BOS,1785124800,0.046,50693.32,2026-07-27
KXMLB-26-BOS,1785211200,0.044,7884.82,2026-07-28
KXMLB-26-BOS,1785297600,0.036,39309.22,2026-07-29
KXMLB-26-BOS,1785384000,0.032,9539.76,2026-07-30
KXMLB-26-BOS,1785470400,0.04,9345.62,2026-07-31
KXMLB-26-BOS,1785556800,0.045,47225.98,2026-08-01
KXMLB-26-BOS,1785643200,0.054,91793.61,2026-08-02
KXMLB-26-BOS,1785729600,0.088,196470.87,2026-08-03
KXMLB-26-BOS,1785816000,0.079,171073.18,2026-08-04
KXMLB-26-BOS,1785902400,0.094,163141.58,2026-08-05
KXMLB-26-BOS,1785988800,0.112,125643.11,2026-08-06
KXMLB-26-BOS,1786075200,0.116,102639.34,2026-08-07
KXMLB-26-BOS,1786161600,0.118,239506.88,2026-08-08
KXMLB-26-BOS,1786248000,0.109,132506.32,2026-08-09
KXMLB-26-BOS,1786334400,0.081,78643.07,2026-08-10
KXMLB-26-BOS,1786420800,0.076,29910.23,2026-08-11
KXMLB-26-BOS,1786507200,0.069,152622.97,2026-08-12
KXMLB-26-BOS,1786593600,0.059,43300.02,2026-08-13
KXMLB-26-BOS,1786680000,0.056,27016.65,2026-08-14
KXMLB-26-BOS,1786766400,0.054,56870.83,2026-08-15
KXMLB-26-BOS,1786852800,0.052,46905.18,2026-08-16
KXMLB-26-BOS,1786939200,0.056,13497.16,2026-08-17
KXMLB-26-BOS,1787025600,0.051,12761.59,2026-08-18
KXMLB-26-BOS,1787112000,0.058,17961.64,2026-08-19
KXMLB-26-BOS,1787198400,0.057,24910.97,2026-08-20
KXMLB-26-BOS,1787284800,0.057,9908.19,2026-08-21
KXMLB-26-BOS,1787371200,0.057,24452.68,2026-08-22
KXMLB-26-BOS,1787457600,0.06,19883.0,2026-08-23
KXMLB-26-BOS,1787544000,0.065,63063.25,2026-08-24
KXMLB-26-BOS,1787630400,0.066,30963.84,2026-08-25
KXMLB-26-BOS,1787716800,0.067,27479.22,2026-08-26
KXMLB-26-BOS,1787803200,0.062,31320.31,2026-08-27
KXMLB-26-BOS,1787889600,0.061,18139.37,2026-08-28
KXMLB-26-BOS,1787976000,0.057,18218.5,2026-08-29
KXMLB-26-BOS,1788062400,0.062,11669.05,2026-08-30
KXMLB-26-BOS,1788148800,0.062,12811.96,2026-08-31
KXMLB-26-BOS,1788235200,0.058,9925.65,2026-09-01
KXMLB-26-BOS,1788321600,0.058,19936.18,2026-09-02
KXMLB-26-BOS,1788408000,0.049,20731.0,2026-09-03
KXMLB-26-BOS,1788494400,0.057,19501.48,2026-09-04
KXMLB-26-BOS,1788580800,0.054,11190.72,2026-09-05
KXMLB-26-BOS,1788667200,0.049,16819.06,2026-09-06
KXMLB-26-BOS,1788753600,0.053,52754.04,2026-09-07
KXMLB-26-BOS,1788840000,0.054,18352.52,2026-09-08
KXMLB-26-CHC,1781150400,0.023,19731.4,2026-06-11
KXMLB-26-CHC,1781236800,0.025,8361.75,2026-06-12
KXMLB-26-CHC,1781323200,0.03,2186.86,2026-06-13
KXMLB-26-CHC,1781409600,0.026,2502.39,2026-06-14
KXMLB-26-CHC,1781496000,0.028,5087.81,2026-06-15
KXMLB-26-CHC,1781582400,0.03,3931.97,2026-06-16
KXMLB-26-CHC,1781668800,0.029,5624.08,2026-06-17
KXMLB-26-CHC,1781755200,0.028,3748.13,2026-06-18
KXMLB-26-CHC,1781841600,0.026,1673.18,2026-06-19
KXMLB-26-CHC,1781928000,0.027,8084.3,2026-06-20
KXMLB-26-CHC,1782014400,0.028,8810.92,2026-06-21
KXMLB-26-CHC,1782100800,0.024,2357.43,2026-06-22
KXMLB-26-CHC,1782187200,0.024,5346.89,2026-06-23
KXMLB-26-CHC,1782273600,0.029,2809.36,2026-06-24
KXMLB-26-CHC,1782360000,0.029,7377.71,2026-06-25
KXMLB-26-CHC,1782446400,0.029,10371.34,2026-06-26
KXMLB-26-CHC,1782532800,0.026,6892.59,2026-06-27
KXMLB-26-CHC,1782619200,0.022,17405.21,2026-06-28
KXMLB-26-CHC,1782705600,0.039,3735.57,2026-06-29
KXMLB-26-CHC,1782792000,0.037,5974.74,2026-06-30
KXMLB-26-CHC,1782878400,0.031,3151.34,2026-07-01
KXMLB-26-CHC,1782964800,0.044,14687.9,2026-07-02
KXMLB-26-CHC,1783051200,0.037,8273.92,2026-07-03
KXMLB-26-CHC,1783137600,0.036,16853.15,2026-07-04
KXMLB-26-CHC,1783224000,0.035,1349.56,2026-07-05
KXMLB-26-CHC,1783310400,0.041,2456.39,2026-07-06
KXMLB-26-CHC,1783396800,0.038,6566.35,2026-07-07
KXMLB-26-CHC,1783483200,0.036,2612.03,2026-07-08
KXMLB-26-CHC,1783569600,0.04,8654.19,2026-07-09
KXMLB-26-CHC,1783656000,0.038,3461.41,2026-07-10
KXMLB-26-CHC,1783742400,0.036,8312.63,2026-07-11
KXMLB-26-CHC,1783828800,0.035,4908.54,2026-07-12
KXMLB-26-CHC,1783915200,0.04,48434.62,2026-07-13
KXMLB-26-CHC,1784001600,0.038,8236.98,2026-07-14
KXMLB-26-CHC,1784088000,0.039,2124.4,2026-07-15
KXMLB-26-CHC,1784174400,0.038,6247.37,2026-07-16
KXMLB-26-CHC,1784260800,0.038,3426.95,2026-07-17
KXMLB-26-CHC,1784347200,0.035,2533.19,2026-07-18
KXMLB-26-CHC,1784433600,0.036,5167.6,2026-07-19
KXMLB-26-CHC,1784520000,0.039,11052.05,2026-07-20
KXMLB-26-CHC,1784606400,0.035,6989.53,2026-07-21
KXMLB-26-CHC,1784692800,0.037,14200.83,2026-07-22
KXMLB-26-CHC,1784779200,0.035,3222.97,2026-07-23
KXMLB-26-CHC,1784865600,0.034,3045.12,2026-07-24
KXMLB-26-CHC,1784952000,0.038,19856.86,2026-07-25
KXMLB-26-CHC,1785038400,0.041,15699.33,2026-07-26
KXMLB-26-CHC,1785124800,0.04,7074.5,2026-07-27
KXMLB-26-CHC,1785211200,0.038,6821.94,2026-07-28
KXMLB-26-CHC,1785297600,0.043,41316.01,2026-07-29
KXMLB-26-CHC,1785384000,0.045,18539.12,2026-07-30
KXMLB-26-CHC,1785470400,0.044,3538.38,2026-07-31
KXMLB-26-CHC,1785556800,0.044,25412.64,2026-08-01
KXMLB-26-CHC,1785643200,0.044,13723.62,2026-08-02
KXMLB-26-CHC,1785729600,0.041,45190.73,2026-08-03
KXMLB-26-CHC,1785816000,0.047,68144.79,2026-08-04
KXMLB-26-CHC,1785902400,0.059,119159.05,2026-08-05
KXMLB-26-CHC,1785988800,0.069,73692.79,2026-08-06
KXMLB-26-CHC,1786075200,0.079,60573.44,2026-08-07
KXMLB-26-CHC,1786161600,0.074,34823.78,2026-08-08
KXMLB-26-CHC,1786248000,0.061,29635.24,2026-08-09
KXMLB-26-CHC,1786334400,0.062,27403.78,2026-08-10
KXMLB-26-CHC,1786420800,0.065,16296.77,2026-08-11
KXMLB-26-CHC,1786507200,0.064,12167.74,2026-08-12
KXMLB-26-CHC,1786593600,0.083,72886.77,2026-08-13
KXMLB-26-CHC,1786680000,0.078,65441.98,2026-08-14
KXMLB-26-CHC,1786766400,0.072,26226.41,2026-08-15
KXMLB-26-CHC,1786852800,0.072,61488.47,2026-08-16
KXMLB-26-CHC,1786939200,0.06,8760.65,2026-08-17
KXMLB-26-CHC,1787025600,0.06,36091.6,2026-08-18
KXMLB-26-CHC,1787112000,0.067,20453.1,2026-08-19
KXMLB-26-CHC,1787198400,0.064,12251.82,2026-08-20
KXMLB-26-CHC,1787284800,0.065,13911.72,2026-08-21
KXMLB-26-CHC,1787371200,0.057,9543.35,2026-08-22
KXMLB-26-CHC,1787457600,0.06,8997.11,2026-08-23
KXMLB-26-CHC,1787544000,0.061,21356.57,2026-08-24
KXMLB-26-CHC,1787630400,0.061,15255.25,2026-08-25
KXMLB-26-CHC,1787716800,0.058,29442.76,2026-08-26
KXMLB-26-CHC,1787803200,0.054,7205.02,2026-08-27
KXMLB-26-CHC,1787889600,0.057,19035.56,2026-08-28
KXMLB-26-CHC,1787976000,0.051,12007.69,2026-08-29
KXMLB-26-CHC,1788062400,0.056,22736.17,2026-08-30
KXMLB-26-CHC,1788148800,0.05,34367.74,2026-08-31
KXMLB-26-CHC,1788235200,0.057,26529.16,2026-09-01
KXMLB-26-CHC,1788321600,0.054,51684.73,2026-09-02
KXMLB-26-CHC,1788408000,0.056,17118.53,2026-09-03
KXMLB-26-CHC,1788494400,0.055,22532.65,2026-09-04
KXMLB-26-CHC,1788580800,0.054,22875.78,2026-09-05
KXMLB-26-CHC,1788667200,0.055,18192.43,2026-09-06
KXMLB-26-CHC,1788753600,0.055,20434.65,2026-09-07
KXMLB-26-CHC,1788840000,0.054,14052.16,2026-09-08
KXMLB-26-CWS,1781150400,0.019,21286.9,2026-06-11
KXMLB-26-CWS,1781236800,0.016,12667.56,2026-06-12
KXMLB-26-CWS,1781323200,0.017,8211.21,2026-06-13
KXMLB-26-CWS,1781409600,0.018,57971.34,2026-06-14
KXMLB-26-CWS,1781496000,0.018,43942.62,2026-06-15
KXMLB-26-CWS,1781582400,0.017,35768.32,2026-06-16
KXMLB-26-CWS,1781668800,0.026,70138.77,2026-06-17
KXMLB-26-CWS,1781755200,0.017,42222.29,2026-06-18
KXMLB-26-CWS,1781841600,0.021,15849.53,2026-06-19
KXMLB-26-CWS,1781928000,0.024,3742.01,2026-06-20
KXMLB-26-CWS,1782014400,0.025,12074.19,2026-06-21
KXMLB-26-CWS,1782100800,0.016,2130.86,2026-06-22
KXMLB-26-CWS,1782187200,0.017,7770.97,2026-06-23
KXMLB-26-CWS,1782273600,0.022,8853.18,2026-06-24
KXMLB-26-CWS,1782360000,0.021,5411.41,2026-06-25
KXMLB-26-CWS,1782446400,0.016,1884.62,2026-06-26
KXMLB-26-CWS,1782532800,0.021,5366.16,2026-06-27
KXMLB-26-CWS,1782619200,0.021,11950.07,2026-06-28
KXMLB-26-CWS,1782705600,0.019,10231.7,2026-06-29
KXMLB-26-CWS,1782792000,0.02,7469.59,2026-06-30
KXMLB-26-CWS,1782878400,0.022,8270.02,2026-07-01
KXMLB-26-CWS,1782964800,0.019,12629.42,2026-07-02
KXMLB-26-CWS,1783051200,0.023,11844.19,2026-07-03
KXMLB-26-CWS,1783137600,0.017,4466.23,2026-07-04
KXMLB-26-CWS,1783224000,0.019,13750.76,2026-07-05
KXMLB-26-CWS,1783310400,0.022,12293.04,2026-07-06
KXMLB-26-CWS,1783396800,0.024,4618.69,2026-07-07
KXMLB-26-CWS,1783483200,0.022,9658.02,2026-07-08
KXMLB-26-CWS,1783569600,0.02,4554.3,2026-07-09
KXMLB-26-CWS,1783656000,0.021,2657.72,2026-07-10
KXMLB-26-CWS,1783742400,0.021,1612.18,2026-07-11
KXMLB-26-CWS,1783828800,0.02,7961.09,2026-07-12
KXMLB-26-CWS,1783915200,0.023,16931.4,2026-07-13
KXMLB-26-CWS,1784001600,0.021,4922.34,2026-07-14
KXMLB-26-CWS,1784088000,0.021,2462.88,2026-07-15
KXMLB-26-CWS,1784174400,0.021,5655.71,2026-07-16
KXMLB-26-CWS,1784260800,0.021,16544.34,2026-07-17
KXMLB-26-CWS,1784347200,0.022,7669.76,2026-07-18
KXMLB-26-CWS,1784433600,0.023,12196.14,2026-07-19
KXMLB-26-CWS,1784520000,0.026,49255.64,2026-07-20
KXMLB-26-CWS,1784606400,0.024,16989.38,2026-07-21
KXMLB-26-CWS,1784692800,0.026,15333.43,2026-07-22
KXMLB-26-CWS,1784779200,0.026,2959.09,2026-07-23
KXMLB-26-CWS,1784865600,0.026,5520.43,2026-07-24
KXMLB-26-CWS,1784952000,0.027,13657.46,2026-07-25
KXMLB-26-CWS,1785038400,0.024,4014.58,2026-07-26
KXMLB-26-CWS,1785124800,0.024,5098.94,2026-07-27
KXMLB-26-CWS,1785211200,0.023,19459.47,2026-07-28
KXMLB-26-CWS,1785297600,0.023,3811.27,2026-07-29
KXMLB-26-CWS,1785384000,0.024,16965.57,2026-07-30
KXMLB-26-CWS,1785470400,0.024,15870.6,2026-07-31
KXMLB-26-CWS,1785556800,0.023,36824.24,2026-08-01
KXMLB-26-CWS,1785643200,0.024,84798.94,2026-08-02
KXMLB-26-CWS,1785729600,0.025,23176.42,2026-08-03
KXMLB-26-CWS,1785816000,0.019,41155.62,2026-08-04
KXMLB-26-CWS,1785902400,0.027,25085.06,2026-08-05
KXMLB-26-CWS,1785988800,0.026,15775.19,2026-08-06
KXMLB-26-CWS,1786075200,0.025,24456.85,2026-08-07
KXMLB-26-CWS,1786161600,0.023,7093.25,2026-08-08
KXMLB-26-CWS,1786248000,0.018,18326.47,2026-08-09
KXMLB-26-CWS,1786334400,0.021,37698.41,2026-08-10
KXMLB-26-CWS,1786420800,0.021,15417.07,2026-08-11
KXMLB-26-CWS,1786507200,0.023,1542.98,2026-08-12
KXMLB-26-CWS,1786593600,0.026,19175.62,2026-08-13
KXMLB-26-CWS,1786680000,0.026,11042.76,2026-08-14
KXMLB-26-CWS,1786766400,0.024,21188.27,2026-08-15
KXMLB-26-CWS,1786852800,0.025,10098.14,2026-08-16
KXMLB-26-CWS,1786939200,0.031,21457.23,2026-08-17
KXMLB-26-CWS,1787025600,0.034,8213.25,2026-08-18
KXMLB-26-CWS,1787112000,0.033,29107.33,2026-08-19
KXMLB-26-CWS,1787198400,0.032,25485.86,2026-08-20
KXMLB-26-CWS,1787284800,0.032,6600.2,2026-08-21
KXMLB-26-CWS,1787371200,0.031,16320.46,2026-08-22
KXMLB-26-CWS,1787457600,0.035,19346.22,2026-08-23
KXMLB-26-CWS,1787544000,0.03,6914.76,2026-08-24
KXMLB-26-CWS,1787630400,0.032,11994.2,2026-08-25
KXMLB-26-CWS,1787716800,0.03,21773.11,2026-08-26
KXMLB-26-CWS,1787803200,0.031,9792.86,2026-08-27
KXMLB-26-CWS,1787889600,0.033,9006.86,2026-08-28
KXMLB-26-CWS,1787976000,0.033,8623.42,2026-08-29
KXMLB-26-CWS,1788062400,0.031,50221.65,2026-08-30
KXMLB-26-CWS,1788148800,0.034,90880.52,2026-08-31
KXMLB-26-CWS,1788235200,0.033,25527.93,2026-09-01
KXMLB-26-CWS,1788321600,0.036,10931.75,2026-09-02
KXMLB-26-CWS,1788408000,0.034,20669.21,2026-09-03
KXMLB-26-CWS,1788494400,0.038,39448.96,2026-09-04
KXMLB-26-CWS,1788580800,0.04,9416.34,2026-09-05
KXMLB-26-CWS,1788667200,0.038,8233.65,2026-09-06
KXMLB-26-CWS,1788753600,0.041,31675.11,2026-09-07
KXMLB-26-CWS,1788840000,0.042,22074.06,2026-09-08
KXMLB-26-HOU,1781150400,0.016,61.12,2026-06-11
KXMLB-26-HOU,1781236800,0.018,8149.8,2026-06-12
KXMLB-26-HOU,1781323200,0.016,5790.65,2026-06-13
KXMLB-26-HOU,1781409600,0.016,8715.88,2026-06-14
KXMLB-26-HOU,1781496000,0.017,2894.55,2026-06-15
KXMLB-26-HOU,1781582400,0.015,7099.76,2026-06-16
KXMLB-26-HOU,1781668800,0.016,4303.1,2026-06-17
KXMLB-26-HOU,1781755200,0.016,5042.65,2026-06-18
KXMLB-26-HOU,1781841600,0.014,3011.08,2026-06-19
KXMLB-26-HOU,1781928000,0.014,5861.82,2026-06-20
KXMLB-26-HOU,1782014400,0.014,3213.27,2026-06-21
KXMLB-26-HOU,1782100800,0.015,1822.79,2026-06-22
KXMLB-26-HOU,1782187200,0.015,4081.63,2026-06-23
KXMLB-26-HOU,1782273600,0.015,699.03,2026-06-24
KXMLB-26-HOU,1782360000,0.015,4820.88,2026-06-25
KXMLB-26-HOU,1782446400,0.013,12788.92,2026-06-26
KXMLB-26-HOU,1782532800,0.02,3700.2,2026-06-27
KXMLB-26-HOU,1782619200,0.02,10424.08,2026-06-28
KXMLB-26-HOU,1782705600,0.02,15420.83,2026-06-29
KXMLB-26-HOU,1782792000,0.02,7952.14,2026-06-30
KXMLB-26-HOU,1782878400,0.02,1386.86,2026-07-01
KXMLB-26-HOU,1782964800,0.016,21692.07,2026-07-02
KXMLB-26-HOU,1783051200,0.013,1828.95,2026-07-03
KXMLB-26-HOU,1783137600,0.019,1260.4,2026-07-04
KXMLB-26-HOU,1783224000,0.015,9401.56,2026-07-05
KXMLB-26-HOU,1783310400,0.02,21335.77,2026-07-06
KXMLB-26-HOU,1783396800,0.021,17997.9,2026-07-07
KXMLB-26-HOU,1783483200,0.017,4797.37,2026-07-08
KXMLB-26-HOU,1783569600,0.017,5002.8,2026-07-09
KXMLB-26-HOU,1783656000,0.02,2024.86,2026-07-10
KXMLB-26-HOU,1783742400,0.015,984.03,2026-07-11
KXMLB-26-HOU,1783828800,0.014,6791.82,2026-07-12
KXMLB-26-HOU,1783915200,0.016,23958.94,2026-07-13
KXMLB-26-HOU,1784001600,0.016,4127.79,2026-07-14
KXMLB-26-HOU,1784088000,0.018,13081.4,2026-07-15
KXMLB-26-HOU,1784174400,0.014,5921.07,2026-07-16
KXMLB-26-HOU,1784260800,0.015,1511.13,2026-07-17
KXMLB-26-HOU,1784347200,0.015,1784.96,2026-07-18
KXMLB-26-HOU,1784433600,0.014,5250.35,2026-07-19
KXMLB-26-HOU,1784520000,0.013,8573.6,2026-07-20
KXMLB-26-HOU,1784606400,0.01,17303.64,2026-07-21
KXMLB-26-HOU,1784692800,0.011,12060.86,2026-07-22
KXMLB-26-HOU,1784779200,0.014,31919.37,2026-07-23
KXMLB-26-HOU,1784865600,0.015,14990.45,2026-07-24
KXMLB-26-HOU,1784952000,0.015,13756.92,2026-07-25
KXMLB-26-HOU,1785038400,0.016,11905.85,2026-07-26
KXMLB-26-HOU,1785124800,0.018,16337.72,2026-07-27
KXMLB-26-HOU,1785211200,0.015,11426.12,2026-07-28
KXMLB-26-HOU,1785297600,0.018,23826.74,2026-07-29
KXMLB-26-HOU,1785384000,0.026,25226.33,2026-07-30
KXMLB-26-HOU,1785470400,0.021,23847.31,2026-07-31
KXMLB-26-HOU,1785556800,0.029,77043.7,2026-08-01
KXMLB-26-HOU,1785643200,0.027,40224.26,2026-08-02
KXMLB-26-HOU,1785729600,0.035,67611.76,2026-08-03
KXMLB-26-HOU,1785816000,0.026,50070.46,2026-08-04
KXMLB-26-HOU,1785902400,0.037,33408.56,2026-08-05
KXMLB-26-HOU,1785988800,0.017,17267.73,2026-08-06
KXMLB-26-HOU,1786075200,0.024,21292.98,2026-08-07
KXMLB-26-HOU,1786161600,0.024,36023.3,2026-08-08
KXMLB-26-HOU,1786248000,0.03,10772.86,2026-08-09
KXMLB-26-HOU,1786334400,0.026,40366.57,2026-08-10
KXMLB-26-HOU,1786420800,0.019,10448.6,2026-08-11
KXMLB-26-HOU,1786507200,0.022,20629.43,2026-08-12
KXMLB-26-HOU,1786593600,0.025,31024.99,2026-08-13
KXMLB-26-HOU,1786680000,0.031,10370.56,2026-08-14
KXMLB-26-HOU,1786766400,0.032,12397.72,2026-08-15
KXMLB-26-HOU,1786852800,0.037,20686.55,2026-08-16
KXMLB-26-HOU,1786939200,0.038,17813.31,2026-08-17
KXMLB-26-HOU,1787025600,0.035,4619.87,2026-08-18
KXMLB-26-HOU,1787112000,0.031,1480.94,2026-08-19
KXMLB-26-HOU,1787198400,0.029,21465.37,2026-08-20
KXMLB-26-HOU,1787284800,0.026,4313.19,2026-08-21
KXMLB-26-HOU,1787371200,0.03,11928.83,2026-08-22
KXMLB-26-HOU,1787457600,0.02,13413.0,2026-08-23
KXMLB-26-HOU,1787544000,0.022,15172.26,2026-08-24
KXMLB-26-HOU,1787630400,0.022,18947.42,2026-08-25
KXMLB-26-HOU,1787716800,0.024,30525.74,2026-08-26
KXMLB-26-HOU,1787803200,0.021,6099.21,2026-08-27
KXMLB-26-HOU,1787889600,0.02,1568.78,2026-08-28
KXMLB-26-HOU,1787976000,0.021,6661.32,2026-08-29
KXMLB-26-HOU,1788062400,0.022,46691.57,2026-08-30
KXMLB-26-HOU,1788148800,0.033,30469.56,2026-08-31
KXMLB-26-HOU,1788235200,0.032,45772.23,2026-09-01
KXMLB-26-HOU,1788321600,0.027,20419.0,2026-09-02
KXMLB-26-HOU,1788408000,0.029,7114.53,2026-09-03
KXMLB-26-HOU,1788494400,0.029,31035.32,2026-09-04
KXMLB-26-HOU,1788580800,0.031,43872.3,2026-09-05
KXMLB-26-HOU,1788667200,0.038,42392.29,2026-09-06
KXMLB-26-HOU,1788753600,0.035,15592.98,2026-09-07
KXMLB-26-HOU,1788840000,0.032,5959.86,2026-09-08
KXMLB-26-LAD,1781150400,0.299,5735.95,2026-06-11
KXMLB-26-LAD,1781236800,0.302,24193.52,2026-06-12
KXMLB-26-LAD,1781323200,0.303,10919.31,2026-06-13
KXMLB-26-LAD,1781409600,0.298,8058.62,2026-06-14
KXMLB-26-LAD,1781496000,0.297,11361.22,2026-06-15
KXMLB-26-LAD,1781582400,0.305,16414.3,2026-06-16
KXMLB-26-LAD,1781668800,0.29,4808.6,2026-06-17
KXMLB-26-LAD,1781755200,0.288,11090.61,2026-06-18
KXMLB-26-LAD,1781841600,0.275,10546.11,2026-06-19
KXMLB-26-LAD,1781928000,0.303,6449.67,2026-06-20
KXMLB-26-LAD,1782014400,0.284,11340.82,2026-06-21
KXMLB-26-LAD,1782100800,0.291,17337.61,2026-06-22
KXMLB-26-LAD,1782187200,0.285,17788.53,2026-06-23
KXMLB-26-LAD,1782273600,0.281,18237.38,2026-06-24
KXMLB-26-LAD,1782360000,0.317,12735.43,2026-06-25
KXMLB-26-LAD,1782446400,0.287,6536.32,2026-06-26
KXMLB-26-LAD,1782532800,0.312,8307.6,2026-06-27
KXMLB-26-LAD,1782619200,0.309,9674.58,2026-06-28
KXMLB-26-LAD,1782705600,0.345,15110.64,2026-06-29
KXMLB-26-LAD,1782792000,0.318,15486.48,2026-06-30
KXMLB-26-LAD,1782878400,0.316,7486.79,2026-07-01
KXMLB-26-LAD,1782964800,0.328,26921.27,2026-07-02
KXMLB-26-LAD,1783051200,0.328,9912.39,2026-07-03
KXMLB-26-LAD,1783137600,0.314,21590.93,2026-07-04
KXMLB-26-LAD,1783224000,0.33,12827.49,2026-07-05
KXMLB-26-LAD,1783310400,0.301,26210.37,2026-07-06
KXMLB-26-LAD,1783396800,0.325,9095.39,2026-07-07
KXMLB-26-LAD,1783483200,0.317,13942.04,2026-07-08
KXMLB-26-LAD,1783569600,0.331,19976.18,2026-07-09
KXMLB-26-LAD,1783656000,0.326,7320.14,2026-07-10
KXMLB-26-LAD,1783742400,0.349,20376.63,2026-07-11
KXMLB-26-LAD,1783828800,0.312,37646.27,2026-07-12
KXMLB-26-LAD,1783915200,0.345,16381.93,2026-07-13
KXMLB-26-LAD,1784001600,0.326,30613.96,2026-07-14
KXMLB-26-LAD,1784088000,0.324,35334.77,2026-07-15
KXMLB-26-LAD,1784174400,0.32,17534.99,2026-07-16
KXMLB-26-LAD,1784260800,0.316,10277.54,2026-07-17
KXMLB-26-LAD,1784347200,0.311,12971.28,2026-07-18
KXMLB-26-LAD,1784433600,0.316,7536.96,2026-07-19
KXMLB-26-LAD,1784520000,0.32,43319.31,2026-07-20
KXMLB-26-LAD,1784606400,0.332,24920.05,2026-07-21
KXMLB-26-LAD,1784692800,0.33,22374.23,2026-07-22
KXMLB-26-LAD,1784779200,0.322,26538.67,2026-07-23
KXMLB-26-LAD,1784865600,0.339,10969.48,2026-07-24
KXMLB-26-LAD,1784952000,0.336,15514.71,2026-07-25
KXMLB-26-LAD,1785038400,0.336,15430.88,2026-07-26
KXMLB-26-LAD,1785124800,0.344,29252.84,2026-07-27
KXMLB-26-LAD,1785211200,0.35,24147.7,2026-07-28
KXMLB-26-LAD,1785297600,0.36,38319.54,2026-07-29
KXMLB-26-LAD,1785384000,0.347,28193.17,2026-07-30
KXMLB-26-LAD,1785470400,0.348,36067.14,2026-07-31
KXMLB-26-LAD,1785556800,0.351,60066.54,2026-08-01
KXMLB-26-LAD,1785643200,0.406,150918.76,2026-08-02
KXMLB-26-LAD,1785729600,0.392,339862.77,2026-08-03
KXMLB-26-LAD,1785816000,0.408,152429.32,2026-08-04
KXMLB-26-LAD,1785902400,0.385,75051.09,2026-08-05
KXMLB-26-LAD,1785988800,0.36,79620.23,2026-08-06
KXMLB-26-LAD,1786075200,0.368,35134.48,2026-08-07
KXMLB-26-LAD,1786161600,0.361,34864.38,2026-08-08
KXMLB-26-LAD,1786248000,0.374,61014.02,2026-08-09
KXMLB-26-LAD,1786334400,0.39,278381.91,2026-08-10
KXMLB-26-LAD,1786420800,0.388,39799.48,2026-08-11
KXMLB-26-LAD,1786507200,0.38,23866.77,2026-08-12
KXMLB-26-LAD,1786593600,0.37,28815.23,2026-08-13
KXMLB-26-LAD,1786680000,0.37,26240.44,2026-08-14
KXMLB-26-LAD,1786766400,0.365,51306.98,2026-08-15
KXMLB-26-LAD,1786852800,0.361,25357.7,2026-08-16
KXMLB-26-LAD,1786939200,0.338,247715.87,2026-08-17
KXMLB-26-LAD,1787025600,0.337,30088.22,2026-08-18
KXMLB-26-LAD,1787112000,0.335,22294.22,2026-08-19
KXMLB-26-LAD,1787198400,0.337,61075.71,2026-08-20
KXMLB-26-LAD,1787284800,0.321,50029.48,2026-08-21
KXMLB-26-LAD,1787371200,0.337,70895.83,2026-08-22
KXMLB-26-LAD,1787457600,0.331,38244.65,2026-08-23
KXMLB-26-LAD,1787544000,0.332,29809.72,2026-08-24
KXMLB-26-LAD,1787630400,0.338,30603.85,2026-08-25
KXMLB-26-LAD,1787716800,0.331,67094.24,2026-08-26
KXMLB-26-LAD,1787803200,0.336,33322.44,2026-08-27
KXMLB-26-LAD,1787889600,0.317,17107.65,2026-08-28
KXMLB-26-LAD,1787976000,0.322,19457.58,2026-08-29
KXMLB-26-LAD,1788062400,0.301,19276.44,2026-08-30
KXMLB-26-LAD,1788148800,0.318,33617.12,2026-08-31
KXMLB-26-LAD,1788235200,0.301,24929.97,2026-09-01
KXMLB-26-LAD,1788321600,0.316,16926.73,2026-09-02
KXMLB-26-LAD,1788408000,0.3,82332.03,2026-09-03
KXMLB-26-LAD,1788494400,0.309,33543.2,2026-09-04
KXMLB-26-LAD,1788580800,0.319,35615.12,2026-09-05
KXMLB-26-LAD,1788667200,0.314,36111.91,2026-09-06
KXMLB-26-LAD,1788753600,0.32,25016.45,2026-09-07
KXMLB-26-LAD,1788840000,0.312,55938.55,2026-09-08
KXMLB-26-MIL,1781150400,0.068,5457.28,2026-06-11
KXMLB-26-MIL,1781236800,0.066,7521.0,2026-06-12
KXMLB-26-MIL,1781323200,0.059,13381.46,2026-06-13
KXMLB-26-MIL,1781409600,0.072,9594.1,2026-06-14
KXMLB-26-MIL,1781496000,0.076,16782.9,2026-06-15
KXMLB-26-MIL,1781582400,0.069,13911.57,2026-06-16
KXMLB-26-MIL,1781668800,0.074,7910.76,2026-06-17
KXMLB-26-MIL,1781755200,0.072,6588.05,2026-06-18
KXMLB-26-MIL,1781841600,0.068,10924.24,2026-06-19
KXMLB-26-MIL,1781928000,0.079,6305.55,2026-06-20
KXMLB-26-MIL,1782014400,0.079,5696.12,2026-06-21
KXMLB-26-MIL,1782100800,0.079,9415.78,2026-06-22
KXMLB-26-MIL,1782187200,0.075,4523.88,2026-06-23
KXMLB-26-MIL,1782273600,0.079,14679.72,2026-06-24
KXMLB-26-MIL,1782360000,0.081,22886.97,2026-06-25
KXMLB-26-MIL,1782446400,0.081,7926.31,2026-06-26
KXMLB-26-MIL,1782532800,0.086,10762.85,2026-06-27
KXMLB-26-MIL,1782619200,0.074,21288.76,2026-06-28
KXMLB-26-MIL,1782705600,0.076,15208.3,2026-06-29
KXMLB-26-MIL,1782792000,0.08,8093.58,2026-06-30
KXMLB-26-MIL,1782878400,0.079,6302.44,2026-07-01
KXMLB-26-MIL,1782964800,0.088,8019.89,2026-07-02
KXMLB-26-MIL,1783051200,0.078,7420.76,2026-07-03
KXMLB-26-MIL,1783137600,0.075,4470.72,2026-07-04
KXMLB-26-MIL,1783224000,0.076,7599.56,2026-07-05
KXMLB-26-MIL,1783310400,0.075,34262.37,2026-07-06
KXMLB-26-MIL,1783396800,0.078,11779.51,2026-07-07
KXMLB-26-MIL,1783483200,0.089,23739.23,2026-07-08
KXMLB-26-MIL,1783569600,0.091,34829.41,2026-07-09
KXMLB-26-MIL,1783656000,0.095,14114.58,2026-07-10
KXMLB-26-MIL,1783742400,0.093,4210.39,2026-07-11
KXMLB-26-MIL,1783828800,0.095,15226.93,2026-07-12
KXMLB-26-MIL,1783915200,0.093,14903.17,2026-07-13
KXMLB-26-MIL,1784001600,0.087,30946.94,2026-07-14
KXMLB-26-MIL,1784088000,0.086,12246.97,2026-07-15
KXMLB-26-MIL,1784174400,0.088,16096.56,2026-07-16
KXMLB-26-MIL,1784260800,0.087,13019.2,2026-07-17
KXMLB-26-MIL,1784347200,0.092,20741.37,2026-07-18
KXMLB-26-MIL,1784433600,0.086,6786.22,2026-07-19
KXMLB-26-MIL,1784520000,0.089,14495.68,2026-07-20
KXMLB-26-MIL,1784606400,0.088,43516.52,2026-07-21
KXMLB-26-MIL,1784692800,0.083,31739.35,2026-07-22
KXMLB-26-MIL,1784779200,0.092,25883.93,2026-07-23
KXMLB-26-MIL,1784865600,0.09,16579.11,2026-07-24
KXMLB-26-MIL,1784952000,0.086,27490.89,2026-07-25
KXMLB-26-MIL,1785038400,0.093,26436.71,2026-07-26
KXMLB-26-MIL,1785124800,0.099,25582.48,2026-07-27
KXMLB-26-MIL,1785211200,0.094,83146.38,2026-07-28
KXMLB-26-MIL,1785297600,0.094,22804.92,2026-07-29
KXMLB-26-MIL,1785384000,0.104,25080.47,2026-07-30
KXMLB-26-MIL,1785470400,0.103,47741.14,2026-07-31
KXMLB-26-MIL,1785556800,0.121,86684.43,2026-08-01
KXMLB-26-MIL,1785643200,0.086,90770.78,2026-08-02
KXMLB-26-MIL,1785729600,0.086,49563.87,2026-08-03
KXMLB-26-MIL,1785816000,0.08,131675.57,2026-08-04
KXMLB-26-MIL,1785902400,0.082,23760.01,2026-08-05
KXMLB-26-MIL,1785988800,0.091,52932.88,2026-08-06
KXMLB-26-MIL,1786075200,0.099,31980.82,2026-08-07
KXMLB-26-MIL,1786161600,0.087,27130.23,2026-08-08
KXMLB-26-MIL,1786248000,0.084,22595.37,2026-08-09
KXMLB-26-MIL,1786334400,0.092,25014.56,2026-08-10
KXMLB-26-MIL,1786420800,0.094,30617.76,2026-08-11
KXMLB-26-MIL,1786507200,0.095,21769.76,2026-08-12
KXMLB-26-MIL,1786593600,0.089,37038.74,2026-08-13
KXMLB-26-MIL,1786680000,0.085,7700.47,2026-08-14
KXMLB-26-MIL,1786766400,0.085,23400.01,2026-08-15
KXMLB-26-MIL,1786852800,0.089,31624.01,2026-08-16
KXMLB-26-MIL,1786939200,0.097,54174.55,2026-08-17
KXMLB-26-MIL,1787025600,0.103,53215.02,2026-08-18
KXMLB-26-MIL,1787112000,0.113,47251.36,2026-08-19
KXMLB-26-MIL,1787198400,0.103,46168.95,2026-08-20
KXMLB-26-MIL,1787284800,0.112,57237.65,2026-08-21
KXMLB-26-MIL,1787371200,0.11,58505.07,2026-08-22
KXMLB-26-MIL,1787457600,0.127,63676.79,2026-08-23
KXMLB-26-MIL,1787544000,0.129,47583.7,2026-08-24
KXMLB-26-MIL,1787630400,0.112,32247.25,2026-08-25
KXMLB-26-MIL,1787716800,0.12,42163.11,2026-08-26
KXMLB-26-MIL,1787803200,0.123,44595.41,2026-08-27
KXMLB-26-MIL,1787889600,0.121,32106.05,2026-08-28
KXMLB-26-MIL,1787976000,0.126,29490.17,2026-08-29
KXMLB-26-MIL,1788062400,0.138,82243.33,2026-08-30
KXMLB-26-MIL,1788148800,0.139,68337.26,2026-08-31
KXMLB-26-MIL,1788235200,0.128,61319.1,2026-09-01
KXMLB-26-MIL,1788321600,0.136,29599.24,2026-09-02
KXMLB-26-MIL,1788408000,0.134,26639.96,2026-09-03
KXMLB-26-MIL,1788494400,0.136,127479.11,2026-09-04
KXMLB-26-MIL,1788580800,0.133,49199.46,2026-09-05
KXMLB-26-MIL,1788667200,0.138,62447.74,2026-09-06
KXMLB-26-MIL,1788753600,0.134,17019.16,2026-09-07
KXMLB-26-MIL,1788840000,0.138,55649.9,2026-09-08
KXMLB-26-NYY,1781150400,0.136,5277.11,2026-06-11
KXMLB-26-NYY,1781236800,0.135,13090.81,2026-06-12
KXMLB-26-NYY,1781323200,0.143,9704.56,2026-06-13
KXMLB-26-NYY,1781409600,0.148,18900.92,2026-06-14
KXMLB-26-NYY,1781496000,0.175,41884.06,2026-06-15
KXMLB-26-NYY,1781582400,0.142,24961.83,2026-06-16
KXMLB-26-NYY,1781668800,0.169,6282.06,2026-06-17
KXMLB-26-NYY,1781755200,0.141,10599.3,2026-06-18
KXMLB-26-NYY,1781841600,0.178,18075.17,2026-06-19
KXMLB-26-NYY,1781928000,0.177,10887.5,2026-06-20
KXMLB-26-NYY,1782014400,0.17,12222.58,2026-06-21
KXMLB-26-NYY,1782100800,0.169,8604.56,2026-06-22
KXMLB-26-NYY,1782187200,0.171,11521.86,2026-06-23
KXMLB-26-NYY,1782273600,0.174,6782.72,2026-06-24
KXMLB-26-NYY,1782360000,0.163,5553.34,2026-06-25
KXMLB-26-NYY,1782446400,0.11,30923.83,2026-06-26
KXMLB-26-NYY,1782532800,0.135,13269.89,2026-06-27
KXMLB-26-NYY,1782619200,0.142,10486.51,2026-06-28
KXMLB-26-NYY,1782705600,0.15,10137.56,2026-06-29
KXMLB-26-NYY,1782792000,0.139,10852.23,2026-06-30
KXMLB-26-NYY,1782878400,0.138,8737.84,2026-07-01
KXMLB-26-NYY,1782964800,0.132,18161.24,2026-07-02
KXMLB-26-NYY,1783051200,0.12,7867.33,2026-07-03
KXMLB-26-NYY,1783137600,0.13,7583.39,2026-07-04
KXMLB-26-NYY,1783224000,0.127,6512.11,2026-07-05
KXMLB-26-NYY,1783310400,0.121,11151.05,2026-07-06
KXMLB-26-NYY,1783396800,0.139,16615.65,2026-07-07
KXMLB-26-NYY,1783483200,0.128,11767.44,2026-07-08
KXMLB-26-NYY,1783569600,0.12,1931.28,2026-07-09
KXMLB-26-NYY,1783656000,0.127,3153.29,2026-07-10
KXMLB-26-NYY,1783742400,0.12,3794.42,2026-07-11
KXMLB-26-NYY,1783828800,0.117,13058.05,2026-07-12
KXMLB-26-NYY,1783915200,0.134,17397.68,2026-07-13
KXMLB-26-NYY,1784001600,0.124,28252.24,2026-07-14
KXMLB-26-NYY,1784088000,0.138,19191.7,2026-07-15
KXMLB-26-NYY,1784174400,0.124,22958.47,2026-07-16
KXMLB-26-NYY,1784260800,0.137,15498.01,2026-07-17
KXMLB-26-NYY,1784347200,0.121,20919.76,2026-07-18
KXMLB-26-NYY,1784433600,0.106,24635.42,2026-07-19
KXMLB-26-NYY,1784520000,0.121,31789.52,2026-07-20
KXMLB-26-NYY,1784606400,0.125,24281.28,2026-07-21
KXMLB-26-NYY,1784692800,0.13,14832.46,2026-07-22
KXMLB-26-NYY,1784779200,0.139,20931.44,2026-07-23
KXMLB-26-NYY,1784865600,0.13,8052.94,2026-07-24
KXMLB-26-NYY,1784952000,0.135,9308.08,2026-07-25
KXMLB-26-NYY,1785038400,0.139,21829.5,2026-07-26
KXMLB-26-NYY,1785124800,0.131,38881.82,2026-07-27
KXMLB-26-NYY,1785211200,0.125,18634.52,2026-07-28
KXMLB-26-NYY,1785297600,0.125,68154.14,2026-07-29
KXMLB-26-NYY,1785384000,0.134,27390.19,2026-07-30
KXMLB-26-NYY,1785470400,0.131,20358.72,2026-07-31
KXMLB-26-NYY,1785556800,0.126,24621.85,2026-08-01
KXMLB-26-NYY,1785643200,0.11,21651.88,2026-08-02
KXMLB-26-NYY,1785729600,0.121,46597.43,2026-08-03
KXMLB-26-NYY,1785816000,0.1,54958.05,2026-08-04
KXMLB-26-NYY,1785902400,0.107,38574.34,2026-08-05
KXMLB-26-NYY,1785988800,0.095,35606.02,2026-08-06
KXMLB-26-NYY,1786075200,0.093,52573.99,2026-08-07
KXMLB-26-NYY,1786161600,0.091,17023.99,2026-08-08
KXMLB-26-NYY,1786248000,0.092,26797.63,2026-08-09
KXMLB-26-NYY,1786334400,0.103,17733.64,2026-08-10
KXMLB-26-NYY,1786420800,0.11,29153.17,2026-08-11
KXMLB-26-NYY,1786507200,0.113,80015.79,2026-08-12
KXMLB-26-NYY,1786593600,0.116,60474.15,2026-08-13
KXMLB-26-NYY,1786680000,0.109,23898.36,2026-08-14
KXMLB-26-NYY,1786766400,0.107,37286.83,2026-08-15
KXMLB-26-NYY,1786852800,0.099,11197.15,2026-08-16
KXMLB-26-NYY,1786939200,0.097,28075.87,2026-08-17
KXMLB-26-NYY,1787025600,0.108,14855.99,2026-08-18
KXMLB-26-NYY,1787112000,0.099,17107.07,2026-08-19
KXMLB-26-NYY,1787198400,0.097,17060.1,2026-08-20
KXMLB-26-NYY,1787284800,0.1,16529.04,2026-08-21
KXMLB-26-NYY,1787371200,0.1,20516.12,2026-08-22
KXMLB-26-NYY,1787457600,0.099,20985.18,2026-08-23
KXMLB-26-NYY,1787544000,0.103,52656.18,2026-08-24
KXMLB-26-NYY,1787630400,0.106,49104.21,2026-08-25
KXMLB-26-NYY,1787716800,0.097,23990.91,2026-08-26
KXMLB-26-NYY,1787803200,0.098,31177.31,2026-08-27
KXMLB-26-NYY,1787889600,0.1,8157.91,2026-08-28
KXMLB-26-NYY,1787976000,0.1,16070.97,2026-08-29
KXMLB-26-NYY,1788062400,0.1,9063.88,2026-08-30
KXMLB-26-NYY,1788148800,0.1,39281.32,2026-08-31
KXMLB-26-NYY,1788235200,0.105,27822.95,2026-09-01
KXMLB-26-NYY,1788321600,0.104,13603.68,2026-09-02
KXMLB-26-NYY,1788408000,0.101,10316.67,2026-09-03
KXMLB-26-NYY,1788494400,0.103,40017.17,2026-09-04
KXMLB-26-NYY,1788580800,0.11,79345.6,2026-09-05
KXMLB-26-NYY,1788667200,0.111,13289.89,2026-09-06
KXMLB-26-NYY,1788753600,0.112,44584.94,2026-09-07
KXMLB-26-NYY,1788840000,0.11,20377.02,2026-09-08
KXMLB-26-PHI,1781150400,0.058,2108.62,2026-06-11
KXMLB-26-PHI,1781236800,0.058,40886.21,2026-06-12
KXMLB-26-PHI,1781323200,0.061,2733.5,2026-06-13
KXMLB-26-PHI,1781409600,0.053,4979.83,2026-06-14
KXMLB-26-PHI,1781496000,0.055,6276.17,2026-06-15
KXMLB-26-PHI,1781582400,0.055,3271.52,2026-06-16
KXMLB-26-PHI,1781668800,0.067,9820.19,2026-06-17
KXMLB-26-PHI,1781755200,0.053,7358.22,2026-06-18
KXMLB-26-PHI,1781841600,0.06,20698.68,2026-06-19
KXMLB-26-PHI,1781928000,0.067,4908.44,2026-06-20
KXMLB-26-PHI,1782014400,0.052,7183.47,2026-06-21
KXMLB-26-PHI,1782100800,0.073,14987.11,2026-06-22
KXMLB-26-PHI,1782187200,0.064,10767.6,2026-06-23
KXMLB-26-PHI,1782273600,0.072,7883.9,2026-06-24
KXMLB-26-PHI,1782360000,0.07,10359.03,2026-06-25
KXMLB-26-PHI,1782446400,0.067,31879.77,2026-06-26
KXMLB-26-PHI,1782532800,0.07,66469.63,2026-06-27
KXMLB-26-PHI,1782619200,0.063,12627.43,2026-06-28
KXMLB-26-PHI,1782705600,0.088,14804.16,2026-06-29
KXMLB-26-PHI,1782792000,0.07,8035.35,2026-06-30
KXMLB-26-PHI,1782878400,0.068,10638.9,2026-07-01
KXMLB-26-PHI,1782964800,0.072,40378.51,2026-07-02
KXMLB-26-PHI,1783051200,0.071,8479.37,2026-07-03
KXMLB-26-PHI,1783137600,0.057,10354.86,2026-07-04
KXMLB-26-PHI,1783224000,0.064,17666.23,2026-07-05
KXMLB-26-PHI,1783310400,0.07,18522.18,2026-07-06
KXMLB-26-PHI,1783396800,0.051,12963.13,2026-07-07
KXMLB-26-PHI,1783483200,0.064,10391.28,2026-07-08
KXMLB-26-PHI,1783569600,0.067,9769.65,2026-07-09
KXMLB-26-PHI,1783656000,0.068,12502.51,2026-07-10
KXMLB-26-PHI,1783742400,0.054,8214.08,2026-07-11
KXMLB-26-PHI,1783828800,0.069,10486.4,2026-07-12
KXMLB-26-PHI,1783915200,0.073,28084.56,2026-07-13
KXMLB-26-PHI,1784001600,0.069,10717.83,2026-07-14
KXMLB-26-PHI,1784088000,0.066,9724.86,2026-07-15
KXMLB-26-PHI,1784174400,0.064,5716.42,2026-07-16
KXMLB-26-PHI,1784260800,0.066,12896.55,2026-07-17
KXMLB-26-PHI,1784347200,0.063,13790.49,2026-07-18
KXMLB-26-PHI,1784433600,0.063,7756.77,2026-07-19
KXMLB-26-PHI,1784520000,0.063,6723.91,2026-07-20
KXMLB-26-PHI,1784606400,0.063,41995.35,2026-07-21
KXMLB-26-PHI,1784692800,0.063,17153.87,2026-07-22
KXMLB-26-PHI,1784779200,0.063,6686.18,2026-07-23
KXMLB-26-PHI,1784865600,0.061,8421.91,2026-07-24
KXMLB-26-PHI,1784952000,0.06,32258.64,2026-07-25
KXMLB-26-PHI,1785038400,0.061,7855.82,2026-07-26
KXMLB-26-PHI,1785124800,0.064,23693.36,2026-07-27
KXMLB-26-PHI,1785211200,0.058,13261.07,2026-07-28
KXMLB-26-PHI,1785297600,0.056,25254.21,2026-07-29
KXMLB-26-PHI,1785384000,0.051,41191.55,2026-07-30
KXMLB-26-PHI,1785470400,0.05,6955.64,2026-07-31
KXMLB-26-PHI,1785556800,0.045,79707.75,2026-08-01
KXMLB-26-PHI,1785643200,0.042,15149.15,2026-08-02
KXMLB-26-PHI,1785729600,0.046,83425.63,2026-08-03
KXMLB-26-PHI,1785816000,0.053,53296.7,2026-08-04
KXMLB-26-PHI,1785902400,0.05,45049.57,2026-08-05
KXMLB-26-PHI,1785988800,0.05,39295.15,2026-08-06
KXMLB-26-PHI,1786075200,0.049,27805.67,2026-08-07
KXMLB-26-PHI,1786161600,0.047,68545.37,2026-08-08
KXMLB-26-PHI,1786248000,0.052,30267.13,2026-08-09
KXMLB-26-PHI,1786334400,0.05,36364.64,2026-08-10
KXMLB-26-PHI,1786420800,0.044,8457.12,2026-08-11
KXMLB-26-PHI,1786507200,0.046,18622.62,2026-08-12
KXMLB-26-PHI,1786593600,0.036,14047.16,2026-08-13
KXMLB-26-PHI,1786680000,0.037,50521.48,2026-08-14
KXMLB-26-PHI,1786766400,0.043,15711.68,2026-08-15
KXMLB-26-PHI,1786852800,0.042,8758.24,2026-08-16
KXMLB-26-PHI,1786939200,0.042,35003.13,2026-08-17
KXMLB-26-PHI,1787025600,0.048,9999.01,2026-08-18
KXMLB-26-PHI,1787112000,0.05,36510.18,2026-08-19
KXMLB-26-PHI,1787198400,0.052,25666.18,2026-08-20
KXMLB-26-PHI,1787284800,0.048,13658.01,2026-08-21
KXMLB-26-PHI,1787371200,0.05,14973.78,2026-08-22
KXMLB-26-PHI,1787457600,0.054,16998.89,2026-08-23
KXMLB-26-PHI,1787544000,0.064,55322.65,2026-08-24
KXMLB-26-PHI,1787630400,0.062,24446.42,2026-08-25
KXMLB-26-PHI,1787716800,0.054,4140.28,2026-08-26
KXMLB-26-PHI,1787803200,0.058,24010.26,2026-08-27
KXMLB-26-PHI,1787889600,0.055,9269.49,2026-08-28
KXMLB-26-PHI,1787976000,0.06,8343.08,2026-08-29
KXMLB-26-PHI,1788062400,0.062,15990.43,2026-08-30
KXMLB-26-PHI,1788148800,0.065,20206.3,2026-08-31
KXMLB-26-PHI,1788235200,0.058,31750.43,2026-09-01
KXMLB-26-PHI,1788321600,0.064,29957.43,2026-09-02
KXMLB-26-PHI,1788408000,0.063,24330.45,2026-09-03
KXMLB-26-PHI,1788494400,0.062,18222.79,2026-09-04
KXMLB-26-PHI,1788580800,0.064,29553.13,2026-09-05
KXMLB-26-PHI,1788667200,0.071,54588.87,2026-09-06
KXMLB-26-PHI,1788753600,0.075,24161.71,2026-09-07
KXMLB-26-PHI,1788840000,0.074,15611.66,2026-09-08
KXMLB-26-TB,1781150400,0.04,792.69,2026-06-11
KXMLB-26-TB,1781236800,0.034,4541.01,2026-06-12
KXMLB-26-TB,1781323200,0.044,4655.46,2026-06-13
KXMLB-26-TB,1781409600,0.041,3814.01,2026-06-14
KXMLB-26-TB,1781496000,0.04,5978.52,2026-06-15
KXMLB-26-TB,1781582400,0.025,5485.55,2026-06-16
KXMLB-26-TB,1781668800,0.024,32244.35,2026-06-17
KXMLB-26-TB,1781755200,0.036,7968.83,2026-06-18
KXMLB-26-TB,1781841600,0.023,844.31,2026-06-19
KXMLB-26-TB,1781928000,0.028,5987.1,2026-06-20
KXMLB-26-TB,1782014400,0.026,2858.48,2026-06-21
KXMLB-26-TB,1782100800,0.031,12526.11,2026-06-22
KXMLB-26-TB,1782187200,0.032,6466.53,2026-06-23
KXMLB-26-TB,1782273600,0.025,1256.09,2026-06-24
KXMLB-26-TB,1782360000,0.029,341.76,2026-06-25
KXMLB-26-TB,1782446400,0.028,9944.35,2026-06-26
KXMLB-26-TB,1782532800,0.032,6991.24,2026-06-27
KXMLB-26-TB,1782619200,0.033,2443.38,2026-06-28
KXMLB-26-TB,1782705600,0.044,15771.59,2026-06-29
KXMLB-26-TB,1782792000,0.049,9657.43,2026-06-30
KXMLB-26-TB,1782878400,0.048,5673.48,2026-07-01
KXMLB-26-TB,1782964800,0.049,10274.16,2026-07-02
KXMLB-26-TB,1783051200,0.051,11224.11,2026-07-03
KXMLB-26-TB,1783137600,0.048,15658.11,2026-07-04
KXMLB-26-TB,1783224000,0.049,9522.14,2026-07-05
KXMLB-26-TB,1783310400,0.05,19916.4,2026-07-06
KXMLB-26-TB,1783396800,0.051,6194.02,2026-07-07
KXMLB-26-TB,1783483200,0.049,8048.2,2026-07-08
KXMLB-26-TB,1783569600,0.053,8424.93,2026-07-09
KXMLB-26-TB,1783656000,0.051,3979.0,2026-07-10
KXMLB-26-TB,1783742400,0.051,4154.64,2026-07-11
KXMLB-26-TB,1783828800,0.053,58282.94,2026-07-12
KXMLB-26-TB,1783915200,0.057,13825.83,2026-07-13
KXMLB-26-TB,1784001600,0.054,3985.7,2026-07-14
KXMLB-26-TB,1784088000,0.059,18469.4,2026-07-15
KXMLB-26-TB,1784174400,0.051,7565.59,2026-07-16
KXMLB-26-TB,1784260800,0.053,7475.79,2026-07-17
KXMLB-26-TB,1784347200,0.051,7486.64,2026-07-18
KXMLB-26-TB,1784433600,0.053,9998.0,2026-07-19
KXMLB-26-TB,1784520000,0.05,5027.32,2026-07-20
KXMLB-26-TB,1784606400,0.046,3890.44,2026-07-21
KXMLB-26-TB,1784692800,0.044,4959.08,2026-07-22
KXMLB-26-TB,1784779200,0.051,20477.89,2026-07-23
KXMLB-26-TB,1784865600,0.046,4940.41,2026-07-24
KXMLB-26-TB,1784952000,0.054,29947.89,2026-07-25
KXMLB-26-TB,1785038400,0.054,7228.94,2026-07-26
KXMLB-26-TB,1785124800,0.057,10653.25,2026-07-27
KXMLB-26-TB,1785211200,0.056,14117.69,2026-07-28
KXMLB-26-TB,1785297600,0.055,17449.56,2026-07-29
KXMLB-26-TB,1785384000,0.05,10182.44,2026-07-30
KXMLB-26-TB,1785470400,0.049,9731.93,2026-07-31
KXMLB-26-TB,1785556800,0.056,65620.53,2026-08-01
KXMLB-26-TB,1785643200,0.055,24304.2,2026-08-02
KXMLB-26-TB,1785729600,0.055,40653.8,2026-08-03
KXMLB-26-TB,1785816000,0.055,26841.87,2026-08-04
KXMLB-26-TB,1785902400,0.053,45087.11,2026-08-05
KXMLB-26-TB,1785988800,0.048,35008.04,2026-08-06
KXMLB-26-TB,1786075200,0.055,15057.82,2026-08-07
KXMLB-26-TB,1786161600,0.054,7316.33,2026-08-08
KXMLB-26-TB,1786248000,0.053,20355.31,2026-08-09
KXMLB-26-TB,1786334400,0.059,27055.89,2026-08-10
KXMLB-26-TB,1786420800,0.062,20899.56,2026-08-11
KXMLB-26-TB,1786507200,0.067,34693.77,2026-08-12
KXMLB-26-TB,1786593600,0.071,24145.73,2026-08-13
KXMLB-26-TB,1786680000,0.072,16801.58,2026-08-14
KXMLB-26-TB,1786766400,0.076,16005.0,2026-08-15
KXMLB-26-TB,1786852800,0.075,13319.83,2026-08-16
KXMLB-26-TB,1786939200,0.076,8320.85,2026-08-17
KXMLB-26-TB,1787025600,0.075,21193.62,2026-08-18
KXMLB-26-TB,1787112000,0.078,15529.72,2026-08-19
KXMLB-26-TB,1787198400,0.078,25189.97,2026-08-20
KXMLB-26-TB,1787284800,0.081,59352.96,2026-08-21
KXMLB-26-TB,1787371200,0.081,17381.53,2026-08-22
KXMLB-26-TB,1787457600,0.083,23304.64,2026-08-23
KXMLB-26-TB,1787544000,0.081,7232.89,2026-08-24
KXMLB-26-TB,1787630400,0.08,2569.44,2026-08-25
KXMLB-26-TB,1787716800,0.076,6251.72,2026-08-26
KXMLB-26-TB,1787803200,0.077,4266.82,2026-08-27
KXMLB-26-TB,1787889600,0.074,14548.5,2026-08-28
KXMLB-26-TB,1787976000,0.069,15099.95,2026-08-29
KXMLB-26-TB,1788062400,0.076,13002.54,2026-08-30
KXMLB-26-TB,1788148800,0.077,18100.33,2026-08-31
KXMLB-26-TB,1788235200,0.078,24977.34,2026-09-01
KXMLB-26-TB,1788321600,0.08,12862.96,2026-09-02
KXMLB-26-TB,1788408000,0.082,18513.02,2026-09-03
KXMLB-26-TB,1788494400,0.081,27855.76,2026-09-04
KXMLB-26-TB,1788580800,0.083,44733.77,2026-09-05
KXMLB-26-TB,1788667200,0.083,14107.15,2026-09-06
KXMLB-26-TB,1788753600,0.082,7880.08,2026-09-07
KXMLB-26-TB,1788840000,0.083,4623.51,2026-09-08
CONTROLH-2026-D,1781150400,0.79,17110.44,2026-06-11
CONTROLH-2026-D,1781236800,0.79,9841.11,2026-06-12
CONTROLH-2026-D,1781323200,0.78,14337.65,2026-06-13
CONTROLH-2026-D,1781409600,0.79,10246.86,2026-06-14
CONTROLH-2026-D,1781496000,0.77,27093.85,2026-06-15
CONTROLH-2026-D,1781582400,0.76,35790.52,2026-06-16
CONTROLH-2026-D,1781668800,0.76,10862.24,2026-06-17
CONTROLH-2026-D,1781755200,0.76,101018.85,2026-06-18
CONTROLH-2026-D,1781841600,0.76,102323.64,2026-06-19
CONTROLH-2026-D,1781928000,0.77,6765.13,2026-06-20
CONTROLH-2026-D,1782014400,0.78,13678.33,2026-06-21
CONTROLH-2026-D,1782100800,0.79,21832.32,2026-06-22
CONTROLH-2026-D,1782187200,0.79,14321.92,2026-06-23
CONTROLH-2026-D,1782273600,0.78,26924.52,2026-06-24
CONTROLH-2026-D,1782360000,0.79,24437.15,2026-06-25
CONTROLH-2026-D,1782446400,0.81,79191.67,2026-06-26
CONTROLH-2026-D,1782532800,0.81,47595.83,2026-06-27
CONTROLH-2026-D,1782619200,0.81,5253.41,2026-06-28
CONTROLH-2026-D,1782705600,0.8,6678.06,2026-06-29
CONTROLH-2026-D,1782792000,0.82,92350.56,2026-06-30
CONTROLH-2026-D,1782878400,0.81,25982.08,2026-07-01
CONTROLH-2026-D,1782964800,0.82,3903.03,2026-07-02
CONTROLH-2026-D,1783051200,0.82,65484.24,2026-07-03
CONTROLH-2026-D,1783137600,0.82,30875.7,2026-07-04
CONTROLH-2026-D,1783224000,0.81,6676.74,2026-07-05
CONTROLH-2026-D,1783310400,0.81,30931.0,2026-07-06
CONTROLH-2026-D,1783396800,0.82,11264.99,2026-07-07
CONTROLH-2026-D,1783483200,0.82,6698.6,2026-07-08
CONTROLH-2026-D,1783569600,0.82,131667.04,2026-07-09
CONTROLH-2026-D,1783656000,0.82,6204.46,2026-07-10
CONTROLH-2026-D,1783742400,0.81,27047.63,2026-07-11
CONTROLH-2026-D,1783828800,0.81,16163.94,2026-07-12
CONTROLH-2026-D,1783915200,0.82,6856.6,2026-07-13
CONTROLH-2026-D,1784001600,0.81,13459.23,2026-07-14
CONTROLH-2026-D,1784088000,0.82,8599.45,2026-07-15
CONTROLH-2026-D,1784174400,0.82,9007.77,2026-07-16
CONTROLH-2026-D,1784260800,0.82,75245.39,2026-07-17
CONTROLH-2026-D,1784347200,0.82,5295.46,2026-07-18
CONTROLH-2026-D,1784433600,0.83,97958.15,2026-07-19
CONTROLH-2026-D,1784520000,0.83,24559.49,2026-07-20
CONTROLH-2026-D,1784606400,0.83,10549.57,2026-07-21
CONTROLH-2026-D,1784692800,0.83,9303.05,2026-07-22
CONTROLH-2026-D,1784779200,0.83,14332.16,2026-07-23
CONTROLH-2026-D,1784865600,0.83,8360.82,2026-07-24
CONTROLH-2026-D,1784952000,0.84,141413.58,2026-07-25
CONTROLH-2026-D,1785038400,0.84,12059.0,2026-07-26
CONTROLH-2026-D,1785124800,0.84,8560.74,2026-07-27
CONTROLH-2026-D,1785211200,0.84,15472.12,2026-07-28
CONTROLH-2026-D,1785297600,0.84,34411.64,2026-07-29
CONTROLH-2026-D,1785384000,0.84,6547.97,2026-07-30
CONTROLH-2026-D,1785470400,0.84,188079.22,2026-07-31
CONTROLH-2026-D,1785556800,0.83,37418.1,2026-08-01
CONTROLH-2026-D,1785643200,0.84,16301.12,2026-08-02
CONTROLH-2026-D,1785729600,0.83,17574.46,2026-08-03
CONTROLH-2026-D,1785816000,0.83,12778.29,2026-08-04
CONTROLH-2026-D,1785902400,0.83,21323.68,2026-08-05
CONTROLH-2026-D,1785988800,0.84,37064.77,2026-08-06
CONTROLH-2026-D,1786075200,0.83,5257.47,2026-08-07
CONTROLH-2026-D,1786161600,0.85,752394.91,2026-08-08
CONTROLH-2026-D,1786248000,0.85,41382.83,2026-08-09
CONTROLH-2026-D,1786334400,0.85,66654.13,2026-08-10
CONTROLH-2026-D,1786420800,0.84,10651.0,2026-08-11
CONTROLH-2026-D,1786507200,0.85,206744.1,2026-08-12
CONTROLH-2026-D,1786593600,0.85,94986.8,2026-08-13
CONTROLH-2026-D,1786680000,0.86,12685.53,2026-08-14
CONTROLH-2026-D,1786766400,0.86,6392.89,2026-08-15
CONTROLH-2026-D,1786852800,0.86,6709.87,2026-08-16
CONTROLH-2026-D,1786939200,0.86,5137.48,2026-08-17
CONTROLH-2026-D,1787025600,0.85,8704.69,2026-08-18
CONTROLH-2026-D,1787112000,0.86,21616.06,2026-08-19
CONTROLH-2026-D,1787198400,0.85,144443.68,2026-08-20
CONTROLH-2026-D,1787284800,0.85,46104.06,2026-08-21
CONTROLH-2026-D,1787371200,0.85,53346.59,2026-08-22
CONTROLH-2026-D,1787457600,0.85,21904.79,2026-08-23
CONTROLH-2026-D,1787544000,0.85,8329.94,2026-08-24
CONTROLH-2026-D,1787630400,0.86,77052.11,2026-08-25
CONTROLH-2026-D,1787716800,0.86,6764.21,2026-08-26
CONTROLH-2026-D,1787803200,0.85,62229.56,2026-08-27
CONTROLH-2026-D,1787889600,0.84,55078.83,2026-08-28
CONTROLH-2026-D,1787976000,0.84,16498.25,2026-08-29
CONTROLH-2026-D,1788062400,0.84,47190.74,2026-08-30
CONTROLH-2026-D,1788148800,0.85,22842.21,2026-08-31
CONTROLH-2026-D,1788235200,0.85,21524.12,2026-09-01
CONTROLH-2026-D,1788321600,0.85,58252.77,2026-09-02
CONTROLH-2026-D,1788408000,0.85,25702.55,2026-09-03
CONTROLH-2026-D,1788494400,0.85,17489.45,2026-09-04
CONTROLH-2026-D,1788580800,0.85,64555.28,2026-09-05
CONTROLH-2026-D,1788667200,0.85,17371.19,2026-09-06
CONTROLH-2026-D,1788753600,0.85,11761.95,2026-09-07
CONTROLH-2026-D,1788840000,0.85,30217.64,2026-09-08
CONTROLH-2026-R,1781150400,0.22,40529.1,2026-06-11
CONTROLH-2026-R,1781236800,0.23,46025.86,2026-06-12
CONTROLH-2026-R,1781323200,0.23,51185.11,2026-06-13
CONTROLH-2026-R,1781409600,0.22,36900.16,2026-06-14
CONTROLH-2026-R,1781496000,0.23,36169.65,2026-06-15
CONTROLH-2026-R,1781582400,0.23,67578.71,2026-06-16
CONTROLH-2026-R,1781668800,0.24,57845.5,2026-06-17
CONTROLH-2026-R,1781755200,0.24,44930.74,2026-06-18
CONTROLH-2026-R,1781841600,0.23,75949.43,2026-06-19
CONTROLH-2026-R,1781928000,0.23,72745.75,2026-06-20
CONTROLH-2026-R,1782014400,0.21,20108.57,2026-06-21
CONTROLH-2026-R,1782100800,0.22,21640.5,2026-06-22
CONTROLH-2026-R,1782187200,0.22,87655.06,2026-06-23
CONTROLH-2026-R,1782273600,0.22,22408.31,2026-06-24
CONTROLH-2026-R,1782360000,0.22,36396.4,2026-06-25
CONTROLH-2026-R,1782446400,0.2,168662.47,2026-06-26
CONTROLH-2026-R,1782532800,0.19,128447.37,2026-06-27
CONTROLH-2026-R,1782619200,0.19,61899.74,2026-06-28
CONTROLH-2026-R,1782705600,0.2,24356.67,2026-06-29
CONTROLH-2026-R,1782792000,0.19,146366.92,2026-06-30
CONTROLH-2026-R,1782878400,0.19,49744.79,2026-07-01
CONTROLH-2026-R,1782964800,0.19,38327.83,2026-07-02
CONTROLH-2026-R,1783051200,0.19,63686.11,2026-07-03
CONTROLH-2026-R,1783137600,0.18,58140.09,2026-07-04
CONTROLH-2026-R,1783224000,0.19,26044.81,2026-07-05
CONTROLH-2026-R,1783310400,0.19,62974.03,2026-07-06
CONTROLH-2026-R,1783396800,0.18,30402.64,2026-07-07
CONTROLH-2026-R,1783483200,0.19,23168.31,2026-07-08
CONTROLH-2026-R,1783569600,0.18,89779.56,2026-07-09
CONTROLH-2026-R,1783656000,0.18,30893.54,2026-07-10
CONTROLH-2026-R,1783742400,0.19,26985.37,2026-07-11
CONTROLH-2026-R,1783828800,0.18,19464.66,2026-07-12
CONTROLH-2026-R,1783915200,0.19,22632.39,2026-07-13
CONTROLH-2026-R,1784001600,0.19,61740.53,2026-07-14
CONTROLH-2026-R,1784088000,0.19,77100.78,2026-07-15
CONTROLH-2026-R,1784174400,0.19,59612.92,2026-07-16
CONTROLH-2026-R,1784260800,0.18,90144.94,2026-07-17
CONTROLH-2026-R,1784347200,0.19,47875.08,2026-07-18
CONTROLH-2026-R,1784433600,0.18,53851.9,2026-07-19
CONTROLH-2026-R,1784520000,0.18,53625.24,2026-07-20
CONTROLH-2026-R,1784606400,0.18,41122.81,2026-07-21
CONTROLH-2026-R,1784692800,0.17,104819.05,2026-07-22
CONTROLH-2026-R,1784779200,0.17,46529.89,2026-07-23
CONTROLH-2026-R,1784865600,0.18,169287.83,2026-07-24
CONTROLH-2026-R,1784952000,0.16,37895.95,2026-07-25
CONTROLH-2026-R,1785038400,0.17,10448.4,2026-07-26
CONTROLH-2026-R,1785124800,0.17,46398.69,2026-07-27
CONTROLH-2026-R,1785211200,0.17,75541.0,2026-07-28
CONTROLH-2026-R,1785297600,0.17,123284.99,2026-07-29
CONTROLH-2026-R,1785384000,0.17,33838.65,2026-07-30
CONTROLH-2026-R,1785470400,0.17,259133.48,2026-07-31
CONTROLH-2026-R,1785556800,0.17,53443.47,2026-08-01
CONTROLH-2026-R,1785643200,0.17,43718.38,2026-08-02
CONTROLH-2026-R,1785729600,0.17,33891.08,2026-08-03
CONTROLH-2026-R,1785816000,0.17,55647.25,2026-08-04
CONTROLH-2026-R,1785902400,0.17,194560.12,2026-08-05
CONTROLH-2026-R,1785988800,0.16,74768.2,2026-08-06
CONTROLH-2026-R,1786075200,0.17,31358.01,2026-08-07
CONTROLH-2026-R,1786161600,0.16,266722.17,2026-08-08
CONTROLH-2026-R,1786248000,0.16,49523.55,2026-08-09
CONTROLH-2026-R,1786334400,0.16,64817.0,2026-08-10
CONTROLH-2026-R,1786420800,0.15,72071.79,2026-08-11
CONTROLH-2026-R,1786507200,0.15,310779.94,2026-08-12
CONTROLH-2026-R,1786593600,0.15,72231.25,2026-08-13
CONTROLH-2026-R,1786680000,0.14,41781.01,2026-08-14
CONTROLH-2026-R,1786766400,0.15,40175.81,2026-08-15
CONTROLH-2026-R,1786852800,0.14,22396.53,2026-08-16
CONTROLH-2026-R,1786939200,0.15,73338.2,2026-08-17
CONTROLH-2026-R,1787025600,0.14,64109.31,2026-08-18
CONTROLH-2026-R,1787112000,0.15,23134.44,2026-08-19
CONTROLH-2026-R,1787198400,0.15,290497.41,2026-08-20
CONTROLH-2026-R,1787284800,0.15,362842.72,2026-08-21
CONTROLH-2026-R,1787371200,0.16,249677.08,2026-08-22
CONTROLH-2026-R,1787457600,0.16,57832.41,2026-08-23
CONTROLH-2026-R,1787544000,0.15,82109.55,2026-08-24
CONTROLH-2026-R,1787630400,0.14,537192.0,2026-08-25
CONTROLH-2026-R,1787716800,0.15,548803.98,2026-08-26
CONTROLH-2026-R,1787803200,0.16,812058.77,2026-08-27
CONTROLH-2026-R,1787889600,0.15,67728.23,2026-08-28
CONTROLH-2026-R,1787976000,0.16,125389.48,2026-08-29
CONTROLH-2026-R,1788062400,0.16,59981.83,2026-08-30
CONTROLH-2026-R,1788148800,0.16,58246.09,2026-08-31
CONTROLH-2026-R,1788235200,0.16,133093.22,2026-09-01
CONTROLH-2026-R,1788321600,0.16,86380.74,2026-09-02
CONTROLH-2026-R,1788408000,0.16,54788.78,2026-09-03
CONTROLH-2026-R,1788494400,0.16,229010.56,2026-09-04
CONTROLH-2026-R,1788580800,0.16,393348.97,2026-09-05
CONTROLH-2026-R,1788667200,0.16,73459.4,2026-09-06
CONTROLH-2026-R,1788753600,0.16,231987.96,2026-09-07
CONTROLH-2026-R,1788840000,0.17,141561.18,2026-09-08
KXNBA-27-BOS,1781496000,0.12,6755.7,2026-06-15
KXNBA-27-BOS,1781582400,0.15,14302.1,2026-06-16
KXNBA-27-BOS,1781668800,0.15,13889.27,2026-06-17
KXNBA-27-BOS,1781755200,0.14,5646.27,2026-06-18
KXNBA-27-BOS,1781841600,0.14,3744.66,2026-06-19
KXNBA-27-BOS,1781928000,0.14,1091.81,2026-06-20
KXNBA-27-BOS,1782014400,0.13,669.64,2026-06-21
KXNBA-27-BOS,1782100800,0.13,2972.14,2026-06-22
KXNBA-27-BOS,1782187200,0.13,171258.07,2026-06-23
KXNBA-27-BOS,1782273600,0.1,8908.04,2026-06-24
KXNBA-27-BOS,1782360000,0.12,823.68,2026-06-25
KXNBA-27-BOS,1782446400,0.1,1434.92,2026-06-26
KXNBA-27-BOS,1782532800,0.1,794.17,2026-06-27
KXNBA-27-BOS,1782619200,0.11,136.87,2026-06-28
KXNBA-27-BOS,1782705600,0.1,643.71,2026-06-29
KXNBA-27-BOS,1782792000,0.1,523.93,2026-06-30
KXNBA-27-BOS,1782878400,0.09,2822.88,2026-07-01
KXNBA-27-BOS,1782964800,0.09,13241.5,2026-07-02
KXNBA-27-BOS,1783051200,0.09,15572.24,2026-07-03
KXNBA-27-BOS,1783137600,0.08,1999.22,2026-07-04
KXNBA-27-BOS,1783224000,0.08,2375.12,2026-07-05
KXNBA-27-BOS,1783310400,0.08,964.35,2026-07-06
KXNBA-27-BOS,1783396800,0.07,6126.85,2026-07-07
KXNBA-27-BOS,1783483200,0.07,832.23,2026-07-08
KXNBA-27-BOS,1783569600,0.07,2232.57,2026-07-09
KXNBA-27-BOS,1783656000,0.06,1275.98,2026-07-10
KXNBA-27-BOS,1783742400,0.07,2703.23,2026-07-11
KXNBA-27-BOS,1783828800,0.07,387.4,2026-07-12
KXNBA-27-BOS,1783915200,0.06,497.25,2026-07-13
KXNBA-27-BOS,1784001600,0.06,937.82,2026-07-14
KXNBA-27-BOS,1784088000,0.07,1819.93,2026-07-15
KXNBA-27-BOS,1784174400,0.07,302.75,2026-07-16
KXNBA-27-BOS,1784260800,0.07,344.17,2026-07-17
KXNBA-27-BOS,1784347200,0.07,339.7,2026-07-18
KXNBA-27-BOS,1784433600,0.06,486.57,2026-07-19
KXNBA-27-BOS,1784520000,0.07,4127.95,2026-07-20
KXNBA-27-BOS,1784606400,0.07,2424.68,2026-07-21
KXNBA-27-BOS,1784692800,0.07,3547.47,2026-07-22
KXNBA-27-BOS,1784779200,0.06,4180.34,2026-07-23
KXNBA-27-BOS,1784865600,0.05,121.37,2026-07-24
KXNBA-27-BOS,1784952000,0.06,13550.41,2026-07-25
KXNBA-27-BOS,1785038400,0.06,3095.65,2026-07-26
KXNBA-27-BOS,1785124800,0.06,5504.58,2026-07-27
KXNBA-27-BOS,1785211200,0.05,16165.4,2026-07-28
KXNBA-27-BOS,1785297600,0.04,3285.15,2026-07-29
KXNBA-27-BOS,1785384000,0.05,2709.11,2026-07-30
KXNBA-27-BOS,1785470400,0.05,4410.51,2026-07-31
KXNBA-27-BOS,1785556800,0.05,1606.91,2026-08-01
KXNBA-27-BOS,1785643200,0.05,14432.18,2026-08-02
KXNBA-27-BOS,1785729600,0.05,9227.32,2026-08-03
KXNBA-27-BOS,1785816000,0.05,2689.48,2026-08-04
KXNBA-27-BOS,1785902400,0.05,3786.66,2026-08-05
KXNBA-27-BOS,1785988800,0.05,1267.16,2026-08-06
KXNBA-27-BOS,1786075200,0.05,4344.44,2026-08-07
KXNBA-27-BOS,1786161600,0.05,615.98,2026-08-08
KXNBA-27-BOS,1786248000,0.05,851.98,2026-08-09
KXNBA-27-BOS,1786334400,0.05,412.75,2026-08-10
KXNBA-27-BOS,1786420800,0.05,2857.48,2026-08-11
KXNBA-27-BOS,1786507200,0.05,1217.05,2026-08-12
KXNBA-27-BOS,1786593600,0.05,1162.59,2026-08-13
KXNBA-27-BOS,1786680000,0.05,1443.94,2026-08-14
KXNBA-27-BOS,1786766400,0.04,318.78,2026-08-15
KXNBA-27-BOS,1786852800,0.05,4887.37,2026-08-16
KXNBA-27-BOS,1786939200,0.05,3467.3,2026-08-17
KXNBA-27-BOS,1787025600,0.05,720.29,2026-08-18
KXNBA-27-BOS,1787112000,0.05,2820.79,2026-08-19
KXNBA-27-BOS,1787198400,0.05,926.06,2026-08-20
KXNBA-27-BOS,1787284800,0.05,1226.66,2026-08-21
KXNBA-27-BOS,1787371200,0.05,986.24,2026-08-22
KXNBA-27-BOS,1787457600,0.05,730.75,2026-08-23
KXNBA-27-BOS,1787544000,0.05,325.58,2026-08-24
KXNBA-27-BOS,1787630400,0.05,1916.03,2026-08-25
KXNBA-27-BOS,1787716800,0.05,47.88,2026-08-26
KXNBA-27-BOS,1787803200,0.05,2750.11,2026-08-27
KXNBA-27-BOS,1787889600,0.04,169.05,2026-08-28
KXNBA-27-BOS,1787976000,,0.0,2026-08-29
KXNBA-27-BOS,1788062400,0.04,1204.87,2026-08-30
KXNBA-27-BOS,1788148800,0.05,1893.91,2026-08-31
KXNBA-27-BOS,1788235200,0.04,429.6,2026-09-01
KXNBA-27-BOS,1788321600,0.05,2422.88,2026-09-02
KXNBA-27-BOS,1788408000,0.04,1903.29,2026-09-03
KXNBA-27-BOS,1788494400,0.05,917.31,2026-09-04
KXNBA-27-BOS,1788580800,0.05,63.0,2026-09-05
KXNBA-27-BOS,1788667200,0.05,131.26,2026-09-06
KXNBA-27-BOS,1788753600,0.04,13.47,2026-09-07
KXNBA-27-BOS,1788840000,0.05,213.28,2026-09-08
KXNBA-27-CLE,1781496000,0.03,5344.39,2026-06-15
KXNBA-27-CLE,1781582400,0.03,6924.71,2026-06-16
KXNBA-27-CLE,1781668800,0.03,1703.52,2026-06-17
KXNBA-27-CLE,1781755200,0.02,175.83,2026-06-18
KXNBA-27-CLE,1781841600,0.03,1992.86,2026-06-19
KXNBA-27-CLE,1781928000,0.03,546.97,2026-06-20
KXNBA-27-CLE,1782014400,0.02,3594.17,2026-06-21
KXNBA-27-CLE,1782100800,0.03,734.85,2026-06-22
KXNBA-27-CLE,1782187200,0.03,1136.67,2026-06-23
KXNBA-27-CLE,1782273600,0.03,593.64,2026-06-24
KXNBA-27-CLE,1782360000,0.03,522.04,2026-06-25
KXNBA-27-CLE,1782446400,0.03,540.27,2026-06-26
KXNBA-27-CLE,1782532800,0.03,504.46,2026-06-27
KXNBA-27-CLE,1782619200,0.03,1042.05,2026-06-28
KXNBA-27-CLE,1782705600,0.02,1149.58,2026-06-29
KXNBA-27-CLE,1782792000,0.03,1520.89,2026-06-30
KXNBA-27-CLE,1782878400,0.05,222483.94,2026-07-01
KXNBA-27-CLE,1782964800,0.05,40850.39,2026-07-02
KXNBA-27-CLE,1783051200,0.06,77263.41,2026-07-03
KXNBA-27-CLE,1783137600,0.05,7119.85,2026-07-04
KXNBA-27-CLE,1783224000,0.06,8644.31,2026-07-05
KXNBA-27-CLE,1783310400,0.08,24356.07,2026-07-06
KXNBA-27-CLE,1783396800,0.07,40796.98,2026-07-07
KXNBA-27-CLE,1783483200,0.05,53015.68,2026-07-08
KXNBA-27-CLE,1783569600,0.08,11850.92,2026-07-09
KXNBA-27-CLE,1783656000,0.07,15434.16,2026-07-10
KXNBA-27-CLE,1783742400,0.05,27002.14,2026-07-11
KXNBA-27-CLE,1783828800,0.06,4412.17,2026-07-12
KXNBA-27-CLE,1783915200,0.06,3524.68,2026-07-13
KXNBA-27-CLE,1784001600,0.06,5189.65,2026-07-14
KXNBA-27-CLE,1784088000,0.06,6167.27,2026-07-15
KXNBA-27-CLE,1784174400,0.06,11114.11,2026-07-16
KXNBA-27-CLE,1784260800,0.07,11717.43,2026-07-17
KXNBA-27-CLE,1784347200,0.06,4201.06,2026-07-18
KXNBA-27-CLE,1784433600,0.04,10034.72,2026-07-19
KXNBA-27-CLE,1784520000,0.06,51266.97,2026-07-20
KXNBA-27-CLE,1784606400,0.05,8523.09,2026-07-21
KXNBA-27-CLE,1784692800,0.05,7010.57,2026-07-22
KXNBA-27-CLE,1784779200,0.04,14471.13,2026-07-23
KXNBA-27-CLE,1784865600,0.04,15685.48,2026-07-24
KXNBA-27-CLE,1784952000,0.02,55362.83,2026-07-25
KXNBA-27-CLE,1785038400,0.02,14665.23,2026-07-26
KXNBA-27-CLE,1785124800,0.02,49861.2,2026-07-27
KXNBA-27-CLE,1785211200,0.03,6602.19,2026-07-28
KXNBA-27-CLE,1785297600,0.02,1233.38,2026-07-29
KXNBA-27-CLE,1785384000,0.03,715.46,2026-07-30
KXNBA-27-CLE,1785470400,0.03,530.74,2026-07-31
KXNBA-27-CLE,1785556800,0.02,2373.48,2026-08-01
KXNBA-27-CLE,1785643200,0.02,49.87,2026-08-02
KXNBA-27-CLE,1785729600,0.02,375.05,2026-08-03
KXNBA-27-CLE,1785816000,0.02,4491.72,2026-08-04
KXNBA-27-CLE,1785902400,0.03,93.63,2026-08-05
KXNBA-27-CLE,1785988800,0.02,3933.25,2026-08-06
KXNBA-27-CLE,1786075200,0.02,4552.73,2026-08-07
KXNBA-27-CLE,1786161600,0.02,1005.94,2026-08-08
KXNBA-27-CLE,1786248000,0.03,936.41,2026-08-09
KXNBA-27-CLE,1786334400,0.03,156.0,2026-08-10
KXNBA-27-CLE,1786420800,0.02,468.82,2026-08-11
KXNBA-27-CLE,1786507200,0.02,990.77,2026-08-12
KXNBA-27-CLE,1786593600,0.02,1041.76,2026-08-13
KXNBA-27-CLE,1786680000,0.02,819.08,2026-08-14
KXNBA-27-CLE,1786766400,0.03,3730.34,2026-08-15
KXNBA-27-CLE,1786852800,0.02,134.12,2026-08-16
KXNBA-27-CLE,1786939200,0.03,223.17,2026-08-17
KXNBA-27-CLE,1787025600,0.02,34.33,2026-08-18
KXNBA-27-CLE,1787112000,0.02,644.04,2026-08-19
KXNBA-27-CLE,1787198400,0.03,2542.81,2026-08-20
KXNBA-27-CLE,1787284800,0.03,1270.05,2026-08-21
KXNBA-27-CLE,1787371200,0.03,1562.42,2026-08-22
KXNBA-27-CLE,1787457600,0.03,3821.82,2026-08-23
KXNBA-27-CLE,1787544000,0.02,1624.96,2026-08-24
KXNBA-27-CLE,1787630400,0.02,390.31,2026-08-25
KXNBA-27-CLE,1787716800,,0.0,2026-08-26
KXNBA-27-CLE,1787803200,0.03,312.13,2026-08-27
KXNBA-27-CLE,1787889600,0.03,199.8,2026-08-28
KXNBA-27-CLE,1787976000,0.02,2225.44,2026-08-29
KXNBA-27-CLE,1788062400,,0.0,2026-08-30
KXNBA-27-CLE,1788148800,0.02,4.69,2026-08-31
KXNBA-27-CLE,1788235200,0.02,913.7,2026-09-01
KXNBA-27-CLE,1788321600,0.03,156.06,2026-09-02
KXNBA-27-CLE,1788408000,,0.0,2026-09-03
KXNBA-27-CLE,1788494400,0.02,1720.14,2026-09-04
KXNBA-27-CLE,1788580800,0.03,5365.9,2026-09-05
KXNBA-27-CLE,1788667200,0.03,0.1,2026-09-06
KXNBA-27-CLE,1788753600,0.02,907.69,2026-09-07
KXNBA-27-CLE,1788840000,0.02,5098.11,2026-09-08
KXNBA-27-DEN,1781496000,0.06,1804.61,2026-06-15
KXNBA-27-DEN,1781582400,0.05,6054.05,2026-06-16
KXNBA-27-DEN,1781668800,0.05,2523.33,2026-06-17
KXNBA-27-DEN,1781755200,0.05,3515.04,2026-06-18
KXNBA-27-DEN,1781841600,0.05,900.04,2026-06-19
KXNBA-27-DEN,1781928000,0.05,1321.28,2026-06-20
KXNBA-27-DEN,1782014400,0.05,32.81,2026-06-21
KXNBA-27-DEN,1782100800,0.05,1100.46,2026-06-22
KXNBA-27-DEN,1782187200,0.04,677.87,2026-06-23
KXNBA-27-DEN,1782273600,0.04,108568.71,2026-06-24
KXNBA-27-DEN,1782360000,0.04,4073.18,2026-06-25
KXNBA-27-DEN,1782446400,0.04,2723.08,2026-06-26
KXNBA-27-DEN,1782532800,0.04,850.14,2026-06-27
KXNBA-27-DEN,1782619200,0.04,2367.54,2026-06-28
KXNBA-27-DEN,1782705600,0.04,5211.53,2026-06-29
KXNBA-27-DEN,1782792000,0.04,3288.74,2026-06-30
KXNBA-27-DEN,1782878400,0.04,6376.77,2026-07-01
KXNBA-27-DEN,1782964800,0.05,193431.06,2026-07-02
KXNBA-27-DEN,1783051200,0.04,1118.68,2026-07-03
KXNBA-27-DEN,1783137600,0.05,2614.0,2026-07-04
KXNBA-27-DEN,1783224000,0.05,348.52,2026-07-05
KXNBA-27-DEN,1783310400,0.05,67.89,2026-07-06
KXNBA-27-DEN,1783396800,0.04,1000.83,2026-07-07
KXNBA-27-DEN,1783483200,0.04,320.51,2026-07-08
KXNBA-27-DEN,1783569600,0.04,1859.91,2026-07-09
KXNBA-27-DEN,1783656000,0.04,993.8,2026-07-10
KXNBA-27-DEN,1783742400,0.04,1377.74,2026-07-11
KXNBA-27-DEN,1783828800,0.04,355.52,2026-07-12
KXNBA-27-DEN,1783915200,0.04,379.57,2026-07-13
KXNBA-27-DEN,1784001600,0.04,162.32,2026-07-14
KXNBA-27-DEN,1784088000,0.04,2229.76,2026-07-15
KXNBA-27-DEN,1784174400,0.04,854.24,2026-07-16
KXNBA-27-DEN,1784260800,0.04,413.83,2026-07-17
KXNBA-27-DEN,1784347200,0.04,6151.42,2026-07-18
KXNBA-27-DEN,1784433600,0.04,25.0,2026-07-19
KXNBA-27-DEN,1784520000,0.04,811.27,2026-07-20
KXNBA-27-DEN,1784606400,0.04,4358.32,2026-07-21
KXNBA-27-DEN,1784692800,0.04,5843.29,2026-07-22
KXNBA-27-DEN,1784779200,0.04,1892.29,2026-07-23
KXNBA-27-DEN,1784865600,0.03,165.0,2026-07-24
KXNBA-27-DEN,1784952000,0.04,11862.43,2026-07-25
KXNBA-27-DEN,1785038400,0.04,8468.25,2026-07-26
KXNBA-27-DEN,1785124800,0.04,2301.53,2026-07-27
KXNBA-27-DEN,1785211200,0.04,3149.07,2026-07-28
KXNBA-27-DEN,1785297600,0.04,1454.4,2026-07-29
KXNBA-27-DEN,1785384000,0.04,674.42,2026-07-30
KXNBA-27-DEN,1785470400,0.03,1000.0,2026-07-31
KXNBA-27-DEN,1785556800,0.04,579.61,2026-08-01
KXNBA-27-DEN,1785643200,0.04,1298.56,2026-08-02
KXNBA-27-DEN,1785729600,0.04,187.39,2026-08-03
KXNBA-27-DEN,1785816000,0.04,257.89,2026-08-04
KXNBA-27-DEN,1785902400,,0.0,2026-08-05
KXNBA-27-DEN,1785988800,0.04,265.25,2026-08-06
KXNBA-27-DEN,1786075200,0.03,1881.47,2026-08-07
KXNBA-27-DEN,1786161600,0.04,1475.81,2026-08-08
KXNBA-27-DEN,1786248000,0.04,267.4,2026-08-09
KXNBA-27-DEN,1786334400,0.04,234.0,2026-08-10
KXNBA-27-DEN,1786420800,0.04,259.69,2026-08-11
KXNBA-27-DEN,1786507200,0.03,93.7,2026-08-12
KXNBA-27-DEN,1786593600,0.04,1361.82,2026-08-13
KXNBA-27-DEN,1786680000,,0.0,2026-08-14
KXNBA-27-DEN,1786766400,0.04,226.81,2026-08-15
KXNBA-27-DEN,1786852800,0.03,374.79,2026-08-16
KXNBA-27-DEN,1786939200,0.04,166.5,2026-08-17
KXNBA-27-DEN,1787025600,,0.0,2026-08-18
KXNBA-27-DEN,1787112000,0.03,70.27,2026-08-19
KXNBA-27-DEN,1787198400,0.03,6561.72,2026-08-20
KXNBA-27-DEN,1787284800,0.04,542.14,2026-08-21
KXNBA-27-DEN,1787371200,0.04,6725.9,2026-08-22
KXNBA-27-DEN,1787457600,0.04,2951.61,2026-08-23
KXNBA-27-DEN,1787544000,,0.0,2026-08-24
KXNBA-27-DEN,1787630400,0.04,46.85,2026-08-25
KXNBA-27-DEN,1787716800,,0.0,2026-08-26
KXNBA-27-DEN,1787803200,0.04,655.9,2026-08-27
KXNBA-27-DEN,1787889600,0.04,253.0,2026-08-28
KXNBA-27-DEN,1787976000,0.04,257.67,2026-08-29
KXNBA-27-DEN,1788062400,0.04,468.49,2026-08-30
KXNBA-27-DEN,1788148800,0.04,58.56,2026-08-31
KXNBA-27-DEN,1788235200,0.04,234.47,2026-09-01
KXNBA-27-DEN,1788321600,,0.0,2026-09-02
KXNBA-27-DEN,1788408000,,0.0,2026-09-03
KXNBA-27-DEN,1788494400,0.04,353.72,2026-09-04
KXNBA-27-DEN,1788580800,0.04,936.99,2026-09-05
KXNBA-27-DEN,1788667200,0.04,266.31,2026-09-06
KXNBA-27-DEN,1788753600,0.04,400.24,2026-09-07
KXNBA-27-DEN,1788840000,0.04,518.64,2026-09-08
KXNBA-27-DET,1781496000,0.04,2632.03,2026-06-15
KXNBA-27-DET,1781582400,0.04,3961.47,2026-06-16
KXNBA-27-DET,1781668800,0.04,826.78,2026-06-17
KXNBA-27-DET,1781755200,0.04,1232.1,2026-06-18
KXNBA-27-DET,1781841600,0.04,4654.61,2026-06-19
KXNBA-27-DET,1781928000,0.04,911.39,2026-06-20
KXNBA-27-DET,1782014400,0.04,3340.34,2026-06-21
KXNBA-27-DET,1782100800,0.04,1710.76,2026-06-22
KXNBA-27-DET,1782187200,0.04,605.31,2026-06-23
KXNBA-27-DET,1782273600,0.03,6044.9,2026-06-24
KXNBA-27-DET,1782360000,0.03,1984.44,2026-06-25
KXNBA-27-DET,1782446400,0.03,14718.47,2026-06-26
KXNBA-27-DET,1782532800,0.03,6981.94,2026-06-27
KXNBA-27-DET,1782619200,0.04,38520.46,2026-06-28
KXNBA-27-DET,1782705600,0.03,3124.73,2026-06-29
KXNBA-27-DET,1782792000,0.04,5578.99,2026-06-30
KXNBA-27-DET,1782878400,0.04,17341.14,2026-07-01
KXNBA-27-DET,1782964800,0.03,3142.42,2026-07-02
KXNBA-27-DET,1783051200,0.03,4154.83,2026-07-03
KXNBA-27-DET,1783137600,0.03,1490.99,2026-07-04
KXNBA-27-DET,1783224000,0.04,142.12,2026-07-05
KXNBA-27-DET,1783310400,0.04,5078.87,2026-07-06
KXNBA-27-DET,1783396800,0.04,466.18,2026-07-07
KXNBA-27-DET,1783483200,0.03,1319.13,2026-07-08
KXNBA-27-DET,1783569600,0.04,1713.96,2026-07-09
KXNBA-27-DET,1783656000,0.04,80.8,2026-07-10
KXNBA-27-DET,1783742400,0.04,680.9,2026-07-11
KXNBA-27-DET,1783828800,0.04,25.0,2026-07-12
KXNBA-27-DET,1783915200,0.04,61.2,2026-07-13
KXNBA-27-DET,1784001600,0.04,363.72,2026-07-14
KXNBA-27-DET,1784088000,0.04,28.51,2026-07-15
KXNBA-27-DET,1784174400,0.04,200.07,2026-07-16
KXNBA-27-DET,1784260800,0.04,142.0,2026-07-17
KXNBA-27-DET,1784347200,0.04,2472.57,2026-07-18
KXNBA-27-DET,1784433600,0.04,264.16,2026-07-19
KXNBA-27-DET,1784520000,0.04,245.89,2026-07-20
KXNBA-27-DET,1784606400,0.04,525.18,2026-07-21
KXNBA-27-DET,1784692800,0.04,731.57,2026-07-22
KXNBA-27-DET,1784779200,0.03,610.64,2026-07-23
KXNBA-27-DET,1784865600,0.03,963.0,2026-07-24
KXNBA-27-DET,1784952000,0.04,3101.04,2026-07-25
KXNBA-27-DET,1785038400,0.04,2304.94,2026-07-26
KXNBA-27-DET,1785124800,0.04,356.75,2026-07-27
KXNBA-27-DET,1785211200,0.04,18345.36,2026-07-28
KXNBA-27-DET,1785297600,0.04,244.44,2026-07-29
KXNBA-27-DET,1785384000,,0.0,2026-07-30
KXNBA-27-DET,1785470400,,0.0,2026-07-31
KXNBA-27-DET,1785556800,0.04,1417.5,2026-08-01
KXNBA-27-DET,1785643200,0.04,1351.65,2026-08-02
KXNBA-27-DET,1785729600,0.04,46.43,2026-08-03
KXNBA-27-DET,1785816000,0.04,234.25,2026-08-04
KXNBA-27-DET,1785902400,,0.0,2026-08-05
KXNBA-27-DET,1785988800,0.03,2322.69,2026-08-06
KXNBA-27-DET,1786075200,0.03,429.25,2026-08-07
KXNBA-27-DET,1786161600,0.03,780.33,2026-08-08
KXNBA-27-DET,1786248000,0.03,777.37,2026-08-09
KXNBA-27-DET,1786334400,0.02,399.61,2026-08-10
KXNBA-27-DET,1786420800,0.03,222.0,2026-08-11
KXNBA-27-DET,1786507200,0.02,6561.09,2026-08-12
KXNBA-27-DET,1786593600,0.03,515.0,2026-08-13
KXNBA-27-DET,1786680000,0.03,431.01,2026-08-14
KXNBA-27-DET,1786766400,0.03,13156.06,2026-08-15
KXNBA-27-DET,1786852800,0.03,499.72,2026-08-16
KXNBA-27-DET,1786939200,0.03,312.13,2026-08-17
KXNBA-27-DET,1787025600,0.03,8921.73,2026-08-18
KXNBA-27-DET,1787112000,0.03,62.42,2026-08-19
KXNBA-27-DET,1787198400,0.02,873.79,2026-08-20
KXNBA-27-DET,1787284800,,0.0,2026-08-21
KXNBA-27-DET,1787371200,0.03,6273.87,2026-08-22
KXNBA-27-DET,1787457600,0.03,2653.47,2026-08-23
KXNBA-27-DET,1787544000,0.03,624.27,2026-08-24
KXNBA-27-DET,1787630400,0.03,374.55,2026-08-25
KXNBA-27-DET,1787716800,0.03,624.27,2026-08-26
KXNBA-27-DET,1787803200,0.03,523.19,2026-08-27
KXNBA-27-DET,1787889600,0.03,102.13,2026-08-28
KXNBA-27-DET,1787976000,0.03,65.23,2026-08-29
KXNBA-27-DET,1788062400,0.03,1788.34,2026-08-30
KXNBA-27-DET,1788148800,,0.0,2026-08-31
KXNBA-27-DET,1788235200,0.03,31.21,2026-09-01
KXNBA-27-DET,1788321600,,0.0,2026-09-02
KXNBA-27-DET,1788408000,0.03,93.64,2026-09-03
KXNBA-27-DET,1788494400,,0.0,2026-09-04
KXNBA-27-DET,1788580800,0.03,166.06,2026-09-05
KXNBA-27-DET,1788667200,0.03,1560.69,2026-09-06
KXNBA-27-DET,1788753600,0.03,39.01,2026-09-07
KXNBA-27-DET,1788840000,,0.0,2026-09-08
KXNBA-27-HOU,1781496000,0.03,1093.65,2026-06-15
KXNBA-27-HOU,1781582400,0.03,4603.27,2026-06-16
KXNBA-27-HOU,1781668800,0.03,496.16,2026-06-17
KXNBA-27-HOU,1781755200,0.02,86.0,2026-06-18
KXNBA-27-HOU,1781841600,0.03,855.86,2026-06-19
KXNBA-27-HOU,1781928000,0.03,5343.34,2026-06-20
KXNBA-27-HOU,1782014400,,0.0,2026-06-21
KXNBA-27-HOU,1782100800,0.03,796.89,2026-06-22
KXNBA-27-HOU,1782187200,0.03,1867.46,2026-06-23
KXNBA-27-HOU,1782273600,0.03,1504.47,2026-06-24
KXNBA-27-HOU,1782360000,0.02,964.63,2026-06-25
KXNBA-27-HOU,1782446400,0.03,2405.24,2026-06-26
KXNBA-27-HOU,1782532800,0.03,332.65,2026-06-27
KXNBA-27-HOU,1782619200,0.03,813.34,2026-06-28
KXNBA-27-HOU,1782705600,0.03,1266.81,2026-06-29
KXNBA-27-HOU,1782792000,0.03,764.93,2026-06-30
KXNBA-27-HOU,1782878400,0.02,2017.48,2026-07-01
KXNBA-27-HOU,1782964800,0.02,3960.41,2026-07-02
KXNBA-27-HOU,1783051200,0.02,1671.98,2026-07-03
KXNBA-27-HOU,1783137600,0.03,1233.53,2026-07-04
KXNBA-27-HOU,1783224000,0.03,33.0,2026-07-05
KXNBA-27-HOU,1783310400,0.03,91.99,2026-07-06
KXNBA-27-HOU,1783396800,0.03,545.27,2026-07-07
KXNBA-27-HOU,1783483200,0.02,480.99,2026-07-08
KXNBA-27-HOU,1783569600,0.03,33.0,2026-07-09
KXNBA-27-HOU,1783656000,0.03,657.27,2026-07-10
KXNBA-27-HOU,1783742400,0.03,64.21,2026-07-11
KXNBA-27-HOU,1783828800,0.03,220.27,2026-07-12
KXNBA-27-HOU,1783915200,0.02,2438.47,2026-07-13
KXNBA-27-HOU,1784001600,0.02,20105.98,2026-07-14
KXNBA-27-HOU,1784088000,0.02,1078.28,2026-07-15
KXNBA-27-HOU,1784174400,0.02,79.79,2026-07-16
KXNBA-27-HOU,1784260800,0.02,33.0,2026-07-17
KXNBA-27-HOU,1784347200,0.02,968.8,2026-07-18
KXNBA-27-HOU,1784433600,0.02,2816.63,2026-07-19
KXNBA-27-HOU,1784520000,0.02,53.0,2026-07-20
KXNBA-27-HOU,1784606400,0.02,346.0,2026-07-21
KXNBA-27-HOU,1784692800,0.02,193.71,2026-07-22
KXNBA-27-HOU,1784779200,0.02,393.53,2026-07-23
KXNBA-27-HOU,1784865600,0.02,3644.01,2026-07-24
KXNBA-27-HOU,1784952000,0.02,6844.08,2026-07-25
KXNBA-27-HOU,1785038400,0.02,12664.75,2026-07-26
KXNBA-27-HOU,1785124800,0.02,1842.01,2026-07-27
KXNBA-27-HOU,1785211200,0.02,9799.25,2026-07-28
KXNBA-27-HOU,1785297600,0.02,2626.66,2026-07-29
KXNBA-27-HOU,1785384000,0.02,340.65,2026-07-30
KXNBA-27-HOU,1785470400,0.02,2885.58,2026-07-31
KXNBA-27-HOU,1785556800,0.02,1602.8,2026-08-01
KXNBA-27-HOU,1785643200,0.02,841.9,2026-08-02
KXNBA-27-HOU,1785729600,0.02,156.27,2026-08-03
KXNBA-27-HOU,1785816000,0.02,1278.4,2026-08-04
KXNBA-27-HOU,1785902400,0.02,93.58,2026-08-05
KXNBA-27-HOU,1785988800,0.02,958.7,2026-08-06
KXNBA-27-HOU,1786075200,0.02,249.75,2026-08-07
KXNBA-27-HOU,1786161600,0.02,815.43,2026-08-08
KXNBA-27-HOU,1786248000,0.02,1568.29,2026-08-09
KXNBA-27-HOU,1786334400,0.02,608.27,2026-08-10
KXNBA-27-HOU,1786420800,0.02,613.74,2026-08-11
KXNBA-27-HOU,1786507200,0.02,4057.15,2026-08-12
KXNBA-27-HOU,1786593600,0.02,5312.28,2026-08-13
KXNBA-27-HOU,1786680000,0.02,90.28,2026-08-14
KXNBA-27-HOU,1786766400,0.02,22000.0,2026-08-15
KXNBA-27-HOU,1786852800,,0.0,2026-08-16
KXNBA-27-HOU,1786939200,,0.0,2026-08-17
KXNBA-27-HOU,1787025600,0.02,187.16,2026-08-18
KXNBA-27-HOU,1787112000,,0.0,2026-08-19
KXNBA-27-HOU,1787198400,0.02,93.47,2026-08-20
KXNBA-27-HOU,1787284800,0.02,905.92,2026-08-21
KXNBA-27-HOU,1787371200,0.02,1.0,2026-08-22
KXNBA-27-HOU,1787457600,0.02,1466.04,2026-08-23
KXNBA-27-HOU,1787544000,0.02,516.55,2026-08-24
KXNBA-27-HOU,1787630400,0.02,1637.65,2026-08-25
KXNBA-27-HOU,1787716800,0.02,701.85,2026-08-26
KXNBA-27-HOU,1787803200,0.02,567.9,2026-08-27
KXNBA-27-HOU,1787889600,0.02,935.8,2026-08-28
KXNBA-27-HOU,1787976000,0.02,46.5,2026-08-29
KXNBA-27-HOU,1788062400,0.01,212.79,2026-08-30
KXNBA-27-HOU,1788148800,0.02,24237.31,2026-08-31
KXNBA-27-HOU,1788235200,,0.0,2026-09-01
KXNBA-27-HOU,1788321600,0.02,14.03,2026-09-02
KXNBA-27-HOU,1788408000,,0.0,2026-09-03
KXNBA-27-HOU,1788494400,0.02,10000.0,2026-09-04
KXNBA-27-HOU,1788580800,,0.0,2026-09-05
KXNBA-27-HOU,1788667200,0.02,3388.8,2026-09-06
KXNBA-27-HOU,1788753600,0.02,2104.8,2026-09-07
KXNBA-27-HOU,1788840000,,0.0,2026-09-08
KXNBA-27-IND,1781496000,0.06,8426.37,2026-06-15
KXNBA-27-IND,1781582400,0.04,5625.3,2026-06-16
KXNBA-27-IND,1781668800,0.04,4842.59,2026-06-17
KXNBA-27-IND,1781755200,0.04,5106.15,2026-06-18
KXNBA-27-IND,1781841600,0.04,2157.93,2026-06-19
KXNBA-27-IND,1781928000,0.04,2194.83,2026-06-20
KXNBA-27-IND,1782014400,0.04,639.02,2026-06-21
KXNBA-27-IND,1782100800,0.04,526.13,2026-06-22
KXNBA-27-IND,1782187200,0.04,2153.03,2026-06-23
KXNBA-27-IND,1782273600,0.03,7868.4,2026-06-24
KXNBA-27-IND,1782360000,0.03,2631.65,2026-06-25
KXNBA-27-IND,1782446400,0.03,1787.29,2026-06-26
KXNBA-27-IND,1782532800,0.03,818.43,2026-06-27
KXNBA-27-IND,1782619200,0.03,220.27,2026-06-28
KXNBA-27-IND,1782705600,0.03,2433.05,2026-06-29
KXNBA-27-IND,1782792000,0.02,1298.3,2026-06-30
KXNBA-27-IND,1782878400,0.02,6019.68,2026-07-01
KXNBA-27-IND,1782964800,0.03,5183.89,2026-07-02
KXNBA-27-IND,1783051200,0.02,2271.24,2026-07-03
KXNBA-27-IND,1783137600,0.03,4580.71,2026-07-04
KXNBA-27-IND,1783224000,0.03,289.06,2026-07-05
KXNBA-27-IND,1783310400,0.03,78835.96,2026-07-06
KXNBA-27-IND,1783396800,0.03,655.97,2026-07-07
KXNBA-27-IND,1783483200,0.03,78691.5,2026-07-08
KXNBA-27-IND,1783569600,0.03,1473.1,2026-07-09
KXNBA-27-IND,1783656000,0.03,2910.78,2026-07-10
KXNBA-27-IND,1783742400,0.03,1187.85,2026-07-11
KXNBA-27-IND,1783828800,0.03,64.52,2026-07-12
KXNBA-27-IND,1783915200,0.03,941.95,2026-07-13
KXNBA-27-IND,1784001600,0.03,3788.24,2026-07-14
KXNBA-27-IND,1784088000,0.03,4509.67,2026-07-15
KXNBA-27-IND,1784174400,0.03,10409.62,2026-07-16
KXNBA-27-IND,1784260800,0.03,12572.26,2026-07-17
KXNBA-27-IND,1784347200,0.03,445.13,2026-07-18
KXNBA-27-IND,1784433600,0.03,1786.37,2026-07-19
KXNBA-27-IND,1784520000,0.03,6553.19,2026-07-20
KXNBA-27-IND,1784606400,0.03,1251.22,2026-07-21
KXNBA-27-IND,1784692800,0.03,1455.42,2026-07-22
KXNBA-27-IND,1784779200,0.02,19757.85,2026-07-23
KXNBA-27-IND,1784865600,0.02,3432.02,2026-07-24
KXNBA-27-IND,1784952000,0.02,41189.45,2026-07-25
KXNBA-27-IND,1785038400,0.02,25716.87,2026-07-26
KXNBA-27-IND,1785124800,0.02,12566.09,2026-07-27
KXNBA-27-IND,1785211200,0.02,12862.0,2026-07-28
KXNBA-27-IND,1785297600,0.02,19721.77,2026-07-29
KXNBA-27-IND,1785384000,0.02,21223.5,2026-07-30
KXNBA-27-IND,1785470400,0.02,8132.52,2026-07-31
KXNBA-27-IND,1785556800,0.02,10463.17,2026-08-01
KXNBA-27-IND,1785643200,0.02,5272.34,2026-08-02
KXNBA-27-IND,1785729600,0.01,6252.54,2026-08-03
KXNBA-27-IND,1785816000,0.02,12773.69,2026-08-04
KXNBA-27-IND,1785902400,0.02,6932.29,2026-08-05
KXNBA-27-IND,1785988800,0.02,12934.65,2026-08-06
KXNBA-27-IND,1786075200,0.02,6382.46,2026-08-07
KXNBA-27-IND,1786161600,0.01,1925.02,2026-08-08
KXNBA-27-IND,1786248000,0.02,1637.2,2026-08-09
KXNBA-27-IND,1786334400,0.02,573.99,2026-08-10
KXNBA-27-IND,1786420800,0.01,1357.84,2026-08-11
KXNBA-27-IND,1786507200,0.02,517.02,2026-08-12
KXNBA-27-IND,1786593600,0.02,12978.47,2026-08-13
KXNBA-27-IND,1786680000,0.02,9862.91,2026-08-14
KXNBA-27-IND,1786766400,0.02,19299.95,2026-08-15
KXNBA-27-IND,1786852800,0.02,2896.44,2026-08-16
KXNBA-27-IND,1786939200,0.02,6784.12,2026-08-17
KXNBA-27-IND,1787025600,0.02,1676.27,2026-08-18
KXNBA-27-IND,1787112000,0.02,1869.76,2026-08-19
KXNBA-27-IND,1787198400,0.02,1034.0,2026-08-20
KXNBA-27-IND,1787284800,0.02,617.9,2026-08-21
KXNBA-27-IND,1787371200,0.02,6329.01,2026-08-22
KXNBA-27-IND,1787457600,0.01,3.12,2026-08-23
KXNBA-27-IND,1787544000,0.02,46.79,2026-08-24
KXNBA-27-IND,1787630400,0.02,11116.54,2026-08-25
KXNBA-27-IND,1787716800,0.01,23441.79,2026-08-26
KXNBA-27-IND,1787803200,0.02,374.32,2026-08-27
KXNBA-27-IND,1787889600,0.02,166.0,2026-08-28
KXNBA-27-IND,1787976000,0.02,859.64,2026-08-29
KXNBA-27-IND,1788062400,0.02,5053.75,2026-08-30
KXNBA-27-IND,1788148800,0.02,4679.01,2026-08-31
KXNBA-27-IND,1788235200,0.02,15815.74,2026-09-01
KXNBA-27-IND,1788321600,0.02,643.88,2026-09-02
KXNBA-27-IND,1788408000,,0.0,2026-09-03
KXNBA-27-IND,1788494400,0.02,6988.45,2026-09-04
KXNBA-27-IND,1788580800,0.02,5016.17,2026-09-05
KXNBA-27-IND,1788667200,0.02,1.0,2026-09-06
KXNBA-27-IND,1788753600,0.02,348.1,2026-09-07
KXNBA-27-IND,1788840000,0.02,464.54,2026-09-08
KXNBA-27-LAL,1781496000,0.03,39109.21,2026-06-15
KXNBA-27-LAL,1781582400,0.04,109954.38,2026-06-16
KXNBA-27-LAL,1781668800,0.04,21499.04,2026-06-17
KXNBA-27-LAL,1781755200,0.04,8242.27,2026-06-18
KXNBA-27-LAL,1781841600,0.04,1970.09,2026-06-19
KXNBA-27-LAL,1781928000,0.05,36675.44,2026-06-20
KXNBA-27-LAL,1782014400,0.05,6927.08,2026-06-21
KXNBA-27-LAL,1782100800,0.03,6354.06,2026-06-22
KXNBA-27-LAL,1782187200,0.05,25977.04,2026-06-23
KXNBA-27-LAL,1782273600,0.04,7169.7,2026-06-24
KXNBA-27-LAL,1782360000,0.04,5975.64,2026-06-25
KXNBA-27-LAL,1782446400,0.04,2181.1,2026-06-26
KXNBA-27-LAL,1782532800,0.04,4872.88,2026-06-27
KXNBA-27-LAL,1782619200,0.03,1488.51,2026-06-28
KXNBA-27-LAL,1782705600,0.03,3093.98,2026-06-29
KXNBA-27-LAL,1782792000,0.04,1820.12,2026-06-30
KXNBA-27-LAL,1782878400,0.03,33475.37,2026-07-01
KXNBA-27-LAL,1782964800,0.05,201556.81,2026-07-02
KXNBA-27-LAL,1783051200,0.04,25822.67,2026-07-03
KXNBA-27-LAL,1783137600,0.04,19737.46,2026-07-04
KXNBA-27-LAL,1783224000,0.03,3631.53,2026-07-05
KXNBA-27-LAL,1783310400,0.03,21969.63,2026-07-06
KXNBA-27-LAL,1783396800,0.04,4463.59,2026-07-07
KXNBA-27-LAL,1783483200,0.04,13455.3,2026-07-08
KXNBA-27-LAL,1783569600,0.04,16614.88,2026-07-09
KXNBA-27-LAL,1783656000,0.03,5517.65,2026-07-10
KXNBA-27-LAL,1783742400,0.03,2180.14,2026-07-11
KXNBA-27-LAL,1783828800,0.04,1321.35,2026-07-12
KXNBA-27-LAL,1783915200,0.04,7233.81,2026-07-13
KXNBA-27-LAL,1784001600,0.04,12190.93,2026-07-14
KXNBA-27-LAL,1784088000,0.04,3748.98,2026-07-15
KXNBA-27-LAL,1784174400,0.04,5835.86,2026-07-16
KXNBA-27-LAL,1784260800,0.04,6615.13,2026-07-17
KXNBA-27-LAL,1784347200,0.04,2107.85,2026-07-18
KXNBA-27-LAL,1784433600,0.04,24331.97,2026-07-19
KXNBA-27-LAL,1784520000,0.04,1821.14,2026-07-20
KXNBA-27-LAL,1784606400,0.04,32022.56,2026-07-21
KXNBA-27-LAL,1784692800,0.04,16674.14,2026-07-22
KXNBA-27-LAL,1784779200,0.03,23384.33,2026-07-23
KXNBA-27-LAL,1784865600,0.02,24292.0,2026-07-24
KXNBA-27-LAL,1784952000,0.03,74949.22,2026-07-25
KXNBA-27-LAL,1785038400,0.03,83304.32,2026-07-26
KXNBA-27-LAL,1785124800,0.03,42488.66,2026-07-27
KXNBA-27-LAL,1785211200,0.03,58329.62,2026-07-28
KXNBA-27-LAL,1785297600,0.03,54569.39,2026-07-29
KXNBA-27-LAL,1785384000,0.03,17861.91,2026-07-30
KXNBA-27-LAL,1785470400,0.03,13471.63,2026-07-31
KXNBA-27-LAL,1785556800,0.03,12357.57,2026-08-01
KXNBA-27-LAL,1785643200,0.03,25781.54,2026-08-02
KXNBA-27-LAL,1785729600,0.03,17178.16,2026-08-03
KXNBA-27-LAL,1785816000,0.03,13275.86,2026-08-04
KXNBA-27-LAL,1785902400,0.03,4448.77,2026-08-05
KXNBA-27-LAL,1785988800,0.03,24225.93,2026-08-06
KXNBA-27-LAL,1786075200,0.03,8459.54,2026-08-07
KXNBA-27-LAL,1786161600,0.03,3346.75,2026-08-08
KXNBA-27-LAL,1786248000,0.03,2799.03,2026-08-09
KXNBA-27-LAL,1786334400,0.02,21624.24,2026-08-10
KXNBA-27-LAL,1786420800,0.03,4662.77,2026-08-11
KXNBA-27-LAL,1786507200,0.03,5000.06,2026-08-12
KXNBA-27-LAL,1786593600,0.03,23879.71,2026-08-13
KXNBA-27-LAL,1786680000,0.03,46382.49,2026-08-14
KXNBA-27-LAL,1786766400,0.03,9238.66,2026-08-15
KXNBA-27-LAL,1786852800,0.03,2061.45,2026-08-16
KXNBA-27-LAL,1786939200,0.03,37246.57,2026-08-17
KXNBA-27-LAL,1787025600,0.03,1060.36,2026-08-18
KXNBA-27-LAL,1787112000,0.03,12673.39,2026-08-19
KXNBA-27-LAL,1787198400,0.03,8153.27,2026-08-20
KXNBA-27-LAL,1787284800,0.02,33971.22,2026-08-21
KXNBA-27-LAL,1787371200,0.03,7119.26,2026-08-22
KXNBA-27-LAL,1787457600,0.03,9945.24,2026-08-23
KXNBA-27-LAL,1787544000,0.02,7224.21,2026-08-24
KXNBA-27-LAL,1787630400,0.03,33243.39,2026-08-25
KXNBA-27-LAL,1787716800,0.03,24869.64,2026-08-26
KXNBA-27-LAL,1787803200,0.03,18135.45,2026-08-27
KXNBA-27-LAL,1787889600,0.03,6650.46,2026-08-28
KXNBA-27-LAL,1787976000,0.03,5943.22,2026-08-29
KXNBA-27-LAL,1788062400,0.03,8615.78,2026-08-30
KXNBA-27-LAL,1788148800,0.03,424.57,2026-08-31
KXNBA-27-LAL,1788235200,0.03,3296.12,2026-09-01
KXNBA-27-LAL,1788321600,0.03,4666.62,2026-09-02
KXNBA-27-LAL,1788408000,0.03,32150.28,2026-09-03
KXNBA-27-LAL,1788494400,0.03,3005.83,2026-09-04
KXNBA-27-LAL,1788580800,0.02,6019.47,2026-09-05
KXNBA-27-LAL,1788667200,0.03,6156.84,2026-09-06
KXNBA-27-LAL,1788753600,0.03,526.02,2026-09-07
KXNBA-27-LAL,1788840000,0.03,5802.02,2026-09-08
KXNBA-27-MIA,1781496000,0.03,3536.62,2026-06-15
KXNBA-27-MIA,1781582400,0.03,26881.62,2026-06-16
KXNBA-27-MIA,1781668800,0.03,5482.62,2026-06-17
KXNBA-27-MIA,1781755200,0.03,27381.56,2026-06-18
KXNBA-27-MIA,1781841600,0.03,4942.71,2026-06-19
KXNBA-27-MIA,1781928000,0.03,2981.19,2026-06-20
KXNBA-27-MIA,1782014400,0.03,35962.97,2026-06-21
KXNBA-27-MIA,1782100800,0.03,44255.9,2026-06-22
KXNBA-27-MIA,1782187200,0.08,186326.25,2026-06-23
KXNBA-27-MIA,1782273600,0.05,281004.23,2026-06-24
KXNBA-27-MIA,1782360000,0.08,11554.99,2026-06-25
KXNBA-27-MIA,1782446400,0.06,7395.26,2026-06-26
KXNBA-27-MIA,1782532800,0.06,4258.76,2026-06-27
KXNBA-27-MIA,1782619200,0.06,3516.41,2026-06-28
KXNBA-27-MIA,1782705600,0.06,8469.97,2026-06-29
KXNBA-27-MIA,1782792000,0.05,6980.23,2026-06-30
KXNBA-27-MIA,1782878400,0.06,61204.62,2026-07-01
KXNBA-27-MIA,1782964800,0.06,23720.2,2026-07-02
KXNBA-27-MIA,1783051200,0.06,5210.87,2026-07-03
KXNBA-27-MIA,1783137600,0.06,11721.9,2026-07-04
KXNBA-27-MIA,1783224000,0.06,4178.03,2026-07-05
KXNBA-27-MIA,1783310400,0.05,6285.04,2026-07-06
KXNBA-27-MIA,1783396800,0.05,14530.28,2026-07-07
KXNBA-27-MIA,1783483200,0.05,4041.75,2026-07-08
KXNBA-27-MIA,1783569600,0.07,5498.06,2026-07-09
KXNBA-27-MIA,1783656000,0.04,8354.05,2026-07-10
KXNBA-27-MIA,1783742400,0.06,20715.93,2026-07-11
KXNBA-27-MIA,1783828800,0.07,4497.41,2026-07-12
KXNBA-27-MIA,1783915200,0.06,6131.3,2026-07-13
KXNBA-27-MIA,1784001600,0.07,11715.76,2026-07-14
KXNBA-27-MIA,1784088000,0.06,4223.87,2026-07-15
KXNBA-27-MIA,1784174400,0.05,6562.94,2026-07-16
KXNBA-27-MIA,1784260800,0.06,12503.53,2026-07-17
KXNBA-27-MIA,1784347200,0.09,13156.34,2026-07-18
KXNBA-27-MIA,1784433600,0.09,85411.15,2026-07-19
KXNBA-27-MIA,1784520000,0.09,54323.42,2026-07-20
KXNBA-27-MIA,1784606400,0.08,49374.31,2026-07-21
KXNBA-27-MIA,1784692800,0.08,41654.24,2026-07-22
KXNBA-27-MIA,1784779200,0.1,83259.66,2026-07-23
KXNBA-27-MIA,1784865600,0.09,83981.73,2026-07-24
KXNBA-27-MIA,1784952000,0.04,181539.45,2026-07-25
KXNBA-27-MIA,1785038400,0.03,36834.08,2026-07-26
KXNBA-27-MIA,1785124800,0.03,26622.88,2026-07-27
KXNBA-27-MIA,1785211200,0.04,20829.9,2026-07-28
KXNBA-27-MIA,1785297600,0.04,30419.53,2026-07-29
KXNBA-27-MIA,1785384000,0.03,27717.23,2026-07-30
KXNBA-27-MIA,1785470400,0.05,497065.16,2026-07-31
KXNBA-27-MIA,1785556800,0.05,11966.28,2026-08-01
KXNBA-27-MIA,1785643200,0.03,11385.32,2026-08-02
KXNBA-27-MIA,1785729600,0.05,7780.35,2026-08-03
KXNBA-27-MIA,1785816000,0.04,3325.1,2026-08-04
KXNBA-27-MIA,1785902400,0.04,1817.92,2026-08-05
KXNBA-27-MIA,1785988800,0.04,3593.22,2026-08-06
KXNBA-27-MIA,1786075200,0.03,3566.26,2026-08-07
KXNBA-27-MIA,1786161600,0.04,1657.23,2026-08-08
KXNBA-27-MIA,1786248000,0.04,1280.03,2026-08-09
KXNBA-27-MIA,1786334400,0.04,1210.93,2026-08-10
KXNBA-27-MIA,1786420800,0.03,2187.68,2026-08-11
KXNBA-27-MIA,1786507200,0.04,1531.33,2026-08-12
KXNBA-27-MIA,1786593600,0.04,1528.68,2026-08-13
KXNBA-27-MIA,1786680000,0.04,23838.05,2026-08-14
KXNBA-27-MIA,1786766400,0.03,6421.14,2026-08-15
KXNBA-27-MIA,1786852800,0.03,1546.2,2026-08-16
KXNBA-27-MIA,1786939200,0.04,817.25,2026-08-17
KXNBA-27-MIA,1787025600,0.04,33.0,2026-08-18
KXNBA-27-MIA,1787112000,0.03,26091.15,2026-08-19
KXNBA-27-MIA,1787198400,0.04,3687.38,2026-08-20
KXNBA-27-MIA,1787284800,0.04,950.04,2026-08-21
KXNBA-27-MIA,1787371200,0.04,63190.96,2026-08-22
KXNBA-27-MIA,1787457600,0.04,57248.99,2026-08-23
KXNBA-27-MIA,1787544000,0.03,21029.72,2026-08-24
KXNBA-27-MIA,1787630400,0.04,7227.45,2026-08-25
KXNBA-27-MIA,1787716800,0.04,25837.16,2026-08-26
KXNBA-27-MIA,1787803200,0.04,18122.51,2026-08-27
KXNBA-27-MIA,1787889600,0.04,10289.68,2026-08-28
KXNBA-27-MIA,1787976000,0.04,4721.77,2026-08-29
KXNBA-27-MIA,1788062400,0.04,4702.24,2026-08-30
KXNBA-27-MIA,1788148800,0.05,18101.14,2026-08-31
KXNBA-27-MIA,1788235200,0.03,3817.17,2026-09-01
KXNBA-27-MIA,1788321600,0.04,5103.76,2026-09-02
KXNBA-27-MIA,1788408000,0.04,6522.37,2026-09-03
KXNBA-27-MIA,1788494400,0.05,10677.23,2026-09-04
KXNBA-27-MIA,1788580800,0.05,4262.64,2026-09-05
KXNBA-27-MIA,1788667200,0.05,4905.52,2026-09-06
KXNBA-27-MIA,1788753600,0.04,568.37,2026-09-07
KXNBA-27-MIA,1788840000,0.03,4695.35,2026-09-08
KXNBA-27-MIN,1781496000,0.06,1653.19,2026-06-15
KXNBA-27-MIN,1781582400,0.04,10614.28,2026-06-16
KXNBA-27-MIN,1781668800,0.04,3137.32,2026-06-17
KXNBA-27-MIN,1781755200,0.04,3258.49,2026-06-18
KXNBA-27-MIN,1781841600,0.04,5707.15,2026-06-19
KXNBA-27-MIN,1781928000,0.04,1713.21,2026-06-20
KXNBA-27-MIN,1782014400,0.04,1926.97,2026-06-21
KXNBA-27-MIN,1782100800,0.04,7779.63,2026-06-22
KXNBA-27-MIN,1782187200,0.04,9585.93,2026-06-23
KXNBA-27-MIN,1782273600,0.04,7927.68,2026-06-24
KXNBA-27-MIN,1782360000,0.04,2988.9,2026-06-25
KXNBA-27-MIN,1782446400,0.07,283740.84,2026-06-26
KXNBA-27-MIN,1782532800,0.07,18518.3,2026-06-27
KXNBA-27-MIN,1782619200,0.07,10332.1,2026-06-28
KXNBA-27-MIN,1782705600,0.07,8374.99,2026-06-29
KXNBA-27-MIN,1782792000,0.07,25921.06,2026-06-30
KXNBA-27-MIN,1782878400,0.06,25404.97,2026-07-01
KXNBA-27-MIN,1782964800,0.06,48611.24,2026-07-02
KXNBA-27-MIN,1783051200,0.05,10836.9,2026-07-03
KXNBA-27-MIN,1783137600,0.04,30134.15,2026-07-04
KXNBA-27-MIN,1783224000,0.05,36008.93,2026-07-05
KXNBA-27-MIN,1783310400,0.06,16042.47,2026-07-06
KXNBA-27-MIN,1783396800,0.04,7934.88,2026-07-07
KXNBA-27-MIN,1783483200,0.04,15444.53,2026-07-08
KXNBA-27-MIN,1783569600,0.06,1360.37,2026-07-09
KXNBA-27-MIN,1783656000,0.04,37713.94,2026-07-10
KXNBA-27-MIN,1783742400,0.05,28802.82,2026-07-11
KXNBA-27-MIN,1783828800,0.05,7685.15,2026-07-12
KXNBA-27-MIN,1783915200,0.05,4834.21,2026-07-13
KXNBA-27-MIN,1784001600,0.05,10976.22,2026-07-14
KXNBA-27-MIN,1784088000,0.04,14936.6,2026-07-15
KXNBA-27-MIN,1784174400,0.05,15264.98,2026-07-16
KXNBA-27-MIN,1784260800,0.05,3202.78,2026-07-17
KXNBA-27-MIN,1784347200,0.03,5554.82,2026-07-18
KXNBA-27-MIN,1784433600,0.05,10879.51,2026-07-19
KXNBA-27-MIN,1784520000,0.03,6930.22,2026-07-20
KXNBA-27-MIN,1784606400,0.04,11952.61,2026-07-21
KXNBA-27-MIN,1784692800,0.03,11547.53,2026-07-22
KXNBA-27-MIN,1784779200,0.04,9138.45,2026-07-23
KXNBA-27-MIN,1784865600,0.04,16603.38,2026-07-24
KXNBA-27-MIN,1784952000,0.04,49559.06,2026-07-25
KXNBA-27-MIN,1785038400,0.04,28293.74,2026-07-26
KXNBA-27-MIN,1785124800,0.04,18924.56,2026-07-27
KXNBA-27-MIN,1785211200,0.04,8015.03,2026-07-28
KXNBA-27-MIN,1785297600,0.04,5883.64,2026-07-29
KXNBA-27-MIN,1785384000,0.04,3206.54,2026-07-30
KXNBA-27-MIN,1785470400,0.04,9350.69,2026-07-31
KXNBA-27-MIN,1785556800,0.04,7749.23,2026-08-01
KXNBA-27-MIN,1785643200,0.04,11919.35,2026-08-02
KXNBA-27-MIN,1785729600,0.04,10119.77,2026-08-03
KXNBA-27-MIN,1785816000,0.04,6411.07,2026-08-04
KXNBA-27-MIN,1785902400,0.03,2677.59,2026-08-05
KXNBA-27-MIN,1785988800,0.04,6537.28,2026-08-06
KXNBA-27-MIN,1786075200,0.04,11047.29,2026-08-07
KXNBA-27-MIN,1786161600,0.04,26562.13,2026-08-08
KXNBA-27-MIN,1786248000,0.03,22751.81,2026-08-09
KXNBA-27-MIN,1786334400,0.03,2115.43,2026-08-10
KXNBA-27-MIN,1786420800,0.04,4454.66,2026-08-11
KXNBA-27-MIN,1786507200,0.04,35121.64,2026-08-12
KXNBA-27-MIN,1786593600,0.04,8136.58,2026-08-13
KXNBA-27-MIN,1786680000,0.03,17307.29,2026-08-14
KXNBA-27-MIN,1786766400,0.04,3005.56,2026-08-15
KXNBA-27-MIN,1786852800,0.03,8093.42,2026-08-16
KXNBA-27-MIN,1786939200,0.03,14264.51,2026-08-17
KXNBA-27-MIN,1787025600,0.03,5961.82,2026-08-18
KXNBA-27-MIN,1787112000,0.03,2897.51,2026-08-19
KXNBA-27-MIN,1787198400,0.02,21979.12,2026-08-20
KXNBA-27-MIN,1787284800,0.03,3365.92,2026-08-21
KXNBA-27-MIN,1787371200,0.04,8555.26,2026-08-22
KXNBA-27-MIN,1787457600,0.03,7582.04,2026-08-23
KXNBA-27-MIN,1787544000,0.04,5941.97,2026-08-24
KXNBA-27-MIN,1787630400,0.03,13662.0,2026-08-25
KXNBA-27-MIN,1787716800,0.04,1477.02,2026-08-26
KXNBA-27-MIN,1787803200,0.04,116049.02,2026-08-27
KXNBA-27-MIN,1787889600,0.04,137892.38,2026-08-28
KXNBA-27-MIN,1787976000,0.04,72022.34,2026-08-29
KXNBA-27-MIN,1788062400,0.04,45459.89,2026-08-30
KXNBA-27-MIN,1788148800,0.04,34419.96,2026-08-31
KXNBA-27-MIN,1788235200,0.04,18797.76,2026-09-01
KXNBA-27-MIN,1788321600,0.04,20924.72,2026-09-02
KXNBA-27-MIN,1788408000,0.04,10077.06,2026-09-03
KXNBA-27-MIN,1788494400,0.04,9043.39,2026-09-04
KXNBA-27-MIN,1788580800,0.05,28264.2,2026-09-05
KXNBA-27-MIN,1788667200,0.04,4574.16,2026-09-06
KXNBA-27-MIN,1788753600,0.05,20658.79,2026-09-07
KXNBA-27-MIN,1788840000,0.05,67450.74,2026-09-08
KXNBA-27-NYK,1781496000,0.15,43561.71,2026-06-15
KXNBA-27-NYK,1781582400,0.15,25516.63,2026-06-16
KXNBA-27-NYK,1781668800,0.15,22448.71,2026-06-17
KXNBA-27-NYK,1781755200,0.14,51478.97,2026-06-18
KXNBA-27-NYK,1781841600,0.14,7328.05,2026-06-19
KXNBA-27-NYK,1781928000,0.14,2607.93,2026-06-20
KXNBA-27-NYK,1782014400,0.14,6942.63,2026-06-21
KXNBA-27-NYK,1782100800,0.12,22482.39,2026-06-22
KXNBA-27-NYK,1782187200,0.13,4638.19,2026-06-23
KXNBA-27-NYK,1782273600,0.13,4659.16,2026-06-24
KXNBA-27-NYK,1782360000,0.13,11088.17,2026-06-25
KXNBA-27-NYK,1782446400,0.11,8160.08,2026-06-26
KXNBA-27-NYK,1782532800,0.12,8863.94,2026-06-27
KXNBA-27-NYK,1782619200,0.12,3041.82,2026-06-28
KXNBA-27-NYK,1782705600,0.12,473.96,2026-06-29
KXNBA-27-NYK,1782792000,0.11,11409.36,2026-06-30
KXNBA-27-NYK,1782878400,0.11,21037.85,2026-07-01
KXNBA-27-NYK,1782964800,0.1,7268.38,2026-07-02
KXNBA-27-NYK,1783051200,0.09,11226.3,2026-07-03
KXNBA-27-NYK,1783137600,0.1,6261.14,2026-07-04
KXNBA-27-NYK,1783224000,0.09,7569.02,2026-07-05
KXNBA-27-NYK,1783310400,0.08,5037.46,2026-07-06
KXNBA-27-NYK,1783396800,0.08,10854.55,2026-07-07
KXNBA-27-NYK,1783483200,0.08,4749.51,2026-07-08
KXNBA-27-NYK,1783569600,0.07,52881.19,2026-07-09
KXNBA-27-NYK,1783656000,0.08,3631.93,2026-07-10
KXNBA-27-NYK,1783742400,0.08,3179.12,2026-07-11
KXNBA-27-NYK,1783828800,0.07,11978.27,2026-07-12
KXNBA-27-NYK,1783915200,0.06,940.3,2026-07-13
KXNBA-27-NYK,1784001600,0.07,3541.66,2026-07-14
KXNBA-27-NYK,1784088000,0.08,721.45,2026-07-15
KXNBA-27-NYK,1784174400,0.08,11486.39,2026-07-16
KXNBA-27-NYK,1784260800,0.07,1823.74,2026-07-17
KXNBA-27-NYK,1784347200,0.08,3206.74,2026-07-18
KXNBA-27-NYK,1784433600,0.08,39609.37,2026-07-19
KXNBA-27-NYK,1784520000,0.08,20225.74,2026-07-20
KXNBA-27-NYK,1784606400,0.08,13609.64,2026-07-21
KXNBA-27-NYK,1784692800,0.08,8346.75,2026-07-22
KXNBA-27-NYK,1784779200,0.08,4213.09,2026-07-23
KXNBA-27-NYK,1784865600,0.08,4647.16,2026-07-24
KXNBA-27-NYK,1784952000,0.08,169922.94,2026-07-25
KXNBA-27-NYK,1785038400,0.08,23848.65,2026-07-26
KXNBA-27-NYK,1785124800,0.09,37965.12,2026-07-27
KXNBA-27-NYK,1785211200,0.09,16542.68,2026-07-28
KXNBA-27-NYK,1785297600,0.08,9826.29,2026-07-29
KXNBA-27-NYK,1785384000,0.09,3145.71,2026-07-30
KXNBA-27-NYK,1785470400,0.08,9925.21,2026-07-31
KXNBA-27-NYK,1785556800,0.09,4575.91,2026-08-01
KXNBA-27-NYK,1785643200,0.09,2707.68,2026-08-02
KXNBA-27-NYK,1785729600,0.09,24496.9,2026-08-03
KXNBA-27-NYK,1785816000,0.09,3657.56,2026-08-04
KXNBA-27-NYK,1785902400,0.09,13017.3,2026-08-05
KXNBA-27-NYK,1785988800,0.09,5372.44,2026-08-06
KXNBA-27-NYK,1786075200,0.08,10004.69,2026-08-07
KXNBA-27-NYK,1786161600,0.09,13351.96,2026-08-08
KXNBA-27-NYK,1786248000,0.09,4320.3,2026-08-09
KXNBA-27-NYK,1786334400,0.09,5302.42,2026-08-10
KXNBA-27-NYK,1786420800,0.09,1441.23,2026-08-11
KXNBA-27-NYK,1786507200,0.09,3792.99,2026-08-12
KXNBA-27-NYK,1786593600,0.09,3839.34,2026-08-13
KXNBA-27-NYK,1786680000,0.09,2931.9,2026-08-14
KXNBA-27-NYK,1786766400,0.09,1085.54,2026-08-15
KXNBA-27-NYK,1786852800,0.09,17719.73,2026-08-16
KXNBA-27-NYK,1786939200,0.08,19471.49,2026-08-17
KXNBA-27-NYK,1787025600,0.09,1915.55,2026-08-18
KXNBA-27-NYK,1787112000,0.08,1492.09,2026-08-19
KXNBA-27-NYK,1787198400,0.09,569.67,2026-08-20
KXNBA-27-NYK,1787284800,0.09,3956.0,2026-08-21
KXNBA-27-NYK,1787371200,0.09,7276.56,2026-08-22
KXNBA-27-NYK,1787457600,0.09,6103.03,2026-08-23
KXNBA-27-NYK,1787544000,0.08,1267.67,2026-08-24
KXNBA-27-NYK,1787630400,0.08,7622.55,2026-08-25
KXNBA-27-NYK,1787716800,0.09,8430.62,2026-08-26
KXNBA-27-NYK,1787803200,0.09,13529.09,2026-08-27
KXNBA-27-NYK,1787889600,0.09,1639.11,2026-08-28
KXNBA-27-NYK,1787976000,0.09,953.03,2026-08-29
KXNBA-27-NYK,1788062400,0.09,2506.51,2026-08-30
KXNBA-27-NYK,1788148800,0.09,12936.19,2026-08-31
KXNBA-27-NYK,1788235200,0.09,1240.33,2026-09-01
KXNBA-27-NYK,1788321600,0.09,2479.49,2026-09-02
KXNBA-27-NYK,1788408000,0.09,1444.28,2026-09-03
KXNBA-27-NYK,1788494400,0.09,2943.23,2026-09-04
KXNBA-27-NYK,1788580800,0.08,2045.45,2026-09-05
KXNBA-27-NYK,1788667200,0.08,1833.45,2026-09-06
KXNBA-27-NYK,1788753600,0.09,3810.76,2026-09-07
KXNBA-27-NYK,1788840000,0.08,750.2,2026-09-08
KXNBA-27-OKC,1781496000,0.28,8048.98,2026-06-15
KXNBA-27-OKC,1781582400,0.26,5971.24,2026-06-16
KXNBA-27-OKC,1781668800,0.27,1901.23,2026-06-17
KXNBA-27-OKC,1781755200,0.26,8457.93,2026-06-18
KXNBA-27-OKC,1781841600,0.27,2943.73,2026-06-19
KXNBA-27-OKC,1781928000,0.26,3809.3,2026-06-20
KXNBA-27-OKC,1782014400,0.26,2320.0,2026-06-21
KXNBA-27-OKC,1782100800,0.26,590.52,2026-06-22
KXNBA-27-OKC,1782187200,0.26,2897.57,2026-06-23
KXNBA-27-OKC,1782273600,0.25,2940.95,2026-06-24
KXNBA-27-OKC,1782360000,0.26,5025.25,2026-06-25
KXNBA-27-OKC,1782446400,0.24,3566.67,2026-06-26
KXNBA-27-OKC,1782532800,0.25,1402.31,2026-06-27
KXNBA-27-OKC,1782619200,0.24,1120.72,2026-06-28
KXNBA-27-OKC,1782705600,0.25,919.43,2026-06-29
KXNBA-27-OKC,1782792000,0.25,1149.27,2026-06-30
KXNBA-27-OKC,1782878400,0.25,10717.06,2026-07-01
KXNBA-27-OKC,1782964800,0.24,3012.32,2026-07-02
KXNBA-27-OKC,1783051200,0.24,3068.0,2026-07-03
KXNBA-27-OKC,1783137600,0.25,2423.52,2026-07-04
KXNBA-27-OKC,1783224000,0.25,1252.64,2026-07-05
KXNBA-27-OKC,1783310400,0.25,2481.95,2026-07-06
KXNBA-27-OKC,1783396800,0.23,97717.14,2026-07-07
KXNBA-27-OKC,1783483200,0.23,4665.54,2026-07-08
KXNBA-27-OKC,1783569600,0.21,3273.33,2026-07-09
KXNBA-27-OKC,1783656000,0.22,2811.19,2026-07-10
KXNBA-27-OKC,1783742400,0.21,2911.97,2026-07-11
KXNBA-27-OKC,1783828800,0.22,1867.28,2026-07-12
KXNBA-27-OKC,1783915200,0.22,2032.2,2026-07-13
KXNBA-27-OKC,1784001600,0.21,2675.14,2026-07-14
KXNBA-27-OKC,1784088000,0.21,5295.01,2026-07-15
KXNBA-27-OKC,1784174400,0.21,1511.52,2026-07-16
KXNBA-27-OKC,1784260800,0.22,6992.07,2026-07-17
KXNBA-27-OKC,1784347200,0.22,886.49,2026-07-18
KXNBA-27-OKC,1784433600,0.22,1407.4,2026-07-19
KXNBA-27-OKC,1784520000,0.22,4380.65,2026-07-20
KXNBA-27-OKC,1784606400,0.22,7081.06,2026-07-21
KXNBA-27-OKC,1784692800,0.21,7307.43,2026-07-22
KXNBA-27-OKC,1784779200,0.21,7568.8,2026-07-23
KXNBA-27-OKC,1784865600,0.22,3472.3,2026-07-24
KXNBA-27-OKC,1784952000,0.21,65742.03,2026-07-25
KXNBA-27-OKC,1785038400,0.21,38617.29,2026-07-26
KXNBA-27-OKC,1785124800,0.21,7290.94,2026-07-27
KXNBA-27-OKC,1785211200,0.21,5594.27,2026-07-28
KXNBA-27-OKC,1785297600,0.2,3293.42,2026-07-29
KXNBA-27-OKC,1785384000,0.21,6941.37,2026-07-30
KXNBA-27-OKC,1785470400,0.2,4933.34,2026-07-31
KXNBA-27-OKC,1785556800,0.2,4076.73,2026-08-01
KXNBA-27-OKC,1785643200,0.2,68375.6,2026-08-02
KXNBA-27-OKC,1785729600,0.22,2975.61,2026-08-03
KXNBA-27-OKC,1785816000,0.22,3928.21,2026-08-04
KXNBA-27-OKC,1785902400,0.22,1649.49,2026-08-05
KXNBA-27-OKC,1785988800,0.21,2870.05,2026-08-06
KXNBA-27-OKC,1786075200,0.23,8257.95,2026-08-07
KXNBA-27-OKC,1786161600,0.22,1862.37,2026-08-08
KXNBA-27-OKC,1786248000,0.23,997.17,2026-08-09
KXNBA-27-OKC,1786334400,0.22,1266.06,2026-08-10
KXNBA-27-OKC,1786420800,0.23,650.46,2026-08-11
KXNBA-27-OKC,1786507200,0.23,1670.19,2026-08-12
KXNBA-27-OKC,1786593600,0.23,1823.59,2026-08-13
KXNBA-27-OKC,1786680000,0.22,905.36,2026-08-14
KXNBA-27-OKC,1786766400,0.22,1794.06,2026-08-15
KXNBA-27-OKC,1786852800,0.23,967.7,2026-08-16
KXNBA-27-OKC,1786939200,0.23,3388.53,2026-08-17
KXNBA-27-OKC,1787025600,0.22,1158.34,2026-08-18
KXNBA-27-OKC,1787112000,0.23,640.6,2026-08-19
KXNBA-27-OKC,1787198400,0.22,1165.85,2026-08-20
KXNBA-27-OKC,1787284800,0.23,1202.34,2026-08-21
KXNBA-27-OKC,1787371200,0.22,305.76,2026-08-22
KXNBA-27-OKC,1787457600,0.22,443.68,2026-08-23
KXNBA-27-OKC,1787544000,0.22,235.03,2026-08-24
KXNBA-27-OKC,1787630400,0.22,622.25,2026-08-25
KXNBA-27-OKC,1787716800,0.22,342.01,2026-08-26
KXNBA-27-OKC,1787803200,0.23,466.07,2026-08-27
KXNBA-27-OKC,1787889600,0.22,697.65,2026-08-28
KXNBA-27-OKC,1787976000,0.22,606.6,2026-08-29
KXNBA-27-OKC,1788062400,0.22,1087.07,2026-08-30
KXNBA-27-OKC,1788148800,0.22,705.47,2026-08-31
KXNBA-27-OKC,1788235200,0.22,70.21,2026-09-01
KXNBA-27-OKC,1788321600,0.23,584.8,2026-09-02
KXNBA-27-OKC,1788408000,0.22,492.55,2026-09-03
KXNBA-27-OKC,1788494400,0.22,1496.51,2026-09-04
KXNBA-27-OKC,1788580800,0.22,16647.68,2026-09-05
KXNBA-27-OKC,1788667200,0.21,833.54,2026-09-06
KXNBA-27-OKC,1788753600,0.21,150.0,2026-09-07
KXNBA-27-OKC,1788840000,0.22,2307.63,2026-09-08
KXNBA-27-ORL,1781496000,0.01,2975.9,2026-06-15
KXNBA-27-ORL,1781582400,0.02,1976.06,2026-06-16
KXNBA-27-ORL,1781668800,0.02,5716.08,2026-06-17
KXNBA-27-ORL,1781755200,0.01,86.0,2026-06-18
KXNBA-27-ORL,1781841600,0.02,1450.37,2026-06-19
KXNBA-27-ORL,1781928000,0.02,4772.58,2026-06-20
KXNBA-27-ORL,1782014400,,0.0,2026-06-21
KXNBA-27-ORL,1782100800,0.02,1029.38,2026-06-22
KXNBA-27-ORL,1782187200,0.01,294.58,2026-06-23
KXNBA-27-ORL,1782273600,0.02,329.53,2026-06-24
KXNBA-27-ORL,1782360000,0.02,23527.01,2026-06-25
KXNBA-27-ORL,1782446400,0.02,327.53,2026-06-26
KXNBA-27-ORL,1782532800,0.01,10.93,2026-06-27
KXNBA-27-ORL,1782619200,0.01,84.22,2026-06-28
KXNBA-27-ORL,1782705600,0.02,2507.64,2026-06-29
KXNBA-27-ORL,1782792000,0.02,3983.95,2026-06-30
KXNBA-27-ORL,1782878400,0.01,1027.93,2026-07-01
KXNBA-27-ORL,1782964800,0.01,1308.37,2026-07-02
KXNBA-27-ORL,1783051200,0.01,283.24,2026-07-03
KXNBA-27-ORL,1783137600,0.02,1824.03,2026-07-04
KXNBA-27-ORL,1783224000,,0.0,2026-07-05
KXNBA-27-ORL,1783310400,0.01,1394.5,2026-07-06
KXNBA-27-ORL,1783396800,0.01,77.05,2026-07-07
KXNBA-27-ORL,1783483200,,0.0,2026-07-08
KXNBA-27-ORL,1783569600,0.02,233.95,2026-07-09
KXNBA-27-ORL,1783656000,0.02,46.79,2026-07-10
KXNBA-27-ORL,1783742400,0.01,1122.96,2026-07-11
KXNBA-27-ORL,1783828800,0.02,514.69,2026-07-12
KXNBA-27-ORL,1783915200,0.02,10.0,2026-07-13
KXNBA-27-ORL,1784001600,,0.0,2026-07-14
KXNBA-27-ORL,1784088000,0.01,467.9,2026-07-15
KXNBA-27-ORL,1784174400,0.02,233.5,2026-07-16
KXNBA-27-ORL,1784260800,,0.0,2026-07-17
KXNBA-27-ORL,1784347200,,0.0,2026-07-18
KXNBA-27-ORL,1784433600,,0.0,2026-07-19
KXNBA-27-ORL,1784520000,,0.0,2026-07-20
KXNBA-27-ORL,1784606400,0.01,3151.97,2026-07-21
KXNBA-27-ORL,1784692800,0.01,944.53,2026-07-22
KXNBA-27-ORL,1784779200,0.01,1402.59,2026-07-23
KXNBA-27-ORL,1784865600,0.01,1286.7,2026-07-24
KXNBA-27-ORL,1784952000,0.01,141310.38,2026-07-25
KXNBA-27-ORL,1785038400,0.01,118051.03,2026-07-26
KXNBA-27-ORL,1785124800,0.01,1499.56,2026-07-27
KXNBA-27-ORL,1785211200,0.01,47863.26,2026-07-28
KXNBA-27-ORL,1785297600,0.01,9164.87,2026-07-29
KXNBA-27-ORL,1785384000,0.01,94174.67,2026-07-30
KXNBA-27-ORL,1785470400,,0.0,2026-07-31
KXNBA-27-ORL,1785556800,0.01,28196.0,2026-08-01
KXNBA-27-ORL,1785643200,0.01,2062.71,2026-08-02
KXNBA-27-ORL,1785729600,0.01,93520.05,2026-08-03
KXNBA-27-ORL,1785816000,0.01,280.0,2026-08-04
KXNBA-27-ORL,1785902400,,0.0,2026-08-05
KXNBA-27-ORL,1785988800,0.01,5143.55,2026-08-06
KXNBA-27-ORL,1786075200,0.01,93612.63,2026-08-07
KXNBA-27-ORL,1786161600,0.01,10.0,2026-08-08
KXNBA-27-ORL,1786248000,0.01,93519.12,2026-08-09
KXNBA-27-ORL,1786334400,,0.0,2026-08-10
KXNBA-27-ORL,1786420800,,0.0,2026-08-11
KXNBA-27-ORL,1786507200,0.01,93.51,2026-08-12
KXNBA-27-ORL,1786593600,0.01,93.51,2026-08-13
KXNBA-27-ORL,1786680000,,0.0,2026-08-14
KXNBA-27-ORL,1786852800,0.01,385118.0,2026-08-16
KXNBA-27-ORL,1786939200,,0.0,2026-08-17
KXNBA-27-ORL,1787025600,,0.0,2026-08-18
KXNBA-27-ORL,1787112000,0.02,71128.84,2026-08-19
KXNBA-27-ORL,1787198400,0.01,187.03,2026-08-20
KXNBA-27-ORL,1787284800,0.01,4.0,2026-08-21
KXNBA-27-ORL,1787371200,0.02,187.09,2026-08-22
KXNBA-27-ORL,1787457600,,0.0,2026-08-23
KXNBA-27-ORL,1787544000,,0.0,2026-08-24
KXNBA-27-ORL,1787630400,,0.0,2026-08-25
KXNBA-27-ORL,1787716800,,0.0,2026-08-26
KXNBA-27-ORL,1787803200,0.02,926.44,2026-08-27
KXNBA-27-ORL,1787889600,0.01,5.04,2026-08-28
KXNBA-27-ORL,1787976000,,0.0,2026-08-29
KXNBA-27-ORL,1788062400,,0.0,2026-08-30
KXNBA-27-ORL,1788148800,0.02,467.9,2026-08-31
KXNBA-27-ORL,1788235200,,0.0,2026-09-01
KXNBA-27-ORL,1788321600,0.01,10.0,2026-09-02
KXNBA-27-ORL,1788408000,0.01,2106.44,2026-09-03
KXNBA-27-ORL,1788494400,,0.0,2026-09-04
KXNBA-27-ORL,1788580800,0.02,5861.01,2026-09-05
KXNBA-27-ORL,1788667200,0.02,467.9,2026-09-06
KXNBA-27-ORL,1788753600,0.02,2058.76,2026-09-07
KXNBA-27-ORL,1788840000,0.02,233.95,2026-09-08
KXNBA-27-PHI,1781496000,0.04,651.78,2026-06-15
KXNBA-27-PHI,1781582400,0.02,4283.88,2026-06-16
KXNBA-27-PHI,1781668800,0.02,2825.84,2026-06-17
KXNBA-27-PHI,1781755200,0.02,787.85,2026-06-18
KXNBA-27-PHI,1781841600,0.02,93.58,2026-06-19
KXNBA-27-PHI,1781928000,0.01,58.54,2026-06-20
KXNBA-27-PHI,1782014400,0.02,1.0,2026-06-21
KXNBA-27-PHI,1782100800,0.02,233.95,2026-06-22
KXNBA-27-PHI,1782187200,0.01,1124.64,2026-06-23
KXNBA-27-PHI,1782273600,0.02,2226.44,2026-06-24
KXNBA-27-PHI,1782360000,0.02,724.31,2026-06-25
KXNBA-27-PHI,1782446400,0.02,1978.53,2026-06-26
KXNBA-27-PHI,1782532800,0.01,1.0,2026-06-27
KXNBA-27-PHI,1782619200,,0.0,2026-06-28
KXNBA-27-PHI,1782705600,0.02,2700.24,2026-06-29
KXNBA-27-PHI,1782792000,0.02,1224.77,2026-06-30
KXNBA-27-PHI,1782878400,0.01,1616.01,2026-07-01
KXNBA-27-PHI,1782964800,0.06,758350.49,2026-07-02
KXNBA-27-PHI,1783051200,0.09,191525.86,2026-07-03
KXNBA-27-PHI,1783137600,0.09,83224.53,2026-07-04
KXNBA-27-PHI,1783224000,0.08,26635.32,2026-07-05
KXNBA-27-PHI,1783310400,0.08,15526.79,2026-07-06
KXNBA-27-PHI,1783396800,0.07,14758.27,2026-07-07
KXNBA-27-PHI,1783483200,0.08,14685.38,2026-07-08
KXNBA-27-PHI,1783569600,0.09,11713.54,2026-07-09
KXNBA-27-PHI,1783656000,0.09,7783.72,2026-07-10
KXNBA-27-PHI,1783742400,0.07,21159.76,2026-07-11
KXNBA-27-PHI,1783828800,0.06,9598.1,2026-07-12
KXNBA-27-PHI,1783915200,0.08,4804.46,2026-07-13
KXNBA-27-PHI,1784001600,0.08,6401.15,2026-07-14
KXNBA-27-PHI,1784088000,0.06,9060.79,2026-07-15
KXNBA-27-PHI,1784174400,0.07,18035.46,2026-07-16
KXNBA-27-PHI,1784260800,0.07,16148.1,2026-07-17
KXNBA-27-PHI,1784347200,0.08,6535.5,2026-07-18
KXNBA-27-PHI,1784433600,0.09,33405.7,2026-07-19
KXNBA-27-PHI,1784520000,0.09,7424.06,2026-07-20
KXNBA-27-PHI,1784606400,0.06,23319.15,2026-07-21
KXNBA-27-PHI,1784692800,0.07,30978.35,2026-07-22
KXNBA-27-PHI,1784779200,0.06,8076.06,2026-07-23
KXNBA-27-PHI,1784865600,0.06,7184.39,2026-07-24
KXNBA-27-PHI,1784952000,0.12,2778784.38,2026-07-25
KXNBA-27-PHI,1785038400,0.12,391772.62,2026-07-26
KXNBA-27-PHI,1785124800,0.11,201212.93,2026-07-27
KXNBA-27-PHI,1785211200,0.12,204995.85,2026-07-28
KXNBA-27-PHI,1785297600,0.12,67362.79,2026-07-29
KXNBA-27-PHI,1785384000,0.11,133701.1,2026-07-30
KXNBA-27-PHI,1785470400,0.12,82178.66,2026-07-31
KXNBA-27-PHI,1785556800,0.12,92807.08,2026-08-01
KXNBA-27-PHI,1785643200,0.11,60093.28,2026-08-02
KXNBA-27-PHI,1785729600,0.12,83844.0,2026-08-03
KXNBA-27-PHI,1785816000,0.12,45604.08,2026-08-04
KXNBA-27-PHI,1785902400,0.11,86577.27,2026-08-05
KXNBA-27-PHI,1785988800,0.11,668508.93,2026-08-06
KXNBA-27-PHI,1786075200,0.11,63143.14,2026-08-07
KXNBA-27-PHI,1786161600,0.11,31570.35,2026-08-08
KXNBA-27-PHI,1786248000,0.1,55898.86,2026-08-09
KXNBA-27-PHI,1786334400,0.11,23664.57,2026-08-10
KXNBA-27-PHI,1786420800,0.11,70682.43,2026-08-11
KXNBA-27-PHI,1786507200,0.11,49632.72,2026-08-12
KXNBA-27-PHI,1786593600,0.11,28531.32,2026-08-13
KXNBA-27-PHI,1786680000,0.11,42502.35,2026-08-14
KXNBA-27-PHI,1786766400,0.11,33723.03,2026-08-15
KXNBA-27-PHI,1786852800,0.1,30607.4,2026-08-16
KXNBA-27-PHI,1786939200,0.11,67382.67,2026-08-17
KXNBA-27-PHI,1787025600,0.1,44890.08,2026-08-18
KXNBA-27-PHI,1787112000,0.11,24684.03,2026-08-19
KXNBA-27-PHI,1787198400,0.11,18021.51,2026-08-20
KXNBA-27-PHI,1787284800,0.11,186982.21,2026-08-21
KXNBA-27-PHI,1787371200,0.11,35115.9,2026-08-22
KXNBA-27-PHI,1787457600,0.11,16696.01,2026-08-23
KXNBA-27-PHI,1787544000,0.1,96619.86,2026-08-24
KXNBA-27-PHI,1787630400,0.1,50338.84,2026-08-25
KXNBA-27-PHI,1787716800,0.1,19041.82,2026-08-26
KXNBA-27-PHI,1787803200,0.1,14918.62,2026-08-27
KXNBA-27-PHI,1787889600,0.1,97839.56,2026-08-28
KXNBA-27-PHI,1787976000,0.1,14672.0,2026-08-29
KXNBA-27-PHI,1788062400,0.09,60069.87,2026-08-30
KXNBA-27-PHI,1788148800,0.1,37021.82,2026-08-31
KXNBA-27-PHI,1788235200,0.1,19390.81,2026-09-01
KXNBA-27-PHI,1788321600,0.1,25683.74,2026-09-02
KXNBA-27-PHI,1788408000,0.11,50188.87,2026-09-03
KXNBA-27-PHI,1788494400,0.09,14929.4,2026-09-04
KXNBA-27-PHI,1788580800,0.11,30339.69,2026-09-05
KXNBA-27-PHI,1788667200,0.11,17036.56,2026-09-06
KXNBA-27-PHI,1788753600,0.11,14235.08,2026-09-07
KXNBA-27-PHI,1788840000,0.11,7775.07,2026-09-08
KXNBA-27-SAS,1781496000,0.27,8972.86,2026-06-15
KXNBA-27-SAS,1781582400,0.27,15036.4,2026-06-16
KXNBA-27-SAS,1781668800,0.24,3242.68,2026-06-17
KXNBA-27-SAS,1781755200,0.24,11142.93,2026-06-18
KXNBA-27-SAS,1781841600,0.26,3680.14,2026-06-19
KXNBA-27-SAS,1781928000,0.26,1787.88,2026-06-20
KXNBA-27-SAS,1782014400,0.25,1477.25,2026-06-21
KXNBA-27-SAS,1782100800,0.24,11864.75,2026-06-22
KXNBA-27-SAS,1782187200,0.23,5875.34,2026-06-23
KXNBA-27-SAS,1782273600,0.23,3068.06,2026-06-24
KXNBA-27-SAS,1782360000,0.23,5991.21,2026-06-25
KXNBA-27-SAS,1782446400,0.21,3952.76,2026-06-26
KXNBA-27-SAS,1782532800,0.21,12548.71,2026-06-27
KXNBA-27-SAS,1782619200,0.22,1209.12,2026-06-28
KXNBA-27-SAS,1782705600,0.22,1202.71,2026-06-29
KXNBA-27-SAS,1782792000,0.21,6942.34,2026-06-30
KXNBA-27-SAS,1782878400,0.21,20611.62,2026-07-01
KXNBA-27-SAS,1782964800,0.21,20311.98,2026-07-02
KXNBA-27-SAS,1783051200,0.21,2437.51,2026-07-03
KXNBA-27-SAS,1783137600,0.21,3645.33,2026-07-04
KXNBA-27-SAS,1783224000,0.2,2959.0,2026-07-05
KXNBA-27-SAS,1783310400,0.21,2280.43,2026-07-06
KXNBA-27-SAS,1783396800,0.2,1764.18,2026-07-07
KXNBA-27-SAS,1783483200,0.2,7247.44,2026-07-08
KXNBA-27-SAS,1783569600,0.2,1747.87,2026-07-09
KXNBA-27-SAS,1783656000,0.2,1400.06,2026-07-10
KXNBA-27-SAS,1783742400,0.2,4437.38,2026-07-11
KXNBA-27-SAS,1783828800,0.2,1486.15,2026-07-12
KXNBA-27-SAS,1783915200,0.2,7650.23,2026-07-13
KXNBA-27-SAS,1784001600,0.2,1472.28,2026-07-14
KXNBA-27-SAS,1784088000,0.19,3251.87,2026-07-15
KXNBA-27-SAS,1784174400,0.19,5082.99,2026-07-16
KXNBA-27-SAS,1784260800,0.18,2904.27,2026-07-17
KXNBA-27-SAS,1784347200,0.19,1213.69,2026-07-18
KXNBA-27-SAS,1784433600,0.19,1819.44,2026-07-19
KXNBA-27-SAS,1784520000,0.2,15374.26,2026-07-20
KXNBA-27-SAS,1784606400,0.2,9362.13,2026-07-21
KXNBA-27-SAS,1784692800,0.18,4988.15,2026-07-22
KXNBA-27-SAS,1784779200,0.18,8405.47,2026-07-23
KXNBA-27-SAS,1784865600,0.2,21035.4,2026-07-24
KXNBA-27-SAS,1784952000,0.2,33313.56,2026-07-25
KXNBA-27-SAS,1785038400,0.22,21293.12,2026-07-26
KXNBA-27-SAS,1785124800,0.22,6876.92,2026-07-27
KXNBA-27-SAS,1785211200,0.21,11520.63,2026-07-28
KXNBA-27-SAS,1785297600,0.21,5701.89,2026-07-29
KXNBA-27-SAS,1785384000,0.2,4122.53,2026-07-30
KXNBA-27-SAS,1785470400,0.2,5493.06,2026-07-31
KXNBA-27-SAS,1785556800,0.21,3592.68,2026-08-01
KXNBA-27-SAS,1785643200,0.21,18184.02,2026-08-02
KXNBA-27-SAS,1785729600,0.22,3712.16,2026-08-03
KXNBA-27-SAS,1785816000,0.21,3402.51,2026-08-04
KXNBA-27-SAS,1785902400,0.21,2797.13,2026-08-05
KXNBA-27-SAS,1785988800,0.24,193016.02,2026-08-06
KXNBA-27-SAS,1786075200,0.25,3512.38,2026-08-07
KXNBA-27-SAS,1786161600,0.24,5329.71,2026-08-08
KXNBA-27-SAS,1786248000,0.25,2587.35,2026-08-09
KXNBA-27-SAS,1786334400,0.25,3750.55,2026-08-10
KXNBA-27-SAS,1786420800,0.24,8782.52,2026-08-11
KXNBA-27-SAS,1786507200,0.22,3322.46,2026-08-12
KXNBA-27-SAS,1786593600,0.24,2244.98,2026-08-13
KXNBA-27-SAS,1786680000,0.22,909.33,2026-08-14
KXNBA-27-SAS,1786766400,0.23,2291.67,2026-08-15
KXNBA-27-SAS,1786852800,0.22,1406.4,2026-08-16
KXNBA-27-SAS,1786939200,0.23,19685.52,2026-08-17
KXNBA-27-SAS,1787025600,0.23,1377.29,2026-08-18
KXNBA-27-SAS,1787112000,0.22,1404.19,2026-08-19
KXNBA-27-SAS,1787198400,0.22,1872.71,2026-08-20
KXNBA-27-SAS,1787284800,0.22,1221.62,2026-08-21
KXNBA-27-SAS,1787371200,0.24,1291.24,2026-08-22
KXNBA-27-SAS,1787457600,0.22,2085.72,2026-08-23
KXNBA-27-SAS,1787544000,0.23,1355.68,2026-08-24
KXNBA-27-SAS,1787630400,0.23,1160.6,2026-08-25
KXNBA-27-SAS,1787716800,0.24,297.31,2026-08-26
KXNBA-27-SAS,1787803200,0.24,2267.27,2026-08-27
KXNBA-27-SAS,1787889600,0.23,2809.12,2026-08-28
KXNBA-27-SAS,1787976000,0.24,5952.42,2026-08-29
KXNBA-27-SAS,1788062400,0.23,445.56,2026-08-30
KXNBA-27-SAS,1788148800,0.22,1251.89,2026-08-31
KXNBA-27-SAS,1788235200,0.22,1222.76,2026-09-01
KXNBA-27-SAS,1788321600,0.23,632.55,2026-09-02
KXNBA-27-SAS,1788408000,0.22,571.63,2026-09-03
KXNBA-27-SAS,1788494400,0.22,1473.08,2026-09-04
KXNBA-27-SAS,1788580800,0.22,21180.98,2026-09-05
KXNBA-27-SAS,1788667200,0.22,760.51,2026-09-06
KXNBA-27-SAS,1788753600,0.23,740.49,2026-09-07
KXNBA-27-SAS,1788840000,0.22,4082.36,2026-09-08
KXNBA-27-TOR,1781496000,0.01,808.32,2026-06-15
KXNBA-27-TOR,1781582400,0.01,2114.19,2026-06-16
KXNBA-27-TOR,1781668800,0.01,1093.51,2026-06-17
KXNBA-27-TOR,1781755200,0.01,32731.69,2026-06-18
KXNBA-27-TOR,1781841600,0.01,186.16,2026-06-19
KXNBA-27-TOR,1781928000,,0.0,2026-06-20
KXNBA-27-TOR,1782014400,0.01,266.89,2026-06-21
KXNBA-27-TOR,1782100800,,0.0,2026-06-22
KXNBA-27-TOR,1782187200,,0.0,2026-06-23
KXNBA-27-TOR,1782273600,0.01,4771.86,2026-06-24
KXNBA-27-TOR,1782360000,0.01,368.0,2026-06-25
KXNBA-27-TOR,1782446400,0.01,1093.51,2026-06-26
KXNBA-27-TOR,1782532800,0.01,50633.59,2026-06-27
KXNBA-27-TOR,1782619200,0.01,2298.15,2026-06-28
KXNBA-27-TOR,1782705600,0.01,30693.05,2026-06-29
KXNBA-27-TOR,1782792000,0.03,284504.65,2026-06-30
KXNBA-27-TOR,1782878400,0.06,173216.37,2026-07-01
KXNBA-27-TOR,1782964800,0.05,7600.6,2026-07-02
KXNBA-27-TOR,1783051200,0.04,15277.67,2026-07-03
KXNBA-27-TOR,1783137600,0.05,41377.87,2026-07-04
KXNBA-27-TOR,1783224000,0.05,959.44,2026-07-05
KXNBA-27-TOR,1783310400,0.04,2496.08,2026-07-06
KXNBA-27-TOR,1783396800,0.04,4211.88,2026-07-07
KXNBA-27-TOR,1783483200,0.04,8048.17,2026-07-08
KXNBA-27-TOR,1783569600,0.05,131.26,2026-07-09
KXNBA-27-TOR,1783656000,0.04,419.5,2026-07-10
KXNBA-27-TOR,1783742400,0.04,234.25,2026-07-11
KXNBA-27-TOR,1783828800,0.04,1370.3,2026-07-12
KXNBA-27-TOR,1783915200,0.04,272.76,2026-07-13
KXNBA-27-TOR,1784001600,0.03,18.75,2026-07-14
KXNBA-27-TOR,1784088000,0.04,116.27,2026-07-15
KXNBA-27-TOR,1784174400,0.04,1307.15,2026-07-16
KXNBA-27-TOR,1784260800,0.03,2361.09,2026-07-17
KXNBA-27-TOR,1784347200,,0.0,2026-07-18
KXNBA-27-TOR,1784433600,0.04,351.38,2026-07-19
KXNBA-27-TOR,1784520000,0.04,2066.47,2026-07-20
KXNBA-27-TOR,1784606400,0.04,5046.85,2026-07-21
KXNBA-27-TOR,1784692800,,0.0,2026-07-22
KXNBA-27-TOR,1784779200,0.04,167.0,2026-07-23
KXNBA-27-TOR,1784865600,0.04,1549.85,2026-07-24
KXNBA-27-TOR,1784952000,0.04,4447.9,2026-07-25
KXNBA-27-TOR,1785038400,0.04,257.49,2026-07-26
KXNBA-27-TOR,1785124800,0.04,1281.13,2026-07-27
KXNBA-27-TOR,1785211200,0.04,2716.08,2026-07-28
KXNBA-27-TOR,1785297600,0.04,4786.89,2026-07-29
KXNBA-27-TOR,1785384000,0.03,2038.32,2026-07-30
KXNBA-27-TOR,1785470400,,0.0,2026-07-31
KXNBA-27-TOR,1785556800,0.04,1242.29,2026-08-01
KXNBA-27-TOR,1785643200,0.03,2010.0,2026-08-02
KXNBA-27-TOR,1785729600,0.03,640.27,2026-08-03
KXNBA-27-TOR,1785816000,0.04,609.06,2026-08-04
KXNBA-27-TOR,1785902400,0.04,1709.83,2026-08-05
KXNBA-27-TOR,1785988800,0.04,2134.21,2026-08-06
KXNBA-27-TOR,1786075200,0.03,88.06,2026-08-07
KXNBA-27-TOR,1786161600,0.03,100.0,2026-08-08
KXNBA-27-TOR,1786248000,0.04,383.12,2026-08-09
KXNBA-27-TOR,1786334400,0.03,34.71,2026-08-10
KXNBA-27-TOR,1786420800,,0.0,2026-08-11
KXNBA-27-TOR,1786507200,,0.0,2026-08-12
KXNBA-27-TOR,1786593600,0.03,26.0,2026-08-13
KXNBA-27-TOR,1786680000,0.04,11.71,2026-08-14
KXNBA-27-TOR,1786766400,,0.0,2026-08-15
KXNBA-27-TOR,1786852800,0.02,55832.27,2026-08-16
KXNBA-27-TOR,1786939200,,0.0,2026-08-17
KXNBA-27-TOR,1787025600,0.03,20343.34,2026-08-18
KXNBA-27-TOR,1787112000,0.03,6289.6,2026-08-19
KXNBA-27-TOR,1787198400,0.03,1109.24,2026-08-20
KXNBA-27-TOR,1787284800,0.03,3048.29,2026-08-21
KXNBA-27-TOR,1787371200,0.03,499.41,2026-08-22
KXNBA-27-TOR,1787457600,0.03,2685.18,2026-08-23
KXNBA-27-TOR,1787544000,0.03,156.0,2026-08-24
KXNBA-27-TOR,1787630400,0.03,249.7,2026-08-25
KXNBA-27-TOR,1787716800,0.03,88.33,2026-08-26
KXNBA-27-TOR,1787803200,0.02,117.12,2026-08-27
KXNBA-27-TOR,1787889600,0.03,1001.0,2026-08-28
KXNBA-27-TOR,1787976000,,0.0,2026-08-29
KXNBA-27-TOR,1788062400,0.02,1349.13,2026-08-30
KXNBA-27-TOR,1788148800,,0.0,2026-08-31
KXNBA-27-TOR,1788235200,,0.0,2026-09-01
KXNBA-27-TOR,1788321600,0.03,159.19,2026-09-02
KXNBA-27-TOR,1788408000,0.03,270.71,2026-09-03
KXNBA-27-TOR,1788494400,0.03,1780.33,2026-09-04
KXNBA-27-TOR,1788580800,0.03,1187.28,2026-09-05
KXNBA-27-TOR,1788667200,0.03,312.2,2026-09-06
KXNBA-27-TOR,1788753600,0.03,6245.12,2026-09-07
KXNBA-27-TOR,1788840000,0.02,3000.0,2026-09-08
KXGOVCA-26-SHIL,1781150400,0.098,71463.37,2026-06-11
KXGOVCA-26-SHIL,1781236800,0.099,128125.9,2026-06-12
KXGOVCA-26-SHIL,1781323200,0.096,80235.82,2026-06-13
KXGOVCA-26-SHIL,1781409600,0.095,55248.05,2026-06-14
KXGOVCA-26-SHIL,1781496000,0.098,71905.46,2026-06-15
KXGOVCA-26-SHIL,1781582400,0.093,36778.89,2026-06-16
KXGOVCA-26-SHIL,1781668800,0.093,41083.89,2026-06-17
KXGOVCA-26-SHIL,1781755200,0.095,47698.75,2026-06-18
KXGOVCA-26-SHIL,1781841600,0.095,45528.57,2026-06-19
KXGOVCA-26-SHIL,1781928000,0.095,28613.95,2026-06-20
KXGOVCA-26-SHIL,1782014400,0.095,29630.77,2026-06-21
KXGOVCA-26-SHIL,1782100800,0.095,17532.39,2026-06-22
KXGOVCA-26-SHIL,1782187200,0.097,110262.62,2026-06-23
KXGOVCA-26-SHIL,1782273600,0.096,8994.65,2026-06-24
KXGOVCA-26-SHIL,1782360000,0.097,166015.44,2026-06-25
KXGOVCA-26-SHIL,1782446400,0.093,22418.99,2026-06-26
KXGOVCA-26-SHIL,1782532800,0.091,23712.08,2026-06-27
KXGOVCA-26-SHIL,1782619200,0.092,24327.59,2026-06-28
KXGOVCA-26-SHIL,1782705600,0.092,16210.06,2026-06-29
KXGOVCA-26-SHIL,1782792000,0.094,31150.62,2026-06-30
KXGOVCA-26-SHIL,1782878400,0.095,7579.67,2026-07-01
KXGOVCA-26-SHIL,1782964800,0.091,29963.77,2026-07-02
KXGOVCA-26-SHIL,1783051200,0.085,44072.58,2026-07-03
KXGOVCA-26-SHIL,1783137600,0.077,39430.76,2026-07-04
KXGOVCA-26-SHIL,1783224000,0.074,12156.99,2026-07-05
KXGOVCA-26-SHIL,1783310400,0.074,13497.63,2026-07-06
KXGOVCA-26-SHIL,1783396800,0.073,7942.59,2026-07-07
KXGOVCA-26-SHIL,1783483200,0.07,35299.96,2026-07-08
KXGOVCA-26-SHIL,1783569600,0.071,4661.04,2026-07-09
KXGOVCA-26-SHIL,1783656000,0.074,27118.91,2026-07-10
KXGOVCA-26-SHIL,1783742400,0.071,55591.99,2026-07-11
KXGOVCA-26-SHIL,1783828800,0.07,21700.75,2026-07-12
KXGOVCA-26-SHIL,1783915200,0.07,1131.92,2026-07-13
KXGOVCA-26-SHIL,1784001600,0.068,21600.47,2026-07-14
KXGOVCA-26-SHIL,1784088000,0.067,41316.33,2026-07-15
KXGOVCA-26-SHIL,1784174400,0.066,54110.26,2026-07-16
KXGOVCA-26-SHIL,1784260800,0.067,68217.97,2026-07-17
KXGOVCA-26-SHIL,1784347200,0.069,22615.97,2026-07-18
KXGOVCA-26-SHIL,1784433600,0.062,13593.27,2026-07-19
KXGOVCA-26-SHIL,1784520000,0.066,59814.38,2026-07-20
KXGOVCA-26-SHIL,1784606400,0.06,103341.65,2026-07-21
KXGOVCA-26-SHIL,1784692800,0.052,27003.37,2026-07-22
KXGOVCA-26-SHIL,1784779200,0.051,138131.7,2026-07-23
KXGOVCA-26-SHIL,1784865600,0.054,18150.19,2026-07-24
KXGOVCA-26-SHIL,1784952000,0.052,51564.77,2026-07-25
KXGOVCA-26-SHIL,1785038400,0.053,7167.27,2026-07-26
KXGOVCA-26-SHIL,1785124800,0.053,3047.93,2026-07-27
KXGOVCA-26-SHIL,1785211200,0.049,3669.55,2026-07-28
KXGOVCA-26-SHIL,1785297600,0.045,50909.55,2026-07-29
KXGOVCA-26-SHIL,1785384000,0.046,10414.95,2026-07-30
KXGOVCA-26-SHIL,1785470400,0.044,28878.54,2026-07-31
KXGOVCA-26-SHIL,1785556800,0.05,9044.61,2026-08-01
KXGOVCA-26-SHIL,1785643200,0.055,16929.39,2026-08-02
KXGOVCA-26-SHIL,1785729600,0.055,16473.77,2026-08-03
KXGOVCA-26-SHIL,1785816000,0.045,56217.19,2026-08-04
KXGOVCA-26-SHIL,1785902400,0.046,65338.73,2026-08-05
KXGOVCA-26-SHIL,1785988800,0.051,19338.66,2026-08-06
KXGOVCA-26-SHIL,1786075200,0.044,21541.84,2026-08-07
KXGOVCA-26-SHIL,1786161600,0.053,25428.48,2026-08-08
KXGOVCA-26-SHIL,1786248000,0.047,6505.4,2026-08-09
KXGOVCA-26-SHIL,1786334400,0.052,9085.88,2026-08-10
KXGOVCA-26-SHIL,1786420800,0.046,43966.09,2026-08-11
KXGOVCA-26-SHIL,1786507200,0.05,33789.88,2026-08-12
KXGOVCA-26-SHIL,1786593600,0.046,24595.95,2026-08-13
KXGOVCA-26-SHIL,1786680000,0.046,11317.17,2026-08-14
KXGOVCA-26-SHIL,1786766400,0.046,48836.37,2026-08-15
KXGOVCA-26-SHIL,1786852800,0.042,5120.28,2026-08-16
KXGOVCA-26-SHIL,1786939200,0.041,10276.87,2026-08-17
KXGOVCA-26-SHIL,1787025600,0.041,3355.71,2026-08-18
KXGOVCA-26-SHIL,1787112000,0.039,156344.19,2026-08-19
KXGOVCA-26-SHIL,1787198400,0.038,21788.48,2026-08-20
KXGOVCA-26-SHIL,1787284800,0.041,39741.55,2026-08-21
KXGOVCA-26-SHIL,1787371200,0.043,20403.59,2026-08-22
KXGOVCA-26-SHIL,1787457600,0.038,7752.93,2026-08-23
KXGOVCA-26-SHIL,1787544000,0.043,55261.55,2026-08-24
KXGOVCA-26-SHIL,1787630400,0.035,55346.89,2026-08-25
KXGOVCA-26-SHIL,1787716800,0.036,78874.83,2026-08-26
KXGOVCA-26-SHIL,1787803200,0.035,44674.05,2026-08-27
KXGOVCA-26-SHIL,1787889600,0.035,71600.86,2026-08-28
KXGOVCA-26-SHIL,1787976000,0.034,31170.37,2026-08-29
KXGOVCA-26-SHIL,1788062400,0.035,30205.97,2026-08-30
KXGOVCA-26-SHIL,1788148800,0.036,28723.83,2026-08-31
KXGOVCA-26-SHIL,1788235200,0.04,99811.96,2026-09-01
KXGOVCA-26-SHIL,1788321600,0.039,84150.67,2026-09-02
KXGOVCA-26-SHIL,1788408000,0.038,72351.49,2026-09-03
KXGOVCA-26-SHIL,1788494400,0.04,56849.3,2026-09-04
KXGOVCA-26-SHIL,1788580800,0.042,104538.62,2026-09-05
KXGOVCA-26-SHIL,1788667200,0.044,48108.42,2026-09-06
KXGOVCA-26-SHIL,1788753600,0.044,19116.0,2026-09-07
KXGOVCA-26-SHIL,1788840000,0.042,10134.43,2026-09-08
KXGOVCA-26-XBEC,1781150400,0.9,37296.2,2026-06-11
KXGOVCA-26-XBEC,1781236800,0.905,81929.99,2026-06-12
KXGOVCA-26-XBEC,1781323200,0.904,23308.01,2026-06-13
KXGOVCA-26-XBEC,1781409600,0.908,12585.73,2026-06-14
KXGOVCA-26-XBEC,1781496000,0.902,109655.24,2026-06-15
KXGOVCA-26-XBEC,1781582400,0.901,34140.77,2026-06-16
KXGOVCA-26-XBEC,1781668800,0.902,59358.15,2026-06-17
KXGOVCA-26-XBEC,1781755200,0.903,40608.74,2026-06-18
KXGOVCA-26-XBEC,1781841600,0.902,17180.7,2026-06-19
KXGOVCA-26-XBEC,1781928000,0.902,5529.15,2026-06-20
KXGOVCA-26-XBEC,1782014400,0.902,12149.69,2026-06-21
KXGOVCA-26-XBEC,1782100800,0.903,5091.67,2026-06-22
KXGOVCA-26-XBEC,1782187200,0.904,59426.01,2026-06-23
KXGOVCA-26-XBEC,1782273600,0.905,5370.34,2026-06-24
KXGOVCA-26-XBEC,1782360000,0.906,4542.35,2026-06-25
KXGOVCA-26-XBEC,1782446400,0.905,5137.68,2026-06-26
KXGOVCA-26-XBEC,1782532800,0.902,28822.48,2026-06-27
KXGOVCA-26-XBEC,1782619200,0.902,2761.56,2026-06-28
KXGOVCA-26-XBEC,1782705600,0.902,1887.71,2026-06-29
KXGOVCA-26-XBEC,1782792000,0.901,30377.6,2026-06-30
KXGOVCA-26-XBEC,1782878400,0.901,16710.2,2026-07-01
KXGOVCA-26-XBEC,1782964800,0.904,17437.17,2026-07-02
KXGOVCA-26-XBEC,1783051200,0.911,11967.68,2026-07-03
KXGOVCA-26-XBEC,1783137600,0.913,8558.27,2026-07-04
KXGOVCA-26-XBEC,1783224000,0.914,2085.15,2026-07-05
KXGOVCA-26-XBEC,1783310400,0.914,4216.68,2026-07-06
KXGOVCA-26-XBEC,1783396800,0.92,17545.32,2026-07-07
KXGOVCA-26-XBEC,1783483200,0.923,8041.78,2026-07-08
KXGOVCA-26-XBEC,1783569600,0.921,1747.58,2026-07-09
KXGOVCA-26-XBEC,1783656000,0.921,3827.06,2026-07-10
KXGOVCA-26-XBEC,1783742400,0.922,4542.16,2026-07-11
KXGOVCA-26-XBEC,1783828800,0.922,5184.18,2026-07-12
KXGOVCA-26-XBEC,1783915200,0.922,886.1,2026-07-13
KXGOVCA-26-XBEC,1784001600,0.932,8949.13,2026-07-14
KXGOVCA-26-XBEC,1784088000,0.934,1315.32,2026-07-15
KXGOVCA-26-XBEC,1784174400,0.932,6009.56,2026-07-16
KXGOVCA-26-XBEC,1784260800,0.934,24401.69,2026-07-17
KXGOVCA-26-XBEC,1784347200,0.934,3008.84,2026-07-18
KXGOVCA-26-XBEC,1784433600,0.933,7137.77,2026-07-19
KXGOVCA-26-XBEC,1784520000,0.933,14455.01,2026-07-20
KXGOVCA-26-XBEC,1784606400,0.945,118026.48,2026-07-21
KXGOVCA-26-XBEC,1784692800,0.951,42574.34,2026-07-22
KXGOVCA-26-XBEC,1784779200,0.952,7789.94,2026-07-23
KXGOVCA-26-XBEC,1784865600,0.951,16555.04,2026-07-24
KXGOVCA-26-XBEC,1784952000,0.951,482.32,2026-07-25
KXGOVCA-26-XBEC,1785038400,0.951,189.97,2026-07-26
KXGOVCA-26-XBEC,1785124800,0.951,225.09,2026-07-27
KXGOVCA-26-XBEC,1785211200,0.956,23288.87,2026-07-28
KXGOVCA-26-XBEC,1785297600,0.958,32839.65,2026-07-29
KXGOVCA-26-XBEC,1785384000,0.957,14821.64,2026-07-30
KXGOVCA-26-XBEC,1785470400,0.954,5563.23,2026-07-31
KXGOVCA-26-XBEC,1785556800,0.951,4663.58,2026-08-01
KXGOVCA-26-XBEC,1785643200,0.951,1415.79,2026-08-02
KXGOVCA-26-XBEC,1785729600,0.952,6607.56,2026-08-03
KXGOVCA-26-XBEC,1785816000,0.954,62979.41,2026-08-04
KXGOVCA-26-XBEC,1785902400,0.956,16843.88,2026-08-05
KXGOVCA-26-XBEC,1785988800,0.951,36086.73,2026-08-06
KXGOVCA-26-XBEC,1786075200,0.954,4877.53,2026-08-07
KXGOVCA-26-XBEC,1786161600,0.951,14909.13,2026-08-08
KXGOVCA-26-XBEC,1786248000,0.952,2145.89,2026-08-09
KXGOVCA-26-XBEC,1786334400,0.952,14040.54,2026-08-10
KXGOVCA-26-XBEC,1786420800,0.957,17488.39,2026-08-11
KXGOVCA-26-XBEC,1786507200,0.952,29831.55,2026-08-12
KXGOVCA-26-XBEC,1786593600,0.955,16734.15,2026-08-13
KXGOVCA-26-XBEC,1786680000,0.954,29476.8,2026-08-14
KXGOVCA-26-XBEC,1786766400,0.954,6236.9,2026-08-15
KXGOVCA-26-XBEC,1786852800,0.959,2488.29,2026-08-16
KXGOVCA-26-XBEC,1786939200,0.96,389.43,2026-08-17
KXGOVCA-26-XBEC,1787025600,0.958,6206.96,2026-08-18
KXGOVCA-26-XBEC,1787112000,0.959,69116.75,2026-08-19
KXGOVCA-26-XBEC,1787198400,0.963,3531.68,2026-08-20
KXGOVCA-26-XBEC,1787284800,0.966,35571.51,2026-08-21
KXGOVCA-26-XBEC,1787371200,0.962,4331.48,2026-08-22
KXGOVCA-26-XBEC,1787457600,0.962,33853.63,2026-08-23
KXGOVCA-26-XBEC,1787544000,0.961,3088.75,2026-08-24
KXGOVCA-26-XBEC,1787630400,0.966,67520.64,2026-08-25
KXGOVCA-26-XBEC,1787716800,0.964,21477.55,2026-08-26
KXGOVCA-26-XBEC,1787803200,0.966,3477.15,2026-08-27
KXGOVCA-26-XBEC,1787889600,0.967,69513.92,2026-08-28
KXGOVCA-26-XBEC,1787976000,0.963,2729.88,2026-08-29
KXGOVCA-26-XBEC,1788062400,0.967,6277.85,2026-08-30
KXGOVCA-26-XBEC,1788148800,0.965,3215.77,2026-08-31
KXGOVCA-26-XBEC,1788235200,0.963,1709.32,2026-09-01
KXGOVCA-26-XBEC,1788321600,0.963,5776.42,2026-09-02
KXGOVCA-26-XBEC,1788408000,0.959,33235.15,2026-09-03
KXGOVCA-26-XBEC,1788494400,0.958,4129.03,2026-09-04
KXGOVCA-26-XBEC,1788580800,0.959,5769.6,2026-09-05
KXGOVCA-26-XBEC,1788667200,0.958,5393.22,2026-09-06
KXGOVCA-26-XBEC,1788753600,0.956,9416.57,2026-09-07
KXGOVCA-26-XBEC,1788840000,0.956,2329.6,2026-09-08
KXATP-26-BLO,1788580800,0.01,31012.21,2026-09-05
KXATP-26-BLO,1788667200,0.02,344564.7,2026-09-06
KXATP-26-BLO,1788753600,0.02,80192.99,2026-09-07
KXATP-26-BLO,1788840000,0.01,194718.51,2026-09-08
KXATP-26-HAL,1788580800,0.03,30.0,2026-09-05
KXATP-26USO-ALC,1781150400,,0.0,2026-06-11
KXATP-26USO-ALC,1781236800,,0.0,2026-06-12
KXATP-26USO-ALC,1781323200,,0.0,2026-06-13
KXATP-26USO-ALC,1781409600,,0.0,2026-06-14
KXATP-26USO-ALC,1781496000,,0.0,2026-06-15
KXATP-26USO-ALC,1781582400,0.24,61.2,2026-06-16
KXATP-26USO-ALC,1781668800,0.24,20.18,2026-06-17
KXATP-26USO-ALC,1781755200,0.33,632.54,2026-06-18
KXATP-26USO-ALC,1781841600,0.33,451.88,2026-06-19
KXATP-26USO-ALC,1781928000,0.28,91.23,2026-06-20
KXATP-26USO-ALC,1782014400,0.43,213.97,2026-06-21
KXATP-26USO-ALC,1782100800,0.31,451.93,2026-06-22
KXATP-26USO-ALC,1782187200,0.33,580.17,2026-06-23
KXATP-26USO-ALC,1782273600,0.33,60.86,2026-06-24
KXATP-26USO-ALC,1782360000,,0.0,2026-06-25
KXATP-26USO-ALC,1782446400,0.33,25.36,2026-06-26
KXATP-26USO-ALC,1782532800,0.32,60.93,2026-06-27
KXATP-26USO-ALC,1782619200,0.33,29.61,2026-06-28
KXATP-26USO-ALC,1782705600,0.33,69.14,2026-06-29
KXATP-26USO-ALC,1782792000,0.27,46.74,2026-06-30
KXATP-26USO-ALC,1782878400,0.26,76.37,2026-07-01
KXATP-26USO-ALC,1782964800,0.26,82.06,2026-07-02
KXATP-26USO-ALC,1783051200,0.29,213.06,2026-07-03
KXATP-26USO-ALC,1783137600,0.22,42.1,2026-07-04
KXATP-26USO-ALC,1783224000,0.23,93.44,2026-07-05
KXATP-26USO-ALC,1783310400,0.22,29.08,2026-07-06
KXATP-26USO-ALC,1783396800,0.16,113.73,2026-07-07
KXATP-26USO-ALC,1783483200,0.16,626.43,2026-07-08
KXATP-26USO-ALC,1783569600,0.2,352.1,2026-07-09
KXATP-26USO-ALC,1783656000,0.23,559.6,2026-07-10
KXATP-26USO-ALC,1783742400,0.2,738.64,2026-07-11
KXATP-26USO-ALC,1783828800,0.15,1375.35,2026-07-12
KXATP-26USO-ALC,1783915200,0.18,9626.48,2026-07-13
KXATP-26USO-ALC,1784001600,0.17,2682.82,2026-07-14
KXATP-26USO-ALC,1784088000,0.26,43520.51,2026-07-15
KXATP-26USO-ALC,1784174400,0.27,8558.67,2026-07-16
KXATP-26USO-ALC,1784260800,0.24,3629.26,2026-07-17
KXATP-26USO-ALC,1784347200,0.22,2450.09,2026-07-18
KXATP-26USO-ALC,1784433600,0.26,729.33,2026-07-19
KXATP-26USO-ALC,1784520000,0.28,4279.13,2026-07-20
KXATP-26USO-ALC,1784606400,0.25,4728.8,2026-07-21
KXATP-26USO-ALC,1784692800,0.27,2007.37,2026-07-22
KXATP-26USO-ALC,1784779200,0.28,1575.85,2026-07-23
KXATP-26USO-ALC,1784865600,0.24,6370.43,2026-07-24
KXATP-26USO-ALC,1784952000,0.25,4485.34,2026-07-25
KXATP-26USO-ALC,1785038400,0.26,680.84,2026-07-26
KXATP-26USO-ALC,1785124800,0.23,3541.47,2026-07-27
KXATP-26USO-ALC,1785211200,0.23,3680.59,2026-07-28
KXATP-26USO-ALC,1785297600,0.23,2690.89,2026-07-29
KXATP-26USO-ALC,1785384000,0.23,11550.95,2026-07-30
KXATP-26USO-ALC,1785470400,0.21,3753.31,2026-07-31
KXATP-26USO-ALC,1785556800,0.23,3009.67,2026-08-01
KXATP-26USO-ALC,1785643200,0.26,4056.29,2026-08-02
KXATP-26USO-ALC,1785729600,0.26,9489.88,2026-08-03
KXATP-26USO-ALC,1785816000,0.26,3307.3,2026-08-04
KXATP-26USO-ALC,1785902400,0.13,41835.59,2026-08-05
KXATP-26USO-ALC,1785988800,0.12,19107.92,2026-08-06
KXATP-26USO-ALC,1786075200,0.13,9209.95,2026-08-07
KXATP-26USO-ALC,1786161600,0.12,7946.13,2026-08-08
KXATP-26USO-ALC,1786248000,0.14,8502.31,2026-08-09
KXATP-26USO-ALC,1786334400,0.16,15061.56,2026-08-10
KXATP-26USO-ALC,1786420800,0.13,4177.97,2026-08-11
KXATP-26USO-ALC,1786507200,0.13,6621.92,2026-08-12
KXATP-26USO-ALC,1786593600,0.15,13849.07,2026-08-13
KXATP-26USO-ALC,1786680000,0.14,6482.52,2026-08-14
KXATP-26USO-ALC,1786766400,0.14,960.9,2026-08-15
KXATP-26USO-ALC,1786852800,0.13,8477.39,2026-08-16
KXATP-26USO-ALC,1786939200,0.14,11800.06,2026-08-17
KXATP-26USO-ALC,1787025600,0.14,29021.05,2026-08-18
KXATP-26USO-ALC,1787112000,0.24,27626.01,2026-08-19
KXATP-26USO-ALC,1787198400,0.16,13207.65,2026-08-20
KXATP-26USO-ALC,1787284800,0.27,130881.64,2026-08-21
KXATP-26USO-ALC,1787371200,0.33,194654.27,2026-08-22
KXATP-26USO-ALC,1787457600,0.33,21974.8,2026-08-23
KXATP-26USO-ALC,1787544000,0.33,25499.79,2026-08-24
KXATP-26USO-ALC,1787630400,0.31,55727.75,2026-08-25
KXATP-26USO-ALC,1787716800,0.3,124943.58,2026-08-26
KXATP-26USO-ALC,1787803200,0.26,102849.41,2026-08-27
KXATP-26USO-ALC,1787889600,0.27,148795.86,2026-08-28
KXATP-26USO-ALC,1787976000,0.27,72749.23,2026-08-29
KXATP-26USO-ALC,1788062400,0.27,68421.4,2026-08-30
KXATP-26USO-ALC,1788148800,0.29,241603.21,2026-08-31
KXATP-26USO-ALC,1788235200,0.35,385306.36,2026-09-01
KXATP-26USO-ALC,1788321600,0.37,188553.26,2026-09-02
KXATP-26USO-ALC,1788408000,0.4,287051.98,2026-09-03
KXATP-26USO-ALC,1788494400,0.47,198172.16,2026-09-04
KXATP-26USO-ALC,1788580800,0.47,262508.86,2026-09-05
KXATP-26USO-ALC,1788667200,0.5,367248.79,2026-09-06
KXATP-26USO-ALC,1788753600,0.58,536888.05,2026-09-07
KXATP-26USO-ALC,1788840000,0.57,159209.85,2026-09-08
KXATP-26USO-KHA,1781496000,,0.0,2026-06-15
KXATP-26USO-KHA,1781582400,,0.0,2026-06-16
KXATP-26USO-KHA,1781841600,,0.0,2026-06-19
KXATP-26USO-KHA,1781928000,,0.0,2026-06-20
KXATP-26USO-KHA,1782014400,,0.0,2026-06-21
KXATP-26USO-KHA,1782100800,,0.0,2026-06-22
KXATP-26USO-KHA,1782187200,,0.0,2026-06-23
KXATP-26USO-KHA,1782705600,,0.0,2026-06-29
KXATP-26USO-KHA,1782878400,,0.0,2026-07-01
KXATP-26USO-KHA,1782964800,,0.0,2026-07-02
KXATP-26USO-KHA,1783051200,,0.0,2026-07-03
KXATP-26USO-KHA,1783137600,,0.0,2026-07-04
KXATP-26USO-KHA,1783224000,,0.0,2026-07-05
KXATP-26USO-KHA,1783483200,,0.0,2026-07-08
KXATP-26USO-KHA,1783569600,,0.0,2026-07-09
KXATP-26USO-KHA,1783828800,,0.0,2026-07-12
KXATP-26USO-KHA,1783915200,,0.0,2026-07-13
KXATP-26USO-KHA,1784001600,,0.0,2026-07-14
KXATP-26USO-KHA,1784088000,,0.0,2026-07-15
KXATP-26USO-KHA,1784174400,,0.0,2026-07-16
KXATP-26USO-KHA,1784606400,,0.0,2026-07-21
KXATP-26USO-KHA,1784865600,,0.0,2026-07-24
KXATP-26USO-KHA,1785038400,,0.0,2026-07-26
KXATP-26USO-KHA,1785124800,,0.0,2026-07-27
KXATP-26USO-KHA,1785384000,,0.0,2026-07-30
KXATP-26USO-KHA,1785470400,,0.0,2026-07-31
KXATP-26USO-KHA,1785556800,,0.0,2026-08-01
KXATP-26USO-KHA,1785643200,,0.0,2026-08-02
KXATP-26USO-KHA,1785729600,,0.0,2026-08-03
KXATP-26USO-KHA,1785816000,,0.0,2026-08-04
KXATP-26USO-KHA,1785902400,,0.0,2026-08-05
KXATP-26USO-KHA,1785988800,,0.0,2026-08-06
KXATP-26USO-KHA,1786075200,,0.0,2026-08-07
KXATP-26USO-KHA,1786161600,,0.0,2026-08-08
KXATP-26USO-KHA,1786248000,,0.0,2026-08-09
KXATP-26USO-KHA,1786334400,,0.0,2026-08-10
KXATP-26USO-KHA,1786420800,,0.0,2026-08-11
KXATP-26USO-KHA,1786507200,,0.0,2026-08-12
KXATP-26USO-KHA,1786593600,,0.0,2026-08-13
KXATP-26USO-KHA,1786680000,,0.0,2026-08-14
KXATP-26USO-KHA,1786766400,,0.0,2026-08-15
KXATP-26USO-KHA,1786852800,,0.0,2026-08-16
KXATP-26USO-KHA,1786939200,,0.0,2026-08-17
KXATP-26USO-KHA,1787025600,0.01,23.0,2026-08-18
KXATP-26USO-KHA,1787112000,,0.0,2026-08-19
KXATP-26USO-KHA,1787198400,,0.0,2026-08-20
KXATP-26USO-KHA,1787284800,,0.0,2026-08-21
KXATP-26USO-KHA,1787371200,0.01,1402.78,2026-08-22
KXATP-26USO-KHA,1787457600,0.01,418.03,2026-08-23
KXATP-26USO-KHA,1787544000,0.01,935.19,2026-08-24
KXATP-26USO-KHA,1787630400,0.01,93.51,2026-08-25
KXATP-26USO-KHA,1787716800,0.01,213.22,2026-08-26
KXATP-26USO-KHA,1787803200,,0.0,2026-08-27
KXATP-26USO-KHA,1787889600,,0.0,2026-08-28
KXATP-26USO-KHA,1787976000,,0.0,2026-08-29
KXATP-26USO-KHA,1788148800,0.01,126.51,2026-08-31
KXATP-26USO-KHA,1788235200,,0.0,2026-09-01
KXATP-26USO-KHA,1788321600,0.01,9601.91,2026-09-02
KXATP-26USO-KHA,1788408000,0.01,18.7,2026-09-03
KXATP-26USO-KHA,1788494400,0.01,18353.11,2026-09-04
KXATP-26USO-KHA,1788580800,0.01,17528.31,2026-09-05
KXATP-26USO-KHA,1788667200,0.01,45634.54,2026-09-06
KXATP-26USO-KHA,1788753600,0.01,324591.48,2026-09-07
KXATP-26USO-KHA,1788840000,0.03,549582.77,2026-09-08
KXATP-26USO-MUS,1781323200,,0.0,2026-06-13
KXATP-26USO-MUS,1781496000,,0.0,2026-06-15
KXATP-26USO-MUS,1781582400,,0.0,2026-06-16
KXATP-26USO-MUS,1781841600,0.01,20.0,2026-06-19
KXATP-26USO-MUS,1781928000,0.01,67.0,2026-06-20
KXATP-26USO-MUS,1782014400,0.01,183.0,2026-06-21
KXATP-26USO-MUS,1782100800,0.01,238.0,2026-06-22
KXATP-26USO-MUS,1782187200,0.01,77.95,2026-06-23
KXATP-26USO-MUS,1782705600,,0.0,2026-06-29
KXATP-26USO-MUS,1782878400,0.01,12.9,2026-07-01
KXATP-26USO-MUS,1782964800,0.01,63.78,2026-07-02
KXATP-26USO-MUS,1783051200,0.01,56.0,2026-07-03
KXATP-26USO-MUS,1783137600,0.01,14.66,2026-07-04
KXATP-26USO-MUS,1783224000,0.01,74.44,2026-07-05
KXATP-26USO-MUS,1783396800,0.02,233.95,2026-07-07
KXATP-26USO-MUS,1783483200,0.01,8.0,2026-07-08
KXATP-26USO-MUS,1783569600,0.01,48.89,2026-07-09
KXATP-26USO-MUS,1783656000,,0.0,2026-07-10
KXATP-26USO-MUS,1783828800,,0.0,2026-07-12
KXATP-26USO-MUS,1783915200,0.01,135.38,2026-07-13
KXATP-26USO-MUS,1784001600,,0.0,2026-07-14
KXATP-26USO-MUS,1784088000,,0.0,2026-07-15
KXATP-26USO-MUS,1784174400,,0.0,2026-07-16
KXATP-26USO-MUS,1784433600,0.01,93.51,2026-07-19
KXATP-26USO-MUS,1784520000,,0.0,2026-07-20
KXATP-26USO-MUS,1784606400,,0.0,2026-07-21
KXATP-26USO-MUS,1784779200,,0.0,2026-07-23
KXATP-26USO-MUS,1784865600,0.01,2.0,2026-07-24
KXATP-26USO-MUS,1784952000,0.01,14.0,2026-07-25
KXATP-26USO-MUS,1785038400,,0.0,2026-07-26
KXATP-26USO-MUS,1785124800,,0.0,2026-07-27
KXATP-26USO-MUS,1785384000,0.01,935.19,2026-07-30
KXATP-26USO-MUS,1785470400,,0.0,2026-07-31
KXATP-26USO-MUS,1785556800,,0.0,2026-08-01
KXATP-26USO-MUS,1785643200,,0.0,2026-08-02
KXATP-26USO-MUS,1785729600,,0.0,2026-08-03
KXATP-26USO-MUS,1785902400,,0.0,2026-08-05
KXATP-26USO-MUS,1785988800,0.01,6585.59,2026-08-06
KXATP-26USO-MUS,1786075200,,0.0,2026-08-07
KXATP-26USO-MUS,1786161600,,0.0,2026-08-08
KXATP-26USO-MUS,1786248000,,0.0,2026-08-09
KXATP-26USO-MUS,1786334400,,0.0,2026-08-10
KXATP-26USO-MUS,1786420800,,0.0,2026-08-11
KXATP-26USO-MUS,1786507200,,0.0,2026-08-12
KXATP-26USO-MUS,1786593600,,0.0,2026-08-13
KXATP-26USO-MUS,1786680000,,0.0,2026-08-14
KXATP-26USO-MUS,1786766400,0.01,2805.56,2026-08-15
KXATP-26USO-MUS,1786852800,,0.0,2026-08-16
KXATP-26USO-MUS,1786939200,0.01,20000.0,2026-08-17
KXATP-26USO-MUS,1787025600,0.01,79.75,2026-08-18
KXATP-26USO-MUS,1787112000,0.01,60309.54,2026-08-19
KXATP-26USO-MUS,1787198400,0.01,10010.0,2026-08-20
KXATP-26USO-MUS,1787284800,0.01,109462.2,2026-08-21
KXATP-26USO-MUS,1787371200,0.01,45012.93,2026-08-22
KXATP-26USO-MUS,1787457600,0.01,3000.0,2026-08-23
KXATP-26USO-MUS,1787544000,0.01,25046.79,2026-08-24
KXATP-26USO-MUS,1787630400,0.02,7047.46,2026-08-25
KXATP-26USO-MUS,1787716800,0.02,22511.97,2026-08-26
KXATP-26USO-MUS,1787803200,0.02,3108.02,2026-08-27
KXATP-26USO-MUS,1787889600,0.02,7310.12,2026-08-28
KXATP-26USO-MUS,1787976000,0.02,2638.35,2026-08-29
KXATP-26USO-MUS,1788062400,0.02,1918.39,2026-08-30
KXATP-26USO-MUS,1788148800,0.02,2522.6,2026-08-31
KXATP-26USO-MUS,1788235200,0.02,198676.62,2026-09-01
KXATP-26USO-MUS,1788321600,0.03,95814.55,2026-09-02
KXATP-26USO-MUS,1788408000,0.03,178686.56,2026-09-03
KXATP-26USO-MUS,1788494400,0.02,122628.51,2026-09-04
KXATP-26USO-MUS,1788580800,,0.0,2026-09-05
KXATP-26USO-SHE,1781236800,0.12,7.0,2026-06-12
KXATP-26USO-SHE,1781323200,0.13,12.0,2026-06-13
KXATP-26USO-SHE,1781409600,0.11,1447.0,2026-06-14
KXATP-26USO-SHE,1781496000,0.12,74.0,2026-06-15
KXATP-26USO-SHE,1781582400,0.04,156.57,2026-06-16
KXATP-26USO-SHE,1781668800,0.08,147.82,2026-06-17
KXATP-26USO-SHE,1781755200,,0.0,2026-06-18
KXATP-26USO-SHE,1781841600,0.05,20.0,2026-06-19
KXATP-26USO-SHE,1781928000,0.12,90.91,2026-06-20
KXATP-26USO-SHE,1782014400,0.02,199.46,2026-06-21
KXATP-26USO-SHE,1782100800,0.02,238.0,2026-06-22
KXATP-26USO-SHE,1782187200,0.06,113.31,2026-06-23
KXATP-26USO-SHE,1782273600,0.1,690.68,2026-06-24
KXATP-26USO-SHE,1782360000,,0.0,2026-06-25
KXATP-26USO-SHE,1782446400,,0.0,2026-06-26
KXATP-26USO-SHE,1782532800,0.09,61.0,2026-06-27
KXATP-26USO-SHE,1782705600,0.09,40.0,2026-06-29
KXATP-26USO-SHE,1782792000,,0.0,2026-06-30
KXATP-26USO-SHE,1782878400,0.07,39.99,2026-07-01
KXATP-26USO-SHE,1782964800,0.03,63.78,2026-07-02
KXATP-26USO-SHE,1783051200,0.03,56.0,2026-07-03
KXATP-26USO-SHE,1783137600,0.03,14.66,2026-07-04
KXATP-26USO-SHE,1783224000,0.03,74.44,2026-07-05
KXATP-26USO-SHE,1783396800,0.03,32.94,2026-07-07
KXATP-26USO-SHE,1783483200,0.03,8.0,2026-07-08
KXATP-26USO-SHE,1783569600,0.03,48.89,2026-07-09
KXATP-26USO-SHE,1783656000,,0.0,2026-07-10
KXATP-26USO-SHE,1783742400,,0.0,2026-07-11
KXATP-26USO-SHE,1783828800,0.04,585.64,2026-07-12
KXATP-26USO-SHE,1783915200,0.03,551.76,2026-07-13
KXATP-26USO-SHE,1784001600,0.04,409.8,2026-07-14
KXATP-26USO-SHE,1784088000,0.03,4097.59,2026-07-15
KXATP-26USO-SHE,1784174400,,0.0,2026-07-16
KXATP-26USO-SHE,1784260800,0.03,31.21,2026-07-17
KXATP-26USO-SHE,1784347200,,0.0,2026-07-18
KXATP-26USO-SHE,1784433600,0.03,199.8,2026-07-19
KXATP-26USO-SHE,1784520000,0.03,1279.76,2026-07-20
KXATP-26USO-SHE,1784606400,0.03,3166.02,2026-07-21
KXATP-26USO-SHE,1784692800,0.03,1471.19,2026-07-22
KXATP-26USO-SHE,1784779200,0.03,156.06,2026-07-23
KXATP-26USO-SHE,1784865600,0.02,4518.41,2026-07-24
KXATP-26USO-SHE,1784952000,0.02,70.91,2026-07-25
KXATP-26USO-SHE,1785038400,0.01,715.9,2026-07-26
KXATP-26USO-SHE,1785124800,0.03,5337.13,2026-07-27
KXATP-26USO-SHE,1785211200,0.01,31.21,2026-07-28
KXATP-26USO-SHE,1785297600,0.03,2819.59,2026-07-29
KXATP-26USO-SHE,1785384000,0.03,3693.09,2026-07-30
KXATP-26USO-SHE,1785470400,0.03,633.31,2026-07-31
KXATP-26USO-SHE,1785556800,0.03,53.21,2026-08-01
KXATP-26USO-SHE,1785643200,0.03,725.04,2026-08-02
KXATP-26USO-SHE,1785729600,0.03,93.63,2026-08-03
KXATP-26USO-SHE,1785816000,0.03,673.32,2026-08-04
KXATP-26USO-SHE,1785902400,0.03,367.26,2026-08-05
KXATP-26USO-SHE,1785988800,0.03,522.49,2026-08-06
KXATP-26USO-SHE,1786075200,0.03,3277.45,2026-08-07
KXATP-26USO-SHE,1786161600,0.02,167.22,2026-08-08
KXATP-26USO-SHE,1786248000,0.03,156.06,2026-08-09
KXATP-26USO-SHE,1786334400,0.03,28009.5,2026-08-10
KXATP-26USO-SHE,1786420800,0.03,3498.92,2026-08-11
KXATP-26USO-SHE,1786507200,0.03,22285.41,2026-08-12
KXATP-26USO-SHE,1786593600,0.03,16973.59,2026-08-13
KXATP-26USO-SHE,1786680000,0.06,29123.16,2026-08-14
KXATP-26USO-SHE,1786766400,0.07,17595.63,2026-08-15
KXATP-26USO-SHE,1786852800,0.07,11777.27,2026-08-16
KXATP-26USO-SHE,1786939200,0.07,25782.17,2026-08-17
KXATP-26USO-SHE,1787025600,0.07,2098.37,2026-08-18
KXATP-26USO-SHE,1787112000,0.07,12335.82,2026-08-19
KXATP-26USO-SHE,1787198400,0.07,11321.69,2026-08-20
KXATP-26USO-SHE,1787284800,0.05,29265.82,2026-08-21
KXATP-26USO-SHE,1787371200,0.08,91073.32,2026-08-22
KXATP-26USO-SHE,1787457600,0.09,29026.44,2026-08-23
KXATP-26USO-SHE,1787544000,0.08,32246.17,2026-08-24
KXATP-26USO-SHE,1787630400,0.08,32313.04,2026-08-25
KXATP-26USO-SHE,1787716800,0.08,50251.62,2026-08-26
KXATP-26USO-SHE,1787803200,0.08,20608.88,2026-08-27
KXATP-26USO-SHE,1787889600,0.06,37920.91,2026-08-28
KXATP-26USO-SHE,1787976000,0.06,20425.07,2026-08-29
KXATP-26USO-SHE,1788062400,0.06,24869.78,2026-08-30
KXATP-26USO-SHE,1788148800,0.07,68797.53,2026-08-31
KXATP-26USO-SHE,1788235200,0.11,74906.43,2026-09-01
KXATP-26USO-SHE,1788321600,0.08,51801.53,2026-09-02
KXATP-26USO-SHE,1788408000,0.1,261618.65,2026-09-03
KXATP-26USO-SHE,1788494400,0.08,136168.89,2026-09-04
KXATP-26USO-SHE,1788580800,0.08,119796.22,2026-09-05
KXATP-26USO-SHE,1788667200,0.08,215387.11,2026-09-06
KXATP-26USO-SHE,1788753600,0.08,188924.66,2026-09-07
KXATP-26USO-SHE,1788840000,0.08,80426.27,2026-09-08
KXATP-26USO-TIA,1781323200,,0.0,2026-06-13
KXATP-26USO-TIA,1781496000,0.14,13.47,2026-06-15
KXATP-26USO-TIA,1781582400,,0.0,2026-06-16
KXATP-26USO-TIA,1781668800,0.02,46.79,2026-06-17
KXATP-26USO-TIA,1781841600,0.01,20.0,2026-06-19
KXATP-26USO-TIA,1781928000,0.01,136.37,2026-06-20
KXATP-26USO-TIA,1782014400,0.01,183.0,2026-06-21
KXATP-26USO-TIA,1782100800,0.01,238.0,2026-06-22
KXATP-26USO-TIA,1782187200,0.01,77.95,2026-06-23
KXATP-26USO-TIA,1782273600,0.02,150.37,2026-06-24
KXATP-26USO-TIA,1782705600,0.14,286.38,2026-06-29
KXATP-26USO-TIA,1782792000,0.1,0.9,2026-06-30
KXATP-26USO-TIA,1782878400,0.02,12.9,2026-07-01
KXATP-26USO-TIA,1782964800,0.04,369.76,2026-07-02
KXATP-26USO-TIA,1783051200,0.02,78.16,2026-07-03
KXATP-26USO-TIA,1783137600,0.01,14.66,2026-07-04
KXATP-26USO-TIA,1783224000,0.01,74.44,2026-07-05
KXATP-26USO-TIA,1783310400,,0.0,2026-07-06
KXATP-26USO-TIA,1783396800,0.02,311.95,2026-07-07
KXATP-26USO-TIA,1783483200,0.01,8.0,2026-07-08
KXATP-26USO-TIA,1783569600,0.01,48.89,2026-07-09
KXATP-26USO-TIA,1783656000,0.01,255.98,2026-07-10
KXATP-26USO-TIA,1783742400,,0.0,2026-07-11
KXATP-26USO-TIA,1783828800,0.02,116.97,2026-07-12
KXATP-26USO-TIA,1783915200,0.01,250.38,2026-07-13
KXATP-26USO-TIA,1784001600,0.02,98.17,2026-07-14
KXATP-26USO-TIA,1784088000,0.01,2006.24,2026-07-15
KXATP-26USO-TIA,1784174400,,0.0,2026-07-16
KXATP-26USO-TIA,1784260800,,0.0,2026-07-17
KXATP-26USO-TIA,1784520000,0.01,1000.65,2026-07-20
KXATP-26USO-TIA,1784606400,,0.0,2026-07-21
KXATP-26USO-TIA,1784692800,0.01,93.51,2026-07-22
KXATP-26USO-TIA,1784779200,0.01,93.51,2026-07-23
KXATP-26USO-TIA,1784865600,0.01,189.03,2026-07-24
KXATP-26USO-TIA,1784952000,0.01,122.87,2026-07-25
KXATP-26USO-TIA,1785038400,,0.0,2026-07-26
KXATP-26USO-TIA,1785124800,,0.0,2026-07-27
KXATP-26USO-TIA,1785211200,0.01,9351.91,2026-07-28
KXATP-26USO-TIA,1785297600,0.01,187.03,2026-07-29
KXATP-26USO-TIA,1785384000,0.01,935.19,2026-07-30
KXATP-26USO-TIA,1785470400,0.01,9.35,2026-07-31
KXATP-26USO-TIA,1785556800,0.01,935.19,2026-08-01
KXATP-26USO-TIA,1785643200,,0.0,2026-08-02
KXATP-26USO-TIA,1785729600,0.01,187.03,2026-08-03
KXATP-26USO-TIA,1785816000,,0.0,2026-08-04
KXATP-26USO-TIA,1785988800,,0.0,2026-08-06
KXATP-26USO-TIA,1786075200,0.01,333.0,2026-08-07
KXATP-26USO-TIA,1786161600,,0.0,2026-08-08
KXATP-26USO-TIA,1786248000,0.01,33.0,2026-08-09
KXATP-26USO-TIA,1786334400,0.01,1868.5,2026-08-10
KXATP-26USO-TIA,1786420800,0.01,935.18,2026-08-11
KXATP-26USO-TIA,1786507200,0.01,2618.52,2026-08-12
KXATP-26USO-TIA,1786593600,,0.0,2026-08-13
KXATP-26USO-TIA,1786680000,,0.0,2026-08-14
KXATP-26USO-TIA,1786766400,,0.0,2026-08-15
KXATP-26USO-TIA,1786852800,0.01,176.28,2026-08-16
KXATP-26USO-TIA,1786939200,0.01,10103.79,2026-08-17
KXATP-26USO-TIA,1787025600,0.01,23750.31,2026-08-18
KXATP-26USO-TIA,1787112000,0.01,150732.01,2026-08-19
KXATP-26USO-TIA,1787198400,0.02,1735.08,2026-08-20
KXATP-26USO-TIA,1787284800,0.01,14671.18,2026-08-21
KXATP-26USO-TIA,1787371200,0.03,52635.7,2026-08-22
KXATP-26USO-TIA,1787457600,0.03,19604.98,2026-08-23
KXATP-26USO-TIA,1787544000,0.02,8110.75,2026-08-24
KXATP-26USO-TIA,1787630400,0.02,18577.12,2026-08-25
KXATP-26USO-TIA,1787716800,0.02,2806.65,2026-08-26
KXATP-26USO-TIA,1787803200,0.03,16128.63,2026-08-27
KXATP-26USO-TIA,1787889600,0.03,9074.62,2026-08-28
KXATP-26USO-TIA,1787976000,0.03,10577.25,2026-08-29
KXATP-26USO-TIA,1788062400,0.03,19690.01,2026-08-30
KXATP-26USO-TIA,1788148800,0.04,68263.15,2026-08-31
KXATP-26USO-TIA,1788235200,0.02,105341.21,2026-09-01
KXATP-26USO-TIA,1788321600,0.03,84473.96,2026-09-02
KXATP-26USO-TIA,1788408000,0.03,19478.59,2026-09-03
KXATP-26USO-TIA,1788494400,0.03,26027.68,2026-09-04
KXATP-26USO-TIA,1788580800,0.03,26766.77,2026-09-05
KXATP-26USO-TIA,1788667200,0.03,45350.05,2026-09-06
KXATP-26USO-TIA,1788753600,0.05,142395.0,2026-09-07
KXATP-26USO-TIA,1788840000,0.04,175114.36,2026-09-08
KXATP-26USO-ZVE,1781150400,0.39,2.45,2026-06-11
KXATP-26USO-ZVE,1781236800,,0.0,2026-06-12
KXATP-26USO-ZVE,1781323200,,0.0,2026-06-13
KXATP-26USO-ZVE,1781409600,,0.0,2026-06-14
KXATP-26USO-ZVE,1781496000,,0.0,2026-06-15
KXATP-26USO-ZVE,1781582400,,0.0,2026-06-16
KXATP-26USO-ZVE,1781668800,0.02,50.0,2026-06-17
KXATP-26USO-ZVE,1781755200,,0.0,2026-06-18
KXATP-26USO-ZVE,1781841600,0.03,20.0,2026-06-19
KXATP-26USO-ZVE,1781928000,0.03,67.0,2026-06-20
KXATP-26USO-ZVE,1782014400,0.03,183.0,2026-06-21
KXATP-26USO-ZVE,1782100800,0.03,238.0,2026-06-22
KXATP-26USO-ZVE,1782187200,0.03,90.95,2026-06-23
KXATP-26USO-ZVE,1782273600,0.04,150.55,2026-06-24
KXATP-26USO-ZVE,1782360000,0.15,337.75,2026-06-25
KXATP-26USO-ZVE,1782446400,,0.0,2026-06-26
KXATP-26USO-ZVE,1782532800,0.13,14.5,2026-06-27
KXATP-26USO-ZVE,1782619200,,0.0,2026-06-28
KXATP-26USO-ZVE,1782705600,0.05,418.08,2026-06-29
KXATP-26USO-ZVE,1782792000,,0.0,2026-06-30
KXATP-26USO-ZVE,1782878400,0.05,12.9,2026-07-01
KXATP-26USO-ZVE,1782964800,0.16,111.55,2026-07-02
KXATP-26USO-ZVE,1783051200,0.04,76.0,2026-07-03
KXATP-26USO-ZVE,1783137600,0.04,17.66,2026-07-04
KXATP-26USO-ZVE,1783224000,0.04,74.44,2026-07-05
KXATP-26USO-ZVE,1783310400,0.05,375.05,2026-07-06
KXATP-26USO-ZVE,1783396800,0.11,385.61,2026-07-07
KXATP-26USO-ZVE,1783483200,0.05,21.41,2026-07-08
KXATP-26USO-ZVE,1783569600,0.13,376.3,2026-07-09
KXATP-26USO-ZVE,1783656000,0.14,34.38,2026-07-10
KXATP-26USO-ZVE,1783742400,0.14,204.17,2026-07-11
KXATP-26USO-ZVE,1783828800,0.09,538.43,2026-07-12
KXATP-26USO-ZVE,1783915200,0.09,4443.35,2026-07-13
KXATP-26USO-ZVE,1784001600,0.09,571.94,2026-07-14
KXATP-26USO-ZVE,1784088000,0.1,7474.66,2026-07-15
KXATP-26USO-ZVE,1784174400,0.09,349.42,2026-07-16
KXATP-26USO-ZVE,1784260800,0.09,590.94,2026-07-17
KXATP-26USO-ZVE,1784347200,0.08,1359.58,2026-07-18
KXATP-26USO-ZVE,1784433600,0.08,341.72,2026-07-19
KXATP-26USO-ZVE,1784520000,0.09,25456.09,2026-07-20
KXATP-26USO-ZVE,1784606400,0.08,3208.7,2026-07-21
KXATP-26USO-ZVE,1784692800,0.07,70.45,2026-07-22
KXATP-26USO-ZVE,1784779200,0.08,1603.28,2026-07-23
KXATP-26USO-ZVE,1784865600,0.09,497.66,2026-07-24
KXATP-26USO-ZVE,1784952000,0.09,759.1,2026-07-25
KXATP-26USO-ZVE,1785038400,0.09,967.67,2026-07-26
KXATP-26USO-ZVE,1785124800,0.09,856.51,2026-07-27
KXATP-26USO-ZVE,1785211200,0.09,657.8,2026-07-28
KXATP-26USO-ZVE,1785297600,0.09,111.32,2026-07-29
KXATP-26USO-ZVE,1785384000,0.08,610.97,2026-07-30
KXATP-26USO-ZVE,1785470400,0.08,0.1,2026-07-31
KXATP-26USO-ZVE,1785556800,0.08,1700.67,2026-08-01
KXATP-26USO-ZVE,1785643200,0.09,739.73,2026-08-02
KXATP-26USO-ZVE,1785729600,0.08,6923.46,2026-08-03
KXATP-26USO-ZVE,1785816000,0.09,251.6,2026-08-04
KXATP-26USO-ZVE,1785902400,0.09,2421.57,2026-08-05
KXATP-26USO-ZVE,1785988800,0.09,2187.16,2026-08-06
KXATP-26USO-ZVE,1786075200,0.09,10814.62,2026-08-07
KXATP-26USO-ZVE,1786161600,0.09,179.32,2026-08-08
KXATP-26USO-ZVE,1786248000,0.1,3565.29,2026-08-09
KXATP-26USO-ZVE,1786334400,0.12,19156.29,2026-08-10
KXATP-26USO-ZVE,1786420800,0.12,14807.82,2026-08-11
KXATP-26USO-ZVE,1786507200,0.13,908.69,2026-08-12
KXATP-26USO-ZVE,1786593600,0.13,377.24,2026-08-13
KXATP-26USO-ZVE,1786680000,0.12,1386.14,2026-08-14
KXATP-26USO-ZVE,1786766400,0.12,545.67,2026-08-15
KXATP-26USO-ZVE,1786852800,0.11,1237.96,2026-08-16
KXATP-26USO-ZVE,1786939200,0.12,14441.14,2026-08-17
KXATP-26USO-ZVE,1787025600,0.16,14221.94,2026-08-18
KXATP-26USO-ZVE,1787112000,0.18,9161.99,2026-08-19
KXATP-26USO-ZVE,1787198400,0.17,10458.34,2026-08-20
KXATP-26USO-ZVE,1787284800,0.13,25090.05,2026-08-21
KXATP-26USO-ZVE,1787371200,0.2,53419.22,2026-08-22
KXATP-26USO-ZVE,1787457600,0.21,4180.77,2026-08-23
KXATP-26USO-ZVE,1787544000,0.2,7539.34,2026-08-24
KXATP-26USO-ZVE,1787630400,0.2,6589.03,2026-08-25
KXATP-26USO-ZVE,1787716800,0.2,16526.11,2026-08-26
KXATP-26USO-ZVE,1787803200,0.2,17208.13,2026-08-27
KXATP-26USO-ZVE,1787889600,0.24,137147.53,2026-08-28
KXATP-26USO-ZVE,1787976000,0.23,40789.05,2026-08-29
KXATP-26USO-ZVE,1788062400,0.22,11989.05,2026-08-30
KXATP-26USO-ZVE,1788148800,0.24,63481.94,2026-08-31
KXATP-26USO-ZVE,1788235200,0.24,39745.18,2026-09-01
KXATP-26USO-ZVE,1788321600,0.15,90533.08,2026-09-02
KXATP-26USO-ZVE,1788408000,0.22,257657.0,2026-09-03
KXATP-26USO-ZVE,1788494400,0.19,59610.65,2026-09-04
KXATP-26USO-ZVE,1788580800,0.2,133696.54,2026-09-05
KXATP-26USO-ZVE,1788667200,0.24,139912.46,2026-09-06
KXATP-26USO-ZVE,1788753600,0.22,84380.86,2026-09-07
KXATP-26USO-ZVE,1788840000,0.28,71380.02,2026-09-08
SENATETX-26-D,1781150400,0.43,18492.61,2026-06-11
SENATETX-26-D,1781236800,0.42,9590.4,2026-06-12
SENATETX-26-D,1781323200,0.43,12305.45,2026-06-13
SENATETX-26-D,1781409600,0.43,11099.26,2026-06-14
SENATETX-26-D,1781496000,0.43,3626.8,2026-06-15
SENATETX-26-D,1781582400,0.42,11159.89,2026-06-16
SENATETX-26-D,1781668800,0.42,7356.4,2026-06-17
SENATETX-26-D,1781755200,0.42,7256.49,2026-06-18
SENATETX-26-D,1781841600,0.42,3094.76,2026-06-19
SENATETX-26-D,1781928000,0.43,13054.85,2026-06-20
SENATETX-26-D,1782014400,0.42,6174.05,2026-06-21
SENATETX-26-D,1782100800,0.43,4341.31,2026-06-22
SENATETX-26-D,1782187200,0.43,6546.35,2026-06-23
SENATETX-26-D,1782273600,0.42,6224.29,2026-06-24
SENATETX-26-D,1782360000,0.42,4635.29,2026-06-25
SENATETX-26-D,1782446400,0.4,9900.8,2026-06-26
SENATETX-26-D,1782532800,0.41,5104.46,2026-06-27
SENATETX-26-D,1782619200,0.41,1910.44,2026-06-28
SENATETX-26-D,1782705600,0.41,2749.57,2026-06-29
SENATETX-26-D,1782792000,0.4,11376.19,2026-06-30
SENATETX-26-D,1782878400,0.42,30248.76,2026-07-01
SENATETX-26-D,1782964800,0.42,12795.77,2026-07-02
SENATETX-26-D,1783051200,0.41,3788.39,2026-07-03
SENATETX-26-D,1783137600,0.42,8215.66,2026-07-04
SENATETX-26-D,1783224000,0.41,4676.36,2026-07-05
SENATETX-26-D,1783310400,0.39,50533.55,2026-07-06
SENATETX-26-D,1783396800,0.41,6451.85,2026-07-07
SENATETX-26-D,1783483200,0.41,13680.67,2026-07-08
SENATETX-26-D,1783569600,0.42,5774.55,2026-07-09
SENATETX-26-D,1783656000,0.43,13484.48,2026-07-10
SENATETX-26-D,1783742400,0.43,4233.59,2026-07-11
SENATETX-26-D,1783828800,0.43,14596.88,2026-07-12
SENATETX-26-D,1783915200,0.44,8270.43,2026-07-13
SENATETX-26-D,1784001600,0.44,4881.89,2026-07-14
SENATETX-26-D,1784088000,0.43,9037.51,2026-07-15
SENATETX-26-D,1784174400,0.43,8680.04,2026-07-16
SENATETX-26-D,1784260800,0.43,5377.17,2026-07-17
SENATETX-26-D,1784347200,0.43,3598.91,2026-07-18
SENATETX-26-D,1784433600,0.43,149916.24,2026-07-19
SENATETX-26-D,1784520000,0.44,9092.8,2026-07-20
SENATETX-26-D,1784606400,0.44,2025.89,2026-07-21
SENATETX-26-D,1784692800,0.44,5852.98,2026-07-22
SENATETX-26-D,1784779200,0.44,4576.32,2026-07-23
SENATETX-26-D,1784865600,0.43,2025.31,2026-07-24
SENATETX-26-D,1784952000,0.44,27118.99,2026-07-25
SENATETX-26-D,1785038400,0.43,6552.29,2026-07-26
SENATETX-26-D,1785124800,0.44,5827.03,2026-07-27
SENATETX-26-D,1785211200,0.43,6354.43,2026-07-28
SENATETX-26-D,1785297600,0.47,61605.94,2026-07-29
SENATETX-26-D,1785384000,0.47,28619.89,2026-07-30
SENATETX-26-D,1785470400,0.48,49111.87,2026-07-31
SENATETX-26-D,1785556800,0.47,40080.15,2026-08-01
SENATETX-26-D,1785643200,0.47,11684.57,2026-08-02
SENATETX-26-D,1785729600,0.46,16340.3,2026-08-03
SENATETX-26-D,1785816000,0.47,22378.49,2026-08-04
SENATETX-26-D,1785902400,0.47,18865.82,2026-08-05
SENATETX-26-D,1785988800,0.49,67402.9,2026-08-06
SENATETX-26-D,1786075200,0.49,24133.43,2026-08-07
SENATETX-26-D,1786161600,0.49,80655.67,2026-08-08
SENATETX-26-D,1786248000,0.51,37116.02,2026-08-09
SENATETX-26-D,1786334400,0.5,28555.1,2026-08-10
SENATETX-26-D,1786420800,0.5,20453.01,2026-08-11
SENATETX-26-D,1786507200,0.52,123596.26,2026-08-12
SENATETX-26-D,1786593600,0.55,79293.98,2026-08-13
SENATETX-26-D,1786680000,0.51,67931.5,2026-08-14
SENATETX-26-D,1786766400,0.5,21468.98,2026-08-15
SENATETX-26-D,1786852800,0.51,55223.24,2026-08-16
SENATETX-26-D,1786939200,0.49,23633.94,2026-08-17
SENATETX-26-D,1787025600,0.49,18684.82,2026-08-18
SENATETX-26-D,1787112000,0.5,35593.27,2026-08-19
SENATETX-26-D,1787198400,0.5,32128.14,2026-08-20
SENATETX-26-D,1787284800,0.5,25118.38,2026-08-21
SENATETX-26-D,1787371200,0.49,22145.08,2026-08-22
SENATETX-26-D,1787457600,0.48,29113.53,2026-08-23
SENATETX-26-D,1787544000,0.47,6764.15,2026-08-24
SENATETX-26-D,1787630400,0.5,111583.26,2026-08-25
SENATETX-26-D,1787716800,0.52,42290.47,2026-08-26
SENATETX-26-D,1787803200,0.49,50159.68,2026-08-27
SENATETX-26-D,1787889600,0.49,14917.06,2026-08-28
SENATETX-26-D,1787976000,0.5,11202.21,2026-08-29
SENATETX-26-D,1788062400,0.5,47427.32,2026-08-30
SENATETX-26-D,1788148800,0.51,52761.43,2026-08-31
SENATETX-26-D,1788235200,0.5,54417.25,2026-09-01
SENATETX-26-D,1788321600,0.5,40950.62,2026-09-02
SENATETX-26-D,1788408000,0.48,47577.28,2026-09-03
SENATETX-26-D,1788494400,0.49,33626.88,2026-09-04
SENATETX-26-D,1788580800,0.49,32777.59,2026-09-05
SENATETX-26-D,1788667200,0.49,14929.82,2026-09-06
SENATETX-26-D,1788753600,0.49,16105.17,2026-09-07
SENATETX-26-D,1788840000,0.47,14989.06,2026-09-08
SENATETX-26-R,1781150400,0.58,27051.93,2026-06-11
SENATETX-26-R,1781236800,0.59,17467.83,2026-06-12
SENATETX-26-R,1781323200,0.59,16532.63,2026-06-13
SENATETX-26-R,1781409600,0.58,10391.5,2026-06-14
SENATETX-26-R,1781496000,0.58,4859.07,2026-06-15
SENATETX-26-R,1781582400,0.6,17401.29,2026-06-16
SENATETX-26-R,1781668800,0.59,37931.9,2026-06-17
SENATETX-26-R,1781755200,0.57,20098.86,2026-06-18
SENATETX-26-R,1781841600,0.58,25413.93,2026-06-19
SENATETX-26-R,1781928000,0.58,8466.91,2026-06-20
SENATETX-26-R,1782014400,0.58,13868.81,2026-06-21
SENATETX-26-R,1782100800,0.58,4202.3,2026-06-22
SENATETX-26-R,1782187200,0.58,15275.06,2026-06-23
SENATETX-26-R,1782273600,0.59,51455.66,2026-06-24
SENATETX-26-R,1782360000,0.6,36758.05,2026-06-25
SENATETX-26-R,1782446400,0.6,25492.55,2026-06-26
SENATETX-26-R,1782532800,0.6,4004.89,2026-06-27
SENATETX-26-R,1782619200,0.6,5705.06,2026-06-28
SENATETX-26-R,1782705600,0.61,10668.53,2026-06-29
SENATETX-26-R,1782792000,0.59,50655.5,2026-06-30
SENATETX-26-R,1782878400,0.59,14702.42,2026-07-01
SENATETX-26-R,1782964800,0.59,26311.13,2026-07-02
SENATETX-26-R,1783051200,0.58,7506.2,2026-07-03
SENATETX-26-R,1783137600,0.59,14172.97,2026-07-04
SENATETX-26-R,1783224000,0.59,5259.35,2026-07-05
SENATETX-26-R,1783310400,0.58,5538.8,2026-07-06
SENATETX-26-R,1783396800,0.58,19318.79,2026-07-07
SENATETX-26-R,1783483200,0.58,33328.47,2026-07-08
SENATETX-26-R,1783569600,0.59,5072.81,2026-07-09
SENATETX-26-R,1783656000,0.58,6729.86,2026-07-10
SENATETX-26-R,1783742400,0.58,5804.78,2026-07-11
SENATETX-26-R,1783828800,0.57,6825.46,2026-07-12
SENATETX-26-R,1783915200,0.58,10627.47,2026-07-13
SENATETX-26-R,1784001600,0.58,4516.76,2026-07-14
SENATETX-26-R,1784088000,0.58,9439.22,2026-07-15
SENATETX-26-R,1784174400,0.58,9951.71,2026-07-16
SENATETX-26-R,1784260800,0.58,17380.91,2026-07-17
SENATETX-26-R,1784347200,0.57,3558.05,2026-07-18
SENATETX-26-R,1784433600,0.56,242328.77,2026-07-19
SENATETX-26-R,1784520000,0.57,53527.55,2026-07-20
SENATETX-26-R,1784606400,0.57,12443.12,2026-07-21
SENATETX-26-R,1784692800,0.56,13081.02,2026-07-22
SENATETX-26-R,1784779200,0.58,12073.57,2026-07-23
SENATETX-26-R,1784865600,0.58,4557.8,2026-07-24
SENATETX-26-R,1784952000,0.58,39233.61,2026-07-25
SENATETX-26-R,1785038400,0.57,24280.85,2026-07-26
SENATETX-26-R,1785124800,0.57,9918.14,2026-07-27
SENATETX-26-R,1785211200,0.57,5288.69,2026-07-28
SENATETX-26-R,1785297600,0.55,345252.94,2026-07-29
SENATETX-26-R,1785384000,0.55,17682.61,2026-07-30
SENATETX-26-R,1785470400,0.53,98768.44,2026-07-31
SENATETX-26-R,1785556800,0.55,36502.61,2026-08-01
SENATETX-26-R,1785643200,0.54,55350.78,2026-08-02
SENATETX-26-R,1785729600,0.55,26012.9,2026-08-03
SENATETX-26-R,1785816000,0.55,16590.9,2026-08-04
SENATETX-26-R,1785902400,0.55,23007.78,2026-08-05
SENATETX-26-R,1785988800,0.52,27406.02,2026-08-06
SENATETX-26-R,1786075200,0.52,42322.6,2026-08-07
SENATETX-26-R,1786161600,0.52,139193.08,2026-08-08
SENATETX-26-R,1786248000,0.51,45426.37,2026-08-09
SENATETX-26-R,1786334400,0.51,38501.82,2026-08-10
SENATETX-26-R,1786420800,0.51,30328.32,2026-08-11
SENATETX-26-R,1786507200,0.49,173721.82,2026-08-12
SENATETX-26-R,1786593600,0.46,99498.22,2026-08-13
SENATETX-26-R,1786680000,0.49,134833.43,2026-08-14
SENATETX-26-R,1786766400,0.5,56791.96,2026-08-15
SENATETX-26-R,1786852800,0.51,65747.4,2026-08-16
SENATETX-26-R,1786939200,0.51,64065.88,2026-08-17
SENATETX-26-R,1787025600,0.51,36044.62,2026-08-18
SENATETX-26-R,1787112000,0.52,33512.62,2026-08-19
SENATETX-26-R,1787198400,0.51,127065.6,2026-08-20
SENATETX-26-R,1787284800,0.52,46144.52,2026-08-21
SENATETX-26-R,1787371200,0.52,94524.06,2026-08-22
SENATETX-26-R,1787457600,0.55,41149.95,2026-08-23
SENATETX-26-R,1787544000,0.53,35853.45,2026-08-24
SENATETX-26-R,1787630400,0.52,33661.13,2026-08-25
SENATETX-26-R,1787716800,0.49,93418.73,2026-08-26
SENATETX-26-R,1787803200,0.51,98782.86,2026-08-27
SENATETX-26-R,1787889600,0.51,51170.55,2026-08-28
SENATETX-26-R,1787976000,0.51,24921.61,2026-08-29
SENATETX-26-R,1788062400,0.5,42238.27,2026-08-30
SENATETX-26-R,1788148800,0.51,44337.24,2026-08-31
SENATETX-26-R,1788235200,0.51,49393.93,2026-09-01
SENATETX-26-R,1788321600,0.51,56908.96,2026-09-02
SENATETX-26-R,1788408000,0.53,132418.18,2026-09-03
SENATETX-26-R,1788494400,0.52,31909.64,2026-09-04
SENATETX-26-R,1788580800,0.53,19094.96,2026-09-05
SENATETX-26-R,1788667200,0.51,40823.41,2026-09-06
SENATETX-26-R,1788753600,0.51,30765.47,2026-09-07
SENATETX-26-R,1788840000,0.52,31650.64,2026-09-08
KXBALANCEPOWERCOMBO-27FEB-DD,1781150400,0.41,18938.81,2026-06-11
KXBALANCEPOWERCOMBO-27FEB-DD,1781236800,0.42,11569.66,2026-06-12
KXBALANCEPOWERCOMBO-27FEB-DD,1781323200,0.4,2317.94,2026-06-13
KXBALANCEPOWERCOMBO-27FEB-DD,1781409600,0.42,17191.65,2026-06-14
KXBALANCEPOWERCOMBO-27FEB-DD,1781496000,0.41,6837.15,2026-06-15
KXBALANCEPOWERCOMBO-27FEB-DD,1781582400,0.4,4545.61,2026-06-16
KXBALANCEPOWERCOMBO-27FEB-DD,1781668800,0.4,3287.85,2026-06-17
KXBALANCEPOWERCOMBO-27FEB-DD,1781755200,0.41,2126.82,2026-06-18
KXBALANCEPOWERCOMBO-27FEB-DD,1781841600,0.4,39246.98,2026-06-19
KXBALANCEPOWERCOMBO-27FEB-DD,1781928000,0.39,2458.2,2026-06-20
KXBALANCEPOWERCOMBO-27FEB-DD,1782014400,0.4,1230.28,2026-06-21
KXBALANCEPOWERCOMBO-27FEB-DD,1782100800,0.4,1459.17,2026-06-22
KXBALANCEPOWERCOMBO-27FEB-DD,1782187200,0.39,1314.42,2026-06-23
KXBALANCEPOWERCOMBO-27FEB-DD,1782273600,0.4,2883.51,2026-06-24
KXBALANCEPOWERCOMBO-27FEB-DD,1782360000,0.4,5206.17,2026-06-25
KXBALANCEPOWERCOMBO-27FEB-DD,1782446400,0.39,4579.23,2026-06-26
KXBALANCEPOWERCOMBO-27FEB-DD,1782532800,0.4,1264.67,2026-06-27
KXBALANCEPOWERCOMBO-27FEB-DD,1782619200,0.4,1276.9,2026-06-28
KXBALANCEPOWERCOMBO-27FEB-DD,1782705600,0.39,1436.99,2026-06-29
KXBALANCEPOWERCOMBO-27FEB-DD,1782792000,0.4,4538.82,2026-06-30
KXBALANCEPOWERCOMBO-27FEB-DD,1782878400,0.41,25102.68,2026-07-01
KXBALANCEPOWERCOMBO-27FEB-DD,1782964800,0.4,24009.71,2026-07-02
KXBALANCEPOWERCOMBO-27FEB-DD,1783051200,0.39,51196.27,2026-07-03
KXBALANCEPOWERCOMBO-27FEB-DD,1783137600,0.4,11426.47,2026-07-04
KXBALANCEPOWERCOMBO-27FEB-DD,1783224000,0.4,1228.98,2026-07-05
KXBALANCEPOWERCOMBO-27FEB-DD,1783310400,0.4,2519.06,2026-07-06
KXBALANCEPOWERCOMBO-27FEB-DD,1783396800,0.41,23372.64,2026-07-07
KXBALANCEPOWERCOMBO-27FEB-DD,1783483200,0.41,12805.12,2026-07-08
KXBALANCEPOWERCOMBO-27FEB-DD,1783569600,0.45,137187.47,2026-07-09
KXBALANCEPOWERCOMBO-27FEB-DD,1783656000,0.44,4998.69,2026-07-10
KXBALANCEPOWERCOMBO-27FEB-DD,1783742400,0.43,2762.98,2026-07-11
KXBALANCEPOWERCOMBO-27FEB-DD,1783828800,0.44,1423.6,2026-07-12
KXBALANCEPOWERCOMBO-27FEB-DD,1783915200,0.45,48064.98,2026-07-13
KXBALANCEPOWERCOMBO-27FEB-DD,1784001600,0.45,1828.99,2026-07-14
KXBALANCEPOWERCOMBO-27FEB-DD,1784088000,0.46,2847.45,2026-07-15
KXBALANCEPOWERCOMBO-27FEB-DD,1784174400,0.45,2076.24,2026-07-16
KXBALANCEPOWERCOMBO-27FEB-DD,1784260800,0.44,4218.17,2026-07-17
KXBALANCEPOWERCOMBO-27FEB-DD,1784347200,0.43,1717.01,2026-07-18
KXBALANCEPOWERCOMBO-27FEB-DD,1784433600,0.44,1021.08,2026-07-19
KXBALANCEPOWERCOMBO-27FEB-DD,1784520000,0.43,3667.33,2026-07-20
KXBALANCEPOWERCOMBO-27FEB-DD,1784606400,0.43,2486.99,2026-07-21
KXBALANCEPOWERCOMBO-27FEB-DD,1784692800,0.43,2299.54,2026-07-22
KXBALANCEPOWERCOMBO-27FEB-DD,1784779200,0.43,3124.25,2026-07-23
KXBALANCEPOWERCOMBO-27FEB-DD,1784865600,0.42,5973.03,2026-07-24
KXBALANCEPOWERCOMBO-27FEB-DD,1784952000,0.43,2539.24,2026-07-25
KXBALANCEPOWERCOMBO-27FEB-DD,1785038400,0.43,3380.15,2026-07-26
KXBALANCEPOWERCOMBO-27FEB-DD,1785124800,0.44,3950.1,2026-07-27
KXBALANCEPOWERCOMBO-27FEB-DD,1785211200,0.43,2046.4,2026-07-28
KXBALANCEPOWERCOMBO-27FEB-DD,1785297600,0.43,9051.53,2026-07-29
KXBALANCEPOWERCOMBO-27FEB-DD,1785384000,0.44,13228.25,2026-07-30
KXBALANCEPOWERCOMBO-27FEB-DD,1785470400,0.44,14662.76,2026-07-31
KXBALANCEPOWERCOMBO-27FEB-DD,1785556800,0.45,12546.85,2026-08-01
KXBALANCEPOWERCOMBO-27FEB-DD,1785643200,0.46,7240.95,2026-08-02
KXBALANCEPOWERCOMBO-27FEB-DD,1785729600,0.46,5242.96,2026-08-03
KXBALANCEPOWERCOMBO-27FEB-DD,1785816000,0.46,6749.74,2026-08-04
KXBALANCEPOWERCOMBO-27FEB-DD,1785902400,0.44,2825.57,2026-08-05
KXBALANCEPOWERCOMBO-27FEB-DD,1785988800,0.43,120718.01,2026-08-06
KXBALANCEPOWERCOMBO-27FEB-DD,1786075200,0.43,4295.62,2026-08-07
KXBALANCEPOWERCOMBO-27FEB-DD,1786161600,0.44,19571.75,2026-08-08
KXBALANCEPOWERCOMBO-27FEB-DD,1786248000,0.43,10241.49,2026-08-09
KXBALANCEPOWERCOMBO-27FEB-DD,1786334400,0.44,7482.91,2026-08-10
KXBALANCEPOWERCOMBO-27FEB-DD,1786420800,0.44,21768.55,2026-08-11
KXBALANCEPOWERCOMBO-27FEB-DD,1786507200,0.48,65897.21,2026-08-12
KXBALANCEPOWERCOMBO-27FEB-DD,1786593600,0.48,3019.41,2026-08-13
KXBALANCEPOWERCOMBO-27FEB-DD,1786680000,0.48,5991.05,2026-08-14
KXBALANCEPOWERCOMBO-27FEB-DD,1786766400,0.47,2599.15,2026-08-15
KXBALANCEPOWERCOMBO-27FEB-DD,1786852800,0.48,6192.3,2026-08-16
KXBALANCEPOWERCOMBO-27FEB-DD,1786939200,0.48,15145.38,2026-08-17
KXBALANCEPOWERCOMBO-27FEB-DD,1787025600,0.46,36061.2,2026-08-18
KXBALANCEPOWERCOMBO-27FEB-DD,1787112000,0.47,15809.58,2026-08-19
KXBALANCEPOWERCOMBO-27FEB-DD,1787198400,0.47,22665.32,2026-08-20
KXBALANCEPOWERCOMBO-27FEB-DD,1787284800,0.47,39363.49,2026-08-21
KXBALANCEPOWERCOMBO-27FEB-DD,1787371200,0.47,43277.77,2026-08-22
KXBALANCEPOWERCOMBO-27FEB-DD,1787457600,0.47,27133.05,2026-08-23
KXBALANCEPOWERCOMBO-27FEB-DD,1787544000,0.46,5139.8,2026-08-24
KXBALANCEPOWERCOMBO-27FEB-DD,1787630400,0.46,5325.5,2026-08-25
KXBALANCEPOWERCOMBO-27FEB-DD,1787716800,0.46,22087.8,2026-08-26
KXBALANCEPOWERCOMBO-27FEB-DD,1787803200,0.47,12065.86,2026-08-27
KXBALANCEPOWERCOMBO-27FEB-DD,1787889600,0.46,14504.37,2026-08-28
KXBALANCEPOWERCOMBO-27FEB-DD,1787976000,0.47,12393.92,2026-08-29
KXBALANCEPOWERCOMBO-27FEB-DD,1788062400,0.46,35494.25,2026-08-30
KXBALANCEPOWERCOMBO-27FEB-DD,1788148800,0.47,23067.42,2026-08-31
KXBALANCEPOWERCOMBO-27FEB-DD,1788235200,0.47,5058.55,2026-09-01
KXBALANCEPOWERCOMBO-27FEB-DD,1788321600,0.46,63624.28,2026-09-02
KXBALANCEPOWERCOMBO-27FEB-DD,1788408000,0.47,7879.05,2026-09-03
KXBALANCEPOWERCOMBO-27FEB-DD,1788494400,0.48,26242.99,2026-09-04
KXBALANCEPOWERCOMBO-27FEB-DD,1788580800,0.48,15594.59,2026-09-05
KXBALANCEPOWERCOMBO-27FEB-DD,1788667200,0.48,4705.91,2026-09-06
KXBALANCEPOWERCOMBO-27FEB-DD,1788753600,0.48,8725.87,2026-09-07
KXBALANCEPOWERCOMBO-27FEB-DD,1788840000,0.48,10719.17,2026-09-08
KXBALANCEPOWERCOMBO-27FEB-DR,1781150400,0.37,19671.66,2026-06-11
KXBALANCEPOWERCOMBO-27FEB-DR,1781236800,0.37,7100.45,2026-06-12
KXBALANCEPOWERCOMBO-27FEB-DR,1781323200,0.37,5110.35,2026-06-13
KXBALANCEPOWERCOMBO-27FEB-DR,1781409600,0.36,5188.94,2026-06-14
KXBALANCEPOWERCOMBO-27FEB-DR,1781496000,0.35,4956.76,2026-06-15
KXBALANCEPOWERCOMBO-27FEB-DR,1781582400,0.34,3526.74,2026-06-16
KXBALANCEPOWERCOMBO-27FEB-DR,1781668800,0.36,6836.67,2026-06-17
KXBALANCEPOWERCOMBO-27FEB-DR,1781755200,0.35,13395.22,2026-06-18
KXBALANCEPOWERCOMBO-27FEB-DR,1781841600,0.35,14637.36,2026-06-19
KXBALANCEPOWERCOMBO-27FEB-DR,1781928000,0.36,12753.64,2026-06-20
KXBALANCEPOWERCOMBO-27FEB-DR,1782014400,0.36,358.24,2026-06-21
KXBALANCEPOWERCOMBO-27FEB-DR,1782100800,0.35,1070.78,2026-06-22
KXBALANCEPOWERCOMBO-27FEB-DR,1782187200,0.36,1350.96,2026-06-23
KXBALANCEPOWERCOMBO-27FEB-DR,1782273600,0.38,102994.1,2026-06-24
KXBALANCEPOWERCOMBO-27FEB-DR,1782360000,0.38,16488.85,2026-06-25
KXBALANCEPOWERCOMBO-27FEB-DR,1782446400,0.37,2147.96,2026-06-26
KXBALANCEPOWERCOMBO-27FEB-DR,1782532800,0.37,3703.24,2026-06-27
KXBALANCEPOWERCOMBO-27FEB-DR,1782619200,0.38,3181.97,2026-06-28
KXBALANCEPOWERCOMBO-27FEB-DR,1782705600,0.37,4029.76,2026-06-29
KXBALANCEPOWERCOMBO-27FEB-DR,1782792000,0.38,9302.68,2026-06-30
KXBALANCEPOWERCOMBO-27FEB-DR,1782878400,0.38,6319.32,2026-07-01
KXBALANCEPOWERCOMBO-27FEB-DR,1782964800,0.4,16113.06,2026-07-02
KXBALANCEPOWERCOMBO-27FEB-DR,1783051200,0.4,2951.95,2026-07-03
KXBALANCEPOWERCOMBO-27FEB-DR,1783137600,0.4,2083.28,2026-07-04
KXBALANCEPOWERCOMBO-27FEB-DR,1783224000,0.4,1360.77,2026-07-05
KXBALANCEPOWERCOMBO-27FEB-DR,1783310400,0.4,13967.39,2026-07-06
KXBALANCEPOWERCOMBO-27FEB-DR,1783396800,0.41,37391.17,2026-07-07
KXBALANCEPOWERCOMBO-27FEB-DR,1783483200,0.4,5513.85,2026-07-08
KXBALANCEPOWERCOMBO-27FEB-DR,1783569600,0.4,1798.63,2026-07-09
KXBALANCEPOWERCOMBO-27FEB-DR,1783656000,0.39,3132.26,2026-07-10
KXBALANCEPOWERCOMBO-27FEB-DR,1783742400,0.37,3427.26,2026-07-11
KXBALANCEPOWERCOMBO-27FEB-DR,1783828800,0.37,6215.45,2026-07-12
KXBALANCEPOWERCOMBO-27FEB-DR,1783915200,0.38,4536.78,2026-07-13
KXBALANCEPOWERCOMBO-27FEB-DR,1784001600,0.37,4530.65,2026-07-14
KXBALANCEPOWERCOMBO-27FEB-DR,1784088000,0.38,16057.82,2026-07-15
KXBALANCEPOWERCOMBO-27FEB-DR,1784174400,0.38,3120.96,2026-07-16
KXBALANCEPOWERCOMBO-27FEB-DR,1784260800,0.38,47888.84,2026-07-17
KXBALANCEPOWERCOMBO-27FEB-DR,1784347200,0.39,2079.43,2026-07-18
KXBALANCEPOWERCOMBO-27FEB-DR,1784433600,0.39,2335.62,2026-07-19
KXBALANCEPOWERCOMBO-27FEB-DR,1784520000,0.39,1408.98,2026-07-20
KXBALANCEPOWERCOMBO-27FEB-DR,1784606400,0.38,14551.55,2026-07-21
KXBALANCEPOWERCOMBO-27FEB-DR,1784692800,0.38,1668.12,2026-07-22
KXBALANCEPOWERCOMBO-27FEB-DR,1784779200,0.39,5994.16,2026-07-23
KXBALANCEPOWERCOMBO-27FEB-DR,1784865600,0.39,10251.2,2026-07-24
KXBALANCEPOWERCOMBO-27FEB-DR,1784952000,0.39,885.16,2026-07-25
KXBALANCEPOWERCOMBO-27FEB-DR,1785038400,0.39,16333.57,2026-07-26
KXBALANCEPOWERCOMBO-27FEB-DR,1785124800,0.39,3763.68,2026-07-27
KXBALANCEPOWERCOMBO-27FEB-DR,1785211200,0.39,13699.51,2026-07-28
KXBALANCEPOWERCOMBO-27FEB-DR,1785297600,0.39,9688.46,2026-07-29
KXBALANCEPOWERCOMBO-27FEB-DR,1785384000,0.39,11538.44,2026-07-30
KXBALANCEPOWERCOMBO-27FEB-DR,1785470400,0.39,13327.69,2026-07-31
KXBALANCEPOWERCOMBO-27FEB-DR,1785556800,0.4,465.72,2026-08-01
KXBALANCEPOWERCOMBO-27FEB-DR,1785643200,0.39,2642.52,2026-08-02
KXBALANCEPOWERCOMBO-27FEB-DR,1785729600,0.4,3253.21,2026-08-03
KXBALANCEPOWERCOMBO-27FEB-DR,1785816000,0.4,1983.89,2026-08-04
KXBALANCEPOWERCOMBO-27FEB-DR,1785902400,0.4,6205.54,2026-08-05
KXBALANCEPOWERCOMBO-27FEB-DR,1785988800,0.4,10204.89,2026-08-06
KXBALANCEPOWERCOMBO-27FEB-DR,1786075200,0.4,1983.21,2026-08-07
KXBALANCEPOWERCOMBO-27FEB-DR,1786161600,0.39,8012.88,2026-08-08
KXBALANCEPOWERCOMBO-27FEB-DR,1786248000,0.41,6526.6,2026-08-09
KXBALANCEPOWERCOMBO-27FEB-DR,1786334400,0.4,6141.53,2026-08-10
KXBALANCEPOWERCOMBO-27FEB-DR,1786420800,0.39,13080.77,2026-08-11
KXBALANCEPOWERCOMBO-27FEB-DR,1786507200,0.4,6488.11,2026-08-12
KXBALANCEPOWERCOMBO-27FEB-DR,1786593600,0.38,3322.13,2026-08-13
KXBALANCEPOWERCOMBO-27FEB-DR,1786680000,0.39,6076.5,2026-08-14
KXBALANCEPOWERCOMBO-27FEB-DR,1786766400,0.39,7796.58,2026-08-15
KXBALANCEPOWERCOMBO-27FEB-DR,1786852800,0.39,8190.85,2026-08-16
KXBALANCEPOWERCOMBO-27FEB-DR,1786939200,0.39,21144.13,2026-08-17
KXBALANCEPOWERCOMBO-27FEB-DR,1787025600,0.39,23011.28,2026-08-18
KXBALANCEPOWERCOMBO-27FEB-DR,1787112000,0.39,19582.28,2026-08-19
KXBALANCEPOWERCOMBO-27FEB-DR,1787198400,0.38,11030.86,2026-08-20
KXBALANCEPOWERCOMBO-27FEB-DR,1787284800,0.39,9174.83,2026-08-21
KXBALANCEPOWERCOMBO-27FEB-DR,1787371200,0.39,3379.41,2026-08-22
KXBALANCEPOWERCOMBO-27FEB-DR,1787457600,0.39,3521.97,2026-08-23
KXBALANCEPOWERCOMBO-27FEB-DR,1787544000,0.39,11118.25,2026-08-24
KXBALANCEPOWERCOMBO-27FEB-DR,1787630400,0.39,1982.07,2026-08-25
KXBALANCEPOWERCOMBO-27FEB-DR,1787716800,0.39,13333.54,2026-08-26
KXBALANCEPOWERCOMBO-27FEB-DR,1787803200,0.39,8210.52,2026-08-27
KXBALANCEPOWERCOMBO-27FEB-DR,1787889600,0.39,6333.39,2026-08-28
KXBALANCEPOWERCOMBO-27FEB-DR,1787976000,0.39,11123.37,2026-08-29
KXBALANCEPOWERCOMBO-27FEB-DR,1788062400,0.39,3629.6,2026-08-30
KXBALANCEPOWERCOMBO-27FEB-DR,1788148800,0.39,3128.44,2026-08-31
KXBALANCEPOWERCOMBO-27FEB-DR,1788235200,0.39,4310.3,2026-09-01
KXBALANCEPOWERCOMBO-27FEB-DR,1788321600,0.38,11387.37,2026-09-02
KXBALANCEPOWERCOMBO-27FEB-DR,1788408000,0.39,3950.98,2026-09-03
KXBALANCEPOWERCOMBO-27FEB-DR,1788494400,0.39,9256.85,2026-09-04
KXBALANCEPOWERCOMBO-27FEB-DR,1788580800,0.39,4437.67,2026-09-05
KXBALANCEPOWERCOMBO-27FEB-DR,1788667200,0.37,31598.82,2026-09-06
KXBALANCEPOWERCOMBO-27FEB-DR,1788753600,0.37,3920.55,2026-09-07
KXBALANCEPOWERCOMBO-27FEB-DR,1788840000,0.36,5237.14,2026-09-08
KXBALANCEPOWERCOMBO-27FEB-RR,1781150400,0.21,18959.58,2026-06-11
KXBALANCEPOWERCOMBO-27FEB-RR,1781236800,0.21,17494.02,2026-06-12
KXBALANCEPOWERCOMBO-27FEB-RR,1781323200,0.21,8491.14,2026-06-13
KXBALANCEPOWERCOMBO-27FEB-RR,1781409600,0.22,10707.15,2026-06-14
KXBALANCEPOWERCOMBO-27FEB-RR,1781496000,0.22,19325.39,2026-06-15
KXBALANCEPOWERCOMBO-27FEB-RR,1781582400,0.24,33556.0,2026-06-16
KXBALANCEPOWERCOMBO-27FEB-RR,1781668800,0.23,9770.96,2026-06-17
KXBALANCEPOWERCOMBO-27FEB-RR,1781755200,0.23,13561.75,2026-06-18
KXBALANCEPOWERCOMBO-27FEB-RR,1781841600,0.24,12074.11,2026-06-19
KXBALANCEPOWERCOMBO-27FEB-RR,1781928000,0.24,18264.61,2026-06-20
KXBALANCEPOWERCOMBO-27FEB-RR,1782014400,0.22,5173.34,2026-06-21
KXBALANCEPOWERCOMBO-27FEB-RR,1782100800,0.23,18502.18,2026-06-22
KXBALANCEPOWERCOMBO-27FEB-RR,1782187200,0.22,1438.55,2026-06-23
KXBALANCEPOWERCOMBO-27FEB-RR,1782273600,0.22,13845.31,2026-06-24
KXBALANCEPOWERCOMBO-27FEB-RR,1782360000,0.23,5490.57,2026-06-25
KXBALANCEPOWERCOMBO-27FEB-RR,1782446400,0.22,8780.65,2026-06-26
KXBALANCEPOWERCOMBO-27FEB-RR,1782532800,0.22,12427.24,2026-06-27
KXBALANCEPOWERCOMBO-27FEB-RR,1782619200,0.22,16856.27,2026-06-28
KXBALANCEPOWERCOMBO-27FEB-RR,1782705600,0.22,8180.74,2026-06-29
KXBALANCEPOWERCOMBO-27FEB-RR,1782792000,0.17,84164.37,2026-06-30
KXBALANCEPOWERCOMBO-27FEB-RR,1782878400,0.18,51775.61,2026-07-01
KXBALANCEPOWERCOMBO-27FEB-RR,1782964800,0.18,56654.51,2026-07-02
KXBALANCEPOWERCOMBO-27FEB-RR,1783051200,0.18,13560.34,2026-07-03
KXBALANCEPOWERCOMBO-27FEB-RR,1783137600,0.18,2467.81,2026-07-04
KXBALANCEPOWERCOMBO-27FEB-RR,1783224000,0.18,8638.56,2026-07-05
KXBALANCEPOWERCOMBO-27FEB-RR,1783310400,0.18,11455.53,2026-07-06
KXBALANCEPOWERCOMBO-27FEB-RR,1783396800,0.18,36048.84,2026-07-07
KXBALANCEPOWERCOMBO-27FEB-RR,1783483200,0.18,16225.48,2026-07-08
KXBALANCEPOWERCOMBO-27FEB-RR,1783569600,0.18,8480.07,2026-07-09
KXBALANCEPOWERCOMBO-27FEB-RR,1783656000,0.17,2904.61,2026-07-10
KXBALANCEPOWERCOMBO-27FEB-RR,1783742400,0.18,4080.53,2026-07-11
KXBALANCEPOWERCOMBO-27FEB-RR,1783828800,0.17,5516.24,2026-07-12
KXBALANCEPOWERCOMBO-27FEB-RR,1783915200,0.17,3337.37,2026-07-13
KXBALANCEPOWERCOMBO-27FEB-RR,1784001600,0.18,951.81,2026-07-14
KXBALANCEPOWERCOMBO-27FEB-RR,1784088000,0.18,36839.36,2026-07-15
KXBALANCEPOWERCOMBO-27FEB-RR,1784174400,0.18,21266.78,2026-07-16
KXBALANCEPOWERCOMBO-27FEB-RR,1784260800,0.18,27765.7,2026-07-17
KXBALANCEPOWERCOMBO-27FEB-RR,1784347200,0.18,2937.44,2026-07-18
KXBALANCEPOWERCOMBO-27FEB-RR,1784433600,0.18,8610.86,2026-07-19
KXBALANCEPOWERCOMBO-27FEB-RR,1784520000,0.17,13139.87,2026-07-20
KXBALANCEPOWERCOMBO-27FEB-RR,1784606400,0.17,15544.25,2026-07-21
KXBALANCEPOWERCOMBO-27FEB-RR,1784692800,0.16,9752.9,2026-07-22
KXBALANCEPOWERCOMBO-27FEB-RR,1784779200,0.17,7270.4,2026-07-23
KXBALANCEPOWERCOMBO-27FEB-RR,1784865600,0.17,2773.41,2026-07-24
KXBALANCEPOWERCOMBO-27FEB-RR,1784952000,0.17,10203.73,2026-07-25
KXBALANCEPOWERCOMBO-27FEB-RR,1785038400,0.17,2912.01,2026-07-26
KXBALANCEPOWERCOMBO-27FEB-RR,1785124800,0.17,1910.2,2026-07-27
KXBALANCEPOWERCOMBO-27FEB-RR,1785211200,0.16,10377.85,2026-07-28
KXBALANCEPOWERCOMBO-27FEB-RR,1785297600,0.16,20706.65,2026-07-29
KXBALANCEPOWERCOMBO-27FEB-RR,1785384000,0.16,7630.69,2026-07-30
KXBALANCEPOWERCOMBO-27FEB-RR,1785470400,0.17,20288.25,2026-07-31
KXBALANCEPOWERCOMBO-27FEB-RR,1785556800,0.17,6457.8,2026-08-01
KXBALANCEPOWERCOMBO-27FEB-RR,1785643200,0.16,68343.59,2026-08-02
KXBALANCEPOWERCOMBO-27FEB-RR,1785729600,0.15,6936.64,2026-08-03
KXBALANCEPOWERCOMBO-27FEB-RR,1785816000,0.16,14822.18,2026-08-04
KXBALANCEPOWERCOMBO-27FEB-RR,1785902400,0.16,80339.4,2026-08-05
KXBALANCEPOWERCOMBO-27FEB-RR,1785988800,0.15,36900.86,2026-08-06
KXBALANCEPOWERCOMBO-27FEB-RR,1786075200,0.15,12439.7,2026-08-07
KXBALANCEPOWERCOMBO-27FEB-RR,1786161600,0.15,3263.03,2026-08-08
KXBALANCEPOWERCOMBO-27FEB-RR,1786248000,0.15,27950.76,2026-08-09
KXBALANCEPOWERCOMBO-27FEB-RR,1786334400,0.15,54382.74,2026-08-10
KXBALANCEPOWERCOMBO-27FEB-RR,1786420800,0.15,15522.34,2026-08-11
KXBALANCEPOWERCOMBO-27FEB-RR,1786507200,0.14,24304.96,2026-08-12
KXBALANCEPOWERCOMBO-27FEB-RR,1786593600,0.14,9126.83,2026-08-13
KXBALANCEPOWERCOMBO-27FEB-RR,1786680000,0.15,16080.61,2026-08-14
KXBALANCEPOWERCOMBO-27FEB-RR,1786766400,0.15,20745.35,2026-08-15
KXBALANCEPOWERCOMBO-27FEB-RR,1786852800,0.15,21315.49,2026-08-16
KXBALANCEPOWERCOMBO-27FEB-RR,1786939200,0.15,56024.46,2026-08-17
KXBALANCEPOWERCOMBO-27FEB-RR,1787025600,0.15,10713.75,2026-08-18
KXBALANCEPOWERCOMBO-27FEB-RR,1787112000,0.15,42490.09,2026-08-19
KXBALANCEPOWERCOMBO-27FEB-RR,1787198400,0.15,14187.3,2026-08-20
KXBALANCEPOWERCOMBO-27FEB-RR,1787284800,0.15,19223.36,2026-08-21
KXBALANCEPOWERCOMBO-27FEB-RR,1787371200,0.15,117912.37,2026-08-22
KXBALANCEPOWERCOMBO-27FEB-RR,1787457600,0.15,14761.01,2026-08-23
KXBALANCEPOWERCOMBO-27FEB-RR,1787544000,0.15,3005.74,2026-08-24
KXBALANCEPOWERCOMBO-27FEB-RR,1787630400,0.16,22691.4,2026-08-25
KXBALANCEPOWERCOMBO-27FEB-RR,1787716800,0.16,49699.21,2026-08-26
KXBALANCEPOWERCOMBO-27FEB-RR,1787803200,0.16,21131.83,2026-08-27
KXBALANCEPOWERCOMBO-27FEB-RR,1787889600,0.16,28558.55,2026-08-28
KXBALANCEPOWERCOMBO-27FEB-RR,1787976000,0.16,17047.4,2026-08-29
KXBALANCEPOWERCOMBO-27FEB-RR,1788062400,0.16,4002.86,2026-08-30
KXBALANCEPOWERCOMBO-27FEB-RR,1788148800,0.16,12846.99,2026-08-31
KXBALANCEPOWERCOMBO-27FEB-RR,1788235200,0.16,35714.56,2026-09-01
KXBALANCEPOWERCOMBO-27FEB-RR,1788321600,0.16,47458.4,2026-09-02
KXBALANCEPOWERCOMBO-27FEB-RR,1788408000,0.16,12417.62,2026-09-03
KXBALANCEPOWERCOMBO-27FEB-RR,1788494400,0.16,224497.94,2026-09-04
KXBALANCEPOWERCOMBO-27FEB-RR,1788580800,0.16,20363.76,2026-09-05
KXBALANCEPOWERCOMBO-27FEB-RR,1788667200,0.16,12813.59,2026-09-06
KXBALANCEPOWERCOMBO-27FEB-RR,1788753600,0.16,38090.71,2026-09-07
KXBALANCEPOWERCOMBO-27FEB-RR,1788840000,0.16,20080.2,2026-09-08
CONTROLS-2026-D,1781150400,0.44,4307.54,2026-06-11
CONTROLS-2026-D,1781236800,0.43,6329.03,2026-06-12
CONTROLS-2026-D,1781323200,0.44,10505.12,2026-06-13
CONTROLS-2026-D,1781409600,0.43,4325.59,2026-06-14
CONTROLS-2026-D,1781496000,0.42,2119.55,2026-06-15
CONTROLS-2026-D,1781582400,0.43,1070.14,2026-06-16
CONTROLS-2026-D,1781668800,0.43,936.39,2026-06-17
CONTROLS-2026-D,1781755200,0.42,1268.76,2026-06-18
CONTROLS-2026-D,1781841600,0.43,9621.64,2026-06-19
CONTROLS-2026-D,1781928000,0.43,2460.25,2026-06-20
CONTROLS-2026-D,1782014400,0.43,651.25,2026-06-21
CONTROLS-2026-D,1782100800,0.43,544.59,2026-06-22
CONTROLS-2026-D,1782187200,0.42,1387.64,2026-06-23
CONTROLS-2026-D,1782273600,0.42,1485.82,2026-06-24
CONTROLS-2026-D,1782360000,0.42,6330.87,2026-06-25
CONTROLS-2026-D,1782446400,0.41,1489.83,2026-06-26
CONTROLS-2026-D,1782532800,0.42,1528.47,2026-06-27
CONTROLS-2026-D,1782619200,0.42,1442.99,2026-06-28
CONTROLS-2026-D,1782705600,0.41,1240.25,2026-06-29
CONTROLS-2026-D,1782792000,0.42,2945.87,2026-06-30
CONTROLS-2026-D,1782878400,0.41,4884.39,2026-07-01
CONTROLS-2026-D,1782964800,0.41,12101.43,2026-07-02
CONTROLS-2026-D,1783051200,0.4,4506.94,2026-07-03
CONTROLS-2026-D,1783137600,0.41,847.6,2026-07-04
CONTROLS-2026-D,1783224000,0.4,1026.19,2026-07-05
CONTROLS-2026-D,1783310400,0.4,623.33,2026-07-06
CONTROLS-2026-D,1783396800,0.42,66645.43,2026-07-07
CONTROLS-2026-D,1783483200,0.42,5591.95,2026-07-08
CONTROLS-2026-D,1783569600,0.44,9941.49,2026-07-09
CONTROLS-2026-D,1783656000,0.43,4491.01,2026-07-10
CONTROLS-2026-D,1783742400,0.43,11235.29,2026-07-11
CONTROLS-2026-D,1783828800,0.43,2419.91,2026-07-12
CONTROLS-2026-D,1783915200,0.44,9998.44,2026-07-13
CONTROLS-2026-D,1784001600,0.44,46542.87,2026-07-14
CONTROLS-2026-D,1784088000,0.46,10322.29,2026-07-15
CONTROLS-2026-D,1784174400,0.45,3491.77,2026-07-16
CONTROLS-2026-D,1784260800,0.45,37333.83,2026-07-17
CONTROLS-2026-D,1784347200,0.43,1198.89,2026-07-18
CONTROLS-2026-D,1784433600,0.44,14831.16,2026-07-19
CONTROLS-2026-D,1784520000,0.45,1818.55,2026-07-20
CONTROLS-2026-D,1784606400,0.44,2188.77,2026-07-21
CONTROLS-2026-D,1784692800,0.44,5523.21,2026-07-22
CONTROLS-2026-D,1784779200,0.44,1568.01,2026-07-23
CONTROLS-2026-D,1784865600,0.44,577.14,2026-07-24
CONTROLS-2026-D,1784952000,0.44,1151.18,2026-07-25
CONTROLS-2026-D,1785038400,0.45,1463.11,2026-07-26
CONTROLS-2026-D,1785124800,0.45,1805.13,2026-07-27
CONTROLS-2026-D,1785211200,0.44,3213.71,2026-07-28
CONTROLS-2026-D,1785297600,0.44,4650.99,2026-07-29
CONTROLS-2026-D,1785384000,0.45,2397.5,2026-07-30
CONTROLS-2026-D,1785470400,0.46,43785.29,2026-07-31
CONTROLS-2026-D,1785556800,0.47,10006.06,2026-08-01
CONTROLS-2026-D,1785643200,0.46,4197.98,2026-08-02
CONTROLS-2026-D,1785729600,0.46,1737.03,2026-08-03
CONTROLS-2026-D,1785816000,0.47,2580.13,2026-08-04
CONTROLS-2026-D,1785902400,0.47,14771.09,2026-08-05
CONTROLS-2026-D,1785988800,0.44,7596.95,2026-08-06
CONTROLS-2026-D,1786075200,0.47,7727.03,2026-08-07
CONTROLS-2026-D,1786161600,0.46,2231.01,2026-08-08
CONTROLS-2026-D,1786248000,0.46,1862.21,2026-08-09
CONTROLS-2026-D,1786334400,0.46,4839.83,2026-08-10
CONTROLS-2026-D,1786420800,0.46,6186.35,2026-08-11
CONTROLS-2026-D,1786507200,0.49,132645.38,2026-08-12
CONTROLS-2026-D,1786593600,0.49,16278.48,2026-08-13
CONTROLS-2026-D,1786680000,0.5,34049.43,2026-08-14
CONTROLS-2026-D,1786766400,0.48,9118.04,2026-08-15
CONTROLS-2026-D,1786852800,0.49,4791.99,2026-08-16
CONTROLS-2026-D,1786939200,0.48,2709.03,2026-08-17
CONTROLS-2026-D,1787025600,0.49,7131.93,2026-08-18
CONTROLS-2026-D,1787112000,0.48,8502.08,2026-08-19
CONTROLS-2026-D,1787198400,0.46,54531.09,2026-08-20
CONTROLS-2026-D,1787284800,0.46,12920.7,2026-08-21
CONTROLS-2026-D,1787371200,0.47,6727.75,2026-08-22
CONTROLS-2026-D,1787457600,0.46,6559.18,2026-08-23
CONTROLS-2026-D,1787544000,0.46,4994.67,2026-08-24
CONTROLS-2026-D,1787630400,0.46,20562.8,2026-08-25
CONTROLS-2026-D,1787716800,0.48,77953.53,2026-08-26
CONTROLS-2026-D,1787803200,0.49,14907.21,2026-08-27
CONTROLS-2026-D,1787889600,0.48,5934.37,2026-08-28
CONTROLS-2026-D,1787976000,0.48,23810.8,2026-08-29
CONTROLS-2026-D,1788062400,0.48,5403.02,2026-08-30
CONTROLS-2026-D,1788148800,0.48,4564.47,2026-08-31
CONTROLS-2026-D,1788235200,0.49,3458.24,2026-09-01
CONTROLS-2026-D,1788321600,0.48,16183.96,2026-09-02
CONTROLS-2026-D,1788408000,0.48,8087.09,2026-09-03
CONTROLS-2026-D,1788494400,0.48,43326.39,2026-09-04
CONTROLS-2026-D,1788580800,0.48,3419.24,2026-09-05
CONTROLS-2026-D,1788667200,0.47,34040.66,2026-09-06
CONTROLS-2026-D,1788753600,0.48,2869.59,2026-09-07
CONTROLS-2026-D,1788840000,0.47,2207.45,2026-09-08
CONTROLS-2026-R,1781150400,0.57,7854.74,2026-06-11
CONTROLS-2026-R,1781236800,0.56,5598.16,2026-06-12
CONTROLS-2026-R,1781323200,0.57,5080.17,2026-06-13
CONTROLS-2026-R,1781409600,0.57,6708.2,2026-06-14
CONTROLS-2026-R,1781496000,0.56,9586.24,2026-06-15
CONTROLS-2026-R,1781582400,0.57,3588.33,2026-06-16
CONTROLS-2026-R,1781668800,0.57,5282.02,2026-06-17
CONTROLS-2026-R,1781755200,0.58,4023.45,2026-06-18
CONTROLS-2026-R,1781841600,0.58,14852.18,2026-06-19
CONTROLS-2026-R,1781928000,0.58,4078.76,2026-06-20
CONTROLS-2026-R,1782014400,0.58,14195.01,2026-06-21
CONTROLS-2026-R,1782100800,0.58,2942.11,2026-06-22
CONTROLS-2026-R,1782187200,0.59,10601.04,2026-06-23
CONTROLS-2026-R,1782273600,0.58,14923.85,2026-06-24
CONTROLS-2026-R,1782360000,0.57,9933.9,2026-06-25
CONTROLS-2026-R,1782446400,0.58,8877.57,2026-06-26
CONTROLS-2026-R,1782532800,0.59,38562.86,2026-06-27
CONTROLS-2026-R,1782619200,0.58,751.84,2026-06-28
CONTROLS-2026-R,1782705600,0.59,1958.51,2026-06-29
CONTROLS-2026-R,1782792000,0.57,5950.05,2026-06-30
CONTROLS-2026-R,1782878400,0.59,4491.91,2026-07-01
CONTROLS-2026-R,1782964800,0.61,31637.98,2026-07-02
CONTROLS-2026-R,1783051200,0.6,12219.3,2026-07-03
CONTROLS-2026-R,1783137600,0.6,4403.34,2026-07-04
CONTROLS-2026-R,1783224000,0.6,1795.16,2026-07-05
CONTROLS-2026-R,1783310400,0.6,9746.56,2026-07-06
CONTROLS-2026-R,1783396800,0.58,36525.52,2026-07-07
CONTROLS-2026-R,1783483200,0.58,5476.82,2026-07-08
CONTROLS-2026-R,1783569600,0.56,9767.13,2026-07-09
CONTROLS-2026-R,1783656000,0.57,14877.41,2026-07-10
CONTROLS-2026-R,1783742400,0.57,5320.81,2026-07-11
CONTROLS-2026-R,1783828800,0.57,4174.15,2026-07-12
CONTROLS-2026-R,1783915200,0.55,6289.09,2026-07-13
CONTROLS-2026-R,1784001600,0.56,14059.98,2026-07-14
CONTROLS-2026-R,1784088000,0.54,55162.73,2026-07-15
CONTROLS-2026-R,1784174400,0.55,3130.64,2026-07-16
CONTROLS-2026-R,1784260800,0.56,41017.36,2026-07-17
CONTROLS-2026-R,1784347200,0.57,2880.59,2026-07-18
CONTROLS-2026-R,1784433600,0.56,19112.85,2026-07-19
CONTROLS-2026-R,1784520000,0.55,4322.42,2026-07-20
CONTROLS-2026-R,1784606400,0.56,7254.61,2026-07-21
CONTROLS-2026-R,1784692800,0.56,9801.11,2026-07-22
CONTROLS-2026-R,1784779200,0.56,7506.95,2026-07-23
CONTROLS-2026-R,1784865600,0.57,8996.75,2026-07-24
CONTROLS-2026-R,1784952000,0.57,11349.23,2026-07-25
CONTROLS-2026-R,1785038400,0.56,15467.07,2026-07-26
CONTROLS-2026-R,1785124800,0.57,3075.75,2026-07-27
CONTROLS-2026-R,1785211200,0.57,7063.79,2026-07-28
CONTROLS-2026-R,1785297600,0.57,18261.19,2026-07-29
CONTROLS-2026-R,1785384000,0.56,2327.38,2026-07-30
CONTROLS-2026-R,1785470400,0.56,12839.43,2026-07-31
CONTROLS-2026-R,1785556800,0.54,9082.2,2026-08-01
CONTROLS-2026-R,1785643200,0.55,4963.33,2026-08-02
CONTROLS-2026-R,1785729600,0.54,17925.67,2026-08-03
CONTROLS-2026-R,1785816000,0.54,7022.89,2026-08-04
CONTROLS-2026-R,1785902400,0.55,14042.73,2026-08-05
CONTROLS-2026-R,1785988800,0.55,26903.53,2026-08-06
CONTROLS-2026-R,1786075200,0.54,11468.64,2026-08-07
CONTROLS-2026-R,1786161600,0.54,10760.86,2026-08-08
CONTROLS-2026-R,1786248000,0.54,45166.94,2026-08-09
CONTROLS-2026-R,1786334400,0.55,11546.31,2026-08-10
CONTROLS-2026-R,1786420800,0.55,10862.92,2026-08-11
CONTROLS-2026-R,1786507200,0.51,82293.28,2026-08-12
CONTROLS-2026-R,1786593600,0.51,52324.2,2026-08-13
CONTROLS-2026-R,1786680000,0.51,20441.75,2026-08-14
CONTROLS-2026-R,1786766400,0.51,63455.95,2026-08-15
CONTROLS-2026-R,1786852800,0.5,22848.42,2026-08-16
CONTROLS-2026-R,1786939200,0.51,6125.68,2026-08-17
CONTROLS-2026-R,1787025600,0.53,364756.7,2026-08-18
CONTROLS-2026-R,1787112000,0.53,20651.07,2026-08-19
CONTROLS-2026-R,1787198400,0.53,41076.18,2026-08-20
CONTROLS-2026-R,1787284800,0.54,94007.91,2026-08-21
CONTROLS-2026-R,1787371200,0.54,6126.18,2026-08-22
CONTROLS-2026-R,1787457600,0.54,5788.18,2026-08-23
CONTROLS-2026-R,1787544000,0.54,21053.55,2026-08-24
CONTROLS-2026-R,1787630400,0.53,26523.05,2026-08-25
CONTROLS-2026-R,1787716800,0.52,16188.21,2026-08-26
CONTROLS-2026-R,1787803200,0.53,3946.17,2026-08-27
CONTROLS-2026-R,1787889600,0.52,10253.38,2026-08-28
CONTROLS-2026-R,1787976000,0.52,9974.59,2026-08-29
CONTROLS-2026-R,1788062400,0.52,8125.92,2026-08-30
CONTROLS-2026-R,1788148800,0.53,14481.59,2026-08-31
CONTROLS-2026-R,1788235200,0.52,23864.36,2026-09-01
CONTROLS-2026-R,1788321600,0.52,19240.93,2026-09-02
CONTROLS-2026-R,1788408000,0.53,8924.54,2026-09-03
CONTROLS-2026-R,1788494400,0.53,12348.43,2026-09-04
CONTROLS-2026-R,1788580800,0.53,13463.64,2026-09-05
CONTROLS-2026-R,1788667200,0.53,3396.32,2026-09-06
CONTROLS-2026-R,1788753600,0.53,3962.62,2026-09-07
CONTROLS-2026-R,1788840000,0.53,11758.33,2026-09-08
KXLLM1-26DEC31-GOOG,1781150400,0.161,8764.42,2026-06-11
KXLLM1-26DEC31-GOOG,1781236800,0.134,7520.79,2026-06-12
KXLLM1-26DEC31-GOOG,1781323200,0.117,11112.06,2026-06-13
KXLLM1-26DEC31-GOOG,1781409600,0.131,1958.25,2026-06-14
KXLLM1-26DEC31-GOOG,1781496000,0.145,4515.14,2026-06-15
KXLLM1-26DEC31-GOOG,1781582400,0.14,7684.82,2026-06-16
KXLLM1-26DEC31-GOOG,1781668800,0.137,13885.39,2026-06-17
KXLLM1-26DEC31-GOOG,1781755200,0.135,8319.87,2026-06-18
KXLLM1-26DEC31-GOOG,1781841600,0.133,14289.52,2026-06-19
KXLLM1-26DEC31-GOOG,1781928000,0.131,4396.97,2026-06-20
KXLLM1-26DEC31-GOOG,1782014400,0.132,3443.72,2026-06-21
KXLLM1-26DEC31-GOOG,1782100800,0.132,8827.39,2026-06-22
KXLLM1-26DEC31-GOOG,1782187200,0.131,5306.33,2026-06-23
KXLLM1-26DEC31-GOOG,1782273600,0.147,10655.52,2026-06-24
KXLLM1-26DEC31-GOOG,1782360000,0.131,5086.61,2026-06-25
KXLLM1-26DEC31-GOOG,1782446400,0.135,4293.67,2026-06-26
KXLLM1-26DEC31-GOOG,1782532800,0.134,909.82,2026-06-27
KXLLM1-26DEC31-GOOG,1782619200,0.122,9102.79,2026-06-28
KXLLM1-26DEC31-GOOG,1782705600,0.126,1506.22,2026-06-29
KXLLM1-26DEC31-GOOG,1782792000,0.115,9845.5,2026-06-30
KXLLM1-26DEC31-GOOG,1782878400,0.139,11238.59,2026-07-01
KXLLM1-26DEC31-GOOG,1782964800,0.14,4873.47,2026-07-02
KXLLM1-26DEC31-GOOG,1783051200,0.15,8762.62,2026-07-03
KXLLM1-26DEC31-GOOG,1783137600,0.178,10399.85,2026-07-04
KXLLM1-26DEC31-GOOG,1783224000,0.163,11209.12,2026-07-05
KXLLM1-26DEC31-GOOG,1783310400,0.154,9933.48,2026-07-06
KXLLM1-26DEC31-GOOG,1783396800,0.157,8299.56,2026-07-07
KXLLM1-26DEC31-GOOG,1783483200,0.13,2064.78,2026-07-08
KXLLM1-26DEC31-GOOG,1783569600,0.159,14351.12,2026-07-09
KXLLM1-26DEC31-GOOG,1783656000,0.147,3958.26,2026-07-10
KXLLM1-26DEC31-GOOG,1783742400,0.124,5300.08,2026-07-11
KXLLM1-26DEC31-GOOG,1783828800,0.121,3042.05,2026-07-12
KXLLM1-26DEC31-GOOG,1783915200,0.13,2583.17,2026-07-13
KXLLM1-26DEC31-GOOG,1784001600,0.128,4052.08,2026-07-14
KXLLM1-26DEC31-GOOG,1784088000,0.129,3225.8,2026-07-15
KXLLM1-26DEC31-GOOG,1784174400,0.127,1106.3,2026-07-16
KXLLM1-26DEC31-GOOG,1784260800,0.125,14817.02,2026-07-17
KXLLM1-26DEC31-GOOG,1784347200,0.128,555.79,2026-07-18
KXLLM1-26DEC31-GOOG,1784433600,0.128,3358.46,2026-07-19
KXLLM1-26DEC31-GOOG,1784520000,0.117,3061.26,2026-07-20
KXLLM1-26DEC31-GOOG,1784606400,0.129,15081.05,2026-07-21
KXLLM1-26DEC31-GOOG,1784692800,0.117,2935.03,2026-07-22
KXLLM1-26DEC31-GOOG,1784779200,0.12,4488.26,2026-07-23
KXLLM1-26DEC31-GOOG,1784865600,0.117,1593.25,2026-07-24
KXLLM1-26DEC31-GOOG,1784952000,0.117,11861.09,2026-07-25
KXLLM1-26DEC31-GOOG,1785038400,0.105,1915.4,2026-07-26
KXLLM1-26DEC31-GOOG,1785124800,0.118,649.97,2026-07-27
KXLLM1-26DEC31-GOOG,1785211200,0.102,7927.81,2026-07-28
KXLLM1-26DEC31-GOOG,1785297600,0.1,3414.49,2026-07-29
KXLLM1-26DEC31-GOOG,1785384000,0.106,6109.62,2026-07-30
KXLLM1-26DEC31-GOOG,1785470400,0.101,4352.23,2026-07-31
KXLLM1-26DEC31-GOOG,1785556800,0.103,6063.54,2026-08-01
KXLLM1-26DEC31-GOOG,1785643200,0.1,1316.73,2026-08-02
KXLLM1-26DEC31-GOOG,1785729600,0.089,12908.72,2026-08-03
KXLLM1-26DEC31-GOOG,1785816000,0.087,2893.68,2026-08-04
KXLLM1-26DEC31-GOOG,1785902400,0.076,3170.48,2026-08-05
KXLLM1-26DEC31-GOOG,1785988800,0.091,9088.31,2026-08-06
KXLLM1-26DEC31-GOOG,1786075200,0.073,11941.84,2026-08-07
KXLLM1-26DEC31-GOOG,1786161600,0.074,2038.79,2026-08-08
KXLLM1-26DEC31-GOOG,1786248000,0.071,3748.51,2026-08-09
KXLLM1-26DEC31-GOOG,1786334400,0.071,8889.96,2026-08-10
KXLLM1-26DEC31-GOOG,1786420800,0.08,11933.23,2026-08-11
KXLLM1-26DEC31-GOOG,1786507200,0.09,13424.52,2026-08-12
KXLLM1-26DEC31-GOOG,1786593600,0.078,8326.35,2026-08-13
KXLLM1-26DEC31-GOOG,1786680000,0.073,1985.13,2026-08-14
KXLLM1-26DEC31-GOOG,1786766400,0.072,4617.02,2026-08-15
KXLLM1-26DEC31-GOOG,1786852800,0.073,20199.53,2026-08-16
KXLLM1-26DEC31-GOOG,1786939200,0.071,6333.87,2026-08-17
KXLLM1-26DEC31-GOOG,1787025600,0.071,834.08,2026-08-18
KXLLM1-26DEC31-GOOG,1787112000,0.075,998.45,2026-08-19
KXLLM1-26DEC31-GOOG,1787198400,0.071,2415.17,2026-08-20
KXLLM1-26DEC31-GOOG,1787284800,0.08,14717.46,2026-08-21
KXLLM1-26DEC31-GOOG,1787371200,0.072,4203.06,2026-08-22
KXLLM1-26DEC31-GOOG,1787457600,0.08,7769.31,2026-08-23
KXLLM1-26DEC31-GOOG,1787544000,0.079,758.62,2026-08-24
KXLLM1-26DEC31-GOOG,1787630400,0.08,782.71,2026-08-25
KXLLM1-26DEC31-GOOG,1787716800,0.079,1828.49,2026-08-26
KXLLM1-26DEC31-GOOG,1787803200,0.08,2331.28,2026-08-27
KXLLM1-26DEC31-GOOG,1787889600,0.08,4081.69,2026-08-28
KXLLM1-26DEC31-GOOG,1787976000,0.08,1816.0,2026-08-29
KXLLM1-26DEC31-GOOG,1788062400,0.08,2480.81,2026-08-30
KXLLM1-26DEC31-GOOG,1788148800,0.074,3721.85,2026-08-31
KXLLM1-26DEC31-GOOG,1788235200,0.071,1952.92,2026-09-01
KXLLM1-26DEC31-GOOG,1788321600,0.071,1075.32,2026-09-02
KXLLM1-26DEC31-GOOG,1788408000,0.058,27920.22,2026-09-03
KXLLM1-26DEC31-GOOG,1788494400,0.065,21037.38,2026-09-04
KXLLM1-26DEC31-GOOG,1788580800,0.054,12974.23,2026-09-05
KXLLM1-26DEC31-GOOG,1788667200,0.063,9524.72,2026-09-06
KXLLM1-26DEC31-GOOG,1788753600,0.061,4903.09,2026-09-07
KXLLM1-26DEC31-GOOG,1788840000,0.056,4626.84,2026-09-08
KXLLM1-26DEC31-OAI,1781150400,0.109,9934.94,2026-06-11
KXLLM1-26DEC31-OAI,1781236800,0.15,17777.18,2026-06-12
KXLLM1-26DEC31-OAI,1781323200,0.149,18551.68,2026-06-13
KXLLM1-26DEC31-OAI,1781409600,0.14,9830.95,2026-06-14
KXLLM1-26DEC31-OAI,1781496000,0.13,8208.81,2026-06-15
KXLLM1-26DEC31-OAI,1781582400,0.15,17631.47,2026-06-16
KXLLM1-26DEC31-OAI,1781668800,0.176,22164.15,2026-06-17
KXLLM1-26DEC31-OAI,1781755200,0.11,10795.97,2026-06-18
KXLLM1-26DEC31-OAI,1781841600,0.141,8607.12,2026-06-19
KXLLM1-26DEC31-OAI,1781928000,0.13,2573.81,2026-06-20
KXLLM1-26DEC31-OAI,1782014400,0.126,2021.3,2026-06-21
KXLLM1-26DEC31-OAI,1782100800,0.13,2590.95,2026-06-22
KXLLM1-26DEC31-OAI,1782187200,0.113,3470.7,2026-06-23
KXLLM1-26DEC31-OAI,1782273600,0.125,10612.25,2026-06-24
KXLLM1-26DEC31-OAI,1782360000,0.115,5422.45,2026-06-25
KXLLM1-26DEC31-OAI,1782446400,0.141,9352.99,2026-06-26
KXLLM1-26DEC31-OAI,1782532800,0.179,6890.17,2026-06-27
KXLLM1-26DEC31-OAI,1782619200,0.208,14101.59,2026-06-28
KXLLM1-26DEC31-OAI,1782705600,0.189,4175.88,2026-06-29
KXLLM1-26DEC31-OAI,1782792000,0.162,3217.43,2026-06-30
KXLLM1-26DEC31-OAI,1782878400,0.169,8316.64,2026-07-01
KXLLM1-26DEC31-OAI,1782964800,0.131,1854.61,2026-07-02
KXLLM1-26DEC31-OAI,1783051200,0.195,12041.85,2026-07-03
KXLLM1-26DEC31-OAI,1783137600,0.143,3047.82,2026-07-04
KXLLM1-26DEC31-OAI,1783224000,0.154,9054.48,2026-07-05
KXLLM1-26DEC31-OAI,1783310400,0.175,14458.19,2026-07-06
KXLLM1-26DEC31-OAI,1783396800,0.151,3639.35,2026-07-07
KXLLM1-26DEC31-OAI,1783483200,0.165,1564.69,2026-07-08
KXLLM1-26DEC31-OAI,1783569600,0.161,4175.17,2026-07-09
KXLLM1-26DEC31-OAI,1783656000,0.171,5142.46,2026-07-10
KXLLM1-26DEC31-OAI,1783742400,0.153,14255.95,2026-07-11
KXLLM1-26DEC31-OAI,1783828800,0.15,8571.25,2026-07-12
KXLLM1-26DEC31-OAI,1783915200,0.16,8603.64,2026-07-13
KXLLM1-26DEC31-OAI,1784001600,0.142,6472.11,2026-07-14
KXLLM1-26DEC31-OAI,1784088000,0.141,8203.68,2026-07-15
KXLLM1-26DEC31-OAI,1784174400,0.141,6188.42,2026-07-16
KXLLM1-26DEC31-OAI,1784260800,0.161,19223.66,2026-07-17
KXLLM1-26DEC31-OAI,1784347200,0.153,5041.51,2026-07-18
KXLLM1-26DEC31-OAI,1784433600,0.18,3037.48,2026-07-19
KXLLM1-26DEC31-OAI,1784520000,0.133,8298.27,2026-07-20
KXLLM1-26DEC31-OAI,1784606400,0.149,7507.57,2026-07-21
KXLLM1-26DEC31-OAI,1784692800,0.14,7829.43,2026-07-22
KXLLM1-26DEC31-OAI,1784779200,0.15,7322.34,2026-07-23
KXLLM1-26DEC31-OAI,1784865600,0.147,5747.55,2026-07-24
KXLLM1-26DEC31-OAI,1784952000,0.132,7646.53,2026-07-25
KXLLM1-26DEC31-OAI,1785038400,0.131,5782.66,2026-07-26
KXLLM1-26DEC31-OAI,1785124800,0.148,5109.85,2026-07-27
KXLLM1-26DEC31-OAI,1785211200,0.146,4830.63,2026-07-28
KXLLM1-26DEC31-OAI,1785297600,0.138,11958.28,2026-07-29
KXLLM1-26DEC31-OAI,1785384000,0.147,5102.22,2026-07-30
KXLLM1-26DEC31-OAI,1785470400,0.153,8689.24,2026-07-31
KXLLM1-26DEC31-OAI,1785556800,0.131,10011.33,2026-08-01
KXLLM1-26DEC31-OAI,1785643200,0.155,17696.28,2026-08-02
KXLLM1-26DEC31-OAI,1785729600,0.142,11900.73,2026-08-03
KXLLM1-26DEC31-OAI,1785816000,0.13,8562.12,2026-08-04
KXLLM1-26DEC31-OAI,1785902400,0.156,17529.05,2026-08-05
KXLLM1-26DEC31-OAI,1785988800,0.129,6421.7,2026-08-06
KXLLM1-26DEC31-OAI,1786075200,0.178,15021.67,2026-08-07
KXLLM1-26DEC31-OAI,1786161600,0.163,11213.97,2026-08-08
KXLLM1-26DEC31-OAI,1786248000,0.163,6668.01,2026-08-09
KXLLM1-26DEC31-OAI,1786334400,0.166,8725.32,2026-08-10
KXLLM1-26DEC31-OAI,1786420800,0.167,9297.29,2026-08-11
KXLLM1-26DEC31-OAI,1786507200,0.151,13654.98,2026-08-12
KXLLM1-26DEC31-OAI,1786593600,0.154,21324.25,2026-08-13
KXLLM1-26DEC31-OAI,1786680000,0.148,3787.13,2026-08-14
KXLLM1-26DEC31-OAI,1786766400,0.141,9537.91,2026-08-15
KXLLM1-26DEC31-OAI,1786852800,0.111,26111.37,2026-08-16
KXLLM1-26DEC31-OAI,1786939200,0.117,10736.54,2026-08-17
KXLLM1-26DEC31-OAI,1787025600,0.112,10444.89,2026-08-18
KXLLM1-26DEC31-OAI,1787112000,0.133,5005.11,2026-08-19
KXLLM1-26DEC31-OAI,1787198400,0.13,2523.72,2026-08-20
KXLLM1-26DEC31-OAI,1787284800,0.111,4614.66,2026-08-21
KXLLM1-26DEC31-OAI,1787371200,0.126,8042.17,2026-08-22
KXLLM1-26DEC31-OAI,1787457600,0.132,5494.21,2026-08-23
KXLLM1-26DEC31-OAI,1787544000,0.12,5370.02,2026-08-24
KXLLM1-26DEC31-OAI,1787630400,0.12,2375.15,2026-08-25
KXLLM1-26DEC31-OAI,1787716800,0.14,17060.39,2026-08-26
KXLLM1-26DEC31-OAI,1787803200,0.156,10703.82,2026-08-27
KXLLM1-26DEC31-OAI,1787889600,0.137,4693.22,2026-08-28
KXLLM1-26DEC31-OAI,1787976000,0.134,6206.48,2026-08-29
KXLLM1-26DEC31-OAI,1788062400,0.149,12256.79,2026-08-30
KXLLM1-26DEC31-OAI,1788148800,0.165,8216.06,2026-08-31
KXLLM1-26DEC31-OAI,1788235200,0.13,6026.62,2026-09-01
KXLLM1-26DEC31-OAI,1788321600,0.178,16829.58,2026-09-02
KXLLM1-26DEC31-OAI,1788408000,0.21,112118.89,2026-09-03
KXLLM1-26DEC31-OAI,1788494400,0.21,121789.71,2026-09-04
KXLLM1-26DEC31-OAI,1788580800,0.301,59705.9,2026-09-05
KXLLM1-26DEC31-OAI,1788667200,0.253,28413.79,2026-09-06
KXLLM1-26DEC31-OAI,1788753600,0.27,21060.99,2026-09-07
KXLLM1-26DEC31-OAI,1788840000,0.263,18273.85,2026-09-08
KXLLM1-26DEC31-XAI,1781150400,0.058,11502.63,2026-06-11
KXLLM1-26DEC31-XAI,1781236800,0.051,10342.78,2026-06-12
KXLLM1-26DEC31-XAI,1781323200,0.053,13307.35,2026-06-13
KXLLM1-26DEC31-XAI,1781409600,0.081,5224.48,2026-06-14
KXLLM1-26DEC31-XAI,1781496000,0.056,5923.21,2026-06-15
KXLLM1-26DEC31-XAI,1781582400,0.06,13185.88,2026-06-16
KXLLM1-26DEC31-XAI,1781668800,0.064,10973.81,2026-06-17
KXLLM1-26DEC31-XAI,1781755200,0.097,11498.38,2026-06-18
KXLLM1-26DEC31-XAI,1781841600,0.076,11569.17,2026-06-19
KXLLM1-26DEC31-XAI,1781928000,0.08,4325.08,2026-06-20
KXLLM1-26DEC31-XAI,1782014400,0.073,7336.25,2026-06-21
KXLLM1-26DEC31-XAI,1782100800,0.074,897.15,2026-06-22
KXLLM1-26DEC31-XAI,1782187200,0.1,5135.91,2026-06-23
KXLLM1-26DEC31-XAI,1782273600,0.083,6077.48,2026-06-24
KXLLM1-26DEC31-XAI,1782360000,0.073,7277.78,2026-06-25
KXLLM1-26DEC31-XAI,1782446400,0.072,2365.15,2026-06-26
KXLLM1-26DEC31-XAI,1782532800,0.067,2800.78,2026-06-27
KXLLM1-26DEC31-XAI,1782619200,0.062,2184.85,2026-06-28
KXLLM1-26DEC31-XAI,1782705600,0.07,5470.92,2026-06-29
KXLLM1-26DEC31-XAI,1782792000,0.08,7475.2,2026-06-30
KXLLM1-26DEC31-XAI,1782878400,0.085,1643.95,2026-07-01
KXLLM1-26DEC31-XAI,1782964800,0.075,5397.69,2026-07-02
KXLLM1-26DEC31-XAI,1783051200,0.06,8177.9,2026-07-03
KXLLM1-26DEC31-XAI,1783137600,0.064,10641.03,2026-07-04
KXLLM1-26DEC31-XAI,1783224000,0.062,3903.8,2026-07-05
KXLLM1-26DEC31-XAI,1783310400,0.053,4413.91,2026-07-06
KXLLM1-26DEC31-XAI,1783396800,0.06,6494.5,2026-07-07
KXLLM1-26DEC31-XAI,1783483200,0.069,4537.97,2026-07-08
KXLLM1-26DEC31-XAI,1783569600,0.088,16057.55,2026-07-09
KXLLM1-26DEC31-XAI,1783656000,0.069,7788.5,2026-07-10
KXLLM1-26DEC31-XAI,1783742400,0.069,2440.4,2026-07-11
KXLLM1-26DEC31-XAI,1783828800,0.068,3539.39,2026-07-12
KXLLM1-26DEC31-XAI,1783915200,0.072,6083.93,2026-07-13
KXLLM1-26DEC31-XAI,1784001600,0.069,4393.81,2026-07-14
KXLLM1-26DEC31-XAI,1784088000,0.073,4777.67,2026-07-15
KXLLM1-26DEC31-XAI,1784174400,0.068,4940.43,2026-07-16
KXLLM1-26DEC31-XAI,1784260800,0.069,6437.46,2026-07-17
KXLLM1-26DEC31-XAI,1784347200,0.083,4175.11,2026-07-18
KXLLM1-26DEC31-XAI,1784433600,0.065,16820.3,2026-07-19
KXLLM1-26DEC31-XAI,1784520000,0.057,3266.02,2026-07-20
KXLLM1-26DEC31-XAI,1784606400,0.067,7152.31,2026-07-21
KXLLM1-26DEC31-XAI,1784692800,0.067,9466.42,2026-07-22
KXLLM1-26DEC31-XAI,1784779200,0.065,1340.84,2026-07-23
KXLLM1-26DEC31-XAI,1784865600,0.057,1184.6,2026-07-24
KXLLM1-26DEC31-XAI,1784952000,0.058,3129.62,2026-07-25
KXLLM1-26DEC31-XAI,1785038400,0.064,1163.86,2026-07-26
KXLLM1-26DEC31-XAI,1785124800,0.059,469.72,2026-07-27
KXLLM1-26DEC31-XAI,1785211200,0.066,6381.51,2026-07-28
KXLLM1-26DEC31-XAI,1785297600,0.066,589.84,2026-07-29
KXLLM1-26DEC31-XAI,1785384000,0.068,2652.03,2026-07-30
KXLLM1-26DEC31-XAI,1785470400,0.061,5000.0,2026-07-31
KXLLM1-26DEC31-XAI,1785556800,0.066,2996.64,2026-08-01
KXLLM1-26DEC31-XAI,1785643200,0.068,4875.13,2026-08-02
KXLLM1-26DEC31-XAI,1785729600,0.062,1947.22,2026-08-03
KXLLM1-26DEC31-XAI,1785816000,0.071,16908.84,2026-08-04
KXLLM1-26DEC31-XAI,1785902400,0.07,5584.9,2026-08-05
KXLLM1-26DEC31-XAI,1785988800,0.062,8086.57,2026-08-06
KXLLM1-26DEC31-XAI,1786075200,0.072,5889.46,2026-08-07
KXLLM1-26DEC31-XAI,1786161600,0.06,16714.65,2026-08-08
KXLLM1-26DEC31-XAI,1786248000,0.06,13138.78,2026-08-09
KXLLM1-26DEC31-XAI,1786334400,0.067,7263.5,2026-08-10
KXLLM1-26DEC31-XAI,1786420800,0.077,4533.88,2026-08-11
KXLLM1-26DEC31-XAI,1786507200,0.07,7297.86,2026-08-12
KXLLM1-26DEC31-XAI,1786593600,0.115,43356.45,2026-08-13
KXLLM1-26DEC31-XAI,1786680000,0.09,16381.52,2026-08-14
KXLLM1-26DEC31-XAI,1786766400,0.11,17818.69,2026-08-15
KXLLM1-26DEC31-XAI,1786852800,0.15,70945.59,2026-08-16
KXLLM1-26DEC31-XAI,1786939200,0.137,9602.08,2026-08-17
KXLLM1-26DEC31-XAI,1787025600,0.139,8276.13,2026-08-18
KXLLM1-26DEC31-XAI,1787112000,0.101,9261.42,2026-08-19
KXLLM1-26DEC31-XAI,1787198400,0.139,5763.26,2026-08-20
KXLLM1-26DEC31-XAI,1787284800,0.101,13930.91,2026-08-21
KXLLM1-26DEC31-XAI,1787371200,0.103,23734.0,2026-08-22
KXLLM1-26DEC31-XAI,1787457600,0.085,11236.94,2026-08-23
KXLLM1-26DEC31-XAI,1787544000,0.131,3638.46,2026-08-24
KXLLM1-26DEC31-XAI,1787630400,0.11,2977.9,2026-08-25
KXLLM1-26DEC31-XAI,1787716800,0.108,7913.94,2026-08-26
KXLLM1-26DEC31-XAI,1787803200,0.11,6846.56,2026-08-27
KXLLM1-26DEC31-XAI,1787889600,0.108,7408.87,2026-08-28
KXLLM1-26DEC31-XAI,1787976000,0.068,8881.68,2026-08-29
KXLLM1-26DEC31-XAI,1788062400,0.083,10627.29,2026-08-30
KXLLM1-26DEC31-XAI,1788148800,0.091,3447.75,2026-08-31
KXLLM1-26DEC31-XAI,1788235200,0.111,9117.69,2026-09-01
KXLLM1-26DEC31-XAI,1788321600,0.108,2057.65,2026-09-02
KXLLM1-26DEC31-XAI,1788408000,0.07,24477.26,2026-09-03
KXLLM1-26DEC31-XAI,1788494400,0.078,37824.31,2026-09-04
KXLLM1-26DEC31-XAI,1788580800,0.051,4291.1,2026-09-05
KXLLM1-26DEC31-XAI,1788667200,0.066,14698.8,2026-09-06
KXLLM1-26DEC31-XAI,1788753600,0.086,12752.1,2026-09-07
KXLLM1-26DEC31-XAI,1788840000,0.081,5548.92,2026-09-08
KXBALLONDOR-26-HKAN,1781150400,0.22,247.01,2026-06-11
KXBALLONDOR-26-HKAN,1781236800,0.26,378.58,2026-06-12
KXBALLONDOR-26-HKAN,1781323200,0.26,160.29,2026-06-13
KXBALLONDOR-26-HKAN,1781409600,0.26,811.75,2026-06-14
KXBALLONDOR-26-HKAN,1781496000,0.26,66.22,2026-06-15
KXBALLONDOR-26-HKAN,1781582400,0.28,420.68,2026-06-16
KXBALLONDOR-26-HKAN,1781668800,0.24,248.58,2026-06-17
KXBALLONDOR-26-HKAN,1781755200,0.4,3911.87,2026-06-18
KXBALLONDOR-26-HKAN,1781841600,0.38,1908.01,2026-06-19
KXBALLONDOR-26-HKAN,1781928000,0.37,864.81,2026-06-20
KXBALLONDOR-26-HKAN,1782014400,0.35,1963.33,2026-06-21
KXBALLONDOR-26-HKAN,1782100800,0.35,274.76,2026-06-22
KXBALLONDOR-26-HKAN,1782187200,0.34,1245.19,2026-06-23
KXBALLONDOR-26-HKAN,1782273600,0.29,307.44,2026-06-24
KXBALLONDOR-26-HKAN,1782360000,0.27,393.41,2026-06-25
KXBALLONDOR-26-HKAN,1782446400,0.28,101.15,2026-06-26
KXBALLONDOR-26-HKAN,1782532800,0.26,1274.68,2026-06-27
KXBALLONDOR-26-HKAN,1782619200,0.26,535.31,2026-06-28
KXBALLONDOR-26-HKAN,1782705600,0.32,855.89,2026-06-29
KXBALLONDOR-26-HKAN,1782792000,0.31,1361.64,2026-06-30
KXBALLONDOR-26-HKAN,1782878400,0.25,1239.97,2026-07-01
KXBALLONDOR-26-HKAN,1782964800,0.28,7132.15,2026-07-02
KXBALLONDOR-26-HKAN,1783051200,0.27,8855.49,2026-07-03
KXBALLONDOR-26-HKAN,1783137600,0.28,1321.71,2026-07-04
KXBALLONDOR-26-HKAN,1783224000,0.29,2261.34,2026-07-05
KXBALLONDOR-26-HKAN,1783310400,0.29,2686.77,2026-07-06
KXBALLONDOR-26-HKAN,1783396800,0.27,1597.02,2026-07-07
KXBALLONDOR-26-HKAN,1783483200,0.29,3718.02,2026-07-08
KXBALLONDOR-26-HKAN,1783569600,0.29,2432.64,2026-07-09
KXBALLONDOR-26-HKAN,1783656000,0.25,672.11,2026-07-10
KXBALLONDOR-26-HKAN,1783742400,0.29,2495.12,2026-07-11
KXBALLONDOR-26-HKAN,1783828800,0.29,3346.51,2026-07-12
KXBALLONDOR-26-HKAN,1783915200,0.3,1913.79,2026-07-13
KXBALLONDOR-26-HKAN,1784001600,0.3,748.29,2026-07-14
KXBALLONDOR-26-HKAN,1784088000,0.5,14858.92,2026-07-15
KXBALLONDOR-26-HKAN,1784174400,0.22,42912.95,2026-07-16
KXBALLONDOR-26-HKAN,1784260800,0.23,30731.48,2026-07-17
KXBALLONDOR-26-HKAN,1784347200,0.22,13412.23,2026-07-18
KXBALLONDOR-26-HKAN,1784433600,0.19,10112.94,2026-07-19
KXBALLONDOR-26-HKAN,1784520000,0.44,86462.76,2026-07-20
KXBALLONDOR-26-HKAN,1784606400,0.42,168829.19,2026-07-21
KXBALLONDOR-26-HKAN,1784692800,0.45,125870.83,2026-07-22
KXBALLONDOR-26-HKAN,1784779200,0.45,158163.14,2026-07-23
KXBALLONDOR-26-HKAN,1784865600,0.44,48481.57,2026-07-24
KXBALLONDOR-26-HKAN,1784952000,0.43,109088.85,2026-07-25
KXBALLONDOR-26-HKAN,1785038400,0.46,121491.31,2026-07-26
KXBALLONDOR-26-HKAN,1785124800,0.47,48187.29,2026-07-27
KXBALLONDOR-26-HKAN,1785211200,0.48,23142.36,2026-07-28
KXBALLONDOR-26-HKAN,1785297600,0.48,37129.0,2026-07-29
KXBALLONDOR-26-HKAN,1785384000,0.49,27566.47,2026-07-30
KXBALLONDOR-26-HKAN,1785470400,0.5,15183.37,2026-07-31
KXBALLONDOR-26-HKAN,1785556800,0.57,28217.91,2026-08-01
KXBALLONDOR-26-HKAN,1785643200,0.54,19948.37,2026-08-02
KXBALLONDOR-26-HKAN,1785729600,0.56,5982.69,2026-08-03
KXBALLONDOR-26-HKAN,1785816000,0.53,7328.97,2026-08-04
KXBALLONDOR-26-HKAN,1785902400,0.53,6380.5,2026-08-05
KXBALLONDOR-26-HKAN,1785988800,0.54,10146.51,2026-08-06
KXBALLONDOR-26-HKAN,1786075200,0.55,10927.16,2026-08-07
KXBALLONDOR-26-HKAN,1786161600,0.58,20196.68,2026-08-08
KXBALLONDOR-26-HKAN,1786248000,0.59,8166.93,2026-08-09
KXBALLONDOR-26-HKAN,1786334400,0.58,3500.88,2026-08-10
KXBALLONDOR-26-HKAN,1786420800,0.6,6781.68,2026-08-11
KXBALLONDOR-26-HKAN,1786507200,0.62,7336.46,2026-08-12
KXBALLONDOR-26-HKAN,1786593600,0.63,3547.62,2026-08-13
KXBALLONDOR-26-HKAN,1786680000,0.61,5108.78,2026-08-14
KXBALLONDOR-26-HKAN,1786766400,0.61,3509.16,2026-08-15
KXBALLONDOR-26-HKAN,1786852800,0.61,3341.99,2026-08-16
KXBALLONDOR-26-HKAN,1786939200,0.62,1141.52,2026-08-17
KXBALLONDOR-26-HKAN,1787025600,0.61,2032.08,2026-08-18
KXBALLONDOR-26-HKAN,1787112000,0.62,4448.64,2026-08-19
KXBALLONDOR-26-HKAN,1787198400,0.62,1358.77,2026-08-20
KXBALLONDOR-26-HKAN,1787284800,0.62,2602.54,2026-08-21
KXBALLONDOR-26-HKAN,1787371200,0.63,4909.33,2026-08-22
KXBALLONDOR-26-HKAN,1787457600,0.62,3810.64,2026-08-23
KXBALLONDOR-26-HKAN,1787544000,0.61,3434.03,2026-08-24
KXBALLONDOR-26-HKAN,1787630400,0.61,4104.04,2026-08-25
KXBALLONDOR-26-HKAN,1787716800,0.65,4457.94,2026-08-26
KXBALLONDOR-26-HKAN,1787803200,0.64,1822.54,2026-08-27
KXBALLONDOR-26-HKAN,1787889600,0.69,34966.82,2026-08-28
KXBALLONDOR-26-HKAN,1787976000,0.66,2662.63,2026-08-29
KXBALLONDOR-26-HKAN,1788062400,0.66,3017.52,2026-08-30
KXBALLONDOR-26-HKAN,1788148800,0.66,2598.59,2026-08-31
KXBALLONDOR-26-HKAN,1788235200,0.65,4589.89,2026-09-01
KXBALLONDOR-26-HKAN,1788321600,0.65,1695.01,2026-09-02
KXBALLONDOR-26-HKAN,1788408000,0.65,9895.58,2026-09-03
KXBALLONDOR-26-HKAN,1788494400,0.67,4705.41,2026-09-04
KXBALLONDOR-26-HKAN,1788580800,0.66,2027.23,2026-09-05
KXBALLONDOR-26-HKAN,1788667200,0.66,2642.88,2026-09-06
KXBALLONDOR-26-HKAN,1788753600,0.66,8317.64,2026-09-07
KXBALLONDOR-26-HKAN,1788840000,0.65,1312.19,2026-09-08
KXBALLONDOR-26-KKVA,1781150400,,0.0,2026-06-11
KXBALLONDOR-26-KKVA,1781236800,0.03,272.93,2026-06-12
KXBALLONDOR-26-KKVA,1781323200,0.03,500.0,2026-06-13
KXBALLONDOR-26-KKVA,1781409600,0.04,1000.0,2026-06-14
KXBALLONDOR-26-KKVA,1781496000,0.01,303.63,2026-06-15
KXBALLONDOR-26-KKVA,1781582400,0.02,22.37,2026-06-16
KXBALLONDOR-26-KKVA,1781668800,,0.0,2026-06-17
KXBALLONDOR-26-KKVA,1781755200,0.01,1917.04,2026-06-18
KXBALLONDOR-26-KKVA,1781841600,,0.0,2026-06-19
KXBALLONDOR-26-KKVA,1781928000,,0.0,2026-06-20
KXBALLONDOR-26-KKVA,1782014400,0.02,248.67,2026-06-21
KXBALLONDOR-26-KKVA,1782100800,,0.0,2026-06-22
KXBALLONDOR-26-KKVA,1782187200,0.02,93.58,2026-06-23
KXBALLONDOR-26-KKVA,1782273600,,0.0,2026-06-24
KXBALLONDOR-26-KKVA,1782360000,,0.0,2026-06-25
KXBALLONDOR-26-KKVA,1782446400,,0.0,2026-06-26
KXBALLONDOR-26-KKVA,1782532800,,0.0,2026-06-27
KXBALLONDOR-26-KKVA,1782619200,,0.0,2026-06-28
KXBALLONDOR-26-KKVA,1782792000,,0.0,2026-06-30
KXBALLONDOR-26-KKVA,1782964800,,0.0,2026-07-02
KXBALLONDOR-26-KKVA,1783137600,0.01,2.8,2026-07-04
KXBALLONDOR-26-KKVA,1783224000,,0.0,2026-07-05
KXBALLONDOR-26-KKVA,1783310400,,0.0,2026-07-06
KXBALLONDOR-26-KKVA,1783483200,,0.0,2026-07-08
KXBALLONDOR-26-KKVA,1783569600,,0.0,2026-07-09
KXBALLONDOR-26-KKVA,1783656000,,0.0,2026-07-10
KXBALLONDOR-26-KKVA,1783742400,,0.0,2026-07-11
KXBALLONDOR-26-KKVA,1783828800,,0.0,2026-07-12
KXBALLONDOR-26-KKVA,1783915200,,0.0,2026-07-13
KXBALLONDOR-26-KKVA,1784001600,,0.0,2026-07-14
KXBALLONDOR-26-KKVA,1784088000,,0.0,2026-07-15
KXBALLONDOR-26-KKVA,1784174400,0.01,3311.64,2026-07-16
KXBALLONDOR-26-KKVA,1784260800,,0.0,2026-07-17
KXBALLONDOR-26-KKVA,1784347200,0.01,13092.19,2026-07-18
KXBALLONDOR-26-KKVA,1784433600,0.03,2079.42,2026-07-19
KXBALLONDOR-26-KKVA,1784520000,0.01,2052.01,2026-07-20
KXBALLONDOR-26-KKVA,1784606400,0.01,15561.41,2026-07-21
KXBALLONDOR-26-KKVA,1784692800,0.01,13077.23,2026-07-22
KXBALLONDOR-26-KKVA,1784779200,0.01,7438.64,2026-07-23
KXBALLONDOR-26-KKVA,1784865600,0.01,11579.29,2026-07-24
KXBALLONDOR-26-KKVA,1784952000,0.01,2735.36,2026-07-25
KXBALLONDOR-26-KKVA,1785038400,0.01,788.35,2026-07-26
KXBALLONDOR-26-KKVA,1785124800,0.01,1044.59,2026-07-27
KXBALLONDOR-26-KKVA,1785211200,0.01,2283.33,2026-07-28
KXBALLONDOR-26-KKVA,1785297600,0.01,533.05,2026-07-29
KXBALLONDOR-26-KKVA,1785384000,0.01,352.53,2026-07-30
KXBALLONDOR-26-KKVA,1785470400,0.01,2012.51,2026-07-31
KXBALLONDOR-26-KKVA,1785556800,,0.0,2026-08-01
KXBALLONDOR-26-KKVA,1785643200,,0.0,2026-08-02
KXBALLONDOR-26-KKVA,1785729600,0.07,56831.16,2026-08-03
KXBALLONDOR-26-KKVA,1785816000,0.02,2065.2,2026-08-04
KXBALLONDOR-26-KKVA,1785902400,0.01,3380.77,2026-08-05
KXBALLONDOR-26-KKVA,1785988800,0.02,235.95,2026-08-06
KXBALLONDOR-26-KKVA,1786075200,0.01,7626.29,2026-08-07
KXBALLONDOR-26-KKVA,1786161600,0.01,11506.09,2026-08-08
KXBALLONDOR-26-KKVA,1786248000,,0.0,2026-08-09
KXBALLONDOR-26-KKVA,1786334400,,0.0,2026-08-10
KXBALLONDOR-26-KKVA,1786420800,0.01,6762.5,2026-08-11
KXBALLONDOR-26-KKVA,1786507200,0.02,3741.14,2026-08-12
KXBALLONDOR-26-KKVA,1786593600,0.08,12857.44,2026-08-13
KXBALLONDOR-26-KKVA,1786680000,0.01,7033.13,2026-08-14
KXBALLONDOR-26-KKVA,1786766400,0.03,5716.6,2026-08-15
KXBALLONDOR-26-KKVA,1786852800,0.03,974.97,2026-08-16
KXBALLONDOR-26-KKVA,1786939200,0.02,5550.38,2026-08-17
KXBALLONDOR-26-KKVA,1787025600,0.04,1408.19,2026-08-18
KXBALLONDOR-26-KKVA,1787112000,0.01,15591.75,2026-08-19
KXBALLONDOR-26-KKVA,1787198400,0.02,357.97,2026-08-20
KXBALLONDOR-26-KKVA,1787284800,0.02,8671.14,2026-08-21
KXBALLONDOR-26-KKVA,1787371200,0.03,4533.33,2026-08-22
KXBALLONDOR-26-KKVA,1787457600,0.02,4367.02,2026-08-23
KXBALLONDOR-26-KKVA,1787544000,0.03,1732.74,2026-08-24
KXBALLONDOR-26-KKVA,1787630400,0.01,2382.97,2026-08-25
KXBALLONDOR-26-KKVA,1787716800,0.01,1465.94,2026-08-26
KXBALLONDOR-26-KKVA,1787803200,0.02,559.14,2026-08-27
KXBALLONDOR-26-KKVA,1787889600,0.02,2373.37,2026-08-28
KXBALLONDOR-26-KKVA,1787976000,0.02,778.58,2026-08-29
KXBALLONDOR-26-KKVA,1788062400,0.01,2.01,2026-08-30
KXBALLONDOR-26-KKVA,1788148800,0.02,9122.85,2026-08-31
KXBALLONDOR-26-KKVA,1788235200,0.02,162.36,2026-09-01
KXBALLONDOR-26-KKVA,1788321600,0.01,1239.36,2026-09-02
KXBALLONDOR-26-KKVA,1788408000,0.02,5755.18,2026-09-03
KXBALLONDOR-26-KKVA,1788494400,0.02,1351.4,2026-09-04
KXBALLONDOR-26-KKVA,1788580800,0.01,2980.92,2026-09-05
KXBALLONDOR-26-KKVA,1788667200,0.02,637.74,2026-09-06
KXBALLONDOR-26-KKVA,1788753600,0.03,1267.69,2026-09-07
KXBALLONDOR-26-KKVA,1788840000,0.01,4797.47,2026-09-08
KXBALLONDOR-26-KMBA,1781150400,0.08,423.54,2026-06-11
KXBALLONDOR-26-KMBA,1781236800,0.08,140.92,2026-06-12
KXBALLONDOR-26-KMBA,1781323200,0.07,21.0,2026-06-13
KXBALLONDOR-26-KMBA,1781409600,,0.0,2026-06-14
KXBALLONDOR-26-KMBA,1781496000,0.09,700.0,2026-06-15
KXBALLONDOR-26-KMBA,1781582400,0.09,173.24,2026-06-16
KXBALLONDOR-26-KMBA,1781668800,0.12,1473.65,2026-06-17
KXBALLONDOR-26-KMBA,1781755200,0.12,88.75,2026-06-18
KXBALLONDOR-26-KMBA,1781841600,0.11,160.87,2026-06-19
KXBALLONDOR-26-KMBA,1781928000,0.07,110.0,2026-06-20
KXBALLONDOR-26-KMBA,1782014400,0.07,885.39,2026-06-21
KXBALLONDOR-26-KMBA,1782100800,0.11,314.31,2026-06-22
KXBALLONDOR-26-KMBA,1782187200,0.14,1179.77,2026-06-23
KXBALLONDOR-26-KMBA,1782273600,0.07,2779.5,2026-06-24
KXBALLONDOR-26-KMBA,1782360000,0.17,1388.13,2026-06-25
KXBALLONDOR-26-KMBA,1782446400,0.2,787.13,2026-06-26
KXBALLONDOR-26-KMBA,1782532800,0.2,576.79,2026-06-27
KXBALLONDOR-26-KMBA,1782619200,0.14,137.89,2026-06-28
KXBALLONDOR-26-KMBA,1782705600,0.14,678.53,2026-06-29
KXBALLONDOR-26-KMBA,1782792000,0.14,127.79,2026-06-30
KXBALLONDOR-26-KMBA,1782878400,0.38,2094.09,2026-07-01
KXBALLONDOR-26-KMBA,1782964800,0.26,1408.69,2026-07-02
KXBALLONDOR-26-KMBA,1783051200,0.24,955.65,2026-07-03
KXBALLONDOR-26-KMBA,1783137600,0.29,463.34,2026-07-04
KXBALLONDOR-26-KMBA,1783224000,0.31,698.0,2026-07-05
KXBALLONDOR-26-KMBA,1783310400,0.28,424.5,2026-07-06
KXBALLONDOR-26-KMBA,1783396800,0.2,999.93,2026-07-07
KXBALLONDOR-26-KMBA,1783483200,0.23,1128.36,2026-07-08
KXBALLONDOR-26-KMBA,1783569600,0.27,804.56,2026-07-09
KXBALLONDOR-26-KMBA,1783656000,0.32,3997.6,2026-07-10
KXBALLONDOR-26-KMBA,1783742400,0.32,1352.44,2026-07-11
KXBALLONDOR-26-KMBA,1783828800,0.29,2943.6,2026-07-12
KXBALLONDOR-26-KMBA,1783915200,0.31,1243.12,2026-07-13
KXBALLONDOR-26-KMBA,1784001600,0.32,2698.57,2026-07-14
KXBALLONDOR-26-KMBA,1784088000,0.01,8124.64,2026-07-15
KXBALLONDOR-26-KMBA,1784174400,0.01,11175.55,2026-07-16
KXBALLONDOR-26-KMBA,1784260800,0.05,3943.68,2026-07-17
KXBALLONDOR-26-KMBA,1784347200,0.02,7869.78,2026-07-18
KXBALLONDOR-26-KMBA,1784433600,0.06,6127.59,2026-07-19
KXBALLONDOR-26-KMBA,1784520000,0.07,54496.08,2026-07-20
KXBALLONDOR-26-KMBA,1784606400,0.11,135348.43,2026-07-21
KXBALLONDOR-26-KMBA,1784692800,0.12,150976.97,2026-07-22
KXBALLONDOR-26-KMBA,1784779200,0.11,75674.68,2026-07-23
KXBALLONDOR-26-KMBA,1784865600,0.14,61063.68,2026-07-24
KXBALLONDOR-26-KMBA,1784952000,0.14,61086.4,2026-07-25
KXBALLONDOR-26-KMBA,1785038400,0.14,25845.27,2026-07-26
KXBALLONDOR-26-KMBA,1785124800,0.13,77410.2,2026-07-27
KXBALLONDOR-26-KMBA,1785211200,0.11,37182.68,2026-07-28
KXBALLONDOR-26-KMBA,1785297600,0.11,19849.91,2026-07-29
KXBALLONDOR-26-KMBA,1785384000,0.09,29890.92,2026-07-30
KXBALLONDOR-26-KMBA,1785470400,0.11,17209.62,2026-07-31
KXBALLONDOR-26-KMBA,1785556800,0.09,25758.14,2026-08-01
KXBALLONDOR-26-KMBA,1785643200,0.1,13322.93,2026-08-02
KXBALLONDOR-26-KMBA,1785729600,0.09,10734.17,2026-08-03
KXBALLONDOR-26-KMBA,1785816000,0.12,15559.08,2026-08-04
KXBALLONDOR-26-KMBA,1785902400,0.12,8856.02,2026-08-05
KXBALLONDOR-26-KMBA,1785988800,0.1,10728.13,2026-08-06
KXBALLONDOR-26-KMBA,1786075200,0.09,4350.98,2026-08-07
KXBALLONDOR-26-KMBA,1786161600,0.1,3967.88,2026-08-08
KXBALLONDOR-26-KMBA,1786248000,0.1,8238.85,2026-08-09
KXBALLONDOR-26-KMBA,1786334400,0.08,2753.22,2026-08-10
KXBALLONDOR-26-KMBA,1786420800,0.1,11332.35,2026-08-11
KXBALLONDOR-26-KMBA,1786507200,0.08,4215.87,2026-08-12
KXBALLONDOR-26-KMBA,1786593600,0.1,7533.63,2026-08-13
KXBALLONDOR-26-KMBA,1786680000,0.07,6519.41,2026-08-14
KXBALLONDOR-26-KMBA,1786766400,0.06,8092.39,2026-08-15
KXBALLONDOR-26-KMBA,1786852800,0.07,7008.45,2026-08-16
KXBALLONDOR-26-KMBA,1786939200,0.1,6025.27,2026-08-17
KXBALLONDOR-26-KMBA,1787025600,0.09,3641.61,2026-08-18
KXBALLONDOR-26-KMBA,1787112000,0.09,2475.5,2026-08-19
KXBALLONDOR-26-KMBA,1787198400,0.06,3547.2,2026-08-20
KXBALLONDOR-26-KMBA,1787284800,0.08,16055.69,2026-08-21
KXBALLONDOR-26-KMBA,1787371200,0.09,7519.87,2026-08-22
KXBALLONDOR-26-KMBA,1787457600,0.07,5300.16,2026-08-23
KXBALLONDOR-26-KMBA,1787544000,0.09,2511.2,2026-08-24
KXBALLONDOR-26-KMBA,1787630400,0.08,4515.42,2026-08-25
KXBALLONDOR-26-KMBA,1787716800,0.07,3183.68,2026-08-26
KXBALLONDOR-26-KMBA,1787803200,0.08,19750.61,2026-08-27
KXBALLONDOR-26-KMBA,1787889600,0.09,15956.56,2026-08-28
KXBALLONDOR-26-KMBA,1787976000,0.09,19994.47,2026-08-29
KXBALLONDOR-26-KMBA,1788062400,0.08,15935.67,2026-08-30
KXBALLONDOR-26-KMBA,1788148800,0.08,10399.9,2026-08-31
KXBALLONDOR-26-KMBA,1788235200,0.11,10057.1,2026-09-01
KXBALLONDOR-26-KMBA,1788321600,0.08,15805.04,2026-09-02
KXBALLONDOR-26-KMBA,1788408000,0.09,6168.11,2026-09-03
KXBALLONDOR-26-KMBA,1788494400,0.11,8227.85,2026-09-04
KXBALLONDOR-26-KMBA,1788580800,0.1,21715.95,2026-09-05
KXBALLONDOR-26-KMBA,1788667200,0.08,6722.01,2026-09-06
KXBALLONDOR-26-KMBA,1788753600,0.08,2476.01,2026-09-07
KXBALLONDOR-26-KMBA,1788840000,0.12,40517.2,2026-09-08
KXBALLONDOR-26-LYAM,1781150400,0.16,694.47,2026-06-11
KXBALLONDOR-26-LYAM,1781236800,0.14,548.18,2026-06-12
KXBALLONDOR-26-LYAM,1781323200,0.14,545.85,2026-06-13
KXBALLONDOR-26-LYAM,1781409600,0.15,350.63,2026-06-14
KXBALLONDOR-26-LYAM,1781496000,0.16,262.87,2026-06-15
KXBALLONDOR-26-LYAM,1781582400,0.15,2053.16,2026-06-16
KXBALLONDOR-26-LYAM,1781668800,0.17,481.03,2026-06-17
KXBALLONDOR-26-LYAM,1781755200,0.13,250.17,2026-06-18
KXBALLONDOR-26-LYAM,1781841600,0.1,1509.4,2026-06-19
KXBALLONDOR-26-LYAM,1781928000,0.09,21.13,2026-06-20
KXBALLONDOR-26-LYAM,1782014400,0.1,217.69,2026-06-21
KXBALLONDOR-26-LYAM,1782100800,0.11,1158.09,2026-06-22
KXBALLONDOR-26-LYAM,1782187200,0.14,346.81,2026-06-23
KXBALLONDOR-26-LYAM,1782273600,0.15,318.86,2026-06-24
KXBALLONDOR-26-LYAM,1782360000,0.17,26.05,2026-06-25
KXBALLONDOR-26-LYAM,1782446400,,0.0,2026-06-26
KXBALLONDOR-26-LYAM,1782532800,0.2,38.4,2026-06-27
KXBALLONDOR-26-LYAM,1782619200,0.13,127.03,2026-06-28
KXBALLONDOR-26-LYAM,1782705600,,0.0,2026-06-29
KXBALLONDOR-26-LYAM,1782792000,0.2,694.48,2026-06-30
KXBALLONDOR-26-LYAM,1782878400,0.08,268.1,2026-07-01
KXBALLONDOR-26-LYAM,1782964800,0.07,110.37,2026-07-02
KXBALLONDOR-26-LYAM,1783051200,0.11,202.89,2026-07-03
KXBALLONDOR-26-LYAM,1783137600,0.1,136.86,2026-07-04
KXBALLONDOR-26-LYAM,1783224000,0.06,203.72,2026-07-05
KXBALLONDOR-26-LYAM,1783310400,0.04,1901.52,2026-07-06
KXBALLONDOR-26-LYAM,1783396800,0.11,1427.21,2026-07-07
KXBALLONDOR-26-LYAM,1783483200,0.07,167.45,2026-07-08
KXBALLONDOR-26-LYAM,1783569600,0.08,792.67,2026-07-09
KXBALLONDOR-26-LYAM,1783656000,0.11,392.97,2026-07-10
KXBALLONDOR-26-LYAM,1783742400,0.08,1363.27,2026-07-11
KXBALLONDOR-26-LYAM,1783828800,0.06,520.17,2026-07-12
KXBALLONDOR-26-LYAM,1783915200,0.05,965.03,2026-07-13
KXBALLONDOR-26-LYAM,1784001600,0.05,1318.45,2026-07-14
KXBALLONDOR-26-LYAM,1784088000,0.18,11614.35,2026-07-15
KXBALLONDOR-26-LYAM,1784174400,0.28,12922.61,2026-07-16
KXBALLONDOR-26-LYAM,1784260800,0.28,11375.89,2026-07-17
KXBALLONDOR-26-LYAM,1784347200,0.28,5098.12,2026-07-18
KXBALLONDOR-26-LYAM,1784433600,0.31,5002.72,2026-07-19
KXBALLONDOR-26-LYAM,1784520000,0.35,103734.49,2026-07-20
KXBALLONDOR-26-LYAM,1784606400,0.27,108014.23,2026-07-21
KXBALLONDOR-26-LYAM,1784692800,0.28,94043.69,2026-07-22
KXBALLONDOR-26-LYAM,1784779200,0.28,87567.23,2026-07-23
KXBALLONDOR-26-LYAM,1784865600,0.26,19794.93,2026-07-24
KXBALLONDOR-26-LYAM,1784952000,0.26,14177.32,2026-07-25
KXBALLONDOR-26-LYAM,1785038400,0.24,13540.44,2026-07-26
KXBALLONDOR-26-LYAM,1785124800,0.24,9936.15,2026-07-27
KXBALLONDOR-26-LYAM,1785211200,0.23,11323.56,2026-07-28
KXBALLONDOR-26-LYAM,1785297600,0.23,16445.03,2026-07-29
KXBALLONDOR-26-LYAM,1785384000,0.21,6764.57,2026-07-30
KXBALLONDOR-26-LYAM,1785470400,0.24,8965.11,2026-07-31
KXBALLONDOR-26-LYAM,1785556800,0.2,7104.72,2026-08-01
KXBALLONDOR-26-LYAM,1785643200,0.2,5271.28,2026-08-02
KXBALLONDOR-26-LYAM,1785729600,0.19,5102.14,2026-08-03
KXBALLONDOR-26-LYAM,1785816000,0.19,3499.14,2026-08-04
KXBALLONDOR-26-LYAM,1785902400,0.21,5633.14,2026-08-05
KXBALLONDOR-26-LYAM,1785988800,0.21,3008.01,2026-08-06
KXBALLONDOR-26-LYAM,1786075200,0.19,1666.79,2026-08-07
KXBALLONDOR-26-LYAM,1786161600,0.2,9179.75,2026-08-08
KXBALLONDOR-26-LYAM,1786248000,0.18,2297.44,2026-08-09
KXBALLONDOR-26-LYAM,1786334400,0.18,7568.04,2026-08-10
KXBALLONDOR-26-LYAM,1786420800,0.18,21096.71,2026-08-11
KXBALLONDOR-26-LYAM,1786507200,0.18,3828.77,2026-08-12
KXBALLONDOR-26-LYAM,1786593600,0.16,5457.41,2026-08-13
KXBALLONDOR-26-LYAM,1786680000,0.18,4685.21,2026-08-14
KXBALLONDOR-26-LYAM,1786766400,0.19,4228.14,2026-08-15
KXBALLONDOR-26-LYAM,1786852800,0.18,7338.98,2026-08-16
KXBALLONDOR-26-LYAM,1786939200,0.17,9526.28,2026-08-17
KXBALLONDOR-26-LYAM,1787025600,0.18,3404.59,2026-08-18
KXBALLONDOR-26-LYAM,1787112000,0.19,11082.31,2026-08-19
KXBALLONDOR-26-LYAM,1787198400,0.17,2958.4,2026-08-20
KXBALLONDOR-26-LYAM,1787284800,0.17,4445.47,2026-08-21
KXBALLONDOR-26-LYAM,1787371200,0.19,7852.17,2026-08-22
KXBALLONDOR-26-LYAM,1787457600,0.18,5431.69,2026-08-23
KXBALLONDOR-26-LYAM,1787544000,0.18,2159.24,2026-08-24
KXBALLONDOR-26-LYAM,1787630400,0.18,4227.22,2026-08-25
KXBALLONDOR-26-LYAM,1787716800,0.18,5933.19,2026-08-26
KXBALLONDOR-26-LYAM,1787803200,0.19,4857.84,2026-08-27
KXBALLONDOR-26-LYAM,1787889600,0.16,5955.45,2026-08-28
KXBALLONDOR-26-LYAM,1787976000,0.13,5310.28,2026-08-29
KXBALLONDOR-26-LYAM,1788062400,0.13,1665.85,2026-08-30
KXBALLONDOR-26-LYAM,1788148800,0.14,6679.35,2026-08-31
KXBALLONDOR-26-LYAM,1788235200,0.13,10531.66,2026-09-01
KXBALLONDOR-26-LYAM,1788321600,0.14,4284.62,2026-09-02
KXBALLONDOR-26-LYAM,1788408000,0.16,2969.35,2026-09-03
KXBALLONDOR-26-LYAM,1788494400,0.17,711.71,2026-09-04
KXBALLONDOR-26-LYAM,1788580800,0.14,7491.61,2026-09-05
KXBALLONDOR-26-LYAM,1788667200,0.13,1987.92,2026-09-06
KXBALLONDOR-26-LYAM,1788753600,0.15,4421.81,2026-09-07
KXBALLONDOR-26-LYAM,1788840000,0.15,5095.46,2026-09-08
KXBALLONDOR-26-RODR,1781236800,,0.0,2026-06-12
KXBALLONDOR-26-RODR,1781323200,,0.0,2026-06-13
KXBALLONDOR-26-RODR,1781409600,,0.0,2026-06-14
KXBALLONDOR-26-RODR,1781496000,,0.0,2026-06-15
KXBALLONDOR-26-RODR,1781582400,,0.0,2026-06-16
KXBALLONDOR-26-RODR,1781668800,,0.0,2026-06-17
KXBALLONDOR-26-RODR,1781755200,,0.0,2026-06-18
KXBALLONDOR-26-RODR,1781841600,,0.0,2026-06-19
KXBALLONDOR-26-RODR,1782014400,,0.0,2026-06-21
KXBALLONDOR-26-RODR,1782100800,,0.0,2026-06-22
KXBALLONDOR-26-RODR,1782187200,,0.0,2026-06-23
KXBALLONDOR-26-RODR,1782273600,,0.0,2026-06-24
KXBALLONDOR-26-RODR,1782360000,,0.0,2026-06-25
KXBALLONDOR-26-RODR,1782446400,,0.0,2026-06-26
KXBALLONDOR-26-RODR,1782532800,,0.0,2026-06-27
KXBALLONDOR-26-RODR,1782792000,,0.0,2026-06-30
KXBALLONDOR-26-RODR,1782964800,,0.0,2026-07-02
KXBALLONDOR-26-RODR,1783137600,,0.0,2026-07-04
KXBALLONDOR-26-RODR,1783224000,,0.0,2026-07-05
KXBALLONDOR-26-RODR,1783310400,,0.0,2026-07-06
KXBALLONDOR-26-RODR,1783569600,,0.0,2026-07-09
KXBALLONDOR-26-RODR,1783656000,,0.0,2026-07-10
KXBALLONDOR-26-RODR,1783742400,,0.0,2026-07-11
KXBALLONDOR-26-RODR,1783828800,,0.0,2026-07-12
KXBALLONDOR-26-RODR,1783915200,,0.0,2026-07-13
KXBALLONDOR-26-RODR,1784001600,0.01,467.59,2026-07-14
KXBALLONDOR-26-RODR,1784088000,0.01,12412.62,2026-07-15
KXBALLONDOR-26-RODR,1784174400,0.09,14520.43,2026-07-16
KXBALLONDOR-26-RODR,1784260800,0.07,2526.56,2026-07-17
KXBALLONDOR-26-RODR,1784347200,0.07,2801.97,2026-07-18
KXBALLONDOR-26-RODR,1784433600,0.05,4289.62,2026-07-19
KXBALLONDOR-26-RODR,1784520000,0.12,89686.82,2026-07-20
KXBALLONDOR-26-RODR,1784606400,0.17,120959.17,2026-07-21
KXBALLONDOR-26-RODR,1784692800,0.13,103276.07,2026-07-22
KXBALLONDOR-26-RODR,1784779200,0.1,31292.24,2026-07-23
KXBALLONDOR-26-RODR,1784865600,0.1,18813.45,2026-07-24
KXBALLONDOR-26-RODR,1784952000,0.12,21983.78,2026-07-25
KXBALLONDOR-26-RODR,1785038400,0.09,10068.19,2026-07-26
KXBALLONDOR-26-RODR,1785124800,0.1,8451.16,2026-07-27
KXBALLONDOR-26-RODR,1785211200,0.1,8523.97,2026-07-28
KXBALLONDOR-26-RODR,1785297600,0.12,14591.93,2026-07-29
KXBALLONDOR-26-RODR,1785384000,0.08,15368.01,2026-07-30
KXBALLONDOR-26-RODR,1785470400,0.08,3908.13,2026-07-31
KXBALLONDOR-26-RODR,1785556800,0.08,9267.35,2026-08-01
KXBALLONDOR-26-RODR,1785643200,0.07,4973.9,2026-08-02
KXBALLONDOR-26-RODR,1785729600,0.07,4171.4,2026-08-03
KXBALLONDOR-26-RODR,1785816000,0.08,4340.75,2026-08-04
KXBALLONDOR-26-RODR,1785902400,0.06,1445.02,2026-08-05
KXBALLONDOR-26-RODR,1785988800,0.05,3762.21,2026-08-06
KXBALLONDOR-26-RODR,1786075200,0.05,5924.16,2026-08-07
KXBALLONDOR-26-RODR,1786161600,0.09,5894.84,2026-08-08
KXBALLONDOR-26-RODR,1786248000,0.07,9151.08,2026-08-09
KXBALLONDOR-26-RODR,1786334400,0.09,4592.28,2026-08-10
KXBALLONDOR-26-RODR,1786420800,0.08,12868.07,2026-08-11
KXBALLONDOR-26-RODR,1786507200,0.07,4281.06,2026-08-12
KXBALLONDOR-26-RODR,1786593600,0.06,1539.9,2026-08-13
KXBALLONDOR-26-RODR,1786680000,0.06,7687.17,2026-08-14
KXBALLONDOR-26-RODR,1786766400,0.06,3824.84,2026-08-15
KXBALLONDOR-26-RODR,1786852800,0.06,3467.63,2026-08-16
KXBALLONDOR-26-RODR,1786939200,0.06,3336.48,2026-08-17
KXBALLONDOR-26-RODR,1787025600,0.09,1156.52,2026-08-18
KXBALLONDOR-26-RODR,1787112000,0.07,5922.86,2026-08-19
KXBALLONDOR-26-RODR,1787198400,0.07,5043.51,2026-08-20
KXBALLONDOR-26-RODR,1787284800,0.07,1907.93,2026-08-21
KXBALLONDOR-26-RODR,1787371200,0.07,6676.61,2026-08-22
KXBALLONDOR-26-RODR,1787457600,0.07,3126.84,2026-08-23
KXBALLONDOR-26-RODR,1787544000,0.08,7416.65,2026-08-24
KXBALLONDOR-26-RODR,1787630400,0.06,5310.03,2026-08-25
KXBALLONDOR-26-RODR,1787716800,0.06,1650.18,2026-08-26
KXBALLONDOR-26-RODR,1787803200,0.06,1203.7,2026-08-27
KXBALLONDOR-26-RODR,1787889600,0.06,7848.75,2026-08-28
KXBALLONDOR-26-RODR,1787976000,0.05,1134.63,2026-08-29
KXBALLONDOR-26-RODR,1788062400,0.05,6874.05,2026-08-30
KXBALLONDOR-26-RODR,1788148800,0.06,2034.95,2026-08-31
KXBALLONDOR-26-RODR,1788235200,0.05,3074.7,2026-09-01
KXBALLONDOR-26-RODR,1788321600,0.05,884.57,2026-09-02
KXBALLONDOR-26-RODR,1788408000,0.05,13873.22,2026-09-03
KXBALLONDOR-26-RODR,1788494400,0.06,8300.67,2026-09-04
KXBALLONDOR-26-RODR,1788580800,0.05,4110.56,2026-09-05
KXBALLONDOR-26-RODR,1788667200,0.04,1613.33,2026-09-06
KXBALLONDOR-26-RODR,1788753600,0.05,5910.51,2026-09-07
KXBALLONDOR-26-RODR,1788840000,0.05,3021.55,2026-09-08
KXNFLNFCCHAMP-27-ATL,1781150400,0.02,1092.48,2026-06-11
KXNFLNFCCHAMP-27-ATL,1781236800,,0.0,2026-06-12
KXNFLNFCCHAMP-27-ATL,1781323200,,0.0,2026-06-13
KXNFLNFCCHAMP-27-ATL,1781409600,,0.0,2026-06-14
KXNFLNFCCHAMP-27-ATL,1781496000,0.03,50.0,2026-06-15
KXNFLNFCCHAMP-27-ATL,1781582400,0.03,2652.1,2026-06-16
KXNFLNFCCHAMP-27-ATL,1781668800,,0.0,2026-06-17
KXNFLNFCCHAMP-27-ATL,1781755200,,0.0,2026-06-18
KXNFLNFCCHAMP-27-ATL,1781841600,,0.0,2026-06-19
KXNFLNFCCHAMP-27-ATL,1781928000,0.03,1716.75,2026-06-20
KXNFLNFCCHAMP-27-ATL,1782014400,,0.0,2026-06-21
KXNFLNFCCHAMP-27-ATL,1782100800,,0.0,2026-06-22
KXNFLNFCCHAMP-27-ATL,1782187200,,0.0,2026-06-23
KXNFLNFCCHAMP-27-ATL,1782273600,,0.0,2026-06-24
KXNFLNFCCHAMP-27-ATL,1782360000,,0.0,2026-06-25
KXNFLNFCCHAMP-27-ATL,1782446400,0.03,624.27,2026-06-26
KXNFLNFCCHAMP-27-ATL,1782532800,,0.0,2026-06-27
KXNFLNFCCHAMP-27-ATL,1782619200,,0.0,2026-06-28
KXNFLNFCCHAMP-27-ATL,1782705600,,0.0,2026-06-29
KXNFLNFCCHAMP-27-ATL,1782792000,,0.0,2026-06-30
KXNFLNFCCHAMP-27-ATL,1782878400,,0.0,2026-07-01
KXNFLNFCCHAMP-27-ATL,1782964800,,0.0,2026-07-02
KXNFLNFCCHAMP-27-ATL,1783051200,,0.0,2026-07-03
KXNFLNFCCHAMP-27-ATL,1783137600,,0.0,2026-07-04
KXNFLNFCCHAMP-27-ATL,1783224000,0.02,100.0,2026-07-05
KXNFLNFCCHAMP-27-ATL,1783310400,0.03,62.42,2026-07-06
KXNFLNFCCHAMP-27-ATL,1783396800,,0.0,2026-07-07
KXNFLNFCCHAMP-27-ATL,1783483200,,0.0,2026-07-08
KXNFLNFCCHAMP-27-ATL,1783569600,,0.0,2026-07-09
KXNFLNFCCHAMP-27-ATL,1783656000,,0.0,2026-07-10
KXNFLNFCCHAMP-27-ATL,1783742400,,0.0,2026-07-11
KXNFLNFCCHAMP-27-ATL,1783828800,0.03,288.72,2026-07-12
KXNFLNFCCHAMP-27-ATL,1783915200,,0.0,2026-07-13
KXNFLNFCCHAMP-27-ATL,1784001600,,0.0,2026-07-14
KXNFLNFCCHAMP-27-ATL,1784088000,0.03,176.06,2026-07-15
KXNFLNFCCHAMP-27-ATL,1784174400,,0.0,2026-07-16
KXNFLNFCCHAMP-27-ATL,1784260800,,0.0,2026-07-17
KXNFLNFCCHAMP-27-ATL,1784347200,,0.0,2026-07-18
KXNFLNFCCHAMP-27-ATL,1784433600,,0.0,2026-07-19
KXNFLNFCCHAMP-27-ATL,1784520000,,0.0,2026-07-20
KXNFLNFCCHAMP-27-ATL,1784606400,0.03,156.06,2026-07-21
KXNFLNFCCHAMP-27-ATL,1784692800,0.03,780.34,2026-07-22
KXNFLNFCCHAMP-27-ATL,1784779200,0.03,156.06,2026-07-23
KXNFLNFCCHAMP-27-ATL,1784865600,,0.0,2026-07-24
KXNFLNFCCHAMP-27-ATL,1784952000,,0.0,2026-07-25
KXNFLNFCCHAMP-27-ATL,1785038400,,0.0,2026-07-26
KXNFLNFCCHAMP-27-ATL,1785124800,0.03,15.6,2026-07-27
KXNFLNFCCHAMP-27-ATL,1785211200,0.02,10975.0,2026-07-28
KXNFLNFCCHAMP-27-ATL,1785297600,0.02,936.8,2026-07-29
KXNFLNFCCHAMP-27-ATL,1785384000,0.02,748.64,2026-07-30
KXNFLNFCCHAMP-27-ATL,1785470400,0.02,467.9,2026-07-31
KXNFLNFCCHAMP-27-ATL,1785556800,0.02,250.0,2026-08-01
KXNFLNFCCHAMP-27-ATL,1785643200,0.02,140.37,2026-08-02
KXNFLNFCCHAMP-27-ATL,1785729600,0.02,2500.0,2026-08-03
KXNFLNFCCHAMP-27-ATL,1785816000,0.02,3041.35,2026-08-04
KXNFLNFCCHAMP-27-ATL,1785902400,0.02,1169.75,2026-08-05
KXNFLNFCCHAMP-27-ATL,1785988800,,0.0,2026-08-06
KXNFLNFCCHAMP-27-ATL,1786075200,0.02,327.53,2026-08-07
KXNFLNFCCHAMP-27-ATL,1786161600,0.02,218.58,2026-08-08
KXNFLNFCCHAMP-27-ATL,1786248000,,0.0,2026-08-09
KXNFLNFCCHAMP-27-ATL,1786334400,,0.0,2026-08-10
KXNFLNFCCHAMP-27-ATL,1786420800,0.02,383.95,2026-08-11
KXNFLNFCCHAMP-27-ATL,1786507200,0.01,156.0,2026-08-12
KXNFLNFCCHAMP-27-ATL,1786593600,,0.0,2026-08-13
KXNFLNFCCHAMP-27-ATL,1786680000,0.02,960.8,2026-08-14
KXNFLNFCCHAMP-27-ATL,1786766400,,0.0,2026-08-15
KXNFLNFCCHAMP-27-ATL,1786852800,0.01,671.06,2026-08-16
KXNFLNFCCHAMP-27-ATL,1786939200,0.02,233.95,2026-08-17
KXNFLNFCCHAMP-27-ATL,1787025600,0.02,633.5,2026-08-18
KXNFLNFCCHAMP-27-ATL,1787112000,0.02,46.79,2026-08-19
KXNFLNFCCHAMP-27-ATL,1787198400,0.02,46.79,2026-08-20
KXNFLNFCCHAMP-27-ATL,1787284800,,0.0,2026-08-21
KXNFLNFCCHAMP-27-ATL,1787371200,0.01,10.09,2026-08-22
KXNFLNFCCHAMP-27-ATL,1787457600,0.02,1965.18,2026-08-23
KXNFLNFCCHAMP-27-ATL,1787544000,,0.0,2026-08-24
KXNFLNFCCHAMP-27-ATL,1787630400,0.02,1576.26,2026-08-25
KXNFLNFCCHAMP-27-ATL,1787716800,,0.0,2026-08-26
KXNFLNFCCHAMP-27-ATL,1787803200,0.02,422.43,2026-08-27
KXNFLNFCCHAMP-27-ATL,1787889600,0.01,280.74,2026-08-28
KXNFLNFCCHAMP-27-ATL,1787976000,,0.0,2026-08-29
KXNFLNFCCHAMP-27-ATL,1788062400,0.01,258.95,2026-08-30
KXNFLNFCCHAMP-27-ATL,1788148800,0.02,125.0,2026-08-31
KXNFLNFCCHAMP-27-ATL,1788235200,,0.0,2026-09-01
KXNFLNFCCHAMP-27-ATL,1788321600,0.02,608.27,2026-09-02
KXNFLNFCCHAMP-27-ATL,1788408000,0.02,2083.76,2026-09-03
KXNFLNFCCHAMP-27-ATL,1788494400,,0.0,2026-09-04
KXNFLNFCCHAMP-27-ATL,1788580800,,0.0,2026-09-05
KXNFLNFCCHAMP-27-ATL,1788667200,,0.0,2026-09-06
KXNFLNFCCHAMP-27-ATL,1788753600,0.02,751.85,2026-09-07
KXNFLNFCCHAMP-27-ATL,1788840000,0.01,3.23,2026-09-08
KXNFLNFCCHAMP-27-CHI,1781150400,0.07,235.54,2026-06-11
KXNFLNFCCHAMP-27-CHI,1781236800,0.08,2997.54,2026-06-12
KXNFLNFCCHAMP-27-CHI,1781323200,0.08,82.59,2026-06-13
KXNFLNFCCHAMP-27-CHI,1781409600,0.09,13089.58,2026-06-14
KXNFLNFCCHAMP-27-CHI,1781496000,0.09,538.15,2026-06-15
KXNFLNFCCHAMP-27-CHI,1781582400,0.08,832.85,2026-06-16
KXNFLNFCCHAMP-27-CHI,1781668800,0.08,922.03,2026-06-17
KXNFLNFCCHAMP-27-CHI,1781755200,0.08,69.62,2026-06-18
KXNFLNFCCHAMP-27-CHI,1781841600,0.08,1820.63,2026-06-19
KXNFLNFCCHAMP-27-CHI,1781928000,0.08,5.87,2026-06-20
KXNFLNFCCHAMP-27-CHI,1782014400,0.08,453.02,2026-06-21
KXNFLNFCCHAMP-27-CHI,1782100800,0.08,1116.56,2026-06-22
KXNFLNFCCHAMP-27-CHI,1782187200,0.08,321.44,2026-06-23
KXNFLNFCCHAMP-27-CHI,1782273600,0.08,245.77,2026-06-24
KXNFLNFCCHAMP-27-CHI,1782360000,0.07,41.0,2026-06-25
KXNFLNFCCHAMP-27-CHI,1782446400,0.08,1178.55,2026-06-26
KXNFLNFCCHAMP-27-CHI,1782532800,0.08,23.48,2026-06-27
KXNFLNFCCHAMP-27-CHI,1782619200,0.08,617.42,2026-06-28
KXNFLNFCCHAMP-27-CHI,1782705600,0.08,140.79,2026-06-29
KXNFLNFCCHAMP-27-CHI,1782792000,0.08,1385.78,2026-06-30
KXNFLNFCCHAMP-27-CHI,1782878400,0.08,233.55,2026-07-01
KXNFLNFCCHAMP-27-CHI,1782964800,0.08,168.61,2026-07-02
KXNFLNFCCHAMP-27-CHI,1783051200,0.08,1594.93,2026-07-03
KXNFLNFCCHAMP-27-CHI,1783137600,0.08,2842.2,2026-07-04
KXNFLNFCCHAMP-27-CHI,1783224000,0.08,140.91,2026-07-05
KXNFLNFCCHAMP-27-CHI,1783310400,0.08,740.24,2026-07-06
KXNFLNFCCHAMP-27-CHI,1783396800,0.08,305.32,2026-07-07
KXNFLNFCCHAMP-27-CHI,1783483200,0.08,340.55,2026-07-08
KXNFLNFCCHAMP-27-CHI,1783569600,0.07,521.15,2026-07-09
KXNFLNFCCHAMP-27-CHI,1783656000,0.08,2.93,2026-07-10
KXNFLNFCCHAMP-27-CHI,1783742400,0.08,1462.76,2026-07-11
KXNFLNFCCHAMP-27-CHI,1783828800,0.08,105.0,2026-07-12
KXNFLNFCCHAMP-27-CHI,1783915200,0.08,1275.53,2026-07-13
KXNFLNFCCHAMP-27-CHI,1784001600,0.08,1174.37,2026-07-14
KXNFLNFCCHAMP-27-CHI,1784088000,0.08,180.76,2026-07-15
KXNFLNFCCHAMP-27-CHI,1784174400,0.08,3179.62,2026-07-16
KXNFLNFCCHAMP-27-CHI,1784260800,0.08,240.73,2026-07-17
KXNFLNFCCHAMP-27-CHI,1784347200,0.08,762.18,2026-07-18
KXNFLNFCCHAMP-27-CHI,1784433600,0.08,8128.04,2026-07-19
KXNFLNFCCHAMP-27-CHI,1784520000,0.08,7088.18,2026-07-20
KXNFLNFCCHAMP-27-CHI,1784606400,0.08,223.12,2026-07-21
KXNFLNFCCHAMP-27-CHI,1784692800,0.08,859.41,2026-07-22
KXNFLNFCCHAMP-27-CHI,1784779200,0.08,628.74,2026-07-23
KXNFLNFCCHAMP-27-CHI,1784865600,0.08,961.04,2026-07-24
KXNFLNFCCHAMP-27-CHI,1784952000,0.07,1511.82,2026-07-25
KXNFLNFCCHAMP-27-CHI,1785038400,0.08,1019.79,2026-07-26
KXNFLNFCCHAMP-27-CHI,1785124800,0.08,1363.23,2026-07-27
KXNFLNFCCHAMP-27-CHI,1785211200,0.08,1234.07,2026-07-28
KXNFLNFCCHAMP-27-CHI,1785297600,0.08,734.86,2026-07-29
KXNFLNFCCHAMP-27-CHI,1785384000,0.08,1511.23,2026-07-30
KXNFLNFCCHAMP-27-CHI,1785470400,0.08,234.86,2026-07-31
KXNFLNFCCHAMP-27-CHI,1785556800,0.08,2284.54,2026-08-01
KXNFLNFCCHAMP-27-CHI,1785643200,0.08,4909.12,2026-08-02
KXNFLNFCCHAMP-27-CHI,1785729600,0.08,11217.59,2026-08-03
KXNFLNFCCHAMP-27-CHI,1785816000,0.08,1350.96,2026-08-04
KXNFLNFCCHAMP-27-CHI,1785902400,0.08,1955.37,2026-08-05
KXNFLNFCCHAMP-27-CHI,1785988800,0.08,2666.2,2026-08-06
KXNFLNFCCHAMP-27-CHI,1786075200,0.08,2524.64,2026-08-07
KXNFLNFCCHAMP-27-CHI,1786161600,0.08,9945.14,2026-08-08
KXNFLNFCCHAMP-27-CHI,1786248000,0.08,3884.63,2026-08-09
KXNFLNFCCHAMP-27-CHI,1786334400,0.08,2797.05,2026-08-10
KXNFLNFCCHAMP-27-CHI,1786420800,0.08,1156.9,2026-08-11
KXNFLNFCCHAMP-27-CHI,1786507200,0.07,2132.31,2026-08-12
KXNFLNFCCHAMP-27-CHI,1786593600,0.08,7747.82,2026-08-13
KXNFLNFCCHAMP-27-CHI,1786680000,0.08,1931.44,2026-08-14
KXNFLNFCCHAMP-27-CHI,1786766400,0.08,4112.68,2026-08-15
KXNFLNFCCHAMP-27-CHI,1786852800,0.08,3524.03,2026-08-16
KXNFLNFCCHAMP-27-CHI,1786939200,0.08,1005.94,2026-08-17
KXNFLNFCCHAMP-27-CHI,1787025600,0.08,2357.21,2026-08-18
KXNFLNFCCHAMP-27-CHI,1787112000,0.07,2161.16,2026-08-19
KXNFLNFCCHAMP-27-CHI,1787198400,0.08,881.04,2026-08-20
KXNFLNFCCHAMP-27-CHI,1787284800,0.08,593.58,2026-08-21
KXNFLNFCCHAMP-27-CHI,1787371200,0.08,1682.52,2026-08-22
KXNFLNFCCHAMP-27-CHI,1787457600,0.07,168.71,2026-08-23
KXNFLNFCCHAMP-27-CHI,1787544000,0.08,323.88,2026-08-24
KXNFLNFCCHAMP-27-CHI,1787630400,0.08,229.16,2026-08-25
KXNFLNFCCHAMP-27-CHI,1787716800,0.08,12304.52,2026-08-26
KXNFLNFCCHAMP-27-CHI,1787803200,0.08,4384.41,2026-08-27
KXNFLNFCCHAMP-27-CHI,1787889600,0.08,3370.34,2026-08-28
KXNFLNFCCHAMP-27-CHI,1787976000,0.08,3217.73,2026-08-29
KXNFLNFCCHAMP-27-CHI,1788062400,0.08,332.08,2026-08-30
KXNFLNFCCHAMP-27-CHI,1788148800,0.07,2740.33,2026-08-31
KXNFLNFCCHAMP-27-CHI,1788235200,0.08,1185.45,2026-09-01
KXNFLNFCCHAMP-27-CHI,1788321600,0.08,1096.33,2026-09-02
KXNFLNFCCHAMP-27-CHI,1788408000,0.07,627.51,2026-09-03
KXNFLNFCCHAMP-27-CHI,1788494400,0.08,2383.43,2026-09-04
KXNFLNFCCHAMP-27-CHI,1788580800,0.08,1182.61,2026-09-05
KXNFLNFCCHAMP-27-CHI,1788667200,0.08,1061.49,2026-09-06
KXNFLNFCCHAMP-27-CHI,1788753600,0.08,3562.64,2026-09-07
KXNFLNFCCHAMP-27-CHI,1788840000,0.08,2010.73,2026-09-08
KXNFLNFCCHAMP-27-DAL,1781150400,0.09,605.77,2026-06-11
KXNFLNFCCHAMP-27-DAL,1781236800,0.08,1363.22,2026-06-12
KXNFLNFCCHAMP-27-DAL,1781323200,0.09,281.89,2026-06-13
KXNFLNFCCHAMP-27-DAL,1781409600,0.08,187.0,2026-06-14
KXNFLNFCCHAMP-27-DAL,1781496000,0.09,1015.69,2026-06-15
KXNFLNFCCHAMP-27-DAL,1781582400,0.09,52.22,2026-06-16
KXNFLNFCCHAMP-27-DAL,1781668800,0.09,61.22,2026-06-17
KXNFLNFCCHAMP-27-DAL,1781755200,0.08,1669.01,2026-06-18
KXNFLNFCCHAMP-27-DAL,1781841600,0.09,435.99,2026-06-19
KXNFLNFCCHAMP-27-DAL,1781928000,0.09,590.16,2026-06-20
KXNFLNFCCHAMP-27-DAL,1782014400,0.09,6070.61,2026-06-21
KXNFLNFCCHAMP-27-DAL,1782100800,0.09,2439.73,2026-06-22
KXNFLNFCCHAMP-27-DAL,1782187200,0.09,122.26,2026-06-23
KXNFLNFCCHAMP-27-DAL,1782273600,0.08,2083.86,2026-06-24
KXNFLNFCCHAMP-27-DAL,1782360000,0.09,1044.57,2026-06-25
KXNFLNFCCHAMP-27-DAL,1782446400,0.09,376.02,2026-06-26
KXNFLNFCCHAMP-27-DAL,1782532800,0.09,573.96,2026-06-27
KXNFLNFCCHAMP-27-DAL,1782619200,0.09,161.86,2026-06-28
KXNFLNFCCHAMP-27-DAL,1782705600,0.09,287.25,2026-06-29
KXNFLNFCCHAMP-27-DAL,1782792000,0.08,86.09,2026-06-30
KXNFLNFCCHAMP-27-DAL,1782878400,0.09,158.67,2026-07-01
KXNFLNFCCHAMP-27-DAL,1782964800,0.09,45.0,2026-07-02
KXNFLNFCCHAMP-27-DAL,1783051200,0.09,1253.46,2026-07-03
KXNFLNFCCHAMP-27-DAL,1783137600,0.08,765.42,2026-07-04
KXNFLNFCCHAMP-27-DAL,1783224000,0.09,20.89,2026-07-05
KXNFLNFCCHAMP-27-DAL,1783310400,0.08,1032.59,2026-07-06
KXNFLNFCCHAMP-27-DAL,1783396800,0.09,767.35,2026-07-07
KXNFLNFCCHAMP-27-DAL,1783483200,0.09,734.44,2026-07-08
KXNFLNFCCHAMP-27-DAL,1783569600,0.08,220.0,2026-07-09
KXNFLNFCCHAMP-27-DAL,1783656000,,0.0,2026-07-10
KXNFLNFCCHAMP-27-DAL,1783742400,0.08,340.45,2026-07-11
KXNFLNFCCHAMP-27-DAL,1783828800,0.09,93.22,2026-07-12
KXNFLNFCCHAMP-27-DAL,1783915200,0.09,3100.76,2026-07-13
KXNFLNFCCHAMP-27-DAL,1784001600,0.09,394.58,2026-07-14
KXNFLNFCCHAMP-27-DAL,1784088000,0.09,1741.67,2026-07-15
KXNFLNFCCHAMP-27-DAL,1784174400,0.09,733.34,2026-07-16
KXNFLNFCCHAMP-27-DAL,1784260800,0.09,313.36,2026-07-17
KXNFLNFCCHAMP-27-DAL,1784347200,0.08,786.25,2026-07-18
KXNFLNFCCHAMP-27-DAL,1784433600,0.09,1371.44,2026-07-19
KXNFLNFCCHAMP-27-DAL,1784520000,0.09,3351.55,2026-07-20
KXNFLNFCCHAMP-27-DAL,1784606400,0.09,418.19,2026-07-21
KXNFLNFCCHAMP-27-DAL,1784692800,0.09,2211.31,2026-07-22
KXNFLNFCCHAMP-27-DAL,1784779200,0.09,1014.47,2026-07-23
KXNFLNFCCHAMP-27-DAL,1784865600,0.09,548.37,2026-07-24
KXNFLNFCCHAMP-27-DAL,1784952000,0.09,2473.01,2026-07-25
KXNFLNFCCHAMP-27-DAL,1785038400,0.09,921.52,2026-07-26
KXNFLNFCCHAMP-27-DAL,1785124800,0.08,3678.26,2026-07-27
KXNFLNFCCHAMP-27-DAL,1785211200,0.08,2535.76,2026-07-28
KXNFLNFCCHAMP-27-DAL,1785297600,0.07,4608.81,2026-07-29
KXNFLNFCCHAMP-27-DAL,1785384000,0.08,12956.88,2026-07-30
KXNFLNFCCHAMP-27-DAL,1785470400,0.08,5699.97,2026-07-31
KXNFLNFCCHAMP-27-DAL,1785556800,0.08,4001.83,2026-08-01
KXNFLNFCCHAMP-27-DAL,1785643200,0.08,4637.77,2026-08-02
KXNFLNFCCHAMP-27-DAL,1785729600,0.08,3203.55,2026-08-03
KXNFLNFCCHAMP-27-DAL,1785816000,0.08,1317.83,2026-08-04
KXNFLNFCCHAMP-27-DAL,1785902400,0.08,5501.63,2026-08-05
KXNFLNFCCHAMP-27-DAL,1785988800,0.08,2915.06,2026-08-06
KXNFLNFCCHAMP-27-DAL,1786075200,0.08,12201.13,2026-08-07
KXNFLNFCCHAMP-27-DAL,1786161600,0.07,1478.49,2026-08-08
KXNFLNFCCHAMP-27-DAL,1786248000,0.08,1803.71,2026-08-09
KXNFLNFCCHAMP-27-DAL,1786334400,0.08,4453.96,2026-08-10
KXNFLNFCCHAMP-27-DAL,1786420800,0.08,3501.12,2026-08-11
KXNFLNFCCHAMP-27-DAL,1786507200,0.08,29208.9,2026-08-12
KXNFLNFCCHAMP-27-DAL,1786593600,0.08,7847.09,2026-08-13
KXNFLNFCCHAMP-27-DAL,1786680000,0.07,4158.12,2026-08-14
KXNFLNFCCHAMP-27-DAL,1786766400,0.08,5207.89,2026-08-15
KXNFLNFCCHAMP-27-DAL,1786852800,0.08,9981.71,2026-08-16
KXNFLNFCCHAMP-27-DAL,1786939200,0.08,23203.86,2026-08-17
KXNFLNFCCHAMP-27-DAL,1787025600,0.08,33810.07,2026-08-18
KXNFLNFCCHAMP-27-DAL,1787112000,0.09,113079.32,2026-08-19
KXNFLNFCCHAMP-27-DAL,1787198400,0.09,7887.45,2026-08-20
KXNFLNFCCHAMP-27-DAL,1787284800,0.09,5937.41,2026-08-21
KXNFLNFCCHAMP-27-DAL,1787371200,0.09,4842.47,2026-08-22
KXNFLNFCCHAMP-27-DAL,1787457600,0.09,10297.11,2026-08-23
KXNFLNFCCHAMP-27-DAL,1787544000,0.09,18129.0,2026-08-24
KXNFLNFCCHAMP-27-DAL,1787630400,0.09,8843.01,2026-08-25
KXNFLNFCCHAMP-27-DAL,1787716800,0.09,5281.02,2026-08-26
KXNFLNFCCHAMP-27-DAL,1787803200,0.09,7665.82,2026-08-27
KXNFLNFCCHAMP-27-DAL,1787889600,0.09,3893.91,2026-08-28
KXNFLNFCCHAMP-27-DAL,1787976000,0.09,4148.97,2026-08-29
KXNFLNFCCHAMP-27-DAL,1788062400,0.09,14173.02,2026-08-30
KXNFLNFCCHAMP-27-DAL,1788148800,0.09,7961.3,2026-08-31
KXNFLNFCCHAMP-27-DAL,1788235200,0.09,8235.01,2026-09-01
KXNFLNFCCHAMP-27-DAL,1788321600,0.09,2268.86,2026-09-02
KXNFLNFCCHAMP-27-DAL,1788408000,0.09,22625.89,2026-09-03
KXNFLNFCCHAMP-27-DAL,1788494400,0.09,16115.91,2026-09-04
KXNFLNFCCHAMP-27-DAL,1788580800,0.09,54718.22,2026-09-05
KXNFLNFCCHAMP-27-DAL,1788667200,0.09,8967.03,2026-09-06
KXNFLNFCCHAMP-27-DAL,1788753600,0.09,6868.65,2026-09-07
KXNFLNFCCHAMP-27-DAL,1788840000,0.09,20713.14,2026-09-08
KXNFLNFCCHAMP-27-DET,1781150400,0.1,16.0,2026-06-11
KXNFLNFCCHAMP-27-DET,1781236800,,0.0,2026-06-12
KXNFLNFCCHAMP-27-DET,1781323200,0.09,9.4,2026-06-13
KXNFLNFCCHAMP-27-DET,1781409600,0.1,47.03,2026-06-14
KXNFLNFCCHAMP-27-DET,1781496000,0.09,234.48,2026-06-15
KXNFLNFCCHAMP-27-DET,1781582400,0.09,53.22,2026-06-16
KXNFLNFCCHAMP-27-DET,1781668800,0.09,210.44,2026-06-17
KXNFLNFCCHAMP-27-DET,1781755200,,0.0,2026-06-18
KXNFLNFCCHAMP-27-DET,1781841600,0.09,2731.21,2026-06-19
KXNFLNFCCHAMP-27-DET,1781928000,,0.0,2026-06-20
KXNFLNFCCHAMP-27-DET,1782014400,0.09,104.54,2026-06-21
KXNFLNFCCHAMP-27-DET,1782100800,0.09,2663.55,2026-06-22
KXNFLNFCCHAMP-27-DET,1782187200,0.09,104.45,2026-06-23
KXNFLNFCCHAMP-27-DET,1782273600,0.09,104.44,2026-06-24
KXNFLNFCCHAMP-27-DET,1782360000,0.09,102.22,2026-06-25
KXNFLNFCCHAMP-27-DET,1782446400,0.08,225.0,2026-06-26
KXNFLNFCCHAMP-27-DET,1782532800,,0.0,2026-06-27
KXNFLNFCCHAMP-27-DET,1782619200,0.05,2679.54,2026-06-28
KXNFLNFCCHAMP-27-DET,1782705600,0.08,6335.9,2026-06-29
KXNFLNFCCHAMP-27-DET,1782792000,0.08,1908.33,2026-06-30
KXNFLNFCCHAMP-27-DET,1782878400,0.08,1992.7,2026-07-01
KXNFLNFCCHAMP-27-DET,1782964800,0.08,1115.64,2026-07-02
KXNFLNFCCHAMP-27-DET,1783051200,0.08,469.74,2026-07-03
KXNFLNFCCHAMP-27-DET,1783137600,0.08,1385.74,2026-07-04
KXNFLNFCCHAMP-27-DET,1783224000,0.08,117.37,2026-07-05
KXNFLNFCCHAMP-27-DET,1783310400,0.07,27.48,2026-07-06
KXNFLNFCCHAMP-27-DET,1783396800,0.08,3499.06,2026-07-07
KXNFLNFCCHAMP-27-DET,1783483200,0.07,1.0,2026-07-08
KXNFLNFCCHAMP-27-DET,1783569600,0.08,335.48,2026-07-09
KXNFLNFCCHAMP-27-DET,1783656000,,0.0,2026-07-10
KXNFLNFCCHAMP-27-DET,1783742400,0.08,118.55,2026-07-11
KXNFLNFCCHAMP-27-DET,1783828800,0.08,587.18,2026-07-12
KXNFLNFCCHAMP-27-DET,1783915200,0.08,587.47,2026-07-13
KXNFLNFCCHAMP-27-DET,1784001600,0.08,58.71,2026-07-14
KXNFLNFCCHAMP-27-DET,1784088000,0.08,126.0,2026-07-15
KXNFLNFCCHAMP-27-DET,1784174400,0.08,1293.59,2026-07-16
KXNFLNFCCHAMP-27-DET,1784260800,0.07,234.86,2026-07-17
KXNFLNFCCHAMP-27-DET,1784347200,0.08,893.23,2026-07-18
KXNFLNFCCHAMP-27-DET,1784433600,0.07,179.93,2026-07-19
KXNFLNFCCHAMP-27-DET,1784520000,0.08,448.53,2026-07-20
KXNFLNFCCHAMP-27-DET,1784606400,0.07,135.03,2026-07-21
KXNFLNFCCHAMP-27-DET,1784692800,0.08,3668.19,2026-07-22
KXNFLNFCCHAMP-27-DET,1784779200,0.08,167.42,2026-07-23
KXNFLNFCCHAMP-27-DET,1784865600,0.07,404.04,2026-07-24
KXNFLNFCCHAMP-27-DET,1784952000,0.08,176.04,2026-07-25
KXNFLNFCCHAMP-27-DET,1785038400,0.08,926.08,2026-07-26
KXNFLNFCCHAMP-27-DET,1785124800,0.08,220.45,2026-07-27
KXNFLNFCCHAMP-27-DET,1785211200,0.08,645.87,2026-07-28
KXNFLNFCCHAMP-27-DET,1785297600,0.08,4911.78,2026-07-29
KXNFLNFCCHAMP-27-DET,1785384000,0.08,5921.75,2026-07-30
KXNFLNFCCHAMP-27-DET,1785470400,0.08,1650.95,2026-07-31
KXNFLNFCCHAMP-27-DET,1785556800,0.08,516.38,2026-08-01
KXNFLNFCCHAMP-27-DET,1785643200,0.07,3649.54,2026-08-02
KXNFLNFCCHAMP-27-DET,1785729600,0.08,1167.09,2026-08-03
KXNFLNFCCHAMP-27-DET,1785816000,0.08,3125.79,2026-08-04
KXNFLNFCCHAMP-27-DET,1785902400,0.08,579.92,2026-08-05
KXNFLNFCCHAMP-27-DET,1785988800,0.08,254.87,2026-08-06
KXNFLNFCCHAMP-27-DET,1786075200,0.08,282.19,2026-08-07
KXNFLNFCCHAMP-27-DET,1786161600,0.08,243.43,2026-08-08
KXNFLNFCCHAMP-27-DET,1786248000,0.08,804.61,2026-08-09
KXNFLNFCCHAMP-27-DET,1786334400,0.08,131.0,2026-08-10
KXNFLNFCCHAMP-27-DET,1786420800,0.08,516.64,2026-08-11
KXNFLNFCCHAMP-27-DET,1786507200,0.09,805.76,2026-08-12
KXNFLNFCCHAMP-27-DET,1786593600,0.09,2186.36,2026-08-13
KXNFLNFCCHAMP-27-DET,1786680000,0.09,15.66,2026-08-14
KXNFLNFCCHAMP-27-DET,1786766400,0.09,484.7,2026-08-15
KXNFLNFCCHAMP-27-DET,1786852800,0.09,167.12,2026-08-16
KXNFLNFCCHAMP-27-DET,1786939200,0.09,110.89,2026-08-17
KXNFLNFCCHAMP-27-DET,1787025600,0.09,206.67,2026-08-18
KXNFLNFCCHAMP-27-DET,1787112000,0.08,454.86,2026-08-19
KXNFLNFCCHAMP-27-DET,1787198400,0.09,501.74,2026-08-20
KXNFLNFCCHAMP-27-DET,1787284800,0.09,1656.85,2026-08-21
KXNFLNFCCHAMP-27-DET,1787371200,0.09,2712.77,2026-08-22
KXNFLNFCCHAMP-27-DET,1787457600,0.09,891.3,2026-08-23
KXNFLNFCCHAMP-27-DET,1787544000,0.09,5070.22,2026-08-24
KXNFLNFCCHAMP-27-DET,1787630400,0.09,200.23,2026-08-25
KXNFLNFCCHAMP-27-DET,1787716800,0.08,2686.03,2026-08-26
KXNFLNFCCHAMP-27-DET,1787803200,0.09,1340.97,2026-08-27
KXNFLNFCCHAMP-27-DET,1787889600,0.09,615.85,2026-08-28
KXNFLNFCCHAMP-27-DET,1787976000,0.09,5045.01,2026-08-29
KXNFLNFCCHAMP-27-DET,1788062400,0.09,2493.68,2026-08-30
KXNFLNFCCHAMP-27-DET,1788148800,0.09,1204.46,2026-08-31
KXNFLNFCCHAMP-27-DET,1788235200,0.09,3890.58,2026-09-01
KXNFLNFCCHAMP-27-DET,1788321600,0.09,646.3,2026-09-02
KXNFLNFCCHAMP-27-DET,1788408000,0.09,631.73,2026-09-03
KXNFLNFCCHAMP-27-DET,1788494400,0.09,104.87,2026-09-04
KXNFLNFCCHAMP-27-DET,1788580800,0.09,1486.68,2026-09-05
KXNFLNFCCHAMP-27-DET,1788667200,0.09,1935.78,2026-09-06
KXNFLNFCCHAMP-27-DET,1788753600,0.09,1933.13,2026-09-07
KXNFLNFCCHAMP-27-DET,1788840000,0.09,1211.68,2026-09-08
KXNFLNFCCHAMP-27-LAR,1781150400,0.25,68.86,2026-06-11
KXNFLNFCCHAMP-27-LAR,1781236800,0.25,1662.64,2026-06-12
KXNFLNFCCHAMP-27-LAR,1781323200,0.24,1468.5,2026-06-13
KXNFLNFCCHAMP-27-LAR,1781409600,0.25,7009.98,2026-06-14
KXNFLNFCCHAMP-27-LAR,1781496000,0.25,1222.71,2026-06-15
KXNFLNFCCHAMP-27-LAR,1781582400,0.24,167.57,2026-06-16
KXNFLNFCCHAMP-27-LAR,1781668800,0.24,1350.87,2026-06-17
KXNFLNFCCHAMP-27-LAR,1781755200,0.25,422.96,2026-06-18
KXNFLNFCCHAMP-27-LAR,1781841600,0.24,507.21,2026-06-19
KXNFLNFCCHAMP-27-LAR,1781928000,0.25,630.84,2026-06-20
KXNFLNFCCHAMP-27-LAR,1782014400,0.25,4923.49,2026-06-21
KXNFLNFCCHAMP-27-LAR,1782100800,0.25,1472.58,2026-06-22
KXNFLNFCCHAMP-27-LAR,1782187200,0.24,288.21,2026-06-23
KXNFLNFCCHAMP-27-LAR,1782273600,0.25,930.09,2026-06-24
KXNFLNFCCHAMP-27-LAR,1782360000,0.25,449.9,2026-06-25
KXNFLNFCCHAMP-27-LAR,1782446400,0.24,1157.71,2026-06-26
KXNFLNFCCHAMP-27-LAR,1782532800,0.24,581.0,2026-06-27
KXNFLNFCCHAMP-27-LAR,1782619200,0.25,171.58,2026-06-28
KXNFLNFCCHAMP-27-LAR,1782705600,0.25,350.01,2026-06-29
KXNFLNFCCHAMP-27-LAR,1782792000,0.25,8068.63,2026-06-30
KXNFLNFCCHAMP-27-LAR,1782878400,0.25,376.85,2026-07-01
KXNFLNFCCHAMP-27-LAR,1782964800,0.25,3105.71,2026-07-02
KXNFLNFCCHAMP-27-LAR,1783051200,0.25,596.87,2026-07-03
KXNFLNFCCHAMP-27-LAR,1783137600,0.25,459.63,2026-07-04
KXNFLNFCCHAMP-27-LAR,1783224000,0.25,153.38,2026-07-05
KXNFLNFCCHAMP-27-LAR,1783310400,0.24,102.7,2026-07-06
KXNFLNFCCHAMP-27-LAR,1783396800,0.25,395.66,2026-07-07
KXNFLNFCCHAMP-27-LAR,1783483200,0.25,1289.45,2026-07-08
KXNFLNFCCHAMP-27-LAR,1783569600,0.25,560.04,2026-07-09
KXNFLNFCCHAMP-27-LAR,1783656000,0.25,121.01,2026-07-10
KXNFLNFCCHAMP-27-LAR,1783742400,0.25,694.84,2026-07-11
KXNFLNFCCHAMP-27-LAR,1783828800,0.25,2483.56,2026-07-12
KXNFLNFCCHAMP-27-LAR,1783915200,0.25,4635.89,2026-07-13
KXNFLNFCCHAMP-27-LAR,1784001600,0.25,983.05,2026-07-14
KXNFLNFCCHAMP-27-LAR,1784088000,0.24,2475.68,2026-07-15
KXNFLNFCCHAMP-27-LAR,1784174400,0.25,567.92,2026-07-16
KXNFLNFCCHAMP-27-LAR,1784260800,0.25,822.04,2026-07-17
KXNFLNFCCHAMP-27-LAR,1784347200,0.25,719.93,2026-07-18
KXNFLNFCCHAMP-27-LAR,1784433600,0.24,2015.84,2026-07-19
KXNFLNFCCHAMP-27-LAR,1784520000,0.25,5733.04,2026-07-20
KXNFLNFCCHAMP-27-LAR,1784606400,0.24,667.61,2026-07-21
KXNFLNFCCHAMP-27-LAR,1784692800,0.25,437.41,2026-07-22
KXNFLNFCCHAMP-27-LAR,1784779200,0.25,2898.76,2026-07-23
KXNFLNFCCHAMP-27-LAR,1784865600,0.25,4141.08,2026-07-24
KXNFLNFCCHAMP-27-LAR,1784952000,0.25,654.71,2026-07-25
KXNFLNFCCHAMP-27-LAR,1785038400,0.25,2602.25,2026-07-26
KXNFLNFCCHAMP-27-LAR,1785124800,0.24,11956.29,2026-07-27
KXNFLNFCCHAMP-27-LAR,1785211200,0.24,1681.32,2026-07-28
KXNFLNFCCHAMP-27-LAR,1785297600,0.25,7162.59,2026-07-29
KXNFLNFCCHAMP-27-LAR,1785384000,0.25,9029.37,2026-07-30
KXNFLNFCCHAMP-27-LAR,1785470400,0.25,2326.78,2026-07-31
KXNFLNFCCHAMP-27-LAR,1785556800,0.25,1204.88,2026-08-01
KXNFLNFCCHAMP-27-LAR,1785643200,0.25,4817.23,2026-08-02
KXNFLNFCCHAMP-27-LAR,1785729600,0.25,3004.84,2026-08-03
KXNFLNFCCHAMP-27-LAR,1785816000,0.25,1488.74,2026-08-04
KXNFLNFCCHAMP-27-LAR,1785902400,0.24,1981.57,2026-08-05
KXNFLNFCCHAMP-27-LAR,1785988800,0.25,9609.96,2026-08-06
KXNFLNFCCHAMP-27-LAR,1786075200,0.24,5657.27,2026-08-07
KXNFLNFCCHAMP-27-LAR,1786161600,0.24,3425.23,2026-08-08
KXNFLNFCCHAMP-27-LAR,1786248000,0.23,3140.97,2026-08-09
KXNFLNFCCHAMP-27-LAR,1786334400,0.25,10577.21,2026-08-10
KXNFLNFCCHAMP-27-LAR,1786420800,0.25,6769.29,2026-08-11
KXNFLNFCCHAMP-27-LAR,1786507200,0.23,1584.2,2026-08-12
KXNFLNFCCHAMP-27-LAR,1786593600,0.24,2433.08,2026-08-13
KXNFLNFCCHAMP-27-LAR,1786680000,0.24,976.17,2026-08-14
KXNFLNFCCHAMP-27-LAR,1786766400,0.24,1303.07,2026-08-15
KXNFLNFCCHAMP-27-LAR,1786852800,0.24,1553.28,2026-08-16
KXNFLNFCCHAMP-27-LAR,1786939200,0.24,1722.06,2026-08-17
KXNFLNFCCHAMP-27-LAR,1787025600,0.24,1478.66,2026-08-18
KXNFLNFCCHAMP-27-LAR,1787112000,0.23,339.96,2026-08-19
KXNFLNFCCHAMP-27-LAR,1787198400,0.21,18171.73,2026-08-20
KXNFLNFCCHAMP-27-LAR,1787284800,0.22,1607.23,2026-08-21
KXNFLNFCCHAMP-27-LAR,1787371200,0.23,2399.51,2026-08-22
KXNFLNFCCHAMP-27-LAR,1787457600,0.23,1849.88,2026-08-23
KXNFLNFCCHAMP-27-LAR,1787544000,0.24,3496.18,2026-08-24
KXNFLNFCCHAMP-27-LAR,1787630400,0.24,1432.76,2026-08-25
KXNFLNFCCHAMP-27-LAR,1787716800,0.24,615.79,2026-08-26
KXNFLNFCCHAMP-27-LAR,1787803200,0.24,2120.54,2026-08-27
KXNFLNFCCHAMP-27-LAR,1787889600,0.24,2313.05,2026-08-28
KXNFLNFCCHAMP-27-LAR,1787976000,0.24,13380.07,2026-08-29
KXNFLNFCCHAMP-27-LAR,1788062400,0.24,1853.36,2026-08-30
KXNFLNFCCHAMP-27-LAR,1788148800,0.25,38614.69,2026-08-31
KXNFLNFCCHAMP-27-LAR,1788235200,0.25,10597.62,2026-09-01
KXNFLNFCCHAMP-27-LAR,1788321600,0.25,23675.61,2026-09-02
KXNFLNFCCHAMP-27-LAR,1788408000,0.23,6453.01,2026-09-03
KXNFLNFCCHAMP-27-LAR,1788494400,0.25,5404.24,2026-09-04
KXNFLNFCCHAMP-27-LAR,1788580800,0.23,13331.39,2026-09-05
KXNFLNFCCHAMP-27-LAR,1788667200,0.25,4710.63,2026-09-06
KXNFLNFCCHAMP-27-LAR,1788753600,0.25,5087.69,2026-09-07
KXNFLNFCCHAMP-27-LAR,1788840000,0.25,5197.07,2026-09-08
KXNFLNFCCHAMP-27-MIN,1781150400,,0.0,2026-06-11
KXNFLNFCCHAMP-27-MIN,1781236800,0.04,1616.37,2026-06-12
KXNFLNFCCHAMP-27-MIN,1781323200,,0.0,2026-06-13
KXNFLNFCCHAMP-27-MIN,1781409600,0.04,567.41,2026-06-14
KXNFLNFCCHAMP-27-MIN,1781496000,0.04,39.82,2026-06-15
KXNFLNFCCHAMP-27-MIN,1781582400,0.04,1283.7,2026-06-16
KXNFLNFCCHAMP-27-MIN,1781668800,0.04,23.42,2026-06-17
KXNFLNFCCHAMP-27-MIN,1781755200,0.04,515.36,2026-06-18
KXNFLNFCCHAMP-27-MIN,1781841600,0.04,1900.96,2026-06-19
KXNFLNFCCHAMP-27-MIN,1781928000,,0.0,2026-06-20
KXNFLNFCCHAMP-27-MIN,1782014400,0.04,768.51,2026-06-21
KXNFLNFCCHAMP-27-MIN,1782100800,0.04,373.63,2026-06-22
KXNFLNFCCHAMP-27-MIN,1782187200,,0.0,2026-06-23
KXNFLNFCCHAMP-27-MIN,1782273600,0.04,4150.56,2026-06-24
KXNFLNFCCHAMP-27-MIN,1782360000,,0.0,2026-06-25
KXNFLNFCCHAMP-27-MIN,1782446400,0.04,23.42,2026-06-26
KXNFLNFCCHAMP-27-MIN,1782532800,0.03,351.38,2026-06-27
KXNFLNFCCHAMP-27-MIN,1782619200,0.04,1311.82,2026-06-28
KXNFLNFCCHAMP-27-MIN,1782705600,0.04,250.0,2026-06-29
KXNFLNFCCHAMP-27-MIN,1782792000,,0.0,2026-06-30
KXNFLNFCCHAMP-27-MIN,1782878400,0.04,333.0,2026-07-01
KXNFLNFCCHAMP-27-MIN,1782964800,0.04,51.77,2026-07-02
KXNFLNFCCHAMP-27-MIN,1783051200,0.04,234.25,2026-07-03
KXNFLNFCCHAMP-27-MIN,1783137600,0.04,70.27,2026-07-04
KXNFLNFCCHAMP-27-MIN,1783224000,0.04,117.12,2026-07-05
KXNFLNFCCHAMP-27-MIN,1783310400,0.04,517.37,2026-07-06
KXNFLNFCCHAMP-27-MIN,1783396800,0.03,1415.1,2026-07-07
KXNFLNFCCHAMP-27-MIN,1783483200,0.04,1241.55,2026-07-08
KXNFLNFCCHAMP-27-MIN,1783569600,0.04,234.25,2026-07-09
KXNFLNFCCHAMP-27-MIN,1783656000,0.03,1652.0,2026-07-10
KXNFLNFCCHAMP-27-MIN,1783742400,0.04,167.12,2026-07-11
KXNFLNFCCHAMP-27-MIN,1783828800,0.04,213.35,2026-07-12
KXNFLNFCCHAMP-27-MIN,1783915200,,0.0,2026-07-13
KXNFLNFCCHAMP-27-MIN,1784001600,,0.0,2026-07-14
KXNFLNFCCHAMP-27-MIN,1784088000,,0.0,2026-07-15
KXNFLNFCCHAMP-27-MIN,1784174400,0.04,16.0,2026-07-16
KXNFLNFCCHAMP-27-MIN,1784260800,,0.0,2026-07-17
KXNFLNFCCHAMP-27-MIN,1784347200,0.04,2.0,2026-07-18
KXNFLNFCCHAMP-27-MIN,1784433600,0.04,702.58,2026-07-19
KXNFLNFCCHAMP-27-MIN,1784520000,0.04,2272.5,2026-07-20
KXNFLNFCCHAMP-27-MIN,1784606400,0.04,526.13,2026-07-21
KXNFLNFCCHAMP-27-MIN,1784692800,,0.0,2026-07-22
KXNFLNFCCHAMP-27-MIN,1784779200,0.04,307.63,2026-07-23
KXNFLNFCCHAMP-27-MIN,1784865600,0.04,21.99,2026-07-24
KXNFLNFCCHAMP-27-MIN,1784952000,0.04,385.92,2026-07-25
KXNFLNFCCHAMP-27-MIN,1785038400,0.04,267.24,2026-07-26
KXNFLNFCCHAMP-27-MIN,1785124800,0.04,100.0,2026-07-27
KXNFLNFCCHAMP-27-MIN,1785211200,0.04,2636.38,2026-07-28
KXNFLNFCCHAMP-27-MIN,1785297600,0.04,24.42,2026-07-29
KXNFLNFCCHAMP-27-MIN,1785384000,0.04,446.03,2026-07-30
KXNFLNFCCHAMP-27-MIN,1785470400,0.04,2568.45,2026-07-31
KXNFLNFCCHAMP-27-MIN,1785556800,0.04,304.52,2026-08-01
KXNFLNFCCHAMP-27-MIN,1785643200,,0.0,2026-08-02
KXNFLNFCCHAMP-27-MIN,1785729600,0.04,2665.83,2026-08-03
KXNFLNFCCHAMP-27-MIN,1785816000,0.04,1279.75,2026-08-04
KXNFLNFCCHAMP-27-MIN,1785902400,,0.0,2026-08-05
KXNFLNFCCHAMP-27-MIN,1785988800,0.04,2875.69,2026-08-06
KXNFLNFCCHAMP-27-MIN,1786075200,0.04,5452.0,2026-08-07
KXNFLNFCCHAMP-27-MIN,1786161600,0.03,2639.77,2026-08-08
KXNFLNFCCHAMP-27-MIN,1786248000,0.04,723.54,2026-08-09
KXNFLNFCCHAMP-27-MIN,1786334400,0.04,2592.4,2026-08-10
KXNFLNFCCHAMP-27-MIN,1786420800,0.04,50.0,2026-08-11
KXNFLNFCCHAMP-27-MIN,1786507200,0.04,4800.87,2026-08-12
KXNFLNFCCHAMP-27-MIN,1786593600,0.04,2518.98,2026-08-13
KXNFLNFCCHAMP-27-MIN,1786680000,0.04,10020.78,2026-08-14
KXNFLNFCCHAMP-27-MIN,1786766400,0.04,2041.75,2026-08-15
KXNFLNFCCHAMP-27-MIN,1786852800,0.04,2387.64,2026-08-16
KXNFLNFCCHAMP-27-MIN,1786939200,0.04,1566.4,2026-08-17
KXNFLNFCCHAMP-27-MIN,1787025600,0.04,1906.41,2026-08-18
KXNFLNFCCHAMP-27-MIN,1787112000,0.03,7000.28,2026-08-19
KXNFLNFCCHAMP-27-MIN,1787198400,0.04,2438.31,2026-08-20
KXNFLNFCCHAMP-27-MIN,1787284800,0.04,17910.42,2026-08-21
KXNFLNFCCHAMP-27-MIN,1787371200,0.04,3758.04,2026-08-22
KXNFLNFCCHAMP-27-MIN,1787457600,0.03,3533.86,2026-08-23
KXNFLNFCCHAMP-27-MIN,1787544000,0.04,290.5,2026-08-24
KXNFLNFCCHAMP-27-MIN,1787630400,0.04,85.09,2026-08-25
KXNFLNFCCHAMP-27-MIN,1787716800,0.04,7864.04,2026-08-26
KXNFLNFCCHAMP-27-MIN,1787803200,0.04,535.4,2026-08-27
KXNFLNFCCHAMP-27-MIN,1787889600,0.04,1629.39,2026-08-28
KXNFLNFCCHAMP-27-MIN,1787976000,0.03,4109.09,2026-08-29
KXNFLNFCCHAMP-27-MIN,1788062400,0.04,26103.55,2026-08-30
KXNFLNFCCHAMP-27-MIN,1788148800,0.04,7993.23,2026-08-31
KXNFLNFCCHAMP-27-MIN,1788235200,0.04,3068.9,2026-09-01
KXNFLNFCCHAMP-27-MIN,1788321600,0.04,1239.58,2026-09-02
KXNFLNFCCHAMP-27-MIN,1788408000,0.04,5452.52,2026-09-03
KXNFLNFCCHAMP-27-MIN,1788494400,0.04,304.52,2026-09-04
KXNFLNFCCHAMP-27-MIN,1788580800,0.04,3529.4,2026-09-05
KXNFLNFCCHAMP-27-MIN,1788667200,0.04,27724.34,2026-09-06
KXNFLNFCCHAMP-27-MIN,1788753600,0.04,31057.25,2026-09-07
KXNFLNFCCHAMP-27-MIN,1788840000,0.04,50872.75,2026-09-08
KXNFLNFCCHAMP-27-NO,1781150400,0.02,1303.68,2026-06-11
KXNFLNFCCHAMP-27-NO,1781236800,0.02,1918.39,2026-06-12
KXNFLNFCCHAMP-27-NO,1781323200,0.01,1480.9,2026-06-13
KXNFLNFCCHAMP-27-NO,1781409600,0.02,3322.09,2026-06-14
KXNFLNFCCHAMP-27-NO,1781496000,0.01,4679.01,2026-06-15
KXNFLNFCCHAMP-27-NO,1781582400,0.02,974.63,2026-06-16
KXNFLNFCCHAMP-27-NO,1781668800,0.02,2058.5,2026-06-17
KXNFLNFCCHAMP-27-NO,1781755200,0.02,250.0,2026-06-18
KXNFLNFCCHAMP-27-NO,1781841600,0.02,467.9,2026-06-19
KXNFLNFCCHAMP-27-NO,1781928000,0.02,247.98,2026-06-20
KXNFLNFCCHAMP-27-NO,1782014400,0.02,940.47,2026-06-21
KXNFLNFCCHAMP-27-NO,1782100800,,0.0,2026-06-22
KXNFLNFCCHAMP-27-NO,1782187200,0.02,935.8,2026-06-23
KXNFLNFCCHAMP-27-NO,1782273600,0.02,327.53,2026-06-24
KXNFLNFCCHAMP-27-NO,1782360000,0.02,449.18,2026-06-25
KXNFLNFCCHAMP-27-NO,1782446400,0.02,255.0,2026-06-26
KXNFLNFCCHAMP-27-NO,1782532800,0.02,561.48,2026-06-27
KXNFLNFCCHAMP-27-NO,1782619200,0.02,0.46,2026-06-28
KXNFLNFCCHAMP-27-NO,1782705600,0.02,1249.75,2026-06-29
KXNFLNFCCHAMP-27-NO,1782792000,0.02,4679.01,2026-06-30
KXNFLNFCCHAMP-27-NO,1782878400,,0.0,2026-07-01
KXNFLNFCCHAMP-27-NO,1782964800,0.02,2000.0,2026-07-02
KXNFLNFCCHAMP-27-NO,1783051200,0.02,23.39,2026-07-03
KXNFLNFCCHAMP-27-NO,1783137600,0.02,327.5,2026-07-04
KXNFLNFCCHAMP-27-NO,1783224000,0.02,280.29,2026-07-05
KXNFLNFCCHAMP-27-NO,1783310400,0.02,773.9,2026-07-06
KXNFLNFCCHAMP-27-NO,1783396800,0.01,176.36,2026-07-07
KXNFLNFCCHAMP-27-NO,1783483200,0.02,259.67,2026-07-08
KXNFLNFCCHAMP-27-NO,1783569600,,0.0,2026-07-09
KXNFLNFCCHAMP-27-NO,1783656000,,0.0,2026-07-10
KXNFLNFCCHAMP-27-NO,1783742400,0.02,132.0,2026-07-11
KXNFLNFCCHAMP-27-NO,1783828800,0.02,424.11,2026-07-12
KXNFLNFCCHAMP-27-NO,1783915200,0.02,422.51,2026-07-13
KXNFLNFCCHAMP-27-NO,1784001600,0.01,25.0,2026-07-14
KXNFLNFCCHAMP-27-NO,1784088000,,0.0,2026-07-15
KXNFLNFCCHAMP-27-NO,1784174400,0.02,358.95,2026-07-16
KXNFLNFCCHAMP-27-NO,1784260800,0.02,1461.43,2026-07-17
KXNFLNFCCHAMP-27-NO,1784347200,,0.0,2026-07-18
KXNFLNFCCHAMP-27-NO,1784433600,0.02,427.53,2026-07-19
KXNFLNFCCHAMP-27-NO,1784520000,0.02,2724.81,2026-07-20
KXNFLNFCCHAMP-27-NO,1784606400,0.02,1169.75,2026-07-21
KXNFLNFCCHAMP-27-NO,1784692800,0.02,46.79,2026-07-22
KXNFLNFCCHAMP-27-NO,1784779200,0.02,1357.49,2026-07-23
KXNFLNFCCHAMP-27-NO,1784865600,0.02,500.0,2026-07-24
KXNFLNFCCHAMP-27-NO,1784952000,0.02,5209.17,2026-07-25
KXNFLNFCCHAMP-27-NO,1785038400,0.02,725.5,2026-07-26
KXNFLNFCCHAMP-27-NO,1785124800,0.02,1737.65,2026-07-27
KXNFLNFCCHAMP-27-NO,1785211200,0.02,935.8,2026-07-28
KXNFLNFCCHAMP-27-NO,1785297600,0.01,468.9,2026-07-29
KXNFLNFCCHAMP-27-NO,1785384000,0.02,398.65,2026-07-30
KXNFLNFCCHAMP-27-NO,1785470400,0.02,935.8,2026-07-31
KXNFLNFCCHAMP-27-NO,1785556800,0.02,751.85,2026-08-01
KXNFLNFCCHAMP-27-NO,1785643200,,0.0,2026-08-02
KXNFLNFCCHAMP-27-NO,1785729600,0.02,5663.93,2026-08-03
KXNFLNFCCHAMP-27-NO,1785816000,0.02,467.9,2026-08-04
KXNFLNFCCHAMP-27-NO,1785902400,0.02,10146.91,2026-08-05
KXNFLNFCCHAMP-27-NO,1785988800,0.02,7678.25,2026-08-06
KXNFLNFCCHAMP-27-NO,1786075200,0.02,3482.59,2026-08-07
KXNFLNFCCHAMP-27-NO,1786161600,0.02,1169.75,2026-08-08
KXNFLNFCCHAMP-27-NO,1786248000,0.02,2807.1,2026-08-09
KXNFLNFCCHAMP-27-NO,1786334400,0.02,1327.99,2026-08-10
KXNFLNFCCHAMP-27-NO,1786420800,0.02,196.61,2026-08-11
KXNFLNFCCHAMP-27-NO,1786507200,0.02,1560.8,2026-08-12
KXNFLNFCCHAMP-27-NO,1786593600,0.02,93.58,2026-08-13
KXNFLNFCCHAMP-27-NO,1786680000,0.02,1218.14,2026-08-14
KXNFLNFCCHAMP-27-NO,1786766400,0.02,5237.91,2026-08-15
KXNFLNFCCHAMP-27-NO,1786852800,0.02,3808.72,2026-08-16
KXNFLNFCCHAMP-27-NO,1786939200,0.02,1404.17,2026-08-17
KXNFLNFCCHAMP-27-NO,1787025600,,0.0,2026-08-18
KXNFLNFCCHAMP-27-NO,1787112000,0.02,1210.45,2026-08-19
KXNFLNFCCHAMP-27-NO,1787198400,0.02,1001.77,2026-08-20
KXNFLNFCCHAMP-27-NO,1787284800,0.02,935.4,2026-08-21
KXNFLNFCCHAMP-27-NO,1787371200,0.02,477.99,2026-08-22
KXNFLNFCCHAMP-27-NO,1787457600,0.01,685.06,2026-08-23
KXNFLNFCCHAMP-27-NO,1787544000,,0.0,2026-08-24
KXNFLNFCCHAMP-27-NO,1787630400,0.01,14083.82,2026-08-25
KXNFLNFCCHAMP-27-NO,1787716800,0.01,3789.15,2026-08-26
KXNFLNFCCHAMP-27-NO,1787803200,0.01,1403.7,2026-08-27
KXNFLNFCCHAMP-27-NO,1787889600,0.02,935.8,2026-08-28
KXNFLNFCCHAMP-27-NO,1787976000,0.02,1216.54,2026-08-29
KXNFLNFCCHAMP-27-NO,1788062400,0.02,2598.45,2026-08-30
KXNFLNFCCHAMP-27-NO,1788148800,0.02,10767.26,2026-08-31
KXNFLNFCCHAMP-27-NO,1788235200,0.02,2497.28,2026-09-01
KXNFLNFCCHAMP-27-NO,1788321600,0.02,483.95,2026-09-02
KXNFLNFCCHAMP-27-NO,1788408000,0.02,2964.37,2026-09-03
KXNFLNFCCHAMP-27-NO,1788494400,0.02,7796.91,2026-09-04
KXNFLNFCCHAMP-27-NO,1788580800,0.02,2537.51,2026-09-05
KXNFLNFCCHAMP-27-NO,1788667200,0.02,4377.15,2026-09-06
KXNFLNFCCHAMP-27-NO,1788753600,0.02,935.8,2026-09-07
KXNFLNFCCHAMP-27-NO,1788840000,0.02,500.0,2026-09-08
KXNFLNFCCHAMP-27-PHI,1781150400,0.07,1061.57,2026-06-11
KXNFLNFCCHAMP-27-PHI,1781236800,0.07,142.22,2026-06-12
KXNFLNFCCHAMP-27-PHI,1781409600,0.07,201.63,2026-06-14
KXNFLNFCCHAMP-27-PHI,1781496000,0.07,27.18,2026-06-15
KXNFLNFCCHAMP-27-PHI,1781582400,0.09,18.14,2026-06-16
KXNFLNFCCHAMP-27-PHI,1781755200,0.09,20880.24,2026-06-18
KXNFLNFCCHAMP-27-PHI,1781841600,0.1,94.07,2026-06-19
KXNFLNFCCHAMP-27-PHI,1781928000,0.1,213.03,2026-06-20
KXNFLNFCCHAMP-27-PHI,1782014400,,0.0,2026-06-21
KXNFLNFCCHAMP-27-PHI,1782100800,0.1,94.07,2026-06-22
KXNFLNFCCHAMP-27-PHI,1782187200,0.1,1188.14,2026-06-23
KXNFLNFCCHAMP-27-PHI,1782273600,0.1,5268.88,2026-06-24
KXNFLNFCCHAMP-27-PHI,1782360000,0.1,188.14,2026-06-25
KXNFLNFCCHAMP-27-PHI,1782446400,0.09,581.22,2026-06-26
KXNFLNFCCHAMP-27-PHI,1782532800,0.1,332.79,2026-06-27
KXNFLNFCCHAMP-27-PHI,1782619200,0.09,347.75,2026-06-28
KXNFLNFCCHAMP-27-PHI,1782705600,0.1,42.33,2026-06-29
KXNFLNFCCHAMP-27-PHI,1782792000,0.09,100.0,2026-06-30
KXNFLNFCCHAMP-27-PHI,1782878400,,0.0,2026-07-01
KXNFLNFCCHAMP-27-PHI,1782964800,,0.0,2026-07-02
KXNFLNFCCHAMP-27-PHI,1783051200,,0.0,2026-07-03
KXNFLNFCCHAMP-27-PHI,1783137600,0.1,197.54,2026-07-04
KXNFLNFCCHAMP-27-PHI,1783224000,0.1,1395.1,2026-07-05
KXNFLNFCCHAMP-27-PHI,1783310400,0.1,59.81,2026-07-06
KXNFLNFCCHAMP-27-PHI,1783396800,0.1,94.07,2026-07-07
KXNFLNFCCHAMP-27-PHI,1783483200,0.1,211.95,2026-07-08
KXNFLNFCCHAMP-27-PHI,1783569600,0.09,650.51,2026-07-09
KXNFLNFCCHAMP-27-PHI,1783656000,0.09,169.31,2026-07-10
KXNFLNFCCHAMP-27-PHI,1783742400,0.1,701.65,2026-07-11
KXNFLNFCCHAMP-27-PHI,1783828800,0.1,1994.33,2026-07-12
KXNFLNFCCHAMP-27-PHI,1783915200,0.1,1135.07,2026-07-13
KXNFLNFCCHAMP-27-PHI,1784001600,0.1,443.21,2026-07-14
KXNFLNFCCHAMP-27-PHI,1784088000,0.1,1013.9,2026-07-15
KXNFLNFCCHAMP-27-PHI,1784174400,0.09,4116.18,2026-07-16
KXNFLNFCCHAMP-27-PHI,1784260800,0.09,381.29,2026-07-17
KXNFLNFCCHAMP-27-PHI,1784347200,0.1,1510.5,2026-07-18
KXNFLNFCCHAMP-27-PHI,1784433600,,0.0,2026-07-19
KXNFLNFCCHAMP-27-PHI,1784520000,0.09,3616.8,2026-07-20
KXNFLNFCCHAMP-27-PHI,1784606400,0.1,2543.23,2026-07-21
KXNFLNFCCHAMP-27-PHI,1784692800,0.1,2564.55,2026-07-22
KXNFLNFCCHAMP-27-PHI,1784779200,0.1,310.42,2026-07-23
KXNFLNFCCHAMP-27-PHI,1784865600,0.09,636.16,2026-07-24
KXNFLNFCCHAMP-27-PHI,1784952000,0.1,1646.19,2026-07-25
KXNFLNFCCHAMP-27-PHI,1785038400,0.1,920.25,2026-07-26
KXNFLNFCCHAMP-27-PHI,1785124800,0.1,1214.36,2026-07-27
KXNFLNFCCHAMP-27-PHI,1785211200,0.1,4973.78,2026-07-28
KXNFLNFCCHAMP-27-PHI,1785297600,0.1,518.25,2026-07-29
KXNFLNFCCHAMP-27-PHI,1785384000,0.1,2206.44,2026-07-30
KXNFLNFCCHAMP-27-PHI,1785470400,0.1,3322.93,2026-07-31
KXNFLNFCCHAMP-27-PHI,1785556800,0.1,699.5,2026-08-01
KXNFLNFCCHAMP-27-PHI,1785643200,0.1,1477.18,2026-08-02
KXNFLNFCCHAMP-27-PHI,1785729600,0.1,431.67,2026-08-03
KXNFLNFCCHAMP-27-PHI,1785816000,0.1,1420.48,2026-08-04
KXNFLNFCCHAMP-27-PHI,1785902400,0.1,1917.74,2026-08-05
KXNFLNFCCHAMP-27-PHI,1785988800,0.1,2330.58,2026-08-06
KXNFLNFCCHAMP-27-PHI,1786075200,0.1,998.75,2026-08-07
KXNFLNFCCHAMP-27-PHI,1786161600,0.1,178.7,2026-08-08
KXNFLNFCCHAMP-27-PHI,1786248000,0.1,2970.88,2026-08-09
KXNFLNFCCHAMP-27-PHI,1786334400,0.1,1498.54,2026-08-10
KXNFLNFCCHAMP-27-PHI,1786420800,0.1,3522.16,2026-08-11
KXNFLNFCCHAMP-27-PHI,1786507200,0.09,1898.42,2026-08-12
KXNFLNFCCHAMP-27-PHI,1786593600,0.1,4985.12,2026-08-13
KXNFLNFCCHAMP-27-PHI,1786680000,0.1,3154.77,2026-08-14
KXNFLNFCCHAMP-27-PHI,1786766400,0.1,671.09,2026-08-15
KXNFLNFCCHAMP-27-PHI,1786852800,0.1,2229.91,2026-08-16
KXNFLNFCCHAMP-27-PHI,1786939200,0.1,530.94,2026-08-17
KXNFLNFCCHAMP-27-PHI,1787025600,0.1,1884.04,2026-08-18
KXNFLNFCCHAMP-27-PHI,1787112000,0.09,10906.92,2026-08-19
KXNFLNFCCHAMP-27-PHI,1787198400,0.1,2281.17,2026-08-20
KXNFLNFCCHAMP-27-PHI,1787284800,0.1,956.12,2026-08-21
KXNFLNFCCHAMP-27-PHI,1787371200,0.09,2590.11,2026-08-22
KXNFLNFCCHAMP-27-PHI,1787457600,0.09,2644.14,2026-08-23
KXNFLNFCCHAMP-27-PHI,1787544000,0.1,344.57,2026-08-24
KXNFLNFCCHAMP-27-PHI,1787630400,0.1,926.61,2026-08-25
KXNFLNFCCHAMP-27-PHI,1787716800,0.1,1540.76,2026-08-26
KXNFLNFCCHAMP-27-PHI,1787803200,0.09,947.24,2026-08-27
KXNFLNFCCHAMP-27-PHI,1787889600,0.1,1794.67,2026-08-28
KXNFLNFCCHAMP-27-PHI,1787976000,0.1,2720.71,2026-08-29
KXNFLNFCCHAMP-27-PHI,1788062400,0.1,495.32,2026-08-30
KXNFLNFCCHAMP-27-PHI,1788148800,0.1,1826.63,2026-08-31
KXNFLNFCCHAMP-27-PHI,1788235200,0.1,412.15,2026-09-01
KXNFLNFCCHAMP-27-PHI,1788321600,0.09,1243.46,2026-09-02
KXNFLNFCCHAMP-27-PHI,1788408000,0.1,2379.2,2026-09-03
KXNFLNFCCHAMP-27-PHI,1788494400,0.1,1407.13,2026-09-04
KXNFLNFCCHAMP-27-PHI,1788580800,0.1,7105.94,2026-09-05
KXNFLNFCCHAMP-27-PHI,1788667200,0.1,16403.19,2026-09-06
KXNFLNFCCHAMP-27-PHI,1788753600,0.1,1681.47,2026-09-07
KXNFLNFCCHAMP-27-PHI,1788840000,0.1,2571.14,2026-09-08
KXNFLNFCCHAMP-27-SEA,1781150400,0.13,92.65,2026-06-11
KXNFLNFCCHAMP-27-SEA,1781236800,0.14,620.31,2026-06-12
KXNFLNFCCHAMP-27-SEA,1781323200,0.13,210.1,2026-06-13
KXNFLNFCCHAMP-27-SEA,1781409600,0.14,1202.1,2026-06-14
KXNFLNFCCHAMP-27-SEA,1781496000,0.13,695.7,2026-06-15
KXNFLNFCCHAMP-27-SEA,1781582400,0.14,1636.27,2026-06-16
KXNFLNFCCHAMP-27-SEA,1781668800,0.14,116.62,2026-06-17
KXNFLNFCCHAMP-27-SEA,1781755200,0.12,5703.58,2026-06-18
KXNFLNFCCHAMP-27-SEA,1781841600,0.11,534.39,2026-06-19
KXNFLNFCCHAMP-27-SEA,1781928000,0.1,318.89,2026-06-20
KXNFLNFCCHAMP-27-SEA,1782014400,0.11,457.62,2026-06-21
KXNFLNFCCHAMP-27-SEA,1782100800,0.11,162.55,2026-06-22
KXNFLNFCCHAMP-27-SEA,1782187200,0.1,71.0,2026-06-23
KXNFLNFCCHAMP-27-SEA,1782273600,0.11,479.04,2026-06-24
KXNFLNFCCHAMP-27-SEA,1782360000,0.11,69.52,2026-06-25
KXNFLNFCCHAMP-27-SEA,1782446400,0.1,1100.66,2026-06-26
KXNFLNFCCHAMP-27-SEA,1782532800,0.1,40.55,2026-06-27
KXNFLNFCCHAMP-27-SEA,1782619200,0.11,201.15,2026-06-28
KXNFLNFCCHAMP-27-SEA,1782705600,0.1,1226.96,2026-06-29
KXNFLNFCCHAMP-27-SEA,1782792000,0.11,4943.67,2026-06-30
KXNFLNFCCHAMP-27-SEA,1782878400,0.11,2098.38,2026-07-01
KXNFLNFCCHAMP-27-SEA,1782964800,0.11,1208.13,2026-07-02
KXNFLNFCCHAMP-27-SEA,1783051200,0.1,658.0,2026-07-03
KXNFLNFCCHAMP-27-SEA,1783137600,0.11,511.36,2026-07-04
KXNFLNFCCHAMP-27-SEA,1783224000,0.11,1082.51,2026-07-05
KXNFLNFCCHAMP-27-SEA,1783310400,0.1,403.47,2026-07-06
KXNFLNFCCHAMP-27-SEA,1783396800,0.11,2641.52,2026-07-07
KXNFLNFCCHAMP-27-SEA,1783483200,0.11,350.86,2026-07-08
KXNFLNFCCHAMP-27-SEA,1783569600,0.11,362.15,2026-07-09
KXNFLNFCCHAMP-27-SEA,1783656000,0.11,1129.59,2026-07-10
KXNFLNFCCHAMP-27-SEA,1783742400,0.1,71.17,2026-07-11
KXNFLNFCCHAMP-27-SEA,1783828800,0.1,2456.28,2026-07-12
KXNFLNFCCHAMP-27-SEA,1783915200,0.11,379.93,2026-07-13
KXNFLNFCCHAMP-27-SEA,1784001600,0.11,770.18,2026-07-14
KXNFLNFCCHAMP-27-SEA,1784088000,0.11,3382.52,2026-07-15
KXNFLNFCCHAMP-27-SEA,1784174400,0.11,2647.38,2026-07-16
KXNFLNFCCHAMP-27-SEA,1784260800,0.11,3289.34,2026-07-17
KXNFLNFCCHAMP-27-SEA,1784347200,0.11,2985.05,2026-07-18
KXNFLNFCCHAMP-27-SEA,1784433600,0.1,861.75,2026-07-19
KXNFLNFCCHAMP-27-SEA,1784520000,0.11,957.68,2026-07-20
KXNFLNFCCHAMP-27-SEA,1784606400,0.11,1791.35,2026-07-21
KXNFLNFCCHAMP-27-SEA,1784692800,0.12,17409.49,2026-07-22
KXNFLNFCCHAMP-27-SEA,1784779200,0.12,2755.51,2026-07-23
KXNFLNFCCHAMP-27-SEA,1784865600,0.12,731.74,2026-07-24
KXNFLNFCCHAMP-27-SEA,1784952000,0.12,30708.5,2026-07-25
KXNFLNFCCHAMP-27-SEA,1785038400,0.12,763.39,2026-07-26
KXNFLNFCCHAMP-27-SEA,1785124800,0.11,2386.63,2026-07-27
KXNFLNFCCHAMP-27-SEA,1785211200,0.12,3486.54,2026-07-28
KXNFLNFCCHAMP-27-SEA,1785297600,0.11,1742.81,2026-07-29
KXNFLNFCCHAMP-27-SEA,1785384000,0.12,1744.52,2026-07-30
KXNFLNFCCHAMP-27-SEA,1785470400,0.12,2426.94,2026-07-31
KXNFLNFCCHAMP-27-SEA,1785556800,0.13,7455.62,2026-08-01
KXNFLNFCCHAMP-27-SEA,1785643200,0.13,1090.6,2026-08-02
KXNFLNFCCHAMP-27-SEA,1785729600,0.12,1131.91,2026-08-03
KXNFLNFCCHAMP-27-SEA,1785816000,0.12,2638.5,2026-08-04
KXNFLNFCCHAMP-27-SEA,1785902400,0.13,3082.65,2026-08-05
KXNFLNFCCHAMP-27-SEA,1785988800,0.13,5677.57,2026-08-06
KXNFLNFCCHAMP-27-SEA,1786075200,0.13,1665.19,2026-08-07
KXNFLNFCCHAMP-27-SEA,1786161600,0.13,1142.22,2026-08-08
KXNFLNFCCHAMP-27-SEA,1786248000,0.12,2400.8,2026-08-09
KXNFLNFCCHAMP-27-SEA,1786334400,0.13,2301.99,2026-08-10
KXNFLNFCCHAMP-27-SEA,1786420800,0.13,1775.1,2026-08-11
KXNFLNFCCHAMP-27-SEA,1786507200,0.13,318.99,2026-08-12
KXNFLNFCCHAMP-27-SEA,1786593600,0.13,3295.46,2026-08-13
KXNFLNFCCHAMP-27-SEA,1786680000,0.13,2549.32,2026-08-14
KXNFLNFCCHAMP-27-SEA,1786766400,0.13,6622.67,2026-08-15
KXNFLNFCCHAMP-27-SEA,1786852800,0.13,4721.47,2026-08-16
KXNFLNFCCHAMP-27-SEA,1786939200,0.13,8181.58,2026-08-17
KXNFLNFCCHAMP-27-SEA,1787025600,0.13,1748.22,2026-08-18
KXNFLNFCCHAMP-27-SEA,1787112000,0.12,5319.97,2026-08-19
KXNFLNFCCHAMP-27-SEA,1787198400,0.13,3124.88,2026-08-20
KXNFLNFCCHAMP-27-SEA,1787284800,0.13,3303.51,2026-08-21
KXNFLNFCCHAMP-27-SEA,1787371200,0.13,2624.2,2026-08-22
KXNFLNFCCHAMP-27-SEA,1787457600,0.12,2306.62,2026-08-23
KXNFLNFCCHAMP-27-SEA,1787544000,0.12,3386.8,2026-08-24
KXNFLNFCCHAMP-27-SEA,1787630400,0.13,2019.1,2026-08-25
KXNFLNFCCHAMP-27-SEA,1787716800,0.13,1327.21,2026-08-26
KXNFLNFCCHAMP-27-SEA,1787803200,0.13,2268.72,2026-08-27
KXNFLNFCCHAMP-27-SEA,1787889600,0.13,491.75,2026-08-28
KXNFLNFCCHAMP-27-SEA,1787976000,0.12,1975.93,2026-08-29
KXNFLNFCCHAMP-27-SEA,1788062400,0.13,2141.86,2026-08-30
KXNFLNFCCHAMP-27-SEA,1788148800,0.13,5231.44,2026-08-31
KXNFLNFCCHAMP-27-SEA,1788235200,0.12,3006.71,2026-09-01
KXNFLNFCCHAMP-27-SEA,1788321600,0.13,1021.05,2026-09-02
KXNFLNFCCHAMP-27-SEA,1788408000,0.13,959.02,2026-09-03
KXNFLNFCCHAMP-27-SEA,1788494400,0.13,2712.05,2026-09-04
KXNFLNFCCHAMP-27-SEA,1788580800,0.13,9733.82,2026-09-05
KXNFLNFCCHAMP-27-SEA,1788667200,0.11,5721.39,2026-09-06
KXNFLNFCCHAMP-27-SEA,1788753600,0.13,6385.79,2026-09-07
KXNFLNFCCHAMP-27-SEA,1788840000,0.13,1454.62,2026-09-08
KXNFLNFCCHAMP-27-SF,1781150400,0.08,2908.3,2026-06-11
KXNFLNFCCHAMP-27-SF,1781236800,,0.0,2026-06-12
KXNFLNFCCHAMP-27-SF,1781323200,0.08,2442.6,2026-06-13
KXNFLNFCCHAMP-27-SF,1781409600,0.07,175.91,2026-06-14
KXNFLNFCCHAMP-27-SF,1781496000,0.08,422.73,2026-06-15
KXNFLNFCCHAMP-27-SF,1781582400,0.08,2839.02,2026-06-16
KXNFLNFCCHAMP-27-SF,1781668800,0.08,9713.43,2026-06-17
KXNFLNFCCHAMP-27-SF,1781755200,0.08,108.71,2026-06-18
KXNFLNFCCHAMP-27-SF,1781841600,0.08,4052.33,2026-06-19
KXNFLNFCCHAMP-27-SF,1781928000,0.07,3676.36,2026-06-20
KXNFLNFCCHAMP-27-SF,1782014400,0.07,536.5,2026-06-21
KXNFLNFCCHAMP-27-SF,1782100800,0.06,458.31,2026-06-22
KXNFLNFCCHAMP-27-SF,1782187200,0.07,317.84,2026-06-23
KXNFLNFCCHAMP-27-SF,1782273600,0.07,3353.11,2026-06-24
KXNFLNFCCHAMP-27-SF,1782360000,0.07,343.1,2026-06-25
KXNFLNFCCHAMP-27-SF,1782446400,0.06,1066.39,2026-06-26
KXNFLNFCCHAMP-27-SF,1782532800,0.07,1430.83,2026-06-27
KXNFLNFCCHAMP-27-SF,1782619200,0.06,263.12,2026-06-28
KXNFLNFCCHAMP-27-SF,1782705600,0.07,804.74,2026-06-29
KXNFLNFCCHAMP-27-SF,1782792000,0.06,2332.21,2026-06-30
KXNFLNFCCHAMP-27-SF,1782878400,0.06,4437.94,2026-07-01
KXNFLNFCCHAMP-27-SF,1782964800,0.07,5794.07,2026-07-02
KXNFLNFCCHAMP-27-SF,1783051200,0.06,778.36,2026-07-03
KXNFLNFCCHAMP-27-SF,1783137600,0.07,616.96,2026-07-04
KXNFLNFCCHAMP-27-SF,1783224000,0.07,264.61,2026-07-05
KXNFLNFCCHAMP-27-SF,1783310400,0.07,243.41,2026-07-06
KXNFLNFCCHAMP-27-SF,1783396800,0.07,6574.94,2026-07-07
KXNFLNFCCHAMP-27-SF,1783483200,0.08,1508.03,2026-07-08
KXNFLNFCCHAMP-27-SF,1783569600,0.08,791.16,2026-07-09
KXNFLNFCCHAMP-27-SF,1783656000,0.08,141.09,2026-07-10
KXNFLNFCCHAMP-27-SF,1783742400,0.08,36.63,2026-07-11
KXNFLNFCCHAMP-27-SF,1783828800,0.08,3177.81,2026-07-12
KXNFLNFCCHAMP-27-SF,1783915200,0.08,6637.52,2026-07-13
KXNFLNFCCHAMP-27-SF,1784001600,0.08,117.43,2026-07-14
KXNFLNFCCHAMP-27-SF,1784088000,0.08,148.4,2026-07-15
KXNFLNFCCHAMP-27-SF,1784174400,0.08,1586.78,2026-07-16
KXNFLNFCCHAMP-27-SF,1784260800,0.08,434.41,2026-07-17
KXNFLNFCCHAMP-27-SF,1784347200,0.08,185.15,2026-07-18
KXNFLNFCCHAMP-27-SF,1784433600,0.07,117.43,2026-07-19
KXNFLNFCCHAMP-27-SF,1784520000,0.09,8276.01,2026-07-20
KXNFLNFCCHAMP-27-SF,1784606400,0.09,1729.52,2026-07-21
KXNFLNFCCHAMP-27-SF,1784692800,0.09,1350.22,2026-07-22
KXNFLNFCCHAMP-27-SF,1784779200,0.09,9657.5,2026-07-23
KXNFLNFCCHAMP-27-SF,1784865600,0.07,11063.86,2026-07-24
KXNFLNFCCHAMP-27-SF,1784952000,0.09,1027.08,2026-07-25
KXNFLNFCCHAMP-27-SF,1785038400,0.08,7845.09,2026-07-26
KXNFLNFCCHAMP-27-SF,1785124800,0.09,1195.42,2026-07-27
KXNFLNFCCHAMP-27-SF,1785211200,0.09,794.42,2026-07-28
KXNFLNFCCHAMP-27-SF,1785297600,0.09,1607.69,2026-07-29
KXNFLNFCCHAMP-27-SF,1785384000,0.09,1953.3,2026-07-30
KXNFLNFCCHAMP-27-SF,1785470400,0.09,1544.57,2026-07-31
KXNFLNFCCHAMP-27-SF,1785556800,0.09,14964.01,2026-08-01
KXNFLNFCCHAMP-27-SF,1785643200,0.09,4552.51,2026-08-02
KXNFLNFCCHAMP-27-SF,1785729600,0.09,4031.57,2026-08-03
KXNFLNFCCHAMP-27-SF,1785816000,0.08,14619.6,2026-08-04
KXNFLNFCCHAMP-27-SF,1785902400,0.09,2530.45,2026-08-05
KXNFLNFCCHAMP-27-SF,1785988800,0.09,12013.74,2026-08-06
KXNFLNFCCHAMP-27-SF,1786075200,0.09,3330.0,2026-08-07
KXNFLNFCCHAMP-27-SF,1786161600,0.08,1433.82,2026-08-08
KXNFLNFCCHAMP-27-SF,1786248000,0.1,9898.1,2026-08-09
KXNFLNFCCHAMP-27-SF,1786334400,0.09,2054.22,2026-08-10
KXNFLNFCCHAMP-27-SF,1786420800,0.1,803.91,2026-08-11
KXNFLNFCCHAMP-27-SF,1786507200,0.1,1484.05,2026-08-12
KXNFLNFCCHAMP-27-SF,1786593600,0.1,1280.37,2026-08-13
KXNFLNFCCHAMP-27-SF,1786680000,0.08,793.39,2026-08-14
KXNFLNFCCHAMP-27-SF,1786766400,0.09,8159.16,2026-08-15
KXNFLNFCCHAMP-27-SF,1786852800,0.09,3922.81,2026-08-16
KXNFLNFCCHAMP-27-SF,1786939200,0.09,3375.12,2026-08-17
KXNFLNFCCHAMP-27-SF,1787025600,0.09,1999.31,2026-08-18
KXNFLNFCCHAMP-27-SF,1787112000,0.09,201.99,2026-08-19
KXNFLNFCCHAMP-27-SF,1787198400,0.09,1984.64,2026-08-20
KXNFLNFCCHAMP-27-SF,1787284800,0.09,3035.21,2026-08-21
KXNFLNFCCHAMP-27-SF,1787371200,0.09,2889.76,2026-08-22
KXNFLNFCCHAMP-27-SF,1787457600,0.08,3180.3,2026-08-23
KXNFLNFCCHAMP-27-SF,1787544000,0.09,1593.97,2026-08-24
KXNFLNFCCHAMP-27-SF,1787630400,0.09,211.64,2026-08-25
KXNFLNFCCHAMP-27-SF,1787716800,0.08,1288.7,2026-08-26
KXNFLNFCCHAMP-27-SF,1787803200,0.09,899.71,2026-08-27
KXNFLNFCCHAMP-27-SF,1787889600,0.08,3837.98,2026-08-28
KXNFLNFCCHAMP-27-SF,1787976000,0.09,4491.59,2026-08-29
KXNFLNFCCHAMP-27-SF,1788062400,0.09,1206.46,2026-08-30
KXNFLNFCCHAMP-27-SF,1788148800,0.08,4786.3,2026-08-31
KXNFLNFCCHAMP-27-SF,1788235200,0.09,358.51,2026-09-01
KXNFLNFCCHAMP-27-SF,1788321600,0.08,893.61,2026-09-02
KXNFLNFCCHAMP-27-SF,1788408000,0.09,1606.98,2026-09-03
KXNFLNFCCHAMP-27-SF,1788494400,0.09,2088.23,2026-09-04
KXNFLNFCCHAMP-27-SF,1788580800,0.08,1729.29,2026-09-05
KXNFLNFCCHAMP-27-SF,1788667200,0.09,910.74,2026-09-06
KXNFLNFCCHAMP-27-SF,1788753600,0.09,868.62,2026-09-07
KXNFLNFCCHAMP-27-SF,1788840000,0.09,2760.38,2026-09-08
KXNFLNFCCHAMP-27-WAS,1781150400,,0.0,2026-06-11
KXNFLNFCCHAMP-27-WAS,1781236800,0.04,750.0,2026-06-12
KXNFLNFCCHAMP-27-WAS,1781323200,0.04,585.0,2026-06-13
KXNFLNFCCHAMP-27-WAS,1781409600,,0.0,2026-06-14
KXNFLNFCCHAMP-27-WAS,1781496000,,0.0,2026-06-15
KXNFLNFCCHAMP-27-WAS,1781582400,,0.0,2026-06-16
KXNFLNFCCHAMP-27-WAS,1781668800,0.05,187.52,2026-06-17
KXNFLNFCCHAMP-27-WAS,1781755200,,0.0,2026-06-18
KXNFLNFCCHAMP-27-WAS,1781841600,,0.0,2026-06-19
KXNFLNFCCHAMP-27-WAS,1781928000,,0.0,2026-06-20
KXNFLNFCCHAMP-27-WAS,1782100800,,0.0,2026-06-22
KXNFLNFCCHAMP-27-WAS,1782187200,,0.0,2026-06-23
KXNFLNFCCHAMP-27-WAS,1782273600,,0.0,2026-06-24
KXNFLNFCCHAMP-27-WAS,1782360000,,0.0,2026-06-25
KXNFLNFCCHAMP-27-WAS,1782446400,0.04,714.14,2026-06-26
KXNFLNFCCHAMP-27-WAS,1782532800,0.05,405.05,2026-06-27
KXNFLNFCCHAMP-27-WAS,1782619200,,0.0,2026-06-28
KXNFLNFCCHAMP-27-WAS,1782705600,0.05,20.0,2026-06-29
KXNFLNFCCHAMP-27-WAS,1782792000,,0.0,2026-06-30
KXNFLNFCCHAMP-27-WAS,1782878400,,0.0,2026-07-01
KXNFLNFCCHAMP-27-WAS,1782964800,0.05,93.6,2026-07-02
KXNFLNFCCHAMP-27-WAS,1783051200,,0.0,2026-07-03
KXNFLNFCCHAMP-27-WAS,1783137600,,0.0,2026-07-04
KXNFLNFCCHAMP-27-WAS,1783224000,,0.0,2026-07-05
KXNFLNFCCHAMP-27-WAS,1783310400,0.05,191.52,2026-07-06
KXNFLNFCCHAMP-27-WAS,1783396800,0.05,17.81,2026-07-07
KXNFLNFCCHAMP-27-WAS,1783483200,0.05,375.05,2026-07-08
KXNFLNFCCHAMP-27-WAS,1783569600,,0.0,2026-07-09
KXNFLNFCCHAMP-27-WAS,1783656000,,0.0,2026-07-10
KXNFLNFCCHAMP-27-WAS,1783742400,0.04,446.05,2026-07-11
KXNFLNFCCHAMP-27-WAS,1783828800,0.05,142.71,2026-07-12
KXNFLNFCCHAMP-27-WAS,1783915200,,0.0,2026-07-13
KXNFLNFCCHAMP-27-WAS,1784001600,0.05,76.0,2026-07-14
KXNFLNFCCHAMP-27-WAS,1784088000,,0.0,2026-07-15
KXNFLNFCCHAMP-27-WAS,1784174400,0.05,642.0,2026-07-16
KXNFLNFCCHAMP-27-WAS,1784260800,0.05,847.58,2026-07-17
KXNFLNFCCHAMP-27-WAS,1784347200,0.05,187.52,2026-07-18
KXNFLNFCCHAMP-27-WAS,1784433600,0.05,37.5,2026-07-19
KXNFLNFCCHAMP-27-WAS,1784520000,,0.0,2026-07-20
KXNFLNFCCHAMP-27-WAS,1784606400,0.04,10440.1,2026-07-21
KXNFLNFCCHAMP-27-WAS,1784692800,0.05,1013.39,2026-07-22
KXNFLNFCCHAMP-27-WAS,1784779200,0.05,93.76,2026-07-23
KXNFLNFCCHAMP-27-WAS,1784865600,,0.0,2026-07-24
KXNFLNFCCHAMP-27-WAS,1784952000,0.05,207.52,2026-07-25
KXNFLNFCCHAMP-27-WAS,1785038400,,0.0,2026-07-26
KXNFLNFCCHAMP-27-WAS,1785124800,,0.0,2026-07-27
KXNFLNFCCHAMP-27-WAS,1785211200,,0.0,2026-07-28
KXNFLNFCCHAMP-27-WAS,1785297600,0.05,433.3,2026-07-29
KXNFLNFCCHAMP-27-WAS,1785384000,0.05,258.8,2026-07-30
KXNFLNFCCHAMP-27-WAS,1785470400,,0.0,2026-07-31
KXNFLNFCCHAMP-27-WAS,1785556800,,0.0,2026-08-01
KXNFLNFCCHAMP-27-WAS,1785643200,,0.0,2026-08-02
KXNFLNFCCHAMP-27-WAS,1785729600,,0.0,2026-08-03
KXNFLNFCCHAMP-27-WAS,1785816000,0.05,18.6,2026-08-04
KXNFLNFCCHAMP-27-WAS,1785902400,0.05,187.52,2026-08-05
KXNFLNFCCHAMP-27-WAS,1785988800,0.04,14594.38,2026-08-06
KXNFLNFCCHAMP-27-WAS,1786075200,0.04,632.46,2026-08-07
KXNFLNFCCHAMP-27-WAS,1786161600,0.04,2043.73,2026-08-08
KXNFLNFCCHAMP-27-WAS,1786248000,0.04,1319.55,2026-08-09
KXNFLNFCCHAMP-27-WAS,1786334400,0.03,479.27,2026-08-10
KXNFLNFCCHAMP-27-WAS,1786420800,0.04,2114.93,2026-08-11
KXNFLNFCCHAMP-27-WAS,1786507200,0.04,585.62,2026-08-12
KXNFLNFCCHAMP-27-WAS,1786593600,0.04,163.97,2026-08-13
KXNFLNFCCHAMP-27-WAS,1786680000,0.03,25.0,2026-08-14
KXNFLNFCCHAMP-27-WAS,1786766400,0.04,351.37,2026-08-15
KXNFLNFCCHAMP-27-WAS,1786852800,,0.0,2026-08-16
KXNFLNFCCHAMP-27-WAS,1786939200,,0.0,2026-08-17
KXNFLNFCCHAMP-27-WAS,1787025600,0.04,37.41,2026-08-18
KXNFLNFCCHAMP-27-WAS,1787112000,0.03,359.0,2026-08-19
KXNFLNFCCHAMP-27-WAS,1787198400,0.04,1110.64,2026-08-20
KXNFLNFCCHAMP-27-WAS,1787284800,0.04,30.0,2026-08-21
KXNFLNFCCHAMP-27-WAS,1787371200,0.03,29690.75,2026-08-22
KXNFLNFCCHAMP-27-WAS,1787457600,0.02,368.43,2026-08-23
KXNFLNFCCHAMP-27-WAS,1787544000,0.03,649.27,2026-08-24
KXNFLNFCCHAMP-27-WAS,1787630400,0.03,486.01,2026-08-25
KXNFLNFCCHAMP-27-WAS,1787716800,0.03,62.42,2026-08-26
KXNFLNFCCHAMP-27-WAS,1787803200,0.03,1192.27,2026-08-27
KXNFLNFCCHAMP-27-WAS,1787889600,0.02,234.37,2026-08-28
KXNFLNFCCHAMP-27-WAS,1787976000,,0.0,2026-08-29
KXNFLNFCCHAMP-27-WAS,1788062400,,0.0,2026-08-30
KXNFLNFCCHAMP-27-WAS,1788148800,0.03,156.06,2026-08-31
KXNFLNFCCHAMP-27-WAS,1788235200,0.03,624.27,2026-09-01
KXNFLNFCCHAMP-27-WAS,1788321600,0.02,25.0,2026-09-02
KXNFLNFCCHAMP-27-WAS,1788408000,0.03,156.06,2026-09-03
KXNFLNFCCHAMP-27-WAS,1788494400,0.03,2267.05,2026-09-04
KXNFLNFCCHAMP-27-WAS,1788580800,0.03,2500.0,2026-09-05
KXNFLNFCCHAMP-27-WAS,1788667200,0.03,525.28,2026-09-06
KXNFLNFCCHAMP-27-WAS,1788753600,,0.0,2026-09-07
KXNFLNFCCHAMP-27-WAS,1788840000,0.03,1575.83,2026-09-08
KXF1-26-GR,1781150400,0.14,2012.58,2026-06-11
KXF1-26-GR,1781236800,0.15,14228.09,2026-06-12
KXF1-26-GR,1781323200,0.18,8540.16,2026-06-13
KXF1-26-GR,1781409600,0.28,13855.45,2026-06-14
KXF1-26-GR,1781496000,0.17,19512.79,2026-06-15
KXF1-26-GR,1781582400,0.17,5133.1,2026-06-16
KXF1-26-GR,1781668800,0.17,6980.32,2026-06-17
KXF1-26-GR,1781755200,0.15,1453.81,2026-06-18
KXF1-26-GR,1781841600,0.15,4969.91,2026-06-19
KXF1-26-GR,1781928000,0.15,888.18,2026-06-20
KXF1-26-GR,1782014400,0.12,5178.03,2026-06-21
KXF1-26-GR,1782100800,0.14,6115.13,2026-06-22
KXF1-26-GR,1782187200,0.12,2789.49,2026-06-23
KXF1-26-GR,1782273600,0.12,4066.27,2026-06-24
KXF1-26-GR,1782360000,0.13,3186.56,2026-06-25
KXF1-26-GR,1782446400,0.11,3530.48,2026-06-26
KXF1-26-GR,1782532800,0.12,3838.51,2026-06-27
KXF1-26-GR,1782619200,0.19,10444.6,2026-06-28
KXF1-26-GR,1782705600,0.24,17882.43,2026-06-29
KXF1-26-GR,1782792000,0.25,4657.4,2026-06-30
KXF1-26-GR,1782878400,0.25,10725.33,2026-07-01
KXF1-26-GR,1782964800,0.24,2131.65,2026-07-02
KXF1-26-GR,1783051200,0.23,1323.48,2026-07-03
KXF1-26-GR,1783137600,0.18,3790.27,2026-07-04
KXF1-26-GR,1783224000,0.11,5272.82,2026-07-05
KXF1-26-GR,1783310400,0.18,9845.38,2026-07-06
KXF1-26-GR,1783396800,0.17,3487.45,2026-07-07
KXF1-26-GR,1783483200,0.18,6220.02,2026-07-08
KXF1-26-GR,1783569600,0.18,1694.07,2026-07-09
KXF1-26-GR,1783656000,0.18,3426.32,2026-07-10
KXF1-26-GR,1783742400,0.18,889.36,2026-07-11
KXF1-26-GR,1783828800,0.18,4831.05,2026-07-12
KXF1-26-GR,1783915200,0.18,5808.98,2026-07-13
KXF1-26-GR,1784001600,0.18,1443.45,2026-07-14
KXF1-26-GR,1784088000,0.18,1464.93,2026-07-15
KXF1-26-GR,1784174400,0.18,894.78,2026-07-16
KXF1-26-GR,1784260800,0.17,1913.84,2026-07-17
KXF1-26-GR,1784347200,0.17,3739.67,2026-07-18
KXF1-26-GR,1784433600,0.16,4706.91,2026-07-19
KXF1-26-GR,1784520000,0.07,12334.56,2026-07-20
KXF1-26-GR,1784606400,0.07,3788.18,2026-07-21
KXF1-26-GR,1784692800,0.07,2743.8,2026-07-22
KXF1-26-GR,1784779200,0.07,3025.92,2026-07-23
KXF1-26-GR,1784865600,0.09,1094.9,2026-07-24
KXF1-26-GR,1784952000,0.1,977.81,2026-07-25
KXF1-26-GR,1785038400,0.08,3430.13,2026-07-26
KXF1-26-GR,1785124800,0.06,5953.88,2026-07-27
KXF1-26-GR,1785211200,0.07,8283.44,2026-07-28
KXF1-26-GR,1785297600,0.07,7280.11,2026-07-29
KXF1-26-GR,1785384000,0.07,1787.37,2026-07-30
KXF1-26-GR,1785470400,0.07,2560.37,2026-07-31
KXF1-26-GR,1785556800,0.06,8365.39,2026-08-01
KXF1-26-GR,1785643200,0.06,3455.33,2026-08-02
KXF1-26-GR,1785729600,0.07,864.57,2026-08-03
KXF1-26-GR,1785816000,0.06,1336.99,2026-08-04
KXF1-26-GR,1785902400,0.07,4480.08,2026-08-05
KXF1-26-GR,1785988800,0.05,2013.57,2026-08-06
KXF1-26-GR,1786075200,0.05,6550.22,2026-08-07
KXF1-26-GR,1786161600,0.06,1129.41,2026-08-08
KXF1-26-GR,1786248000,0.05,2795.24,2026-08-09
KXF1-26-GR,1786334400,0.06,383.79,2026-08-10
KXF1-26-GR,1786420800,0.05,1011.66,2026-08-11
KXF1-26-GR,1786507200,0.05,232.37,2026-08-12
KXF1-26-GR,1786593600,0.06,223.4,2026-08-13
KXF1-26-GR,1786680000,0.06,2196.4,2026-08-14
KXF1-26-GR,1786766400,0.06,10713.21,2026-08-15
KXF1-26-GR,1786852800,0.06,195.13,2026-08-16
KXF1-26-GR,1786939200,0.05,1005.28,2026-08-17
KXF1-26-GR,1787025600,0.06,348.0,2026-08-18
KXF1-26-GR,1787112000,0.06,1190.43,2026-08-19
KXF1-26-GR,1787198400,0.07,5901.54,2026-08-20
KXF1-26-GR,1787284800,0.07,1061.51,2026-08-21
KXF1-26-GR,1787371200,0.08,9225.36,2026-08-22
KXF1-26-GR,1787457600,0.1,3466.86,2026-08-23
KXF1-26-GR,1787544000,0.06,5330.0,2026-08-24
KXF1-26-GR,1787630400,0.05,1632.45,2026-08-25
KXF1-26-GR,1787716800,0.07,2617.83,2026-08-26
KXF1-26-GR,1787803200,0.06,2194.14,2026-08-27
KXF1-26-GR,1787889600,0.06,100.93,2026-08-28
KXF1-26-GR,1787976000,0.06,97.81,2026-08-29
KXF1-26-GR,1788062400,0.06,482.19,2026-08-30
KXF1-26-GR,1788148800,0.07,329.13,2026-08-31
KXF1-26-GR,1788235200,0.06,111.0,2026-09-01
KXF1-26-GR,1788321600,0.07,165.82,2026-09-02
KXF1-26-GR,1788408000,0.07,193.26,2026-09-03
KXF1-26-GR,1788494400,0.07,134.65,2026-09-04
KXF1-26-GR,1788580800,0.09,2842.33,2026-09-05
KXF1-26-GR,1788667200,0.09,7293.31,2026-09-06
KXF1-26-GR,1788753600,0.06,23025.76,2026-09-07
KXF1-26-GR,1788840000,0.06,4902.66,2026-09-08
KXF1-26-KA,1781150400,0.73,8404.5,2026-06-11
KXF1-26-KA,1781236800,0.74,6553.7,2026-06-12
KXF1-26-KA,1781323200,0.71,7772.06,2026-06-13
KXF1-26-KA,1781409600,0.66,15998.37,2026-06-14
KXF1-26-KA,1781496000,0.6,27770.86,2026-06-15
KXF1-26-KA,1781582400,0.61,10133.6,2026-06-16
KXF1-26-KA,1781668800,0.61,10331.56,2026-06-17
KXF1-26-KA,1781755200,0.61,28874.03,2026-06-18
KXF1-26-KA,1781841600,0.61,5823.29,2026-06-19
KXF1-26-KA,1781928000,0.62,6874.56,2026-06-20
KXF1-26-KA,1782014400,0.61,4650.25,2026-06-21
KXF1-26-KA,1782100800,0.6,2978.09,2026-06-22
KXF1-26-KA,1782187200,0.61,3415.16,2026-06-23
KXF1-26-KA,1782273600,0.59,6232.39,2026-06-24
KXF1-26-KA,1782360000,0.6,3620.52,2026-06-25
KXF1-26-KA,1782446400,0.61,7617.47,2026-06-26
KXF1-26-KA,1782532800,0.59,5080.6,2026-06-27
KXF1-26-KA,1782619200,0.57,10261.07,2026-06-28
KXF1-26-KA,1782705600,0.54,12388.15,2026-06-29
KXF1-26-KA,1782792000,0.51,16681.71,2026-06-30
KXF1-26-KA,1782878400,0.53,14738.45,2026-07-01
KXF1-26-KA,1782964800,0.53,8894.24,2026-07-02
KXF1-26-KA,1783051200,0.57,6141.54,2026-07-03
KXF1-26-KA,1783137600,0.6,13795.77,2026-07-04
KXF1-26-KA,1783224000,0.75,14364.98,2026-07-05
KXF1-26-KA,1783310400,0.64,18983.5,2026-07-06
KXF1-26-KA,1783396800,0.62,7906.58,2026-07-07
KXF1-26-KA,1783483200,0.63,15609.23,2026-07-08
KXF1-26-KA,1783569600,0.63,3159.96,2026-07-09
KXF1-26-KA,1783656000,0.62,4234.1,2026-07-10
KXF1-26-KA,1783742400,0.62,1621.41,2026-07-11
KXF1-26-KA,1783828800,0.62,7101.68,2026-07-12
KXF1-26-KA,1783915200,0.61,6104.48,2026-07-13
KXF1-26-KA,1784001600,0.61,3569.76,2026-07-14
KXF1-26-KA,1784088000,0.6,1862.78,2026-07-15
KXF1-26-KA,1784174400,0.62,4940.85,2026-07-16
KXF1-26-KA,1784260800,0.62,1583.12,2026-07-17
KXF1-26-KA,1784347200,0.62,4492.73,2026-07-18
KXF1-26-KA,1784433600,0.64,11380.73,2026-07-19
KXF1-26-KA,1784520000,0.75,21840.88,2026-07-20
KXF1-26-KA,1784606400,0.76,11714.84,2026-07-21
KXF1-26-KA,1784692800,0.76,3941.22,2026-07-22
KXF1-26-KA,1784779200,0.75,1791.11,2026-07-23
KXF1-26-KA,1784865600,0.76,2186.95,2026-07-24
KXF1-26-KA,1784952000,0.72,4559.49,2026-07-25
KXF1-26-KA,1785038400,0.7,5045.51,2026-07-26
KXF1-26-KA,1785124800,0.75,6839.05,2026-07-27
KXF1-26-KA,1785211200,0.75,3644.12,2026-07-28
KXF1-26-KA,1785297600,0.73,3594.2,2026-07-29
KXF1-26-KA,1785384000,0.74,2120.27,2026-07-30
KXF1-26-KA,1785470400,0.75,3250.3,2026-07-31
KXF1-26-KA,1785556800,0.75,2465.68,2026-08-01
KXF1-26-KA,1785643200,0.74,1417.39,2026-08-02
KXF1-26-KA,1785729600,0.75,1961.57,2026-08-03
KXF1-26-KA,1785816000,0.75,2835.83,2026-08-04
KXF1-26-KA,1785902400,0.75,1317.62,2026-08-05
KXF1-26-KA,1785988800,0.74,2166.93,2026-08-06
KXF1-26-KA,1786075200,0.73,8835.98,2026-08-07
KXF1-26-KA,1786161600,0.73,5311.33,2026-08-08
KXF1-26-KA,1786248000,0.73,3701.59,2026-08-09
KXF1-26-KA,1786334400,0.73,3081.85,2026-08-10
KXF1-26-KA,1786420800,0.74,4480.86,2026-08-11
KXF1-26-KA,1786507200,0.73,2548.91,2026-08-12
KXF1-26-KA,1786593600,0.74,1548.81,2026-08-13
KXF1-26-KA,1786680000,0.75,655.85,2026-08-14
KXF1-26-KA,1786766400,0.75,2640.8,2026-08-15
KXF1-26-KA,1786852800,0.73,1260.9,2026-08-16
KXF1-26-KA,1786939200,0.75,1371.97,2026-08-17
KXF1-26-KA,1787025600,0.74,1374.33,2026-08-18
KXF1-26-KA,1787112000,0.74,1362.41,2026-08-19
KXF1-26-KA,1787198400,0.73,1350.78,2026-08-20
KXF1-26-KA,1787284800,0.74,1847.94,2026-08-21
KXF1-26-KA,1787371200,0.72,1304.25,2026-08-22
KXF1-26-KA,1787457600,0.73,2239.35,2026-08-23
KXF1-26-KA,1787544000,0.77,7062.5,2026-08-24
KXF1-26-KA,1787630400,0.76,1854.27,2026-08-25
KXF1-26-KA,1787716800,0.76,4311.92,2026-08-26
KXF1-26-KA,1787803200,0.75,926.36,2026-08-27
KXF1-26-KA,1787889600,0.76,733.68,2026-08-28
KXF1-26-KA,1787976000,0.76,1114.72,2026-08-29
KXF1-26-KA,1788062400,0.75,874.97,2026-08-30
KXF1-26-KA,1788148800,0.73,1539.75,2026-08-31
KXF1-26-KA,1788235200,0.73,1745.75,2026-09-01
KXF1-26-KA,1788321600,0.75,9000.27,2026-09-02
KXF1-26-KA,1788408000,0.72,2673.25,2026-09-03
KXF1-26-KA,1788494400,0.73,5415.87,2026-09-04
KXF1-26-KA,1788580800,0.7,1608.99,2026-09-05
KXF1-26-KA,1788667200,0.72,3389.23,2026-09-06
KXF1-26-KA,1788753600,0.87,21606.8,2026-09-07
KXF1-26-KA,1788840000,0.86,28555.93,2026-09-08
KXF1-26-LN,1781150400,0.01,1574.63,2026-06-11
KXF1-26-LN,1781236800,0.02,2534.84,2026-06-12
KXF1-26-LN,1781323200,0.02,16930.37,2026-06-13
KXF1-26-LN,1781409600,0.01,3275.12,2026-06-14
KXF1-26-LN,1781496000,0.01,3012.66,2026-06-15
KXF1-26-LN,1781582400,0.02,3705.37,2026-06-16
KXF1-26-LN,1781668800,0.02,3607.55,2026-06-17
KXF1-26-LN,1781755200,0.01,5545.1,2026-06-18
KXF1-26-LN,1781841600,0.01,4784.01,2026-06-19
KXF1-26-LN,1781928000,0.02,5037.26,2026-06-20
KXF1-26-LN,1782014400,0.01,24.0,2026-06-21
KXF1-26-LN,1782100800,0.02,269.04,2026-06-22
KXF1-26-LN,1782187200,0.01,647.36,2026-06-23
KXF1-26-LN,1782273600,0.01,39.24,2026-06-24
KXF1-26-LN,1782360000,0.02,96.0,2026-06-25
KXF1-26-LN,1782446400,0.02,1331.09,2026-06-26
KXF1-26-LN,1782532800,0.02,1059.16,2026-06-27
KXF1-26-LN,1782619200,0.01,716.63,2026-06-28
KXF1-26-LN,1782705600,0.01,6424.63,2026-06-29
KXF1-26-LN,1782792000,0.01,1410.46,2026-06-30
KXF1-26-LN,1782878400,0.01,196.24,2026-07-01
KXF1-26-LN,1782964800,0.01,603.64,2026-07-02
KXF1-26-LN,1783051200,0.01,1298.33,2026-07-03
KXF1-26-LN,1783137600,0.02,6814.2,2026-07-04
KXF1-26-LN,1783224000,0.01,2628.5,2026-07-05
KXF1-26-LN,1783310400,0.01,535.51,2026-07-06
KXF1-26-LN,1783396800,0.01,2071.5,2026-07-07
KXF1-26-LN,1783483200,,0.0,2026-07-08
KXF1-26-LN,1783569600,0.01,630.0,2026-07-09
KXF1-26-LN,1783656000,0.01,2219.0,2026-07-10
KXF1-26-LN,1783742400,,0.0,2026-07-11
KXF1-26-LN,1783828800,0.01,18210.78,2026-07-12
KXF1-26-LN,1783915200,0.01,2141.12,2026-07-13
KXF1-26-LN,1784001600,0.02,217.62,2026-07-14
KXF1-26-LN,1784088000,0.02,161.0,2026-07-15
KXF1-26-LN,1784174400,0.02,1.0,2026-07-16
KXF1-26-LN,1784347200,0.01,243.0,2026-07-18
KXF1-26-LN,1784433600,0.02,207.83,2026-07-19
KXF1-26-LN,1784520000,0.02,7549.68,2026-07-20
KXF1-26-LN,1784606400,0.01,93.51,2026-07-21
KXF1-26-LN,1784692800,,0.0,2026-07-22
KXF1-26-LN,1784779200,,0.0,2026-07-23
KXF1-26-LN,1784865600,,0.0,2026-07-24
KXF1-26-LN,1784952000,0.01,2580.97,2026-07-25
KXF1-26-LN,1785038400,0.02,9685.87,2026-07-26
KXF1-26-LN,1785124800,0.04,27186.72,2026-07-27
KXF1-26-LN,1785211200,0.03,10227.29,2026-07-28
KXF1-26-LN,1785297600,0.03,7351.38,2026-07-29
KXF1-26-LN,1785384000,0.03,2207.75,2026-07-30
KXF1-26-LN,1785470400,0.03,5722.4,2026-07-31
KXF1-26-LN,1785556800,0.03,5986.36,2026-08-01
KXF1-26-LN,1785643200,0.03,5101.16,2026-08-02
KXF1-26-LN,1785729600,0.02,3480.12,2026-08-03
KXF1-26-LN,1785816000,0.04,2155.36,2026-08-04
KXF1-26-LN,1785902400,0.04,1733.72,2026-08-05
KXF1-26-LN,1785988800,0.04,1742.14,2026-08-06
KXF1-26-LN,1786075200,0.04,714.33,2026-08-07
KXF1-26-LN,1786161600,0.03,1565.81,2026-08-08
KXF1-26-LN,1786248000,0.04,6539.2,2026-08-09
KXF1-26-LN,1786334400,0.04,1827.71,2026-08-10
KXF1-26-LN,1786420800,0.04,2022.56,2026-08-11
KXF1-26-LN,1786507200,0.03,441.29,2026-08-12
KXF1-26-LN,1786593600,0.03,4756.87,2026-08-13
KXF1-26-LN,1786680000,0.04,60.42,2026-08-14
KXF1-26-LN,1786766400,0.04,3227.61,2026-08-15
KXF1-26-LN,1786852800,0.03,1667.16,2026-08-16
KXF1-26-LN,1786939200,0.03,1177.64,2026-08-17
KXF1-26-LN,1787025600,0.04,566.47,2026-08-18
KXF1-26-LN,1787112000,0.03,3394.82,2026-08-19
KXF1-26-LN,1787198400,0.04,1833.57,2026-08-20
KXF1-26-LN,1787284800,0.04,638.62,2026-08-21
KXF1-26-LN,1787371200,0.05,5250.28,2026-08-22
KXF1-26-LN,1787457600,0.05,7913.43,2026-08-23
KXF1-26-LN,1787544000,0.1,32567.62,2026-08-24
KXF1-26-LN,1787630400,0.1,12681.86,2026-08-25
KXF1-26-LN,1787716800,0.1,5203.06,2026-08-26
KXF1-26-LN,1787803200,0.09,1826.33,2026-08-27
KXF1-26-LN,1787889600,0.09,963.88,2026-08-28
KXF1-26-LN,1787976000,0.1,8401.6,2026-08-29
KXF1-26-LN,1788062400,0.08,1347.66,2026-08-30
KXF1-26-LN,1788148800,0.09,6048.47,2026-08-31
KXF1-26-LN,1788235200,0.08,2711.59,2026-09-01
KXF1-26-LN,1788321600,0.07,5040.68,2026-09-02
KXF1-26-LN,1788408000,0.07,1158.2,2026-09-03
KXF1-26-LN,1788494400,0.08,2518.01,2026-09-04
KXF1-26-LN,1788580800,0.08,3825.0,2026-09-05
KXF1-26-LN,1788667200,0.08,5720.78,2026-09-06
KXF1-26-LN,1788753600,0.03,9527.45,2026-09-07
KXF1-26-LN,1788840000,0.03,9331.96,2026-09-08
SENATEME-26-D,1781150400,0.57,23689.49,2026-06-11
SENATEME-26-D,1781236800,0.6,16027.2,2026-06-12
SENATEME-26-D,1781323200,0.59,7380.96,2026-06-13
SENATEME-26-D,1781409600,0.61,11187.04,2026-06-14
SENATEME-26-D,1781496000,0.6,6110.11,2026-06-15
SENATEME-26-D,1781582400,0.59,16927.16,2026-06-16
SENATEME-26-D,1781668800,0.57,4159.43,2026-06-17
SENATEME-26-D,1781755200,0.57,3730.21,2026-06-18
SENATEME-26-D,1781841600,0.56,39346.91,2026-06-19
SENATEME-26-D,1781928000,0.59,7389.22,2026-06-20
SENATEME-26-D,1782014400,0.58,4262.75,2026-06-21
SENATEME-26-D,1782100800,0.57,1723.53,2026-06-22
SENATEME-26-D,1782187200,0.57,2955.37,2026-06-23
SENATEME-26-D,1782273600,0.56,1824.1,2026-06-24
SENATEME-26-D,1782360000,0.58,11314.01,2026-06-25
SENATEME-26-D,1782446400,0.6,8434.4,2026-06-26
SENATEME-26-D,1782532800,0.61,897.09,2026-06-27
SENATEME-26-D,1782619200,0.6,4349.64,2026-06-28
SENATEME-26-D,1782705600,0.61,1488.09,2026-06-29
SENATEME-26-D,1782792000,0.59,985.65,2026-06-30
SENATEME-26-D,1782878400,0.56,12195.9,2026-07-01
SENATEME-26-D,1782964800,0.52,24334.8,2026-07-02
SENATEME-26-D,1783051200,0.5,92190.41,2026-07-03
SENATEME-26-D,1783137600,0.52,9068.91,2026-07-04
SENATEME-26-D,1783224000,0.52,11719.55,2026-07-05
SENATEME-26-D,1783310400,0.5,2620.58,2026-07-06
SENATEME-26-D,1783396800,0.57,459886.95,2026-07-07
SENATEME-26-D,1783483200,0.6,48309.57,2026-07-08
SENATEME-26-D,1783569600,0.64,46564.24,2026-07-09
SENATEME-26-D,1783656000,0.61,12606.59,2026-07-10
SENATEME-26-D,1783742400,0.62,16202.09,2026-07-11
SENATEME-26-D,1783828800,0.62,1450.26,2026-07-12
SENATEME-26-D,1783915200,0.63,1909.56,2026-07-13
SENATEME-26-D,1784001600,0.66,23418.86,2026-07-14
SENATEME-26-D,1784088000,0.66,12691.58,2026-07-15
SENATEME-26-D,1784174400,0.65,13786.54,2026-07-16
SENATEME-26-D,1784260800,0.65,9829.27,2026-07-17
SENATEME-26-D,1784347200,0.65,2114.56,2026-07-18
SENATEME-26-D,1784433600,0.66,2639.87,2026-07-19
SENATEME-26-D,1784520000,0.66,3407.11,2026-07-20
SENATEME-26-D,1784606400,0.65,8948.95,2026-07-21
SENATEME-26-D,1784692800,0.64,22097.92,2026-07-22
SENATEME-26-D,1784779200,0.65,6150.64,2026-07-23
SENATEME-26-D,1784865600,0.64,14074.65,2026-07-24
SENATEME-26-D,1784952000,0.65,712.84,2026-07-25
SENATEME-26-D,1785038400,0.65,1497.57,2026-07-26
SENATEME-26-D,1785124800,0.62,10120.82,2026-07-27
SENATEME-26-D,1785211200,0.63,18806.15,2026-07-28
SENATEME-26-D,1785297600,0.64,7592.14,2026-07-29
SENATEME-26-D,1785384000,0.64,2714.23,2026-07-30
SENATEME-26-D,1785470400,0.64,3014.23,2026-07-31
SENATEME-26-D,1785556800,0.63,6072.41,2026-08-01
SENATEME-26-D,1785643200,0.64,10277.89,2026-08-02
SENATEME-26-D,1785729600,0.64,1177.52,2026-08-03
SENATEME-26-D,1785816000,0.64,752.51,2026-08-04
SENATEME-26-D,1785902400,0.63,3581.78,2026-08-05
SENATEME-26-D,1785988800,0.64,10433.75,2026-08-06
SENATEME-26-D,1786075200,0.64,5878.02,2026-08-07
SENATEME-26-D,1786161600,0.64,1490.34,2026-08-08
SENATEME-26-D,1786248000,0.65,1214.76,2026-08-09
SENATEME-26-D,1786334400,0.65,140.68,2026-08-10
SENATEME-26-D,1786420800,0.65,2942.57,2026-08-11
SENATEME-26-D,1786507200,0.65,1905.33,2026-08-12
SENATEME-26-D,1786593600,0.67,38050.33,2026-08-13
SENATEME-26-D,1786680000,0.66,3230.63,2026-08-14
SENATEME-26-D,1786766400,0.66,3938.44,2026-08-15
SENATEME-26-D,1786852800,0.66,2047.73,2026-08-16
SENATEME-26-D,1786939200,0.66,559.14,2026-08-17
SENATEME-26-D,1787025600,0.66,1859.25,2026-08-18
SENATEME-26-D,1787112000,0.66,2046.2,2026-08-19
SENATEME-26-D,1787198400,0.66,807.87,2026-08-20
SENATEME-26-D,1787284800,0.66,2636.16,2026-08-21
SENATEME-26-D,1787371200,0.66,7205.91,2026-08-22
SENATEME-26-D,1787457600,0.69,24159.61,2026-08-23
SENATEME-26-D,1787544000,0.68,514.43,2026-08-24
SENATEME-26-D,1787630400,0.69,2013.21,2026-08-25
SENATEME-26-D,1787716800,0.69,13398.29,2026-08-26
SENATEME-26-D,1787803200,0.69,5031.13,2026-08-27
SENATEME-26-D,1787889600,0.67,29229.97,2026-08-28
SENATEME-26-D,1787976000,0.69,7885.44,2026-08-29
SENATEME-26-D,1788062400,0.7,2883.33,2026-08-30
SENATEME-26-D,1788148800,0.7,678.16,2026-08-31
SENATEME-26-D,1788235200,0.7,3349.39,2026-09-01
SENATEME-26-D,1788321600,0.7,21179.67,2026-09-02
SENATEME-26-D,1788408000,0.68,3673.38,2026-09-03
SENATEME-26-D,1788494400,0.69,15576.64,2026-09-04
SENATEME-26-D,1788580800,0.69,2889.32,2026-09-05
SENATEME-26-D,1788667200,0.69,5469.19,2026-09-06
SENATEME-26-D,1788753600,0.69,312.6,2026-09-07
SENATEME-26-D,1788840000,0.68,3141.71,2026-09-08
SENATEME-26-R,1781150400,0.42,25774.28,2026-06-11
SENATEME-26-R,1781236800,0.41,10042.6,2026-06-12
SENATEME-26-R,1781323200,0.42,12641.28,2026-06-13
SENATEME-26-R,1781409600,0.4,12789.74,2026-06-14
SENATEME-26-R,1781496000,0.42,29171.1,2026-06-15
SENATEME-26-R,1781582400,0.43,6521.3,2026-06-16
SENATEME-26-R,1781668800,0.43,9051.7,2026-06-17
SENATEME-26-R,1781755200,0.43,3551.2,2026-06-18
SENATEME-26-R,1781841600,0.43,5899.85,2026-06-19
SENATEME-26-R,1781928000,0.44,10981.75,2026-06-20
SENATEME-26-R,1782014400,0.43,4072.7,2026-06-21
SENATEME-26-R,1782100800,0.44,6442.53,2026-06-22
SENATEME-26-R,1782187200,0.43,16410.77,2026-06-23
SENATEME-26-R,1782273600,0.43,1283.77,2026-06-24
SENATEME-26-R,1782360000,0.42,25241.44,2026-06-25
SENATEME-26-R,1782446400,0.42,5973.88,2026-06-26
SENATEME-26-R,1782532800,0.42,5176.22,2026-06-27
SENATEME-26-R,1782619200,0.4,1146.08,2026-06-28
SENATEME-26-R,1782705600,0.41,4781.15,2026-06-29
SENATEME-26-R,1782792000,0.42,21724.04,2026-06-30
SENATEME-26-R,1782878400,0.46,19558.93,2026-07-01
SENATEME-26-R,1782964800,0.49,11279.39,2026-07-02
SENATEME-26-R,1783051200,0.49,5780.33,2026-07-03
SENATEME-26-R,1783137600,0.48,8965.87,2026-07-04
SENATEME-26-R,1783224000,0.48,4765.08,2026-07-05
SENATEME-26-R,1783310400,0.49,9188.4,2026-07-06
SENATEME-26-R,1783396800,0.41,333897.79,2026-07-07
SENATEME-26-R,1783483200,0.41,51635.18,2026-07-08
SENATEME-26-R,1783569600,0.37,63224.5,2026-07-09
SENATEME-26-R,1783656000,0.4,29830.18,2026-07-10
SENATEME-26-R,1783742400,0.38,13603.61,2026-07-11
SENATEME-26-R,1783828800,0.38,12807.8,2026-07-12
SENATEME-26-R,1783915200,0.36,8404.53,2026-07-13
SENATEME-26-R,1784001600,0.35,18370.5,2026-07-14
SENATEME-26-R,1784088000,0.35,28628.53,2026-07-15
SENATEME-26-R,1784174400,0.35,5369.46,2026-07-16
SENATEME-26-R,1784260800,0.35,22588.24,2026-07-17
SENATEME-26-R,1784347200,0.35,23755.54,2026-07-18
SENATEME-26-R,1784433600,0.36,6944.76,2026-07-19
SENATEME-26-R,1784520000,0.35,19175.41,2026-07-20
SENATEME-26-R,1784606400,0.36,19441.8,2026-07-21
SENATEME-26-R,1784692800,0.36,11607.39,2026-07-22
SENATEME-26-R,1784779200,0.35,14630.58,2026-07-23
SENATEME-26-R,1784865600,0.36,32507.24,2026-07-24
SENATEME-26-R,1784952000,0.37,3156.99,2026-07-25
SENATEME-26-R,1785038400,0.37,14448.83,2026-07-26
SENATEME-26-R,1785124800,0.39,7408.53,2026-07-27
SENATEME-26-R,1785211200,0.38,15835.89,2026-07-28
SENATEME-26-R,1785297600,0.36,3799.26,2026-07-29
SENATEME-26-R,1785384000,0.37,10398.41,2026-07-30
SENATEME-26-R,1785470400,0.37,9172.38,2026-07-31
SENATEME-26-R,1785556800,0.38,14892.28,2026-08-01
SENATEME-26-R,1785643200,0.37,4896.15,2026-08-02
SENATEME-26-R,1785729600,0.35,2729.38,2026-08-03
SENATEME-26-R,1785816000,0.37,1488.42,2026-08-04
SENATEME-26-R,1785902400,0.37,10538.41,2026-08-05
SENATEME-26-R,1785988800,0.37,3523.1,2026-08-06
SENATEME-26-R,1786075200,0.37,4195.23,2026-08-07
SENATEME-26-R,1786161600,0.37,6495.52,2026-08-08
SENATEME-26-R,1786248000,0.36,3198.38,2026-08-09
SENATEME-26-R,1786334400,0.37,2182.54,2026-08-10
SENATEME-26-R,1786420800,0.36,36112.78,2026-08-11
SENATEME-26-R,1786507200,0.36,3637.29,2026-08-12
SENATEME-26-R,1786593600,0.35,30407.35,2026-08-13
SENATEME-26-R,1786680000,0.35,8245.59,2026-08-14
SENATEME-26-R,1786766400,0.36,46903.82,2026-08-15
SENATEME-26-R,1786852800,0.36,4963.66,2026-08-16
SENATEME-26-R,1786939200,0.36,979.25,2026-08-17
SENATEME-26-R,1787025600,0.36,5445.71,2026-08-18
SENATEME-26-R,1787112000,0.35,5780.22,2026-08-19
SENATEME-26-R,1787198400,0.35,3591.36,2026-08-20
SENATEME-26-R,1787284800,0.35,5932.32,2026-08-21
SENATEME-26-R,1787371200,0.35,2084.69,2026-08-22
SENATEME-26-R,1787457600,0.32,43174.02,2026-08-23
SENATEME-26-R,1787544000,0.33,1539.68,2026-08-24
SENATEME-26-R,1787630400,0.31,21744.96,2026-08-25
SENATEME-26-R,1787716800,0.3,16520.68,2026-08-26
SENATEME-26-R,1787803200,0.32,10594.21,2026-08-27
SENATEME-26-R,1787889600,0.35,74088.15,2026-08-28
SENATEME-26-R,1787976000,0.32,281231.95,2026-08-29
SENATEME-26-R,1788062400,0.31,25291.62,2026-08-30
SENATEME-26-R,1788148800,0.31,4133.85,2026-08-31
SENATEME-26-R,1788235200,0.31,13494.11,2026-09-01
SENATEME-26-R,1788321600,0.3,4751.54,2026-09-02
SENATEME-26-R,1788408000,0.32,41184.39,2026-09-03
SENATEME-26-R,1788494400,0.31,7848.17,2026-09-04
SENATEME-26-R,1788580800,0.32,2989.57,2026-09-05
SENATEME-26-R,1788667200,0.32,6031.04,2026-09-06
SENATEME-26-R,1788753600,0.32,10021.92,2026-09-07
SENATEME-26-R,1788840000,0.32,3779.24,2026-09-08
KXMLBAL-26-CLE,1781150400,0.1,248.0,2026-06-11
KXMLBAL-26-CLE,1781236800,0.1,1550.84,2026-06-12
KXMLBAL-26-CLE,1781323200,0.09,162.27,2026-06-13
KXMLBAL-26-CLE,1781409600,0.08,163.0,2026-06-14
KXMLBAL-26-CLE,1781496000,0.06,24524.66,2026-06-15
KXMLBAL-26-CLE,1781582400,0.07,1302.36,2026-06-16
KXMLBAL-26-CLE,1781668800,0.07,415.88,2026-06-17
KXMLBAL-26-CLE,1781755200,0.06,236.01,2026-06-18
KXMLBAL-26-CLE,1781841600,0.05,161.83,2026-06-19
KXMLBAL-26-CLE,1781928000,0.04,205.0,2026-06-20
KXMLBAL-26-CLE,1782014400,0.05,93.76,2026-06-21
KXMLBAL-26-CLE,1782100800,0.05,3623.8,2026-06-22
KXMLBAL-26-CLE,1782187200,0.06,9537.0,2026-06-23
KXMLBAL-26-CLE,1782273600,,0.0,2026-06-24
KXMLBAL-26-CLE,1782360000,,0.0,2026-06-25
KXMLBAL-26-CLE,1782446400,,0.0,2026-06-26
KXMLBAL-26-CLE,1782532800,0.06,1.0,2026-06-27
KXMLBAL-26-CLE,1782619200,0.06,50.0,2026-06-28
KXMLBAL-26-CLE,1782705600,0.06,1016.45,2026-06-29
KXMLBAL-26-CLE,1782792000,0.05,5.0,2026-06-30
KXMLBAL-26-CLE,1782878400,0.05,1.0,2026-07-01
KXMLBAL-26-CLE,1782964800,0.04,256.0,2026-07-02
KXMLBAL-26-CLE,1783051200,0.06,12176.7,2026-07-03
KXMLBAL-26-CLE,1783137600,0.05,163.0,2026-07-04
KXMLBAL-26-CLE,1783224000,0.06,132.0,2026-07-05
KXMLBAL-26-CLE,1783310400,0.05,289.18,2026-07-06
KXMLBAL-26-CLE,1783396800,0.06,10.0,2026-07-07
KXMLBAL-26-CLE,1783483200,0.06,78.18,2026-07-08
KXMLBAL-26-CLE,1783569600,,0.0,2026-07-09
KXMLBAL-26-CLE,1783656000,0.06,1953.15,2026-07-10
KXMLBAL-26-CLE,1783742400,0.06,1322.0,2026-07-11
KXMLBAL-26-CLE,1783828800,0.06,400.0,2026-07-12
KXMLBAL-26-CLE,1783915200,0.06,1381.48,2026-07-13
KXMLBAL-26-CLE,1784001600,0.06,1.66,2026-07-14
KXMLBAL-26-CLE,1784088000,0.07,1305.41,2026-07-15
KXMLBAL-26-CLE,1784174400,0.06,8605.19,2026-07-16
KXMLBAL-26-CLE,1784260800,0.06,1205.1,2026-07-17
KXMLBAL-26-CLE,1784347200,0.06,73.0,2026-07-18
KXMLBAL-26-CLE,1784433600,0.07,1204.91,2026-07-19
KXMLBAL-26-CLE,1784520000,0.07,230.42,2026-07-20
KXMLBAL-26-CLE,1784606400,0.07,214.45,2026-07-21
KXMLBAL-26-CLE,1784692800,0.07,48.71,2026-07-22
KXMLBAL-26-CLE,1784779200,0.07,413.37,2026-07-23
KXMLBAL-26-CLE,1784865600,0.07,77.06,2026-07-24
KXMLBAL-26-CLE,1784952000,0.07,24.0,2026-07-25
KXMLBAL-26-CLE,1785038400,,0.0,2026-07-26
KXMLBAL-26-CLE,1785124800,0.07,28.0,2026-07-27
KXMLBAL-26-CLE,1785211200,0.04,929.37,2026-07-28
KXMLBAL-26-CLE,1785297600,0.05,54.6,2026-07-29
KXMLBAL-26-CLE,1785384000,0.04,573.38,2026-07-30
KXMLBAL-26-CLE,1785470400,0.05,3564.81,2026-07-31
KXMLBAL-26-CLE,1785556800,0.06,3905.19,2026-08-01
KXMLBAL-26-CLE,1785643200,0.05,2670.71,2026-08-02
KXMLBAL-26-CLE,1785729600,0.05,873.81,2026-08-03
KXMLBAL-26-CLE,1785816000,0.07,20202.9,2026-08-04
KXMLBAL-26-CLE,1785902400,0.07,2489.94,2026-08-05
KXMLBAL-26-CLE,1785988800,0.05,1086.83,2026-08-06
KXMLBAL-26-CLE,1786075200,0.05,1465.06,2026-08-07
KXMLBAL-26-CLE,1786161600,0.05,580.75,2026-08-08
KXMLBAL-26-CLE,1786248000,0.05,692.3,2026-08-09
KXMLBAL-26-CLE,1786334400,0.05,5485.82,2026-08-10
KXMLBAL-26-CLE,1786420800,0.03,2811.32,2026-08-11
KXMLBAL-26-CLE,1786507200,0.03,3919.84,2026-08-12
KXMLBAL-26-CLE,1786593600,0.02,1120.43,2026-08-13
KXMLBAL-26-CLE,1786680000,0.03,5430.05,2026-08-14
KXMLBAL-26-CLE,1786766400,0.03,14.0,2026-08-15
KXMLBAL-26-CLE,1786852800,0.04,1100.08,2026-08-16
KXMLBAL-26-CLE,1786939200,0.03,201.76,2026-08-17
KXMLBAL-26-CLE,1787025600,0.04,1000.0,2026-08-18
KXMLBAL-26-CLE,1787112000,0.03,1162.47,2026-08-19
KXMLBAL-26-CLE,1787198400,0.02,8334.52,2026-08-20
KXMLBAL-26-CLE,1787284800,0.04,26.9,2026-08-21
KXMLBAL-26-CLE,1787371200,0.03,3517.95,2026-08-22
KXMLBAL-26-CLE,1787457600,0.03,72.0,2026-08-23
KXMLBAL-26-CLE,1787544000,0.04,2004.71,2026-08-24
KXMLBAL-26-CLE,1787630400,0.05,6158.04,2026-08-25
KXMLBAL-26-CLE,1787716800,0.04,2585.73,2026-08-26
KXMLBAL-26-CLE,1787803200,0.06,38954.15,2026-08-27
KXMLBAL-26-CLE,1787889600,0.07,1916.48,2026-08-28
KXMLBAL-26-CLE,1787976000,0.06,7579.29,2026-08-29
KXMLBAL-26-CLE,1788062400,0.06,1137.8,2026-08-30
KXMLBAL-26-CLE,1788148800,0.06,1517.73,2026-08-31
KXMLBAL-26-CLE,1788235200,0.07,671.66,2026-09-01
KXMLBAL-26-CLE,1788321600,0.06,4640.86,2026-09-02
KXMLBAL-26-CLE,1788408000,0.05,10920.82,2026-09-03
KXMLBAL-26-CLE,1788494400,0.06,554.87,2026-09-04
KXMLBAL-26-CLE,1788580800,0.06,3205.72,2026-09-05
KXMLBAL-26-CLE,1788667200,0.06,2965.71,2026-09-06
KXMLBAL-26-CLE,1788753600,0.06,1627.5,2026-09-07
KXMLBAL-26-CLE,1788840000,0.05,11647.59,2026-09-08
KXMLBAL-26-CWS,1781150400,0.04,2101.85,2026-06-11
KXMLBAL-26-CWS,1781236800,0.04,5597.97,2026-06-12
KXMLBAL-26-CWS,1781323200,0.05,7931.67,2026-06-13
KXMLBAL-26-CWS,1781409600,0.05,7048.9,2026-06-14
KXMLBAL-26-CWS,1781496000,0.05,418.34,2026-06-15
KXMLBAL-26-CWS,1781582400,0.05,17387.61,2026-06-16
KXMLBAL-26-CWS,1781668800,0.06,3305.27,2026-06-17
KXMLBAL-26-CWS,1781755200,0.07,169.09,2026-06-18
KXMLBAL-26-CWS,1781841600,0.05,3153.21,2026-06-19
KXMLBAL-26-CWS,1781928000,0.07,149.41,2026-06-20
KXMLBAL-26-CWS,1782014400,0.04,1373.41,2026-06-21
KXMLBAL-26-CWS,1782100800,0.05,5625.82,2026-06-22
KXMLBAL-26-CWS,1782187200,0.05,85.41,2026-06-23
KXMLBAL-26-CWS,1782273600,0.06,1902.66,2026-06-24
KXMLBAL-26-CWS,1782360000,0.05,1063.11,2026-06-25
KXMLBAL-26-CWS,1782446400,0.06,285.16,2026-06-26
KXMLBAL-26-CWS,1782532800,0.06,6056.85,2026-06-27
KXMLBAL-26-CWS,1782619200,0.06,3161.1,2026-06-28
KXMLBAL-26-CWS,1782705600,0.06,1402.38,2026-06-29
KXMLBAL-26-CWS,1782792000,0.05,907.4,2026-06-30
KXMLBAL-26-CWS,1782878400,0.07,2411.87,2026-07-01
KXMLBAL-26-CWS,1782964800,0.07,4721.63,2026-07-02
KXMLBAL-26-CWS,1783051200,0.05,3091.51,2026-07-03
KXMLBAL-26-CWS,1783137600,0.07,7011.32,2026-07-04
KXMLBAL-26-CWS,1783224000,0.06,1028.05,2026-07-05
KXMLBAL-26-CWS,1783310400,0.07,1168.4,2026-07-06
KXMLBAL-26-CWS,1783396800,0.07,3076.05,2026-07-07
KXMLBAL-26-CWS,1783483200,0.06,4084.76,2026-07-08
KXMLBAL-26-CWS,1783569600,0.07,357.0,2026-07-09
KXMLBAL-26-CWS,1783656000,0.06,587.59,2026-07-10
KXMLBAL-26-CWS,1783742400,0.07,2335.57,2026-07-11
KXMLBAL-26-CWS,1783828800,0.06,674.91,2026-07-12
KXMLBAL-26-CWS,1783915200,0.06,6412.7,2026-07-13
KXMLBAL-26-CWS,1784001600,0.07,21889.67,2026-07-14
KXMLBAL-26-CWS,1784088000,0.06,1379.65,2026-07-15
KXMLBAL-26-CWS,1784174400,0.06,1601.85,2026-07-16
KXMLBAL-26-CWS,1784260800,0.07,508.38,2026-07-17
KXMLBAL-26-CWS,1784347200,0.07,2182.48,2026-07-18
KXMLBAL-26-CWS,1784433600,0.07,5973.95,2026-07-19
KXMLBAL-26-CWS,1784520000,0.07,4157.76,2026-07-20
KXMLBAL-26-CWS,1784606400,0.07,3677.88,2026-07-21
KXMLBAL-26-CWS,1784692800,0.07,625.15,2026-07-22
KXMLBAL-26-CWS,1784779200,0.08,1045.86,2026-07-23
KXMLBAL-26-CWS,1784865600,0.07,3642.11,2026-07-24
KXMLBAL-26-CWS,1784952000,0.07,11263.33,2026-07-25
KXMLBAL-26-CWS,1785038400,0.08,656.91,2026-07-26
KXMLBAL-26-CWS,1785124800,0.09,606.62,2026-07-27
KXMLBAL-26-CWS,1785211200,0.09,886.19,2026-07-28
KXMLBAL-26-CWS,1785297600,0.1,7677.73,2026-07-29
KXMLBAL-26-CWS,1785384000,0.09,1593.35,2026-07-30
KXMLBAL-26-CWS,1785470400,0.09,6642.48,2026-07-31
KXMLBAL-26-CWS,1785556800,0.09,10763.32,2026-08-01
KXMLBAL-26-CWS,1785643200,0.09,2077.69,2026-08-02
KXMLBAL-26-CWS,1785729600,0.09,1483.49,2026-08-03
KXMLBAL-26-CWS,1785816000,0.09,2225.82,2026-08-04
KXMLBAL-26-CWS,1785902400,0.08,1941.01,2026-08-05
KXMLBAL-26-CWS,1785988800,0.09,834.5,2026-08-06
KXMLBAL-26-CWS,1786075200,0.09,3279.72,2026-08-07
KXMLBAL-26-CWS,1786161600,0.08,12445.78,2026-08-08
KXMLBAL-26-CWS,1786248000,0.06,1696.94,2026-08-09
KXMLBAL-26-CWS,1786334400,0.06,6285.15,2026-08-10
KXMLBAL-26-CWS,1786420800,0.06,954.28,2026-08-11
KXMLBAL-26-CWS,1786507200,0.08,362.28,2026-08-12
KXMLBAL-26-CWS,1786593600,0.09,9196.59,2026-08-13
KXMLBAL-26-CWS,1786680000,0.07,442.91,2026-08-14
KXMLBAL-26-CWS,1786766400,0.07,1609.13,2026-08-15
KXMLBAL-26-CWS,1786852800,0.08,2149.11,2026-08-16
KXMLBAL-26-CWS,1786939200,0.09,4463.6,2026-08-17
KXMLBAL-26-CWS,1787025600,0.11,3086.94,2026-08-18
KXMLBAL-26-CWS,1787112000,0.09,414.29,2026-08-19
KXMLBAL-26-CWS,1787198400,0.1,6722.45,2026-08-20
KXMLBAL-26-CWS,1787284800,0.1,9476.96,2026-08-21
KXMLBAL-26-CWS,1787371200,0.1,3788.12,2026-08-22
KXMLBAL-26-CWS,1787457600,0.1,1307.17,2026-08-23
KXMLBAL-26-CWS,1787544000,0.09,3165.39,2026-08-24
KXMLBAL-26-CWS,1787630400,0.1,1412.73,2026-08-25
KXMLBAL-26-CWS,1787716800,0.09,174.0,2026-08-26
KXMLBAL-26-CWS,1787803200,0.1,513.61,2026-08-27
KXMLBAL-26-CWS,1787889600,0.1,7219.06,2026-08-28
KXMLBAL-26-CWS,1787976000,0.09,612.98,2026-08-29
KXMLBAL-26-CWS,1788062400,0.1,2607.43,2026-08-30
KXMLBAL-26-CWS,1788148800,0.11,22196.11,2026-08-31
KXMLBAL-26-CWS,1788235200,0.13,7225.17,2026-09-01
KXMLBAL-26-CWS,1788321600,0.11,5545.89,2026-09-02
KXMLBAL-26-CWS,1788408000,0.14,771.69,2026-09-03
KXMLBAL-26-CWS,1788494400,0.12,1087.89,2026-09-04
KXMLBAL-26-CWS,1788580800,0.13,3988.76,2026-09-05
KXMLBAL-26-CWS,1788667200,0.14,109.8,2026-09-06
KXMLBAL-26-CWS,1788753600,0.13,603.42,2026-09-07
KXMLBAL-26-CWS,1788840000,0.11,1229.53,2026-09-08
KXMLBAL-26-HOU,1781150400,0.04,385.0,2026-06-11
KXMLBAL-26-HOU,1781236800,0.03,3249.42,2026-06-12
KXMLBAL-26-HOU,1781323200,,0.0,2026-06-13
KXMLBAL-26-HOU,1781409600,0.04,21.0,2026-06-14
KXMLBAL-26-HOU,1781496000,0.04,2461.5,2026-06-15
KXMLBAL-26-HOU,1781582400,0.02,946.73,2026-06-16
KXMLBAL-26-HOU,1781668800,0.04,150.15,2026-06-17
KXMLBAL-26-HOU,1781755200,0.04,173.0,2026-06-18
KXMLBAL-26-HOU,1781841600,0.04,5869.0,2026-06-19
KXMLBAL-26-HOU,1781928000,,0.0,2026-06-20
KXMLBAL-26-HOU,1782014400,0.06,6630.76,2026-06-21
KXMLBAL-26-HOU,1782100800,0.04,1704.11,2026-06-22
KXMLBAL-26-HOU,1782187200,,0.0,2026-06-23
KXMLBAL-26-HOU,1782273600,0.05,57.25,2026-06-24
KXMLBAL-26-HOU,1782360000,0.05,1135.85,2026-06-25
KXMLBAL-26-HOU,1782446400,0.05,1190.34,2026-06-26
KXMLBAL-26-HOU,1782532800,0.05,321.02,2026-06-27
KXMLBAL-26-HOU,1782619200,0.05,3309.18,2026-06-28
KXMLBAL-26-HOU,1782705600,0.05,244.46,2026-06-29
KXMLBAL-26-HOU,1782792000,0.07,3034.88,2026-06-30
KXMLBAL-26-HOU,1782878400,0.06,67.76,2026-07-01
KXMLBAL-26-HOU,1782964800,0.07,1597.82,2026-07-02
KXMLBAL-26-HOU,1783051200,0.06,127.54,2026-07-03
KXMLBAL-26-HOU,1783137600,0.05,422.02,2026-07-04
KXMLBAL-26-HOU,1783224000,0.05,7214.14,2026-07-05
KXMLBAL-26-HOU,1783310400,0.05,4178.14,2026-07-06
KXMLBAL-26-HOU,1783396800,0.06,1951.67,2026-07-07
KXMLBAL-26-HOU,1783483200,0.05,637.0,2026-07-08
KXMLBAL-26-HOU,1783569600,0.05,1608.0,2026-07-09
KXMLBAL-26-HOU,1783656000,0.06,4183.32,2026-07-10
KXMLBAL-26-HOU,1783742400,0.06,78.18,2026-07-11
KXMLBAL-26-HOU,1783828800,,0.0,2026-07-12
KXMLBAL-26-HOU,1783915200,0.06,678.33,2026-07-13
KXMLBAL-26-HOU,1784001600,0.06,376.96,2026-07-14
KXMLBAL-26-HOU,1784088000,0.05,4025.3,2026-07-15
KXMLBAL-26-HOU,1784174400,0.06,1163.02,2026-07-16
KXMLBAL-26-HOU,1784260800,0.06,3.81,2026-07-17
KXMLBAL-26-HOU,1784347200,0.04,10434.93,2026-07-18
KXMLBAL-26-HOU,1784433600,,0.0,2026-07-19
KXMLBAL-26-HOU,1784520000,0.04,100.0,2026-07-20
KXMLBAL-26-HOU,1784606400,0.04,1171.27,2026-07-21
KXMLBAL-26-HOU,1784692800,0.04,2248.75,2026-07-22
KXMLBAL-26-HOU,1784779200,0.05,4006.02,2026-07-23
KXMLBAL-26-HOU,1784865600,0.04,2453.73,2026-07-24
KXMLBAL-26-HOU,1784952000,0.04,1641.0,2026-07-25
KXMLBAL-26-HOU,1785038400,0.04,2756.2,2026-07-26
KXMLBAL-26-HOU,1785124800,0.06,5164.62,2026-07-27
KXMLBAL-26-HOU,1785211200,0.05,1341.45,2026-07-28
KXMLBAL-26-HOU,1785297600,0.05,1156.65,2026-07-29
KXMLBAL-26-HOU,1785384000,0.06,523.97,2026-07-30
KXMLBAL-26-HOU,1785470400,0.08,5101.59,2026-07-31
KXMLBAL-26-HOU,1785556800,0.09,14387.09,2026-08-01
KXMLBAL-26-HOU,1785643200,0.1,19237.22,2026-08-02
KXMLBAL-26-HOU,1785729600,0.11,15821.52,2026-08-03
KXMLBAL-26-HOU,1785816000,0.1,3028.21,2026-08-04
KXMLBAL-26-HOU,1785902400,0.09,3667.04,2026-08-05
KXMLBAL-26-HOU,1785988800,0.1,8319.41,2026-08-06
KXMLBAL-26-HOU,1786075200,0.1,5785.58,2026-08-07
KXMLBAL-26-HOU,1786161600,0.1,2494.06,2026-08-08
KXMLBAL-26-HOU,1786248000,0.1,5052.06,2026-08-09
KXMLBAL-26-HOU,1786334400,0.11,2133.85,2026-08-10
KXMLBAL-26-HOU,1786420800,0.09,732.44,2026-08-11
KXMLBAL-26-HOU,1786507200,0.11,468.2,2026-08-12
KXMLBAL-26-HOU,1786593600,0.09,1696.1,2026-08-13
KXMLBAL-26-HOU,1786680000,0.11,631.09,2026-08-14
KXMLBAL-26-HOU,1786766400,0.15,979.53,2026-08-15
KXMLBAL-26-HOU,1786852800,0.09,1933.92,2026-08-16
KXMLBAL-26-HOU,1786939200,0.15,4009.33,2026-08-17
KXMLBAL-26-HOU,1787025600,0.1,2919.77,2026-08-18
KXMLBAL-26-HOU,1787112000,0.09,1788.95,2026-08-19
KXMLBAL-26-HOU,1787198400,0.1,1337.23,2026-08-20
KXMLBAL-26-HOU,1787284800,0.09,4657.37,2026-08-21
KXMLBAL-26-HOU,1787371200,0.08,1449.19,2026-08-22
KXMLBAL-26-HOU,1787457600,0.09,1765.57,2026-08-23
KXMLBAL-26-HOU,1787544000,0.07,6226.13,2026-08-24
KXMLBAL-26-HOU,1787630400,0.08,1179.21,2026-08-25
KXMLBAL-26-HOU,1787716800,0.07,207.36,2026-08-26
KXMLBAL-26-HOU,1787803200,0.06,10550.28,2026-08-27
KXMLBAL-26-HOU,1787889600,0.08,1281.46,2026-08-28
KXMLBAL-26-HOU,1787976000,0.09,1522.77,2026-08-29
KXMLBAL-26-HOU,1788062400,0.09,1266.37,2026-08-30
KXMLBAL-26-HOU,1788148800,0.1,325.93,2026-08-31
KXMLBAL-26-HOU,1788235200,0.08,3578.23,2026-09-01
KXMLBAL-26-HOU,1788321600,0.07,11253.88,2026-09-02
KXMLBAL-26-HOU,1788408000,0.06,1483.56,2026-09-03
KXMLBAL-26-HOU,1788494400,0.11,1172.38,2026-09-04
KXMLBAL-26-HOU,1788580800,0.1,2148.69,2026-09-05
KXMLBAL-26-HOU,1788667200,0.11,20837.67,2026-09-06
KXMLBAL-26-HOU,1788753600,0.12,2003.09,2026-09-07
KXMLBAL-26-HOU,1788840000,0.1,3046.86,2026-09-08
KXMLBAL-26-SEA,1781150400,0.2,950.23,2026-06-11
KXMLBAL-26-SEA,1781236800,0.21,2828.6,2026-06-12
KXMLBAL-26-SEA,1781323200,0.22,1360.18,2026-06-13
KXMLBAL-26-SEA,1781409600,0.19,2997.43,2026-06-14
KXMLBAL-26-SEA,1781496000,0.19,4760.09,2026-06-15
KXMLBAL-26-SEA,1781582400,0.2,3589.8,2026-06-16
KXMLBAL-26-SEA,1781668800,0.21,825.88,2026-06-17
KXMLBAL-26-SEA,1781755200,0.22,1456.27,2026-06-18
KXMLBAL-26-SEA,1781841600,0.18,1437.61,2026-06-19
KXMLBAL-26-SEA,1781928000,0.18,2517.94,2026-06-20
KXMLBAL-26-SEA,1782014400,0.2,6522.47,2026-06-21
KXMLBAL-26-SEA,1782100800,0.19,5197.56,2026-06-22
KXMLBAL-26-SEA,1782187200,0.21,2701.94,2026-06-23
KXMLBAL-26-SEA,1782273600,0.2,1456.31,2026-06-24
KXMLBAL-26-SEA,1782360000,0.18,3069.31,2026-06-25
KXMLBAL-26-SEA,1782446400,0.17,1845.96,2026-06-26
KXMLBAL-26-SEA,1782532800,0.17,2090.9,2026-06-27
KXMLBAL-26-SEA,1782619200,0.17,276.19,2026-06-28
KXMLBAL-26-SEA,1782705600,0.18,910.3,2026-06-29
KXMLBAL-26-SEA,1782792000,0.17,850.04,2026-06-30
KXMLBAL-26-SEA,1782878400,0.17,1526.82,2026-07-01
KXMLBAL-26-SEA,1782964800,0.17,2730.62,2026-07-02
KXMLBAL-26-SEA,1783051200,0.17,2958.12,2026-07-03
KXMLBAL-26-SEA,1783137600,0.18,608.62,2026-07-04
KXMLBAL-26-SEA,1783224000,0.18,1352.01,2026-07-05
KXMLBAL-26-SEA,1783310400,0.19,1064.11,2026-07-06
KXMLBAL-26-SEA,1783396800,0.2,2326.16,2026-07-07
KXMLBAL-26-SEA,1783483200,0.19,667.91,2026-07-08
KXMLBAL-26-SEA,1783569600,0.19,915.14,2026-07-09
KXMLBAL-26-SEA,1783656000,0.18,1298.83,2026-07-10
KXMLBAL-26-SEA,1783742400,0.16,924.26,2026-07-11
KXMLBAL-26-SEA,1783828800,0.16,616.95,2026-07-12
KXMLBAL-26-SEA,1783915200,0.18,6407.67,2026-07-13
KXMLBAL-26-SEA,1784001600,0.16,2046.38,2026-07-14
KXMLBAL-26-SEA,1784088000,0.17,2933.62,2026-07-15
KXMLBAL-26-SEA,1784174400,0.15,1650.23,2026-07-16
KXMLBAL-26-SEA,1784260800,0.15,1817.51,2026-07-17
KXMLBAL-26-SEA,1784347200,0.15,3272.42,2026-07-18
KXMLBAL-26-SEA,1784433600,0.12,2724.48,2026-07-19
KXMLBAL-26-SEA,1784520000,0.16,2429.47,2026-07-20
KXMLBAL-26-SEA,1784606400,0.16,679.28,2026-07-21
KXMLBAL-26-SEA,1784692800,0.14,4697.33,2026-07-22
KXMLBAL-26-SEA,1784779200,0.16,1494.99,2026-07-23
KXMLBAL-26-SEA,1784865600,0.11,532.24,2026-07-24
KXMLBAL-26-SEA,1784952000,0.15,1437.66,2026-07-25
KXMLBAL-26-SEA,1785038400,0.09,2731.94,2026-07-26
KXMLBAL-26-SEA,1785124800,0.13,6231.02,2026-07-27
KXMLBAL-26-SEA,1785211200,0.09,2750.22,2026-07-28
KXMLBAL-26-SEA,1785297600,0.11,4364.77,2026-07-29
KXMLBAL-26-SEA,1785384000,0.12,4617.52,2026-07-30
KXMLBAL-26-SEA,1785470400,0.1,4970.93,2026-07-31
KXMLBAL-26-SEA,1785556800,0.11,3258.38,2026-08-01
KXMLBAL-26-SEA,1785643200,0.09,1815.91,2026-08-02
KXMLBAL-26-SEA,1785729600,0.09,1177.34,2026-08-03
KXMLBAL-26-SEA,1785816000,0.11,6687.63,2026-08-04
KXMLBAL-26-SEA,1785902400,0.11,14968.59,2026-08-05
KXMLBAL-26-SEA,1785988800,0.1,1627.17,2026-08-06
KXMLBAL-26-SEA,1786075200,0.07,4090.69,2026-08-07
KXMLBAL-26-SEA,1786161600,0.08,7715.44,2026-08-08
KXMLBAL-26-SEA,1786248000,0.07,1772.18,2026-08-09
KXMLBAL-26-SEA,1786334400,0.06,3628.9,2026-08-10
KXMLBAL-26-SEA,1786420800,0.05,3456.16,2026-08-11
KXMLBAL-26-SEA,1786507200,0.06,3319.41,2026-08-12
KXMLBAL-26-SEA,1786593600,0.02,2292.96,2026-08-13
KXMLBAL-26-SEA,1786680000,0.06,1983.92,2026-08-14
KXMLBAL-26-SEA,1786766400,0.06,4348.4,2026-08-15
KXMLBAL-26-SEA,1786852800,0.04,2244.77,2026-08-16
KXMLBAL-26-SEA,1786939200,0.05,4314.06,2026-08-17
KXMLBAL-26-SEA,1787025600,0.05,2490.54,2026-08-18
KXMLBAL-26-SEA,1787112000,0.04,4149.59,2026-08-19
KXMLBAL-26-SEA,1787198400,0.06,11716.81,2026-08-20
KXMLBAL-26-SEA,1787284800,0.05,6261.44,2026-08-21
KXMLBAL-26-SEA,1787371200,0.05,1563.54,2026-08-22
KXMLBAL-26-SEA,1787457600,0.07,21241.54,2026-08-23
KXMLBAL-26-SEA,1787544000,0.08,8967.91,2026-08-24
KXMLBAL-26-SEA,1787630400,0.08,6664.6,2026-08-25
KXMLBAL-26-SEA,1787716800,0.09,9698.38,2026-08-26
KXMLBAL-26-SEA,1787803200,0.07,6855.97,2026-08-27
KXMLBAL-26-SEA,1787889600,0.07,2029.91,2026-08-28
KXMLBAL-26-SEA,1787976000,0.09,4318.53,2026-08-29
KXMLBAL-26-SEA,1788062400,0.06,6152.98,2026-08-30
KXMLBAL-26-SEA,1788148800,0.05,7583.59,2026-08-31
KXMLBAL-26-SEA,1788235200,0.02,5886.3,2026-09-01
KXMLBAL-26-SEA,1788321600,0.04,6386.35,2026-09-02
KXMLBAL-26-SEA,1788408000,0.04,5574.23,2026-09-03
KXMLBAL-26-SEA,1788494400,0.02,6910.64,2026-09-04
KXMLBAL-26-SEA,1788580800,0.03,18452.8,2026-09-05
KXMLBAL-26-SEA,1788667200,0.02,4853.52,2026-09-06
KXMLBAL-26-SEA,1788753600,0.01,16064.93,2026-09-07
KXMLBAL-26-SEA,1788840000,0.02,2711.45,2026-09-08
KXMLBAL-26-TB,1781150400,0.1,445.24,2026-06-11
KXMLBAL-26-TB,1781236800,0.11,1428.85,2026-06-12
KXMLBAL-26-TB,1781323200,0.11,248.62,2026-06-13
KXMLBAL-26-TB,1781409600,0.09,10621.45,2026-06-14
KXMLBAL-26-TB,1781496000,0.1,1065.68,2026-06-15
KXMLBAL-26-TB,1781582400,0.1,1166.29,2026-06-16
KXMLBAL-26-TB,1781668800,0.1,656.04,2026-06-17
KXMLBAL-26-TB,1781755200,0.09,374.99,2026-06-18
KXMLBAL-26-TB,1781841600,0.08,528.04,2026-06-19
KXMLBAL-26-TB,1781928000,0.03,134.12,2026-06-20
KXMLBAL-26-TB,1782014400,0.08,196.0,2026-06-21
KXMLBAL-26-TB,1782100800,0.08,250.0,2026-06-22
KXMLBAL-26-TB,1782187200,0.07,9896.0,2026-06-23
KXMLBAL-26-TB,1782273600,0.08,1.0,2026-06-24
KXMLBAL-26-TB,1782360000,,0.0,2026-06-25
KXMLBAL-26-TB,1782446400,0.07,1416.09,2026-06-26
KXMLBAL-26-TB,1782532800,0.08,73.71,2026-06-27
KXMLBAL-26-TB,1782619200,0.08,2926.29,2026-06-28
KXMLBAL-26-TB,1782705600,0.1,2892.88,2026-06-29
KXMLBAL-26-TB,1782792000,0.1,6671.97,2026-06-30
KXMLBAL-26-TB,1782878400,0.11,1575.53,2026-07-01
KXMLBAL-26-TB,1782964800,0.11,1012.95,2026-07-02
KXMLBAL-26-TB,1783051200,0.15,4195.92,2026-07-03
KXMLBAL-26-TB,1783137600,0.16,2226.26,2026-07-04
KXMLBAL-26-TB,1783224000,0.15,3349.79,2026-07-05
KXMLBAL-26-TB,1783310400,0.13,1238.27,2026-07-06
KXMLBAL-26-TB,1783396800,0.14,2227.73,2026-07-07
KXMLBAL-26-TB,1783483200,0.14,938.7,2026-07-08
KXMLBAL-26-TB,1783569600,0.15,921.28,2026-07-09
KXMLBAL-26-TB,1783656000,0.15,7479.28,2026-07-10
KXMLBAL-26-TB,1783742400,0.15,1390.68,2026-07-11
KXMLBAL-26-TB,1783828800,0.16,1255.33,2026-07-12
KXMLBAL-26-TB,1783915200,0.16,4644.43,2026-07-13
KXMLBAL-26-TB,1784001600,0.15,1027.05,2026-07-14
KXMLBAL-26-TB,1784088000,0.15,8841.1,2026-07-15
KXMLBAL-26-TB,1784174400,0.15,6125.67,2026-07-16
KXMLBAL-26-TB,1784260800,0.15,208.56,2026-07-17
KXMLBAL-26-TB,1784347200,0.15,2374.01,2026-07-18
KXMLBAL-26-TB,1784433600,0.14,1204.55,2026-07-19
KXMLBAL-26-TB,1784520000,0.12,1526.94,2026-07-20
KXMLBAL-26-TB,1784606400,0.14,1181.51,2026-07-21
KXMLBAL-26-TB,1784692800,0.15,1873.04,2026-07-22
KXMLBAL-26-TB,1784779200,0.16,1651.5,2026-07-23
KXMLBAL-26-TB,1784865600,0.15,547.61,2026-07-24
KXMLBAL-26-TB,1784952000,0.15,1330.41,2026-07-25
KXMLBAL-26-TB,1785038400,0.15,1080.63,2026-07-26
KXMLBAL-26-TB,1785124800,0.16,1795.22,2026-07-27
KXMLBAL-26-TB,1785211200,0.16,3216.62,2026-07-28
KXMLBAL-26-TB,1785297600,0.16,6956.8,2026-07-29
KXMLBAL-26-TB,1785384000,0.16,4249.94,2026-07-30
KXMLBAL-26-TB,1785470400,0.17,8300.28,2026-07-31
KXMLBAL-26-TB,1785556800,0.16,6527.9,2026-08-01
KXMLBAL-26-TB,1785643200,0.19,25747.19,2026-08-02
KXMLBAL-26-TB,1785729600,0.19,22788.86,2026-08-03
KXMLBAL-26-TB,1785816000,0.17,12608.02,2026-08-04
KXMLBAL-26-TB,1785902400,0.18,5523.68,2026-08-05
KXMLBAL-26-TB,1785988800,0.17,26281.98,2026-08-06
KXMLBAL-26-TB,1786075200,0.18,1393.05,2026-08-07
KXMLBAL-26-TB,1786161600,0.17,2135.11,2026-08-08
KXMLBAL-26-TB,1786248000,0.17,2176.7,2026-08-09
KXMLBAL-26-TB,1786334400,0.21,7741.14,2026-08-10
KXMLBAL-26-TB,1786420800,0.2,11072.86,2026-08-11
KXMLBAL-26-TB,1786507200,0.22,6647.04,2026-08-12
KXMLBAL-26-TB,1786593600,0.22,4362.05,2026-08-13
KXMLBAL-26-TB,1786680000,0.21,3755.58,2026-08-14
KXMLBAL-26-TB,1786766400,0.27,3928.86,2026-08-15
KXMLBAL-26-TB,1786852800,0.23,2668.36,2026-08-16
KXMLBAL-26-TB,1786939200,0.23,2163.19,2026-08-17
KXMLBAL-26-TB,1787025600,0.22,1284.88,2026-08-18
KXMLBAL-26-TB,1787112000,0.22,3569.55,2026-08-19
KXMLBAL-26-TB,1787198400,0.23,1186.43,2026-08-20
KXMLBAL-26-TB,1787284800,0.22,6948.64,2026-08-21
KXMLBAL-26-TB,1787371200,0.21,5851.13,2026-08-22
KXMLBAL-26-TB,1787457600,0.22,1773.01,2026-08-23
KXMLBAL-26-TB,1787544000,0.23,9826.13,2026-08-24
KXMLBAL-26-TB,1787630400,0.22,43586.23,2026-08-25
KXMLBAL-26-TB,1787716800,0.21,7151.56,2026-08-26
KXMLBAL-26-TB,1787803200,0.21,2416.59,2026-08-27
KXMLBAL-26-TB,1787889600,0.19,17275.36,2026-08-28
KXMLBAL-26-TB,1787976000,0.2,2120.2,2026-08-29
KXMLBAL-26-TB,1788062400,0.2,12070.61,2026-08-30
KXMLBAL-26-TB,1788148800,0.21,2758.31,2026-08-31
KXMLBAL-26-TB,1788235200,0.24,10530.37,2026-09-01
KXMLBAL-26-TB,1788321600,0.24,6381.84,2026-09-02
KXMLBAL-26-TB,1788408000,0.24,7249.86,2026-09-03
KXMLBAL-26-TB,1788494400,0.24,2621.49,2026-09-04
KXMLBAL-26-TB,1788580800,0.21,9057.11,2026-09-05
KXMLBAL-26-TB,1788667200,0.23,8884.2,2026-09-06
KXMLBAL-26-TB,1788753600,0.23,14234.9,2026-09-07
KXMLBAL-26-TB,1788840000,0.26,22090.67,2026-09-08
KXMLBAL-26-TEX,1781150400,0.07,1146.17,2026-06-11
KXMLBAL-26-TEX,1781236800,0.08,588.0,2026-06-12
KXMLBAL-26-TEX,1781323200,,0.0,2026-06-13
KXMLBAL-26-TEX,1781409600,0.05,1.0,2026-06-14
KXMLBAL-26-TEX,1781496000,0.07,700.05,2026-06-15
KXMLBAL-26-TEX,1781582400,0.07,187.36,2026-06-16
KXMLBAL-26-TEX,1781668800,,0.0,2026-06-17
KXMLBAL-26-TEX,1781755200,0.07,600.0,2026-06-18
KXMLBAL-26-TEX,1781841600,,0.0,2026-06-19
KXMLBAL-26-TEX,1781928000,0.06,514.9,2026-06-20
KXMLBAL-26-TEX,1782014400,0.07,792.14,2026-06-21
KXMLBAL-26-TEX,1782100800,0.06,156.37,2026-06-22
KXMLBAL-26-TEX,1782187200,0.06,31.27,2026-06-23
KXMLBAL-26-TEX,1782273600,0.06,115.0,2026-06-24
KXMLBAL-26-TEX,1782360000,0.05,103.0,2026-06-25
KXMLBAL-26-TEX,1782446400,0.05,47.0,2026-06-26
KXMLBAL-26-TEX,1782532800,,0.0,2026-06-27
KXMLBAL-26-TEX,1782619200,0.07,11506.07,2026-06-28
KXMLBAL-26-TEX,1782705600,0.07,1989.02,2026-06-29
KXMLBAL-26-TEX,1782792000,0.08,217.38,2026-06-30
KXMLBAL-26-TEX,1782878400,0.08,252.71,2026-07-01
KXMLBAL-26-TEX,1782964800,,0.0,2026-07-02
KXMLBAL-26-TEX,1783051200,0.08,939.47,2026-07-03
KXMLBAL-26-TEX,1783137600,0.08,327.84,2026-07-04
KXMLBAL-26-TEX,1783224000,0.08,608.0,2026-07-05
KXMLBAL-26-TEX,1783310400,,0.0,2026-07-06
KXMLBAL-26-TEX,1783396800,0.08,176.14,2026-07-07
KXMLBAL-26-TEX,1783483200,,0.0,2026-07-08
KXMLBAL-26-TEX,1783569600,0.08,128.0,2026-07-09
KXMLBAL-26-TEX,1783656000,0.07,731.33,2026-07-10
KXMLBAL-26-TEX,1783742400,0.07,615.12,2026-07-11
KXMLBAL-26-TEX,1783828800,0.08,8030.16,2026-07-12
KXMLBAL-26-TEX,1783915200,0.09,812.34,2026-07-13
KXMLBAL-26-TEX,1784001600,0.09,322.72,2026-07-14
KXMLBAL-26-TEX,1784088000,0.09,6.0,2026-07-15
KXMLBAL-26-TEX,1784174400,0.09,73.12,2026-07-16
KXMLBAL-26-TEX,1784260800,0.09,357.14,2026-07-17
KXMLBAL-26-TEX,1784347200,0.09,543.31,2026-07-18
KXMLBAL-26-TEX,1784433600,0.09,467.6,2026-07-19
KXMLBAL-26-TEX,1784520000,0.09,9623.27,2026-07-20
KXMLBAL-26-TEX,1784606400,0.08,275.24,2026-07-21
KXMLBAL-26-TEX,1784692800,0.07,917.09,2026-07-22
KXMLBAL-26-TEX,1784779200,0.07,783.85,2026-07-23
KXMLBAL-26-TEX,1784865600,0.06,2.0,2026-07-24
KXMLBAL-26-TEX,1784952000,0.07,1251.0,2026-07-25
KXMLBAL-26-TEX,1785038400,0.1,11931.78,2026-07-26
KXMLBAL-26-TEX,1785124800,0.09,583.48,2026-07-27
KXMLBAL-26-TEX,1785211200,0.08,7723.97,2026-07-28
KXMLBAL-26-TEX,1785297600,0.11,13800.89,2026-07-29
KXMLBAL-26-TEX,1785384000,0.1,625.4,2026-07-30
KXMLBAL-26-TEX,1785470400,0.09,827.5,2026-07-31
KXMLBAL-26-TEX,1785556800,0.11,1057.85,2026-08-01
KXMLBAL-26-TEX,1785643200,0.08,545.31,2026-08-02
KXMLBAL-26-TEX,1785729600,0.07,1349.58,2026-08-03
KXMLBAL-26-TEX,1785816000,0.05,5603.79,2026-08-04
KXMLBAL-26-TEX,1785902400,0.06,1249.87,2026-08-05
KXMLBAL-26-TEX,1785988800,0.05,284.0,2026-08-06
KXMLBAL-26-TEX,1786075200,0.04,2684.67,2026-08-07
KXMLBAL-26-TEX,1786161600,0.04,1023.85,2026-08-08
KXMLBAL-26-TEX,1786248000,0.04,11276.9,2026-08-09
KXMLBAL-26-TEX,1786334400,0.07,828.88,2026-08-10
KXMLBAL-26-TEX,1786420800,0.07,11894.9,2026-08-11
KXMLBAL-26-TEX,1786507200,0.08,70.35,2026-08-12
KXMLBAL-26-TEX,1786593600,0.05,104.45,2026-08-13
KXMLBAL-26-TEX,1786680000,0.05,2233.26,2026-08-14
KXMLBAL-26-TEX,1786766400,,0.0,2026-08-15
KXMLBAL-26-TEX,1786852800,,0.0,2026-08-16
KXMLBAL-26-TEX,1786939200,0.03,2422.62,2026-08-17
KXMLBAL-26-TEX,1787025600,0.03,306.0,2026-08-18
KXMLBAL-26-TEX,1787112000,,0.0,2026-08-19
KXMLBAL-26-TEX,1787198400,0.05,5757.88,2026-08-20
KXMLBAL-26-TEX,1787284800,0.04,1006.0,2026-08-21
KXMLBAL-26-TEX,1787371200,0.04,111.0,2026-08-22
KXMLBAL-26-TEX,1787457600,0.04,6710.07,2026-08-23
KXMLBAL-26-TEX,1787544000,0.05,5817.34,2026-08-24
KXMLBAL-26-TEX,1787630400,0.06,575.82,2026-08-25
KXMLBAL-26-TEX,1787716800,0.06,2285.7,2026-08-26
KXMLBAL-26-TEX,1787803200,0.05,278.98,2026-08-27
KXMLBAL-26-TEX,1787889600,0.03,4424.75,2026-08-28
KXMLBAL-26-TEX,1787976000,0.04,3045.93,2026-08-29
KXMLBAL-26-TEX,1788062400,0.03,2278.67,2026-08-30
KXMLBAL-26-TEX,1788148800,0.04,234.25,2026-08-31
KXMLBAL-26-TEX,1788235200,0.05,2274.12,2026-09-01
KXMLBAL-26-TEX,1788321600,0.06,755.73,2026-09-02
KXMLBAL-26-TEX,1788408000,0.04,43.0,2026-09-03
KXMLBAL-26-TEX,1788494400,0.05,742.03,2026-09-04
KXMLBAL-26-TEX,1788580800,0.04,1914.08,2026-09-05
KXMLBAL-26-TEX,1788667200,0.03,11299.76,2026-09-06
KXMLBAL-26-TEX,1788753600,0.03,6651.27,2026-09-07
KXMLBAL-26-TEX,1788840000,0.04,514.19,2026-09-08
KXINXY-26DEC31H1600-B6300,1781150400,0.04,1200.5,2026-06-11
KXINXY-26DEC31H1600-B6300,1781236800,0.04,18.0,2026-06-12
KXINXY-26DEC31H1600-B6300,1781409600,,0.0,2026-06-14
KXINXY-26DEC31H1600-B6300,1781582400,,0.0,2026-06-16
KXINXY-26DEC31H1600-B6300,1781668800,0.03,195.0,2026-06-17
KXINXY-26DEC31H1600-B6300,1781755200,0.03,2725.0,2026-06-18
KXINXY-26DEC31H1600-B6300,1781841600,0.01,509.0,2026-06-19
KXINXY-26DEC31H1600-B6300,1781928000,0.02,843.0,2026-06-20
KXINXY-26DEC31H1600-B6300,1782014400,,0.0,2026-06-21
KXINXY-26DEC31H1600-B6300,1782100800,,0.0,2026-06-22
KXINXY-26DEC31H1600-B6300,1782187200,0.03,699.0,2026-06-23
KXINXY-26DEC31H1600-B6300,1782273600,0.03,120.0,2026-06-24
KXINXY-26DEC31H1600-B6300,1782360000,0.03,1072.0,2026-06-25
KXINXY-26DEC31H1600-B6300,1782446400,,0.0,2026-06-26
KXINXY-26DEC31H1600-B6300,1782532800,0.03,128.95,2026-06-27
KXINXY-26DEC31H1600-B6300,1782619200,0.02,68.0,2026-06-28
KXINXY-26DEC31H1600-B6300,1782705600,0.03,161.0,2026-06-29
KXINXY-26DEC31H1600-B6300,1782792000,,0.0,2026-06-30
KXINXY-26DEC31H1600-B6300,1782878400,0.03,9.66,2026-07-01
KXINXY-26DEC31H1600-B6300,1782964800,,0.0,2026-07-02
KXINXY-26DEC31H1600-B6300,1783051200,,0.0,2026-07-03
KXINXY-26DEC31H1600-B6300,1783137600,,0.0,2026-07-04
KXINXY-26DEC31H1600-B6300,1783224000,,0.0,2026-07-05
KXINXY-26DEC31H1600-B6300,1783310400,0.01,9786.06,2026-07-06
KXINXY-26DEC31H1600-B6300,1783396800,0.03,5.0,2026-07-07
KXINXY-26DEC31H1600-B6300,1783483200,0.02,111.0,2026-07-08
KXINXY-26DEC31H1600-B6300,1783569600,0.03,5.0,2026-07-09
KXINXY-26DEC31H1600-B6300,1783656000,,0.0,2026-07-10
KXINXY-26DEC31H1600-B6300,1783742400,,0.0,2026-07-11
KXINXY-26DEC31H1600-B6300,1783828800,0.03,437.0,2026-07-12
KXINXY-26DEC31H1600-B6300,1783915200,0.03,200.0,2026-07-13
KXINXY-26DEC31H1600-B6300,1784001600,0.03,4000.0,2026-07-14
KXINXY-26DEC31H1600-B6300,1784088000,0.03,69.0,2026-07-15
KXINXY-26DEC31H1600-B6300,1784174400,0.03,59.0,2026-07-16
KXINXY-26DEC31H1600-B6300,1784260800,0.03,187.08,2026-07-17
KXINXY-26DEC31H1600-B6300,1784347200,,0.0,2026-07-18
KXINXY-26DEC31H1600-B6300,1784433600,0.02,842.95,2026-07-19
KXINXY-26DEC31H1600-B6300,1784520000,,0.0,2026-07-20
KXINXY-26DEC31H1600-B6300,1784606400,0.03,45.0,2026-07-21
KXINXY-26DEC31H1600-B6300,1784779200,0.03,673.0,2026-07-23
KXINXY-26DEC31H1600-B6300,1784865600,0.03,5069.0,2026-07-24
KXINXY-26DEC31H1600-B6300,1784952000,,0.0,2026-07-25
KXINXY-26DEC31H1600-B6300,1785038400,,0.0,2026-07-26
KXINXY-26DEC31H1600-B6300,1785124800,,0.0,2026-07-27
KXINXY-26DEC31H1600-B6300,1785211200,0.04,2877.92,2026-07-28
KXINXY-26DEC31H1600-B6300,1785297600,0.04,2000.0,2026-07-29
KXINXY-26DEC31H1600-B6300,1785384000,,0.0,2026-07-30
KXINXY-26DEC31H1600-B6300,1785470400,,0.0,2026-07-31
KXINXY-26DEC31H1600-B6300,1785556800,,0.0,2026-08-01
KXINXY-26DEC31H1600-B6300,1785729600,,0.0,2026-08-03
KXINXY-26DEC31H1600-B6300,1785816000,,0.0,2026-08-04
KXINXY-26DEC31H1600-B6300,1785902400,,0.0,2026-08-05
KXINXY-26DEC31H1600-B6300,1785988800,,0.0,2026-08-06
KXINXY-26DEC31H1600-B6300,1786075200,0.04,33.75,2026-08-07
KXINXY-26DEC31H1600-B6300,1786161600,,0.0,2026-08-08
KXINXY-26DEC31H1600-B6300,1786334400,0.04,1073.43,2026-08-10
KXINXY-26DEC31H1600-B6300,1786420800,0.04,234.25,2026-08-11
KXINXY-26DEC31H1600-B6300,1786507200,0.04,192.0,2026-08-12
KXINXY-26DEC31H1600-B6300,1786593600,,0.0,2026-08-13
KXINXY-26DEC31H1600-B6300,1786680000,0.03,6083.48,2026-08-14
KXINXY-26DEC31H1600-B6300,1786852800,0.02,4035.0,2026-08-16
KXINXY-26DEC31H1600-B6300,1787025600,0.02,315.63,2026-08-18
KXINXY-26DEC31H1600-B6300,1787112000,0.02,1.0,2026-08-19
KXINXY-26DEC31H1600-B6300,1787198400,0.03,8776.54,2026-08-20
KXINXY-26DEC31H1600-B6300,1787284800,,0.0,2026-08-21
KXINXY-26DEC31H1600-B6300,1787371200,0.02,257.95,2026-08-22
KXINXY-26DEC31H1600-B6300,1787457600,,0.0,2026-08-23
KXINXY-26DEC31H1600-B6300,1787544000,,0.0,2026-08-24
KXINXY-26DEC31H1600-B6300,1787716800,,0.0,2026-08-26
KXINXY-26DEC31H1600-B6300,1787803200,0.02,1.0,2026-08-27
KXINXY-26DEC31H1600-B6300,1787889600,,0.0,2026-08-28
KXINXY-26DEC31H1600-B6300,1787976000,0.01,350.15,2026-08-29
KXINXY-26DEC31H1600-B6300,1788062400,,0.0,2026-08-30
KXINXY-26DEC31H1600-B6300,1788148800,0.02,1613.0,2026-08-31
KXINXY-26DEC31H1600-B6300,1788235200,,0.0,2026-09-01
KXINXY-26DEC31H1600-B6300,1788321600,,0.0,2026-09-02
KXINXY-26DEC31H1600-B6300,1788494400,,0.0,2026-09-04
KXINXY-26DEC31H1600-B6300,1788580800,,0.0,2026-09-05
KXINXY-26DEC31H1600-B6300,1788667200,0.01,4003.0,2026-09-06
KXINXY-26DEC31H1600-B6300,1788753600,,0.0,2026-09-07
KXINXY-26DEC31H1600-B6300,1788840000,0.02,34304.42,2026-09-08
KXINXY-26DEC31H1600-B6700,1781150400,0.04,995.0,2026-06-11
KXINXY-26DEC31H1600-B6700,1781236800,0.04,18.0,2026-06-12
KXINXY-26DEC31H1600-B6700,1781323200,0.04,262.0,2026-06-13
KXINXY-26DEC31H1600-B6700,1781409600,0.04,100.0,2026-06-14
KXINXY-26DEC31H1600-B6700,1781496000,0.04,1.0,2026-06-15
KXINXY-26DEC31H1600-B6700,1781582400,0.04,565.0,2026-06-16
KXINXY-26DEC31H1600-B6700,1781668800,,0.0,2026-06-17
KXINXY-26DEC31H1600-B6700,1781755200,0.03,1935.0,2026-06-18
KXINXY-26DEC31H1600-B6700,1781841600,0.04,12637.03,2026-06-19
KXINXY-26DEC31H1600-B6700,1781928000,0.04,1.0,2026-06-20
KXINXY-26DEC31H1600-B6700,1782014400,,0.0,2026-06-21
KXINXY-26DEC31H1600-B6700,1782100800,0.04,1137.77,2026-06-22
KXINXY-26DEC31H1600-B6700,1782187200,0.03,19.0,2026-06-23
KXINXY-26DEC31H1600-B6700,1782273600,0.04,96.0,2026-06-24
KXINXY-26DEC31H1600-B6700,1782360000,0.04,792.49,2026-06-25
KXINXY-26DEC31H1600-B6700,1782446400,0.04,290.23,2026-06-26
KXINXY-26DEC31H1600-B6700,1782532800,,0.0,2026-06-27
KXINXY-26DEC31H1600-B6700,1782619200,,0.0,2026-06-28
KXINXY-26DEC31H1600-B6700,1782705600,0.04,120.93,2026-06-29
KXINXY-26DEC31H1600-B6700,1782792000,,0.0,2026-06-30
KXINXY-26DEC31H1600-B6700,1782878400,0.04,6.0,2026-07-01
KXINXY-26DEC31H1600-B6700,1782964800,0.04,40.0,2026-07-02
KXINXY-26DEC31H1600-B6700,1783051200,0.03,1.0,2026-07-03
KXINXY-26DEC31H1600-B6700,1783137600,,0.0,2026-07-04
KXINXY-26DEC31H1600-B6700,1783224000,0.04,1000.0,2026-07-05
KXINXY-26DEC31H1600-B6700,1783310400,,0.0,2026-07-06
KXINXY-26DEC31H1600-B6700,1783396800,0.03,20.0,2026-07-07
KXINXY-26DEC31H1600-B6700,1783483200,0.03,1761.69,2026-07-08
KXINXY-26DEC31H1600-B6700,1783569600,0.03,241.0,2026-07-09
KXINXY-26DEC31H1600-B6700,1783656000,,0.0,2026-07-10
KXINXY-26DEC31H1600-B6700,1783742400,,0.0,2026-07-11
KXINXY-26DEC31H1600-B6700,1783828800,0.03,116.0,2026-07-12
KXINXY-26DEC31H1600-B6700,1783915200,0.03,200.0,2026-07-13
KXINXY-26DEC31H1600-B6700,1784001600,0.03,1229.52,2026-07-14
KXINXY-26DEC31H1600-B6700,1784088000,,0.0,2026-07-15
KXINXY-26DEC31H1600-B6700,1784174400,0.03,52.0,2026-07-16
KXINXY-26DEC31H1600-B6700,1784260800,0.03,268.59,2026-07-17
KXINXY-26DEC31H1600-B6700,1784347200,0.03,3106.69,2026-07-18
KXINXY-26DEC31H1600-B6700,1784433600,0.03,100.0,2026-07-19
KXINXY-26DEC31H1600-B6700,1784520000,0.03,8033.44,2026-07-20
KXINXY-26DEC31H1600-B6700,1784606400,0.04,5.0,2026-07-21
KXINXY-26DEC31H1600-B6700,1784692800,0.04,557.0,2026-07-22
KXINXY-26DEC31H1600-B6700,1784779200,0.04,468.51,2026-07-23
KXINXY-26DEC31H1600-B6700,1784865600,0.05,3818.41,2026-07-24
KXINXY-26DEC31H1600-B6700,1784952000,,0.0,2026-07-25
KXINXY-26DEC31H1600-B6700,1785211200,0.05,1000.0,2026-07-28
KXINXY-26DEC31H1600-B6700,1785297600,0.04,1300.0,2026-07-29
KXINXY-26DEC31H1600-B6700,1785384000,0.04,1505.0,2026-07-30
KXINXY-26DEC31H1600-B6700,1785470400,,0.0,2026-07-31
KXINXY-26DEC31H1600-B6700,1785556800,0.05,5.0,2026-08-01
KXINXY-26DEC31H1600-B6700,1785643200,0.05,6015.0,2026-08-02
KXINXY-26DEC31H1600-B6700,1785729600,,0.0,2026-08-03
KXINXY-26DEC31H1600-B6700,1785816000,,0.0,2026-08-04
KXINXY-26DEC31H1600-B6700,1785902400,0.05,1787.72,2026-08-05
KXINXY-26DEC31H1600-B6700,1785988800,,0.0,2026-08-06
KXINXY-26DEC31H1600-B6700,1786075200,0.03,1570.52,2026-08-07
KXINXY-26DEC31H1600-B6700,1786161600,0.04,5.0,2026-08-08
KXINXY-26DEC31H1600-B6700,1786248000,,0.0,2026-08-09
KXINXY-26DEC31H1600-B6700,1786334400,0.04,18.0,2026-08-10
KXINXY-26DEC31H1600-B6700,1786420800,0.04,234.25,2026-08-11
KXINXY-26DEC31H1600-B6700,1786507200,,0.0,2026-08-12
KXINXY-26DEC31H1600-B6700,1786680000,0.04,104.0,2026-08-14
KXINXY-26DEC31H1600-B6700,1786766400,0.04,10.66,2026-08-15
KXINXY-26DEC31H1600-B6700,1786852800,0.03,18.0,2026-08-16
KXINXY-26DEC31H1600-B6700,1786939200,0.02,4017.0,2026-08-17
KXINXY-26DEC31H1600-B6700,1787025600,,0.0,2026-08-18
KXINXY-26DEC31H1600-B6700,1787112000,0.02,34.0,2026-08-19
KXINXY-26DEC31H1600-B6700,1787198400,0.03,72.0,2026-08-20
KXINXY-26DEC31H1600-B6700,1787284800,0.03,4221.27,2026-08-21
KXINXY-26DEC31H1600-B6700,1787371200,0.03,90.0,2026-08-22
KXINXY-26DEC31H1600-B6700,1787544000,0.03,500.0,2026-08-24
KXINXY-26DEC31H1600-B6700,1787630400,0.03,500.0,2026-08-25
KXINXY-26DEC31H1600-B6700,1787716800,0.03,1000.0,2026-08-26
KXINXY-26DEC31H1600-B6700,1787803200,0.03,1500.0,2026-08-27
KXINXY-26DEC31H1600-B6700,1787889600,0.02,2331.0,2026-08-28
KXINXY-26DEC31H1600-B6700,1787976000,0.02,3378.16,2026-08-29
KXINXY-26DEC31H1600-B6700,1788062400,0.02,935.8,2026-08-30
KXINXY-26DEC31H1600-B6700,1788148800,0.02,2613.0,2026-08-31
KXINXY-26DEC31H1600-B6700,1788235200,0.02,5379.2,2026-09-01
KXINXY-26DEC31H1600-B6700,1788321600,,0.0,2026-09-02
KXINXY-26DEC31H1600-B6700,1788408000,,0.0,2026-09-03
KXINXY-26DEC31H1600-B6700,1788494400,,0.0,2026-09-04
KXINXY-26DEC31H1600-B6700,1788580800,,0.0,2026-09-05
KXINXY-26DEC31H1600-B6700,1788667200,0.01,99.17,2026-09-06
KXINXY-26DEC31H1600-B6700,1788753600,,0.0,2026-09-07
KXINXY-26DEC31H1600-B6900,1781150400,0.04,1268.87,2026-06-11
KXINXY-26DEC31H1600-B6900,1781236800,0.04,43.0,2026-06-12
KXINXY-26DEC31H1600-B6900,1781323200,0.04,575.0,2026-06-13
KXINXY-26DEC31H1600-B6900,1781409600,0.04,1209.36,2026-06-14
KXINXY-26DEC31H1600-B6900,1781496000,0.04,101.0,2026-06-15
KXINXY-26DEC31H1600-B6900,1781582400,0.04,561.0,2026-06-16
KXINXY-26DEC31H1600-B6900,1781668800,0.04,483.63,2026-06-17
KXINXY-26DEC31H1600-B6900,1781841600,0.04,500.0,2026-06-19
KXINXY-26DEC31H1600-B6900,1782014400,0.04,14331.56,2026-06-21
KXINXY-26DEC31H1600-B6900,1782100800,0.03,3513.0,2026-06-22
KXINXY-26DEC31H1600-B6900,1782187200,0.04,3772.36,2026-06-23
KXINXY-26DEC31H1600-B6900,1782273600,0.04,355.5,2026-06-24
KXINXY-26DEC31H1600-B6900,1782360000,0.04,529.18,2026-06-25
KXINXY-26DEC31H1600-B6900,1782446400,0.04,100.0,2026-06-26
KXINXY-26DEC31H1600-B6900,1782532800,0.04,36.29,2026-06-27
KXINXY-26DEC31H1600-B6900,1782619200,0.04,1926.0,2026-06-28
KXINXY-26DEC31H1600-B6900,1782705600,,0.0,2026-06-29
KXINXY-26DEC31H1600-B6900,1782792000,,0.0,2026-06-30
KXINXY-26DEC31H1600-B6900,1782878400,0.04,6.0,2026-07-01
KXINXY-26DEC31H1600-B6900,1782964800,0.04,40.0,2026-07-02
KXINXY-26DEC31H1600-B6900,1783051200,0.03,1.0,2026-07-03
KXINXY-26DEC31H1600-B6900,1783137600,,0.0,2026-07-04
KXINXY-26DEC31H1600-B6900,1783224000,0.06,3024.87,2026-07-05
KXINXY-26DEC31H1600-B6900,1783310400,0.06,881.83,2026-07-06
KXINXY-26DEC31H1600-B6900,1783396800,,0.0,2026-07-07
KXINXY-26DEC31H1600-B6900,1783483200,0.05,201.0,2026-07-08
KXINXY-26DEC31H1600-B6900,1783569600,0.05,2000.0,2026-07-09
KXINXY-26DEC31H1600-B6900,1783656000,0.02,322.0,2026-07-10
KXINXY-26DEC31H1600-B6900,1783742400,0.04,117.12,2026-07-11
KXINXY-26DEC31H1600-B6900,1783828800,0.04,92.0,2026-07-12
KXINXY-26DEC31H1600-B6900,1783915200,0.03,223.0,2026-07-13
KXINXY-26DEC31H1600-B6900,1784001600,0.03,348.24,2026-07-14
KXINXY-26DEC31H1600-B6900,1784088000,0.03,927.0,2026-07-15
KXINXY-26DEC31H1600-B6900,1784174400,0.05,2685.2,2026-07-16
KXINXY-26DEC31H1600-B6900,1784260800,0.05,273.13,2026-07-17
KXINXY-26DEC31H1600-B6900,1784347200,,0.0,2026-07-18
KXINXY-26DEC31H1600-B6900,1784433600,,0.0,2026-07-19
KXINXY-26DEC31H1600-B6900,1784520000,0.05,1853.0,2026-07-20
KXINXY-26DEC31H1600-B6900,1784606400,0.04,3320.45,2026-07-21
KXINXY-26DEC31H1600-B6900,1784692800,0.03,423.0,2026-07-22
KXINXY-26DEC31H1600-B6900,1784779200,0.03,1733.93,2026-07-23
KXINXY-26DEC31H1600-B6900,1784865600,0.05,2919.09,2026-07-24
KXINXY-26DEC31H1600-B6900,1784952000,0.05,6.0,2026-07-25
KXINXY-26DEC31H1600-B6900,1785038400,,0.0,2026-07-26
KXINXY-26DEC31H1600-B6900,1785124800,,0.0,2026-07-27
KXINXY-26DEC31H1600-B6900,1785211200,0.05,103.6,2026-07-28
KXINXY-26DEC31H1600-B6900,1785297600,0.05,150.0,2026-07-29
KXINXY-26DEC31H1600-B6900,1785384000,0.05,12.0,2026-07-30
KXINXY-26DEC31H1600-B6900,1785470400,0.04,46.14,2026-07-31
KXINXY-26DEC31H1600-B6900,1785556800,0.04,1078.39,2026-08-01
KXINXY-26DEC31H1600-B6900,1785643200,0.04,2004.44,2026-08-02
KXINXY-26DEC31H1600-B6900,1785729600,0.04,1480.0,2026-08-03
KXINXY-26DEC31H1600-B6900,1785816000,0.04,150.22,2026-08-04
KXINXY-26DEC31H1600-B6900,1785902400,,0.0,2026-08-05
KXINXY-26DEC31H1600-B6900,1785988800,0.04,19.0,2026-08-06
KXINXY-26DEC31H1600-B6900,1786075200,0.04,156.5,2026-08-07
KXINXY-26DEC31H1600-B6900,1786161600,0.04,122.0,2026-08-08
KXINXY-26DEC31H1600-B6900,1786248000,0.04,1000.0,2026-08-09
KXINXY-26DEC31H1600-B6900,1786420800,0.04,395.25,2026-08-11
KXINXY-26DEC31H1600-B6900,1786507200,,0.0,2026-08-12
KXINXY-26DEC31H1600-B6900,1786593600,,0.0,2026-08-13
KXINXY-26DEC31H1600-B6900,1786680000,0.03,1079.0,2026-08-14
KXINXY-26DEC31H1600-B6900,1786766400,0.04,21.66,2026-08-15
KXINXY-26DEC31H1600-B6900,1786852800,0.03,1000.0,2026-08-16
KXINXY-26DEC31H1600-B6900,1786939200,0.04,8380.44,2026-08-17
KXINXY-26DEC31H1600-B6900,1787025600,,0.0,2026-08-18
KXINXY-26DEC31H1600-B6900,1787112000,,0.0,2026-08-19
KXINXY-26DEC31H1600-B6900,1787198400,0.03,1667.0,2026-08-20
KXINXY-26DEC31H1600-B6900,1787284800,0.03,4826.9,2026-08-21
KXINXY-26DEC31H1600-B6900,1787371200,0.04,528.51,2026-08-22
KXINXY-26DEC31H1600-B6900,1787457600,,0.0,2026-08-23
KXINXY-26DEC31H1600-B6900,1787544000,0.05,8300.78,2026-08-24
KXINXY-26DEC31H1600-B6900,1787630400,,0.0,2026-08-25
KXINXY-26DEC31H1600-B6900,1787716800,0.04,913.58,2026-08-26
KXINXY-26DEC31H1600-B6900,1787803200,0.04,96.68,2026-08-27
KXINXY-26DEC31H1600-B6900,1787889600,,0.0,2026-08-28
KXINXY-26DEC31H1600-B6900,1787976000,0.03,510.0,2026-08-29
KXINXY-26DEC31H1600-B6900,1788062400,0.02,58.85,2026-08-30
KXINXY-26DEC31H1600-B6900,1788148800,0.03,14.67,2026-08-31
KXINXY-26DEC31H1600-B6900,1788235200,0.03,936.8,2026-09-01
KXINXY-26DEC31H1600-B6900,1788321600,0.03,1000.0,2026-09-02
KXINXY-26DEC31H1600-B6900,1788408000,0.03,1400.0,2026-09-03
KXINXY-26DEC31H1600-B6900,1788494400,0.03,156.06,2026-09-04
KXINXY-26DEC31H1600-B6900,1788580800,0.03,1311.93,2026-09-05
KXINXY-26DEC31H1600-B6900,1788667200,0.02,213.94,2026-09-06
KXINXY-26DEC31H1600-B6900,1788753600,,0.0,2026-09-07
KXINXY-26DEC31H1600-B6900,1788840000,0.03,156.06,2026-09-08
KXINXY-26DEC31H1600-B7300,1781150400,0.07,295.0,2026-06-11
KXINXY-26DEC31H1600-B7300,1781236800,0.07,153.0,2026-06-12
KXINXY-26DEC31H1600-B7300,1781323200,,0.0,2026-06-13
KXINXY-26DEC31H1600-B7300,1781409600,0.05,1478.44,2026-06-14
KXINXY-26DEC31H1600-B7300,1781496000,0.05,2871.58,2026-06-15
KXINXY-26DEC31H1600-B7300,1781582400,0.06,313.51,2026-06-16
KXINXY-26DEC31H1600-B7300,1781668800,0.04,73.92,2026-06-17
KXINXY-26DEC31H1600-B7300,1781755200,0.05,2980.44,2026-06-18
KXINXY-26DEC31H1600-B7300,1781841600,0.05,38.4,2026-06-19
KXINXY-26DEC31H1600-B7300,1781928000,0.08,242.12,2026-06-20
KXINXY-26DEC31H1600-B7300,1782014400,0.05,89.0,2026-06-21
KXINXY-26DEC31H1600-B7300,1782100800,0.05,1541.82,2026-06-22
KXINXY-26DEC31H1600-B7300,1782187200,0.04,185.0,2026-06-23
KXINXY-26DEC31H1600-B7300,1782273600,0.07,2804.66,2026-06-24
KXINXY-26DEC31H1600-B7300,1782360000,0.07,27.4,2026-06-25
KXINXY-26DEC31H1600-B7300,1782446400,0.05,1426.53,2026-06-26
KXINXY-26DEC31H1600-B7300,1782532800,0.07,70.0,2026-06-27
KXINXY-26DEC31H1600-B7300,1782619200,0.05,4684.0,2026-06-28
KXINXY-26DEC31H1600-B7300,1782705600,0.05,49.0,2026-06-29
KXINXY-26DEC31H1600-B7300,1782792000,0.07,40.0,2026-06-30
KXINXY-26DEC31H1600-B7300,1782878400,0.08,78.59,2026-07-01
KXINXY-26DEC31H1600-B7300,1782964800,0.05,223.0,2026-07-02
KXINXY-26DEC31H1600-B7300,1783051200,0.07,160.0,2026-07-03
KXINXY-26DEC31H1600-B7300,1783137600,0.09,503.39,2026-07-04
KXINXY-26DEC31H1600-B7300,1783224000,0.06,382.04,2026-07-05
KXINXY-26DEC31H1600-B7300,1783310400,0.05,603.39,2026-07-06
KXINXY-26DEC31H1600-B7300,1783396800,0.06,326.16,2026-07-07
KXINXY-26DEC31H1600-B7300,1783483200,0.06,1335.27,2026-07-08
KXINXY-26DEC31H1600-B7300,1783569600,,0.0,2026-07-09
KXINXY-26DEC31H1600-B7300,1783656000,0.05,263.12,2026-07-10
KXINXY-26DEC31H1600-B7300,1783742400,0.05,25.0,2026-07-11
KXINXY-26DEC31H1600-B7300,1783828800,0.06,203.0,2026-07-12
KXINXY-26DEC31H1600-B7300,1783915200,0.06,439.0,2026-07-13
KXINXY-26DEC31H1600-B7300,1784001600,0.05,311.08,2026-07-14
KXINXY-26DEC31H1600-B7300,1784088000,0.06,434.73,2026-07-15
KXINXY-26DEC31H1600-B7300,1784174400,0.06,1511.0,2026-07-16
KXINXY-26DEC31H1600-B7300,1784260800,0.06,95.33,2026-07-17
KXINXY-26DEC31H1600-B7300,1784347200,0.06,647.26,2026-07-18
KXINXY-26DEC31H1600-B7300,1784433600,0.06,207.47,2026-07-19
KXINXY-26DEC31H1600-B7300,1784520000,0.04,3129.24,2026-07-20
KXINXY-26DEC31H1600-B7300,1784606400,0.06,2476.56,2026-07-21
KXINXY-26DEC31H1600-B7300,1784692800,0.06,1300.86,2026-07-22
KXINXY-26DEC31H1600-B7300,1784779200,0.06,21.68,2026-07-23
KXINXY-26DEC31H1600-B7300,1784865600,0.07,1751.38,2026-07-24
KXINXY-26DEC31H1600-B7300,1784952000,0.07,240.0,2026-07-25
KXINXY-26DEC31H1600-B7300,1785038400,0.06,1.0,2026-07-26
KXINXY-26DEC31H1600-B7300,1785124800,0.07,117.39,2026-07-27
KXINXY-26DEC31H1600-B7300,1785211200,0.07,166.0,2026-07-28
KXINXY-26DEC31H1600-B7300,1785297600,0.07,67.06,2026-07-29
KXINXY-26DEC31H1600-B7300,1785384000,0.07,99.42,2026-07-30
KXINXY-26DEC31H1600-B7300,1785470400,0.07,21.66,2026-07-31
KXINXY-26DEC31H1600-B7300,1785556800,0.05,1101.0,2026-08-01
KXINXY-26DEC31H1600-B7300,1785643200,0.05,1196.73,2026-08-02
KXINXY-26DEC31H1600-B7300,1785729600,0.04,6838.12,2026-08-03
KXINXY-26DEC31H1600-B7300,1785816000,0.06,838.25,2026-08-04
KXINXY-26DEC31H1600-B7300,1785902400,0.06,1101.78,2026-08-05
KXINXY-26DEC31H1600-B7300,1785988800,0.05,791.98,2026-08-06
KXINXY-26DEC31H1600-B7300,1786075200,0.06,162.86,2026-08-07
KXINXY-26DEC31H1600-B7300,1786161600,0.05,330.0,2026-08-08
KXINXY-26DEC31H1600-B7300,1786248000,0.05,187.52,2026-08-09
KXINXY-26DEC31H1600-B7300,1786334400,0.05,139.12,2026-08-10
KXINXY-26DEC31H1600-B7300,1786420800,0.05,126.0,2026-08-11
KXINXY-26DEC31H1600-B7300,1786507200,0.05,40.0,2026-08-12
KXINXY-26DEC31H1600-B7300,1786593600,0.04,80.18,2026-08-13
KXINXY-26DEC31H1600-B7300,1786680000,0.04,5252.85,2026-08-14
KXINXY-26DEC31H1600-B7300,1786766400,0.04,1022.05,2026-08-15
KXINXY-26DEC31H1600-B7300,1786852800,0.04,5539.3,2026-08-16
KXINXY-26DEC31H1600-B7300,1786939200,0.06,9795.34,2026-08-17
KXINXY-26DEC31H1600-B7300,1787025600,0.06,2776.13,2026-08-18
KXINXY-26DEC31H1600-B7300,1787112000,0.06,532.17,2026-08-19
KXINXY-26DEC31H1600-B7300,1787198400,0.05,1390.0,2026-08-20
KXINXY-26DEC31H1600-B7300,1787284800,0.05,1970.18,2026-08-21
KXINXY-26DEC31H1600-B7300,1787371200,0.05,40.0,2026-08-22
KXINXY-26DEC31H1600-B7300,1787457600,0.07,7552.87,2026-08-23
KXINXY-26DEC31H1600-B7300,1787544000,0.07,772.18,2026-08-24
KXINXY-26DEC31H1600-B7300,1787630400,0.06,1007.1,2026-08-25
KXINXY-26DEC31H1600-B7300,1787716800,0.06,377.24,2026-08-26
KXINXY-26DEC31H1600-B7300,1787803200,0.06,2731.3,2026-08-27
KXINXY-26DEC31H1600-B7300,1787889600,0.05,11.41,2026-08-28
KXINXY-26DEC31H1600-B7300,1787976000,0.06,111.0,2026-08-29
KXINXY-26DEC31H1600-B7300,1788062400,,0.0,2026-08-30
KXINXY-26DEC31H1600-B7300,1788148800,0.05,63.04,2026-08-31
KXINXY-26DEC31H1600-B7300,1788235200,0.05,207.52,2026-09-01
KXINXY-26DEC31H1600-B7300,1788321600,0.04,332.42,2026-09-02
KXINXY-26DEC31H1600-B7300,1788408000,0.05,1308.2,2026-09-03
KXINXY-26DEC31H1600-B7300,1788494400,0.05,2583.0,2026-09-04
KXINXY-26DEC31H1600-B7300,1788580800,0.04,913.0,2026-09-05
KXINXY-26DEC31H1600-B7300,1788667200,0.05,425.55,2026-09-06
KXINXY-26DEC31H1600-B7300,1788753600,0.03,6190.06,2026-09-07
KXINXY-26DEC31H1600-B7300,1788840000,0.04,4329.54,2026-09-08
KXINXY-26DEC31H1600-B7500,1781150400,0.08,766.91,2026-06-11
KXINXY-26DEC31H1600-B7500,1781236800,0.09,1414.47,2026-06-12
KXINXY-26DEC31H1600-B7500,1781323200,0.09,522.7,2026-06-13
KXINXY-26DEC31H1600-B7500,1781409600,0.08,801.42,2026-06-14
KXINXY-26DEC31H1600-B7500,1781496000,0.08,3111.24,2026-06-15
KXINXY-26DEC31H1600-B7500,1781582400,0.07,2835.3,2026-06-16
KXINXY-26DEC31H1600-B7500,1781668800,0.05,1332.05,2026-06-17
KXINXY-26DEC31H1600-B7500,1781755200,0.09,784.91,2026-06-18
KXINXY-26DEC31H1600-B7500,1781841600,0.08,1273.66,2026-06-19
KXINXY-26DEC31H1600-B7500,1781928000,0.07,82.18,2026-06-20
KXINXY-26DEC31H1600-B7500,1782014400,0.1,1007.98,2026-06-21
KXINXY-26DEC31H1600-B7500,1782100800,0.06,1334.4,2026-06-22
KXINXY-26DEC31H1600-B7500,1782187200,0.08,4945.45,2026-06-23
KXINXY-26DEC31H1600-B7500,1782273600,0.09,169.4,2026-06-24
KXINXY-26DEC31H1600-B7500,1782360000,0.07,2276.77,2026-06-25
KXINXY-26DEC31H1600-B7500,1782446400,0.07,2683.9,2026-06-26
KXINXY-26DEC31H1600-B7500,1782532800,0.09,3668.85,2026-06-27
KXINXY-26DEC31H1600-B7500,1782619200,0.1,519.02,2026-06-28
KXINXY-26DEC31H1600-B7500,1782705600,0.1,1763.45,2026-06-29
KXINXY-26DEC31H1600-B7500,1782792000,0.08,1614.68,2026-06-30
KXINXY-26DEC31H1600-B7500,1782878400,0.08,3529.78,2026-07-01
KXINXY-26DEC31H1600-B7500,1782964800,,0.0,2026-07-02
KXINXY-26DEC31H1600-B7500,1783051200,0.09,228.42,2026-07-03
KXINXY-26DEC31H1600-B7500,1783137600,0.09,1545.64,2026-07-04
KXINXY-26DEC31H1600-B7500,1783224000,,0.0,2026-07-05
KXINXY-26DEC31H1600-B7500,1783310400,0.07,1675.84,2026-07-06
KXINXY-26DEC31H1600-B7500,1783396800,0.07,5220.99,2026-07-07
KXINXY-26DEC31H1600-B7500,1783483200,0.07,217.38,2026-07-08
KXINXY-26DEC31H1600-B7500,1783569600,0.09,1931.18,2026-07-09
KXINXY-26DEC31H1600-B7500,1783656000,0.09,630.79,2026-07-10
KXINXY-26DEC31H1600-B7500,1783742400,0.09,63.44,2026-07-11
KXINXY-26DEC31H1600-B7500,1783828800,0.08,2601.39,2026-07-12
KXINXY-26DEC31H1600-B7500,1783915200,0.07,1652.0,2026-07-13
KXINXY-26DEC31H1600-B7500,1784001600,0.07,196.43,2026-07-14
KXINXY-26DEC31H1600-B7500,1784088000,0.09,1676.8,2026-07-15
KXINXY-26DEC31H1600-B7500,1784174400,0.07,1004.26,2026-07-16
KXINXY-26DEC31H1600-B7500,1784260800,0.08,155.73,2026-07-17
KXINXY-26DEC31H1600-B7500,1784347200,0.08,1106.53,2026-07-18
KXINXY-26DEC31H1600-B7500,1784433600,0.09,508.81,2026-07-19
KXINXY-26DEC31H1600-B7500,1784520000,0.08,918.82,2026-07-20
KXINXY-26DEC31H1600-B7500,1784606400,0.07,1252.99,2026-07-21
KXINXY-26DEC31H1600-B7500,1784692800,0.08,926.72,2026-07-22
KXINXY-26DEC31H1600-B7500,1784779200,0.09,481.13,2026-07-23
KXINXY-26DEC31H1600-B7500,1784865600,0.08,528.67,2026-07-24
KXINXY-26DEC31H1600-B7500,1784952000,0.08,106.99,2026-07-25
KXINXY-26DEC31H1600-B7500,1785038400,0.08,138.0,2026-07-26
KXINXY-26DEC31H1600-B7500,1785124800,0.09,516.89,2026-07-27
KXINXY-26DEC31H1600-B7500,1785211200,0.08,372.1,2026-07-28
KXINXY-26DEC31H1600-B7500,1785297600,0.09,73.11,2026-07-29
KXINXY-26DEC31H1600-B7500,1785384000,0.09,1050.57,2026-07-30
KXINXY-26DEC31H1600-B7500,1785470400,0.09,189.08,2026-07-31
KXINXY-26DEC31H1600-B7500,1785556800,0.07,2516.72,2026-08-01
KXINXY-26DEC31H1600-B7500,1785643200,0.08,923.43,2026-08-02
KXINXY-26DEC31H1600-B7500,1785729600,0.07,1030.28,2026-08-03
KXINXY-26DEC31H1600-B7500,1785816000,0.09,2754.43,2026-08-04
KXINXY-26DEC31H1600-B7500,1785902400,0.08,1727.22,2026-08-05
KXINXY-26DEC31H1600-B7500,1785988800,0.07,1203.09,2026-08-06
KXINXY-26DEC31H1600-B7500,1786075200,0.07,1306.5,2026-08-07
KXINXY-26DEC31H1600-B7500,1786161600,0.06,1376.54,2026-08-08
KXINXY-26DEC31H1600-B7500,1786248000,0.07,1209.48,2026-08-09
KXINXY-26DEC31H1600-B7500,1786334400,,0.0,2026-08-10
KXINXY-26DEC31H1600-B7500,1786420800,0.06,225.91,2026-08-11
KXINXY-26DEC31H1600-B7500,1786507200,0.07,856.5,2026-08-12
KXINXY-26DEC31H1600-B7500,1786593600,0.07,392.18,2026-08-13
KXINXY-26DEC31H1600-B7500,1786680000,0.07,808.06,2026-08-14
KXINXY-26DEC31H1600-B7500,1786766400,0.07,159.52,2026-08-15
KXINXY-26DEC31H1600-B7500,1786852800,0.08,13151.31,2026-08-16
KXINXY-26DEC31H1600-B7500,1786939200,0.08,299.0,2026-08-17
KXINXY-26DEC31H1600-B7500,1787025600,0.09,7852.27,2026-08-18
KXINXY-26DEC31H1600-B7500,1787112000,0.09,464.28,2026-08-19
KXINXY-26DEC31H1600-B7500,1787198400,0.09,25.0,2026-08-20
KXINXY-26DEC31H1600-B7500,1787284800,0.09,1086.66,2026-08-21
KXINXY-26DEC31H1600-B7500,1787371200,0.08,301.29,2026-08-22
KXINXY-26DEC31H1600-B7500,1787457600,0.12,8965.81,2026-08-23
KXINXY-26DEC31H1600-B7500,1787544000,0.1,591.59,2026-08-24
KXINXY-26DEC31H1600-B7500,1787630400,0.08,91.8,2026-08-25
KXINXY-26DEC31H1600-B7500,1787716800,0.07,1053.83,2026-08-26
KXINXY-26DEC31H1600-B7500,1787803200,0.09,4143.08,2026-08-27
KXINXY-26DEC31H1600-B7500,1787889600,0.08,2143.37,2026-08-28
KXINXY-26DEC31H1600-B7500,1787976000,0.08,772.48,2026-08-29
KXINXY-26DEC31H1600-B7500,1788062400,0.08,750.0,2026-08-30
KXINXY-26DEC31H1600-B7500,1788148800,0.08,104.74,2026-08-31
KXINXY-26DEC31H1600-B7500,1788235200,0.09,2316.4,2026-09-01
KXINXY-26DEC31H1600-B7500,1788321600,0.08,1963.96,2026-09-02
KXINXY-26DEC31H1600-B7500,1788408000,0.09,250.31,2026-09-03
KXINXY-26DEC31H1600-B7500,1788494400,0.1,525.58,2026-09-04
KXINXY-26DEC31H1600-B7500,1788580800,0.07,510.16,2026-09-05
KXINXY-26DEC31H1600-B7500,1788667200,0.08,1032.6,2026-09-06
KXINXY-26DEC31H1600-B7500,1788753600,0.07,4369.0,2026-09-07
KXINXY-26DEC31H1600-B7500,1788840000,0.07,298.71,2026-09-08
KXINXY-26DEC31H1600-B7700,1781150400,0.15,5638.23,2026-06-11
KXINXY-26DEC31H1600-B7700,1781236800,0.14,1677.43,2026-06-12
KXINXY-26DEC31H1600-B7700,1781323200,0.12,1612.71,2026-06-13
KXINXY-26DEC31H1600-B7700,1781409600,0.17,1230.87,2026-06-14
KXINXY-26DEC31H1600-B7700,1781496000,0.17,2213.84,2026-06-15
KXINXY-26DEC31H1600-B7700,1781582400,0.12,5086.36,2026-06-16
KXINXY-26DEC31H1600-B7700,1781668800,0.07,1603.42,2026-06-17
KXINXY-26DEC31H1600-B7700,1781755200,0.12,4979.57,2026-06-18
KXINXY-26DEC31H1600-B7700,1781841600,0.11,375.47,2026-06-19
KXINXY-26DEC31H1600-B7700,1781928000,0.11,479.2,2026-06-20
KXINXY-26DEC31H1600-B7700,1782014400,0.17,3312.7,2026-06-21
KXINXY-26DEC31H1600-B7700,1782100800,0.13,699.04,2026-06-22
KXINXY-26DEC31H1600-B7700,1782187200,0.12,3168.71,2026-06-23
KXINXY-26DEC31H1600-B7700,1782273600,0.11,504.5,2026-06-24
KXINXY-26DEC31H1600-B7700,1782360000,0.14,2478.72,2026-06-25
KXINXY-26DEC31H1600-B7700,1782446400,0.11,1607.45,2026-06-26
KXINXY-26DEC31H1600-B7700,1782532800,0.11,1625.62,2026-06-27
KXINXY-26DEC31H1600-B7700,1782619200,0.08,1739.28,2026-06-28
KXINXY-26DEC31H1600-B7700,1782705600,0.09,2446.8,2026-06-29
KXINXY-26DEC31H1600-B7700,1782792000,0.11,2713.63,2026-06-30
KXINXY-26DEC31H1600-B7700,1782878400,0.11,1526.41,2026-07-01
KXINXY-26DEC31H1600-B7700,1782964800,0.1,356.49,2026-07-02
KXINXY-26DEC31H1600-B7700,1783051200,0.12,984.75,2026-07-03
KXINXY-26DEC31H1600-B7700,1783137600,0.15,2717.43,2026-07-04
KXINXY-26DEC31H1600-B7700,1783224000,0.14,2370.38,2026-07-05
KXINXY-26DEC31H1600-B7700,1783310400,0.14,1184.77,2026-07-06
KXINXY-26DEC31H1600-B7700,1783396800,0.09,6641.61,2026-07-07
KXINXY-26DEC31H1600-B7700,1783483200,0.09,1024.14,2026-07-08
KXINXY-26DEC31H1600-B7700,1783569600,0.12,2626.59,2026-07-09
KXINXY-26DEC31H1600-B7700,1783656000,0.13,1029.2,2026-07-10
KXINXY-26DEC31H1600-B7700,1783742400,0.13,1678.43,2026-07-11
KXINXY-26DEC31H1600-B7700,1783828800,0.12,1024.04,2026-07-12
KXINXY-26DEC31H1600-B7700,1783915200,0.13,1193.68,2026-07-13
KXINXY-26DEC31H1600-B7700,1784001600,0.13,2040.52,2026-07-14
KXINXY-26DEC31H1600-B7700,1784088000,0.12,998.04,2026-07-15
KXINXY-26DEC31H1600-B7700,1784174400,0.13,2988.69,2026-07-16
KXINXY-26DEC31H1600-B7700,1784260800,0.11,3708.3,2026-07-17
KXINXY-26DEC31H1600-B7700,1784347200,0.11,954.91,2026-07-18
KXINXY-26DEC31H1600-B7700,1784433600,0.1,293.62,2026-07-19
KXINXY-26DEC31H1600-B7700,1784520000,0.1,4059.51,2026-07-20
KXINXY-26DEC31H1600-B7700,1784606400,0.11,1438.63,2026-07-21
KXINXY-26DEC31H1600-B7700,1784692800,0.11,8085.11,2026-07-22
KXINXY-26DEC31H1600-B7700,1784779200,0.1,662.5,2026-07-23
KXINXY-26DEC31H1600-B7700,1784865600,0.12,1156.56,2026-07-24
KXINXY-26DEC31H1600-B7700,1784952000,0.11,872.33,2026-07-25
KXINXY-26DEC31H1600-B7700,1785038400,0.12,1526.71,2026-07-26
KXINXY-26DEC31H1600-B7700,1785124800,0.13,1402.73,2026-07-27
KXINXY-26DEC31H1600-B7700,1785211200,0.13,1613.58,2026-07-28
KXINXY-26DEC31H1600-B7700,1785297600,0.12,1743.21,2026-07-29
KXINXY-26DEC31H1600-B7700,1785384000,0.13,1857.9,2026-07-30
KXINXY-26DEC31H1600-B7700,1785470400,0.13,2739.75,2026-07-31
KXINXY-26DEC31H1600-B7700,1785556800,0.13,3420.42,2026-08-01
KXINXY-26DEC31H1600-B7700,1785643200,0.15,364.31,2026-08-02
KXINXY-26DEC31H1600-B7700,1785729600,0.17,2144.11,2026-08-03
KXINXY-26DEC31H1600-B7700,1785816000,0.17,2945.47,2026-08-04
KXINXY-26DEC31H1600-B7700,1785902400,0.13,4431.24,2026-08-05
KXINXY-26DEC31H1600-B7700,1785988800,0.12,1140.0,2026-08-06
KXINXY-26DEC31H1600-B7700,1786075200,0.12,669.71,2026-08-07
KXINXY-26DEC31H1600-B7700,1786161600,0.1,1267.3,2026-08-08
KXINXY-26DEC31H1600-B7700,1786248000,0.09,431.55,2026-08-09
KXINXY-26DEC31H1600-B7700,1786334400,,0.0,2026-08-10
KXINXY-26DEC31H1600-B7700,1786420800,0.09,323.36,2026-08-11
KXINXY-26DEC31H1600-B7700,1786507200,0.08,187.51,2026-08-12
KXINXY-26DEC31H1600-B7700,1786593600,0.1,6041.68,2026-08-13
KXINXY-26DEC31H1600-B7700,1786680000,0.07,1344.25,2026-08-14
KXINXY-26DEC31H1600-B7700,1786766400,0.07,7926.13,2026-08-15
KXINXY-26DEC31H1600-B7700,1786852800,0.09,5139.11,2026-08-16
KXINXY-26DEC31H1600-B7700,1786939200,0.11,175.61,2026-08-17
KXINXY-26DEC31H1600-B7700,1787025600,0.11,5305.05,2026-08-18
KXINXY-26DEC31H1600-B7700,1787112000,0.11,1308.4,2026-08-19
KXINXY-26DEC31H1600-B7700,1787198400,0.11,119.19,2026-08-20
KXINXY-26DEC31H1600-B7700,1787284800,0.11,118.34,2026-08-21
KXINXY-26DEC31H1600-B7700,1787371200,0.11,1309.4,2026-08-22
KXINXY-26DEC31H1600-B7700,1787457600,0.13,15714.39,2026-08-23
KXINXY-26DEC31H1600-B7700,1787544000,0.12,1662.15,2026-08-24
KXINXY-26DEC31H1600-B7700,1787630400,0.13,1612.97,2026-08-25
KXINXY-26DEC31H1600-B7700,1787716800,0.13,204.5,2026-08-26
KXINXY-26DEC31H1600-B7700,1787803200,0.13,3108.72,2026-08-27
KXINXY-26DEC31H1600-B7700,1787889600,0.09,3142.16,2026-08-28
KXINXY-26DEC31H1600-B7700,1787976000,0.11,2253.69,2026-08-29
KXINXY-26DEC31H1600-B7700,1788062400,0.13,79.32,2026-08-30
KXINXY-26DEC31H1600-B7700,1788148800,0.12,321.57,2026-08-31
KXINXY-26DEC31H1600-B7700,1788235200,0.13,3940.58,2026-09-01
KXINXY-26DEC31H1600-B7700,1788321600,0.12,1770.3,2026-09-02
KXINXY-26DEC31H1600-B7700,1788408000,0.13,2131.95,2026-09-03
KXINXY-26DEC31H1600-B7700,1788494400,0.12,687.88,2026-09-04
KXINXY-26DEC31H1600-B7700,1788580800,0.11,2839.78,2026-09-05
KXINXY-26DEC31H1600-B7700,1788667200,0.11,1043.03,2026-09-06
KXINXY-26DEC31H1600-B7700,1788753600,0.12,403.48,2026-09-07
KXINXY-26DEC31H1600-B7700,1788840000,0.11,85.05,2026-09-08
KXINXY-26DEC31H1600-B8100,1781150400,0.11,940.36,2026-06-11
KXINXY-26DEC31H1600-B8100,1781236800,0.15,2115.19,2026-06-12
KXINXY-26DEC31H1600-B8100,1781323200,0.14,6607.88,2026-06-13
KXINXY-26DEC31H1600-B8100,1781409600,0.15,1121.51,2026-06-14
KXINXY-26DEC31H1600-B8100,1781496000,0.16,9581.43,2026-06-15
KXINXY-26DEC31H1600-B8100,1781582400,0.13,8179.02,2026-06-16
KXINXY-26DEC31H1600-B8100,1781668800,0.13,883.32,2026-06-17
KXINXY-26DEC31H1600-B8100,1781755200,0.1,8541.84,2026-06-18
KXINXY-26DEC31H1600-B8100,1781841600,0.14,3424.41,2026-06-19
KXINXY-26DEC31H1600-B8100,1781928000,0.13,786.02,2026-06-20
KXINXY-26DEC31H1600-B8100,1782014400,0.14,675.25,2026-06-21
KXINXY-26DEC31H1600-B8100,1782100800,0.15,5986.58,2026-06-22
KXINXY-26DEC31H1600-B8100,1782187200,0.12,3448.56,2026-06-23
KXINXY-26DEC31H1600-B8100,1782273600,0.11,1530.36,2026-06-24
KXINXY-26DEC31H1600-B8100,1782360000,0.14,4030.12,2026-06-25
KXINXY-26DEC31H1600-B8100,1782446400,0.12,838.04,2026-06-26
KXINXY-26DEC31H1600-B8100,1782532800,0.12,1366.11,2026-06-27
KXINXY-26DEC31H1600-B8100,1782619200,0.1,626.81,2026-06-28
KXINXY-26DEC31H1600-B8100,1782705600,0.11,1253.78,2026-06-29
KXINXY-26DEC31H1600-B8100,1782792000,0.11,3073.02,2026-06-30
KXINXY-26DEC31H1600-B8100,1782878400,0.14,4798.54,2026-07-01
KXINXY-26DEC31H1600-B8100,1782964800,0.12,3912.72,2026-07-02
KXINXY-26DEC31H1600-B8100,1783051200,0.13,5254.11,2026-07-03
KXINXY-26DEC31H1600-B8100,1783137600,0.15,615.97,2026-07-04
KXINXY-26DEC31H1600-B8100,1783224000,0.13,1059.06,2026-07-05
KXINXY-26DEC31H1600-B8100,1783310400,0.12,169.4,2026-07-06
KXINXY-26DEC31H1600-B8100,1783396800,0.13,2970.91,2026-07-07
KXINXY-26DEC31H1600-B8100,1783483200,0.12,2214.41,2026-07-08
KXINXY-26DEC31H1600-B8100,1783569600,0.1,1103.51,2026-07-09
KXINXY-26DEC31H1600-B8100,1783656000,0.11,804.37,2026-07-10
KXINXY-26DEC31H1600-B8100,1783742400,0.11,4958.51,2026-07-11
KXINXY-26DEC31H1600-B8100,1783828800,0.12,830.15,2026-07-12
KXINXY-26DEC31H1600-B8100,1783915200,0.11,2018.87,2026-07-13
KXINXY-26DEC31H1600-B8100,1784001600,0.13,589.46,2026-07-14
KXINXY-26DEC31H1600-B8100,1784088000,0.13,143.0,2026-07-15
KXINXY-26DEC31H1600-B8100,1784174400,0.12,616.71,2026-07-16
KXINXY-26DEC31H1600-B8100,1784260800,0.13,360.32,2026-07-17
KXINXY-26DEC31H1600-B8100,1784347200,0.13,79.0,2026-07-18
KXINXY-26DEC31H1600-B8100,1784433600,0.12,1115.6,2026-07-19
KXINXY-26DEC31H1600-B8100,1784520000,0.11,1601.95,2026-07-20
KXINXY-26DEC31H1600-B8100,1784606400,0.13,2187.71,2026-07-21
KXINXY-26DEC31H1600-B8100,1784692800,0.13,1797.51,2026-07-22
KXINXY-26DEC31H1600-B8100,1784779200,0.13,4161.96,2026-07-23
KXINXY-26DEC31H1600-B8100,1784865600,0.14,2115.43,2026-07-24
KXINXY-26DEC31H1600-B8100,1784952000,0.13,414.78,2026-07-25
KXINXY-26DEC31H1600-B8100,1785038400,0.12,3754.56,2026-07-26
KXINXY-26DEC31H1600-B8100,1785124800,0.1,4773.1,2026-07-27
KXINXY-26DEC31H1600-B8100,1785211200,0.11,108.4,2026-07-28
KXINXY-26DEC31H1600-B8100,1785297600,0.11,358.65,2026-07-29
KXINXY-26DEC31H1600-B8100,1785384000,0.11,924.83,2026-07-30
KXINXY-26DEC31H1600-B8100,1785470400,0.1,2340.85,2026-07-31
KXINXY-26DEC31H1600-B8100,1785556800,0.11,2919.4,2026-08-01
KXINXY-26DEC31H1600-B8100,1785643200,0.11,521.14,2026-08-02
KXINXY-26DEC31H1600-B8100,1785729600,0.11,107.57,2026-08-03
KXINXY-26DEC31H1600-B8100,1785816000,0.12,2347.81,2026-08-04
KXINXY-26DEC31H1600-B8100,1785902400,0.16,3825.27,2026-08-05
KXINXY-26DEC31H1600-B8100,1785988800,0.13,1381.29,2026-08-06
KXINXY-26DEC31H1600-B8100,1786075200,0.14,3311.91,2026-08-07
KXINXY-26DEC31H1600-B8100,1786161600,0.16,4219.99,2026-08-08
KXINXY-26DEC31H1600-B8100,1786248000,0.16,1194.76,2026-08-09
KXINXY-26DEC31H1600-B8100,1786334400,0.13,2684.77,2026-08-10
KXINXY-26DEC31H1600-B8100,1786420800,0.15,5972.55,2026-08-11
KXINXY-26DEC31H1600-B8100,1786507200,0.15,2987.79,2026-08-12
KXINXY-26DEC31H1600-B8100,1786593600,0.16,6459.52,2026-08-13
KXINXY-26DEC31H1600-B8100,1786680000,0.16,13808.86,2026-08-14
KXINXY-26DEC31H1600-B8100,1786766400,0.17,14316.73,2026-08-15
KXINXY-26DEC31H1600-B8100,1786852800,0.19,5403.67,2026-08-16
KXINXY-26DEC31H1600-B8100,1786939200,0.19,2044.63,2026-08-17
KXINXY-26DEC31H1600-B8100,1787025600,0.19,7637.7,2026-08-18
KXINXY-26DEC31H1600-B8100,1787112000,0.19,8324.21,2026-08-19
KXINXY-26DEC31H1600-B8100,1787198400,0.16,6231.42,2026-08-20
KXINXY-26DEC31H1600-B8100,1787284800,0.17,15978.46,2026-08-21
KXINXY-26DEC31H1600-B8100,1787371200,0.18,4836.04,2026-08-22
KXINXY-26DEC31H1600-B8100,1787457600,0.18,4846.12,2026-08-23
KXINXY-26DEC31H1600-B8100,1787544000,0.18,1862.65,2026-08-24
KXINXY-26DEC31H1600-B8100,1787630400,0.16,8636.53,2026-08-25
KXINXY-26DEC31H1600-B8100,1787716800,0.17,4229.56,2026-08-26
KXINXY-26DEC31H1600-B8100,1787803200,0.19,8689.86,2026-08-27
KXINXY-26DEC31H1600-B8100,1787889600,0.17,6549.2,2026-08-28
KXINXY-26DEC31H1600-B8100,1787976000,0.17,1637.39,2026-08-29
KXINXY-26DEC31H1600-B8100,1788062400,0.17,2242.45,2026-08-30
KXINXY-26DEC31H1600-B8100,1788148800,0.17,304.71,2026-08-31
KXINXY-26DEC31H1600-B8100,1788235200,0.17,2961.23,2026-09-01
KXINXY-26DEC31H1600-B8100,1788321600,0.15,7418.02,2026-09-02
KXINXY-26DEC31H1600-B8100,1788408000,0.17,7734.63,2026-09-03
KXINXY-26DEC31H1600-B8100,1788494400,0.17,3608.26,2026-09-04
KXINXY-26DEC31H1600-B8100,1788580800,0.16,7911.69,2026-09-05
KXINXY-26DEC31H1600-B8100,1788667200,0.16,2392.89,2026-09-06
KXINXY-26DEC31H1600-B8100,1788753600,0.17,808.43,2026-09-07
KXINXY-26DEC31H1600-B8100,1788840000,0.15,3477.6,2026-09-08
KXINXY-26DEC31H1600-B8300,1781150400,0.08,430.9,2026-06-11
KXINXY-26DEC31H1600-B8300,1781236800,0.06,644.0,2026-06-12
KXINXY-26DEC31H1600-B8300,1781323200,0.1,3104.9,2026-06-13
KXINXY-26DEC31H1600-B8300,1781409600,0.05,3024.42,2026-06-14
KXINXY-26DEC31H1600-B8300,1781496000,0.09,3179.38,2026-06-15
KXINXY-26DEC31H1600-B8300,1781582400,0.07,1493.26,2026-06-16
KXINXY-26DEC31H1600-B8300,1781668800,0.07,11237.66,2026-06-17
KXINXY-26DEC31H1600-B8300,1781755200,0.08,6867.05,2026-06-18
KXINXY-26DEC31H1600-B8300,1781841600,0.07,574.17,2026-06-19
KXINXY-26DEC31H1600-B8300,1781928000,0.07,1161.77,2026-06-20
KXINXY-26DEC31H1600-B8300,1782014400,0.1,5630.14,2026-06-21
KXINXY-26DEC31H1600-B8300,1782100800,0.1,74.86,2026-06-22
KXINXY-26DEC31H1600-B8300,1782187200,0.1,2143.44,2026-06-23
KXINXY-26DEC31H1600-B8300,1782273600,0.08,556.77,2026-06-24
KXINXY-26DEC31H1600-B8300,1782360000,0.09,1936.0,2026-06-25
KXINXY-26DEC31H1600-B8300,1782446400,0.08,526.91,2026-06-26
KXINXY-26DEC31H1600-B8300,1782532800,0.09,299.0,2026-06-27
KXINXY-26DEC31H1600-B8300,1782619200,0.09,515.0,2026-06-28
KXINXY-26DEC31H1600-B8300,1782705600,0.09,339.81,2026-06-29
KXINXY-26DEC31H1600-B8300,1782792000,0.08,737.84,2026-06-30
KXINXY-26DEC31H1600-B8300,1782878400,0.09,487.38,2026-07-01
KXINXY-26DEC31H1600-B8300,1782964800,0.09,172.0,2026-07-02
KXINXY-26DEC31H1600-B8300,1783051200,0.08,337.0,2026-07-03
KXINXY-26DEC31H1600-B8300,1783137600,0.08,284.83,2026-07-04
KXINXY-26DEC31H1600-B8300,1783224000,0.07,1342.0,2026-07-05
KXINXY-26DEC31H1600-B8300,1783310400,0.07,28.0,2026-07-06
KXINXY-26DEC31H1600-B8300,1783396800,0.08,199.15,2026-07-07
KXINXY-26DEC31H1600-B8300,1783483200,0.08,347.13,2026-07-08
KXINXY-26DEC31H1600-B8300,1783569600,0.07,70.47,2026-07-09
KXINXY-26DEC31H1600-B8300,1783656000,0.08,85.71,2026-07-10
KXINXY-26DEC31H1600-B8300,1783742400,0.08,621.71,2026-07-11
KXINXY-26DEC31H1600-B8300,1783828800,0.07,244.24,2026-07-12
KXINXY-26DEC31H1600-B8300,1783915200,0.07,19.0,2026-07-13
KXINXY-26DEC31H1600-B8300,1784001600,0.08,469.99,2026-07-14
KXINXY-26DEC31H1600-B8300,1784088000,0.08,219.0,2026-07-15
KXINXY-26DEC31H1600-B8300,1784174400,0.08,733.0,2026-07-16
KXINXY-26DEC31H1600-B8300,1784260800,0.08,803.0,2026-07-17
KXINXY-26DEC31H1600-B8300,1784347200,0.08,274.17,2026-07-18
KXINXY-26DEC31H1600-B8300,1784433600,0.08,4096.23,2026-07-19
KXINXY-26DEC31H1600-B8300,1784520000,0.09,302.92,2026-07-20
KXINXY-26DEC31H1600-B8300,1784606400,0.08,1553.0,2026-07-21
KXINXY-26DEC31H1600-B8300,1784692800,0.08,646.75,2026-07-22
KXINXY-26DEC31H1600-B8300,1784779200,0.07,1093.88,2026-07-23
KXINXY-26DEC31H1600-B8300,1784865600,0.06,1029.08,2026-07-24
KXINXY-26DEC31H1600-B8300,1784952000,0.08,76.0,2026-07-25
KXINXY-26DEC31H1600-B8300,1785038400,,0.0,2026-07-26
KXINXY-26DEC31H1600-B8300,1785124800,0.06,1415.69,2026-07-27
KXINXY-26DEC31H1600-B8300,1785211200,0.06,24.0,2026-07-28
KXINXY-26DEC31H1600-B8300,1785297600,0.06,6247.77,2026-07-29
KXINXY-26DEC31H1600-B8300,1785384000,0.07,617.32,2026-07-30
KXINXY-26DEC31H1600-B8300,1785470400,0.06,77.32,2026-07-31
KXINXY-26DEC31H1600-B8300,1785556800,0.07,184.94,2026-08-01
KXINXY-26DEC31H1600-B8300,1785643200,0.07,121.0,2026-08-02
KXINXY-26DEC31H1600-B8300,1785729600,0.07,49.04,2026-08-03
KXINXY-26DEC31H1600-B8300,1785816000,0.06,833.0,2026-08-04
KXINXY-26DEC31H1600-B8300,1785902400,0.09,6377.93,2026-08-05
KXINXY-26DEC31H1600-B8300,1785988800,0.1,2654.84,2026-08-06
KXINXY-26DEC31H1600-B8300,1786075200,0.09,3508.15,2026-08-07
KXINXY-26DEC31H1600-B8300,1786161600,0.11,2350.17,2026-08-08
KXINXY-26DEC31H1600-B8300,1786248000,0.09,1695.45,2026-08-09
KXINXY-26DEC31H1600-B8300,1786334400,,0.0,2026-08-10
KXINXY-26DEC31H1600-B8300,1786420800,0.12,3125.28,2026-08-11
KXINXY-26DEC31H1600-B8300,1786507200,0.11,804.4,2026-08-12
KXINXY-26DEC31H1600-B8300,1786593600,0.11,211.31,2026-08-13
KXINXY-26DEC31H1600-B8300,1786680000,0.06,7038.13,2026-08-14
KXINXY-26DEC31H1600-B8300,1786766400,0.12,17695.29,2026-08-15
KXINXY-26DEC31H1600-B8300,1786852800,0.11,1289.19,2026-08-16
KXINXY-26DEC31H1600-B8300,1786939200,0.11,981.22,2026-08-17
KXINXY-26DEC31H1600-B8300,1787025600,0.13,13381.62,2026-08-18
KXINXY-26DEC31H1600-B8300,1787112000,0.11,309.08,2026-08-19
KXINXY-26DEC31H1600-B8300,1787198400,0.12,116.4,2026-08-20
KXINXY-26DEC31H1600-B8300,1787284800,0.1,1788.78,2026-08-21
KXINXY-26DEC31H1600-B8300,1787371200,0.1,926.35,2026-08-22
KXINXY-26DEC31H1600-B8300,1787457600,0.11,184.17,2026-08-23
KXINXY-26DEC31H1600-B8300,1787544000,0.1,2023.66,2026-08-24
KXINXY-26DEC31H1600-B8300,1787630400,0.09,349.83,2026-08-25
KXINXY-26DEC31H1600-B8300,1787716800,0.1,989.15,2026-08-26
KXINXY-26DEC31H1600-B8300,1787803200,0.1,800.61,2026-08-27
KXINXY-26DEC31H1600-B8300,1787889600,0.11,3503.23,2026-08-28
KXINXY-26DEC31H1600-B8300,1787976000,0.11,62.74,2026-08-29
KXINXY-26DEC31H1600-B8300,1788062400,0.1,839.15,2026-08-30
KXINXY-26DEC31H1600-B8300,1788148800,0.1,763.9,2026-08-31
KXINXY-26DEC31H1600-B8300,1788235200,0.1,2007.33,2026-09-01
KXINXY-26DEC31H1600-B8300,1788321600,0.1,357.46,2026-09-02
KXINXY-26DEC31H1600-B8300,1788408000,0.1,108.0,2026-09-03
KXINXY-26DEC31H1600-B8300,1788494400,0.1,1089.0,2026-09-04
KXINXY-26DEC31H1600-B8300,1788580800,0.1,2767.78,2026-09-05
KXINXY-26DEC31H1600-B8300,1788667200,0.09,652.5,2026-09-06
KXINXY-26DEC31H1600-B8300,1788753600,0.09,1067.0,2026-09-07
KXINXY-26DEC31H1600-B8300,1788840000,0.09,25.0,2026-09-08
KXINXY-26DEC31H1600-B8500,1781150400,0.05,1.93,2026-06-11
KXINXY-26DEC31H1600-B8500,1781236800,0.06,2335.07,2026-06-12
KXINXY-26DEC31H1600-B8500,1781323200,0.06,215.35,2026-06-13
KXINXY-26DEC31H1600-B8500,1781409600,0.06,1581.0,2026-06-14
KXINXY-26DEC31H1600-B8500,1781496000,0.07,1071.71,2026-06-15
KXINXY-26DEC31H1600-B8500,1781582400,0.04,2703.67,2026-06-16
KXINXY-26DEC31H1600-B8500,1781668800,0.06,2.0,2026-06-17
KXINXY-26DEC31H1600-B8500,1781755200,0.05,17.0,2026-06-18
KXINXY-26DEC31H1600-B8500,1781841600,0.05,102.0,2026-06-19
KXINXY-26DEC31H1600-B8500,1781928000,,0.0,2026-06-20
KXINXY-26DEC31H1600-B8500,1782014400,0.06,1373.0,2026-06-21
KXINXY-26DEC31H1600-B8500,1782100800,0.06,1176.52,2026-06-22
KXINXY-26DEC31H1600-B8500,1782187200,0.07,124.5,2026-06-23
KXINXY-26DEC31H1600-B8500,1782273600,0.07,120.0,2026-06-24
KXINXY-26DEC31H1600-B8500,1782360000,,0.0,2026-06-25
KXINXY-26DEC31H1600-B8500,1782446400,,0.0,2026-06-26
KXINXY-26DEC31H1600-B8500,1782532800,,0.0,2026-06-27
KXINXY-26DEC31H1600-B8500,1782619200,0.05,500.0,2026-06-28
KXINXY-26DEC31H1600-B8500,1782792000,0.04,204.0,2026-06-30
KXINXY-26DEC31H1600-B8500,1782878400,,0.0,2026-07-01
KXINXY-26DEC31H1600-B8500,1782964800,0.06,530.39,2026-07-02
KXINXY-26DEC31H1600-B8500,1783051200,0.04,88.0,2026-07-03
KXINXY-26DEC31H1600-B8500,1783137600,,0.0,2026-07-04
KXINXY-26DEC31H1600-B8500,1783224000,0.05,224.0,2026-07-05
KXINXY-26DEC31H1600-B8500,1783310400,0.03,1000.0,2026-07-06
KXINXY-26DEC31H1600-B8500,1783396800,,0.0,2026-07-07
KXINXY-26DEC31H1600-B8500,1783483200,0.04,3852.0,2026-07-08
KXINXY-26DEC31H1600-B8500,1783569600,,0.0,2026-07-09
KXINXY-26DEC31H1600-B8500,1783656000,,0.0,2026-07-10
KXINXY-26DEC31H1600-B8500,1783742400,,0.0,2026-07-11
KXINXY-26DEC31H1600-B8500,1783828800,,0.0,2026-07-12
KXINXY-26DEC31H1600-B8500,1783915200,0.04,1926.0,2026-07-13
KXINXY-26DEC31H1600-B8500,1784001600,,0.0,2026-07-14
KXINXY-26DEC31H1600-B8500,1784088000,,0.0,2026-07-15
KXINXY-26DEC31H1600-B8500,1784174400,0.03,165.66,2026-07-16
KXINXY-26DEC31H1600-B8500,1784260800,0.04,284.0,2026-07-17
KXINXY-26DEC31H1600-B8500,1784347200,,0.0,2026-07-18
KXINXY-26DEC31H1600-B8500,1784433600,0.04,192.0,2026-07-19
KXINXY-26DEC31H1600-B8500,1784520000,0.04,147.69,2026-07-20
KXINXY-26DEC31H1600-B8500,1784606400,,0.0,2026-07-21
KXINXY-26DEC31H1600-B8500,1784692800,0.04,192.0,2026-07-22
KXINXY-26DEC31H1600-B8500,1784779200,0.04,10.0,2026-07-23
KXINXY-26DEC31H1600-B8500,1784865600,0.03,709.0,2026-07-24
KXINXY-26DEC31H1600-B8500,1784952000,0.04,20.0,2026-07-25
KXINXY-26DEC31H1600-B8500,1785038400,0.04,1926.0,2026-07-26
KXINXY-26DEC31H1600-B8500,1785124800,,0.0,2026-07-27
KXINXY-26DEC31H1600-B8500,1785211200,0.04,5713.0,2026-07-28
KXINXY-26DEC31H1600-B8500,1785297600,,0.0,2026-07-29
KXINXY-26DEC31H1600-B8500,1785384000,,0.0,2026-07-30
KXINXY-26DEC31H1600-B8500,1785470400,,0.0,2026-07-31
KXINXY-26DEC31H1600-B8500,1785556800,,0.0,2026-08-01
KXINXY-26DEC31H1600-B8500,1785729600,0.05,18.75,2026-08-03
KXINXY-26DEC31H1600-B8500,1785816000,0.05,155.02,2026-08-04
KXINXY-26DEC31H1600-B8500,1785902400,,0.0,2026-08-05
KXINXY-26DEC31H1600-B8500,1785988800,0.05,16.97,2026-08-06
KXINXY-26DEC31H1600-B8500,1786075200,0.05,1739.49,2026-08-07
KXINXY-26DEC31H1600-B8500,1786161600,0.04,996.77,2026-08-08
KXINXY-26DEC31H1600-B8500,1786248000,0.04,4064.0,2026-08-09
KXINXY-26DEC31H1600-B8500,1786420800,0.06,6312.99,2026-08-11
KXINXY-26DEC31H1600-B8500,1786507200,0.06,1386.0,2026-08-12
KXINXY-26DEC31H1600-B8500,1786593600,0.06,81.0,2026-08-13
KXINXY-26DEC31H1600-B8500,1786680000,0.04,1253.38,2026-08-14
KXINXY-26DEC31H1600-B8500,1786766400,0.05,13117.3,2026-08-15
KXINXY-26DEC31H1600-B8500,1786852800,0.07,1778.26,2026-08-16
KXINXY-26DEC31H1600-B8500,1786939200,0.08,8.0,2026-08-17
KXINXY-26DEC31H1600-B8500,1787025600,0.08,13952.26,2026-08-18
KXINXY-26DEC31H1600-B8500,1787112000,0.07,443.26,2026-08-19
KXINXY-26DEC31H1600-B8500,1787198400,0.09,1001.0,2026-08-20
KXINXY-26DEC31H1600-B8500,1787284800,0.07,578.12,2026-08-21
KXINXY-26DEC31H1600-B8500,1787371200,0.07,2950.15,2026-08-22
KXINXY-26DEC31H1600-B8500,1787457600,0.05,54.0,2026-08-23
KXINXY-26DEC31H1600-B8500,1787544000,0.05,1543.37,2026-08-24
KXINXY-26DEC31H1600-B8500,1787630400,0.08,3500.1,2026-08-25
KXINXY-26DEC31H1600-B8500,1787716800,0.07,80.47,2026-08-26
KXINXY-26DEC31H1600-B8500,1787803200,0.07,194.06,2026-08-27
KXINXY-26DEC31H1600-B8500,1787889600,0.07,5896.76,2026-08-28
KXINXY-26DEC31H1600-B8500,1787976000,0.06,133.41,2026-08-29
KXINXY-26DEC31H1600-B8500,1788062400,0.05,446.69,2026-08-30
KXINXY-26DEC31H1600-B8500,1788148800,0.05,1105.83,2026-08-31
KXINXY-26DEC31H1600-B8500,1788235200,0.05,1626.0,2026-09-01
KXINXY-26DEC31H1600-B8500,1788321600,0.05,281.28,2026-09-02
KXINXY-26DEC31H1600-B8500,1788408000,0.03,178.02,2026-09-03
KXINXY-26DEC31H1600-B8500,1788494400,0.04,349.46,2026-09-04
KXINXY-26DEC31H1600-B8500,1788580800,0.07,7027.4,2026-09-05
KXINXY-26DEC31H1600-B8500,1788667200,,0.0,2026-09-06
KXINXY-26DEC31H1600-B8500,1788753600,,0.0,2026-09-07
KXINXY-26DEC31H1600-B8500,1788840000,0.06,2.0,2026-09-08
KXINXY-26DEC31H1600-B8900,1781150400,0.03,135.45,2026-06-11
KXINXY-26DEC31H1600-B8900,1781236800,,0.0,2026-06-12
KXINXY-26DEC31H1600-B8900,1781323200,0.03,2438.24,2026-06-13
KXINXY-26DEC31H1600-B8900,1781409600,0.03,30.7,2026-06-14
KXINXY-26DEC31H1600-B8900,1781496000,0.03,487.0,2026-06-15
KXINXY-26DEC31H1600-B8900,1781582400,0.03,241.0,2026-06-16
KXINXY-26DEC31H1600-B8900,1781668800,0.03,4956.13,2026-06-17
KXINXY-26DEC31H1600-B8900,1781755200,0.04,363.42,2026-06-18
KXINXY-26DEC31H1600-B8900,1781841600,,0.0,2026-06-19
KXINXY-26DEC31H1600-B8900,1782014400,0.04,1926.0,2026-06-21
KXINXY-26DEC31H1600-B8900,1782100800,0.02,278.04,2026-06-22
KXINXY-26DEC31H1600-B8900,1782187200,0.02,913.59,2026-06-23
KXINXY-26DEC31H1600-B8900,1782273600,0.03,385.0,2026-06-24
KXINXY-26DEC31H1600-B8900,1782360000,0.03,1020.33,2026-06-25
KXINXY-26DEC31H1600-B8900,1782446400,,0.0,2026-06-26
KXINXY-26DEC31H1600-B8900,1782532800,0.03,32.0,2026-06-27
KXINXY-26DEC31H1600-B8900,1782619200,,0.0,2026-06-28
KXINXY-26DEC31H1600-B8900,1782705600,,0.0,2026-06-29
KXINXY-26DEC31H1600-B8900,1782964800,0.02,679.23,2026-07-02
KXINXY-26DEC31H1600-B8900,1783051200,0.03,4824.0,2026-07-03
KXINXY-26DEC31H1600-B8900,1783137600,,0.0,2026-07-04
KXINXY-26DEC31H1600-B8900,1783224000,0.04,11.3,2026-07-05
KXINXY-26DEC31H1600-B8900,1783310400,,0.0,2026-07-06
KXINXY-26DEC31H1600-B8900,1783396800,0.01,4412.43,2026-07-07
KXINXY-26DEC31H1600-B8900,1783483200,0.01,11.3,2026-07-08
KXINXY-26DEC31H1600-B8900,1783569600,0.03,2000.8,2026-07-09
KXINXY-26DEC31H1600-B8900,1783656000,0.03,0.31,2026-07-10
KXINXY-26DEC31H1600-B8900,1783742400,,0.0,2026-07-11
KXINXY-26DEC31H1600-B8900,1783828800,,0.0,2026-07-12
KXINXY-26DEC31H1600-B8900,1783915200,0.01,811.55,2026-07-13
KXINXY-26DEC31H1600-B8900,1784001600,0.03,2164.44,2026-07-14
KXINXY-26DEC31H1600-B8900,1784174400,0.03,188.0,2026-07-16
KXINXY-26DEC31H1600-B8900,1784260800,0.02,160.99,2026-07-17
KXINXY-26DEC31H1600-B8900,1784347200,0.02,128.76,2026-07-18
KXINXY-26DEC31H1600-B8900,1784433600,,0.0,2026-07-19
KXINXY-26DEC31H1600-B8900,1784520000,,0.0,2026-07-20
KXINXY-26DEC31H1600-B8900,1784606400,,0.0,2026-07-21
KXINXY-26DEC31H1600-B8900,1784692800,,0.0,2026-07-22
KXINXY-26DEC31H1600-B8900,1784779200,,0.0,2026-07-23
KXINXY-26DEC31H1600-B8900,1784865600,,0.0,2026-07-24
KXINXY-26DEC31H1600-B8900,1784952000,0.03,2.0,2026-07-25
KXINXY-26DEC31H1600-B8900,1785124800,,0.0,2026-07-27
KXINXY-26DEC31H1600-B8900,1785211200,,0.0,2026-07-28
KXINXY-26DEC31H1600-B8900,1785297600,0.01,5.04,2026-07-29
KXINXY-26DEC31H1600-B8900,1785384000,,0.0,2026-07-30
KXINXY-26DEC31H1600-B8900,1785470400,,0.0,2026-07-31
KXINXY-26DEC31H1600-B8900,1785816000,,0.0,2026-08-04
KXINXY-26DEC31H1600-B8900,1785902400,,0.0,2026-08-05
KXINXY-26DEC31H1600-B8900,1785988800,,0.0,2026-08-06
KXINXY-26DEC31H1600-B8900,1786075200,0.02,2414.0,2026-08-07
KXINXY-26DEC31H1600-B8900,1786161600,,0.0,2026-08-08
KXINXY-26DEC31H1600-B8900,1786248000,,0.0,2026-08-09
KXINXY-26DEC31H1600-B8900,1786334400,0.02,179.0,2026-08-10
KXINXY-26DEC31H1600-B8900,1786420800,0.02,467.9,2026-08-11
KXINXY-26DEC31H1600-B8900,1786507200,,0.0,2026-08-12
KXINXY-26DEC31H1600-B8900,1786593600,,0.0,2026-08-13
KXINXY-26DEC31H1600-B8900,1786680000,,0.0,2026-08-14
KXINXY-26DEC31H1600-B8900,1786766400,0.01,32.23,2026-08-15
KXINXY-26DEC31H1600-B8900,1786939200,0.02,2.0,2026-08-17
KXINXY-26DEC31H1600-B8900,1787025600,0.02,100227.64,2026-08-18
KXINXY-26DEC31H1600-B8900,1787112000,0.03,3152.39,2026-08-19
KXINXY-26DEC31H1600-B8900,1787198400,0.03,1060.65,2026-08-20
KXINXY-26DEC31H1600-B8900,1787284800,0.02,248.0,2026-08-21
KXINXY-26DEC31H1600-B8900,1787371200,0.02,3121.39,2026-08-22
KXINXY-26DEC31H1600-B8900,1787457600,0.03,25.0,2026-08-23
KXINXY-26DEC31H1600-B8900,1787544000,,0.0,2026-08-24
KXINXY-26DEC31H1600-B8900,1787716800,,0.0,2026-08-26
KXINXY-26DEC31H1600-B8900,1787803200,,0.0,2026-08-27
KXINXY-26DEC31H1600-B8900,1787889600,,0.0,2026-08-28
KXINXY-26DEC31H1600-B8900,1787976000,0.02,10.73,2026-08-29
KXINXY-26DEC31H1600-B8900,1788062400,,0.0,2026-08-30
KXINXY-26DEC31H1600-B8900,1788235200,0.03,1000.0,2026-09-01
KXINXY-26DEC31H1600-B8900,1788321600,,0.0,2026-09-02
KXINXY-26DEC31H1600-B8900,1788494400,,0.0,2026-09-04
KXINXY-26DEC31H1600-B8900,1788580800,0.02,3012.0,2026-09-05
KXINXY-26DEC31H1600-B8900,1788667200,,0.0,2026-09-06
KXINXY-26DEC31H1600-B8900,1788753600,0.02,500.0,2026-09-07
KXINXY-26DEC31H1600-T9000,1781150400,0.05,37.12,2026-06-11
KXINXY-26DEC31H1600-T9000,1781236800,0.05,180.0,2026-06-12
KXINXY-26DEC31H1600-T9000,1781323200,0.02,3633.81,2026-06-13
KXINXY-26DEC31H1600-T9000,1781409600,0.05,735.71,2026-06-14
KXINXY-26DEC31H1600-T9000,1781496000,0.05,1139.0,2026-06-15
KXINXY-26DEC31H1600-T9000,1781582400,0.04,3923.0,2026-06-16
KXINXY-26DEC31H1600-T9000,1781668800,0.04,1697.06,2026-06-17
KXINXY-26DEC31H1600-T9000,1781755200,0.04,76.72,2026-06-18
KXINXY-26DEC31H1600-T9000,1781841600,0.03,152.04,2026-06-19
KXINXY-26DEC31H1600-T9000,1781928000,0.03,70.36,2026-06-20
KXINXY-26DEC31H1600-T9000,1782014400,0.03,1788.74,2026-06-21
KXINXY-26DEC31H1600-T9000,1782100800,0.03,393.29,2026-06-22
KXINXY-26DEC31H1600-T9000,1782187200,0.06,80.67,2026-06-23
KXINXY-26DEC31H1600-T9000,1782273600,0.03,264.0,2026-06-24
KXINXY-26DEC31H1600-T9000,1782360000,,0.0,2026-06-25
KXINXY-26DEC31H1600-T9000,1782446400,,0.0,2026-06-26
KXINXY-26DEC31H1600-T9000,1782532800,0.04,4.0,2026-06-27
KXINXY-26DEC31H1600-T9000,1782619200,0.04,2628.0,2026-06-28
KXINXY-26DEC31H1600-T9000,1782705600,,0.0,2026-06-29
KXINXY-26DEC31H1600-T9000,1782792000,0.04,2.0,2026-06-30
KXINXY-26DEC31H1600-T9000,1782878400,0.04,9.0,2026-07-01
KXINXY-26DEC31H1600-T9000,1782964800,0.03,545.0,2026-07-02
KXINXY-26DEC31H1600-T9000,1783051200,0.03,49.45,2026-07-03
KXINXY-26DEC31H1600-T9000,1783137600,0.07,2.0,2026-07-04
KXINXY-26DEC31H1600-T9000,1783224000,0.04,905.0,2026-07-05
KXINXY-26DEC31H1600-T9000,1783310400,0.03,48.0,2026-07-06
KXINXY-26DEC31H1600-T9000,1783396800,0.03,541.0,2026-07-07
KXINXY-26DEC31H1600-T9000,1783483200,0.04,6.0,2026-07-08
KXINXY-26DEC31H1600-T9000,1783569600,0.02,207.94,2026-07-09
KXINXY-26DEC31H1600-T9000,1783656000,0.02,12.0,2026-07-10
KXINXY-26DEC31H1600-T9000,1783742400,0.03,601.0,2026-07-11
KXINXY-26DEC31H1600-T9000,1784001600,0.02,340.0,2026-07-14
KXINXY-26DEC31H1600-T9000,1784088000,0.02,806.0,2026-07-15
KXINXY-26DEC31H1600-T9000,1784174400,,0.0,2026-07-16
KXINXY-26DEC31H1600-T9000,1784260800,0.02,3064.0,2026-07-17
KXINXY-26DEC31H1600-T9000,1784347200,,0.0,2026-07-18
KXINXY-26DEC31H1600-T9000,1784433600,,0.0,2026-07-19
KXINXY-26DEC31H1600-T9000,1784520000,,0.0,2026-07-20
KXINXY-26DEC31H1600-T9000,1784606400,,0.0,2026-07-21
KXINXY-26DEC31H1600-T9000,1784692800,,0.0,2026-07-22
KXINXY-26DEC31H1600-T9000,1784779200,,0.0,2026-07-23
KXINXY-26DEC31H1600-T9000,1784865600,,0.0,2026-07-24
KXINXY-26DEC31H1600-T9000,1784952000,0.02,15.0,2026-07-25
KXINXY-26DEC31H1600-T9000,1785038400,,0.0,2026-07-26
KXINXY-26DEC31H1600-T9000,1785297600,0.02,1931.23,2026-07-29
KXINXY-26DEC31H1600-T9000,1785384000,,0.0,2026-07-30
KXINXY-26DEC31H1600-T9000,1785470400,0.02,9496.0,2026-07-31
KXINXY-26DEC31H1600-T9000,1785556800,0.02,7.0,2026-08-01
KXINXY-26DEC31H1600-T9000,1785643200,,0.0,2026-08-02
KXINXY-26DEC31H1600-T9000,1785816000,0.01,6.08,2026-08-04
KXINXY-26DEC31H1600-T9000,1785902400,0.03,5749.71,2026-08-05
KXINXY-26DEC31H1600-T9000,1785988800,0.03,954.0,2026-08-06
KXINXY-26DEC31H1600-T9000,1786075200,0.03,1773.27,2026-08-07
KXINXY-26DEC31H1600-T9000,1786161600,0.04,1268.65,2026-08-08
KXINXY-26DEC31H1600-T9000,1786248000,,0.0,2026-08-09
KXINXY-26DEC31H1600-T9000,1786420800,,0.0,2026-08-11
KXINXY-26DEC31H1600-T9000,1786507200,0.03,2500.0,2026-08-12
KXINXY-26DEC31H1600-T9000,1786593600,0.04,4174.0,2026-08-13
KXINXY-26DEC31H1600-T9000,1786680000,0.04,23.42,2026-08-14
KXINXY-26DEC31H1600-T9000,1786766400,0.03,3359.98,2026-08-15
KXINXY-26DEC31H1600-T9000,1786852800,,0.0,2026-08-16
KXINXY-26DEC31H1600-T9000,1786939200,0.03,236.0,2026-08-17
KXINXY-26DEC31H1600-T9000,1787025600,0.03,61673.96,2026-08-18
KXINXY-26DEC31H1600-T9000,1787112000,0.03,5451.42,2026-08-19
KXINXY-26DEC31H1600-T9000,1787198400,0.05,2683.35,2026-08-20
KXINXY-26DEC31H1600-T9000,1787284800,0.04,416.5,2026-08-21
KXINXY-26DEC31H1600-T9000,1787371200,0.03,10.28,2026-08-22
KXINXY-26DEC31H1600-T9000,1787457600,0.04,100.0,2026-08-23
KXINXY-26DEC31H1600-T9000,1787544000,0.03,33.28,2026-08-24
KXINXY-26DEC31H1600-T9000,1787630400,0.04,7236.72,2026-08-25
KXINXY-26DEC31H1600-T9000,1787716800,,0.0,2026-08-26
KXINXY-26DEC31H1600-T9000,1787803200,0.03,3000.0,2026-08-27
KXINXY-26DEC31H1600-T9000,1787889600,0.04,979.0,2026-08-28
KXINXY-26DEC31H1600-T9000,1787976000,0.05,4010.28,2026-08-29
KXINXY-26DEC31H1600-T9000,1788062400,0.03,1239.92,2026-08-30
KXINXY-26DEC31H1600-T9000,1788235200,0.03,1753.11,2026-09-01
KXINXY-26DEC31H1600-T9000,1788321600,,0.0,2026-09-02
KXINXY-26DEC31H1600-T9000,1788408000,0.05,1.0,2026-09-03
KXINXY-26DEC31H1600-T9000,1788494400,0.04,468.51,2026-09-04
KXINXY-26DEC31H1600-T9000,1788580800,0.04,2.0,2026-09-05
KXINXY-26DEC31H1600-T9000,1788753600,0.03,1179.25,2026-09-07
KXTAKEOVERACQWB-27JUN30-NFLX,1781150400,0.05,1696.0,2026-06-11
KXTAKEOVERACQWB-27JUN30-NFLX,1781236800,0.04,3768.05,2026-06-12
KXTAKEOVERACQWB-27JUN30-NFLX,1781323200,0.02,2774.0,2026-06-13
KXTAKEOVERACQWB-27JUN30-NFLX,1781409600,0.02,5127.29,2026-06-14
KXTAKEOVERACQWB-27JUN30-NFLX,1781496000,0.02,5821.3,2026-06-15
KXTAKEOVERACQWB-27JUN30-NFLX,1781582400,0.03,1917.29,2026-06-16
KXTAKEOVERACQWB-27JUN30-NFLX,1781668800,0.02,1086.24,2026-06-17
KXTAKEOVERACQWB-27JUN30-NFLX,1781755200,0.02,2568.39,2026-06-18
KXTAKEOVERACQWB-27JUN30-NFLX,1781841600,0.03,2883.29,2026-06-19
KXTAKEOVERACQWB-27JUN30-NFLX,1781928000,0.03,1202.4,2026-06-20
KXTAKEOVERACQWB-27JUN30-NFLX,1782014400,0.02,1102.63,2026-06-21
KXTAKEOVERACQWB-27JUN30-NFLX,1782100800,0.02,1666.15,2026-06-22
KXTAKEOVERACQWB-27JUN30-NFLX,1782187200,0.03,1319.24,2026-06-23
KXTAKEOVERACQWB-27JUN30-NFLX,1782273600,0.03,3222.26,2026-06-24
KXTAKEOVERACQWB-27JUN30-NFLX,1782360000,0.03,2302.1,2026-06-25
KXTAKEOVERACQWB-27JUN30-NFLX,1782446400,0.02,2017.8,2026-06-26
KXTAKEOVERACQWB-27JUN30-NFLX,1782532800,0.04,2388.16,2026-06-27
KXTAKEOVERACQWB-27JUN30-NFLX,1782619200,0.03,1579.53,2026-06-28
KXTAKEOVERACQWB-27JUN30-NFLX,1782705600,0.02,20736.05,2026-06-29
KXTAKEOVERACQWB-27JUN30-NFLX,1782792000,0.03,3507.64,2026-06-30
KXTAKEOVERACQWB-27JUN30-NFLX,1782878400,0.01,4855.42,2026-07-01
KXTAKEOVERACQWB-27JUN30-NFLX,1782964800,0.02,3298.78,2026-07-02
KXTAKEOVERACQWB-27JUN30-NFLX,1783051200,0.03,6091.17,2026-07-03
KXTAKEOVERACQWB-27JUN30-NFLX,1783137600,0.03,8713.24,2026-07-04
KXTAKEOVERACQWB-27JUN30-NFLX,1783224000,0.04,5673.22,2026-07-05
KXTAKEOVERACQWB-27JUN30-NFLX,1783310400,0.02,4347.09,2026-07-06
KXTAKEOVERACQWB-27JUN30-NFLX,1783396800,0.03,4414.51,2026-07-07
KXTAKEOVERACQWB-27JUN30-NFLX,1783483200,0.04,3128.05,2026-07-08
KXTAKEOVERACQWB-27JUN30-NFLX,1783569600,0.03,1065.38,2026-07-09
KXTAKEOVERACQWB-27JUN30-NFLX,1783656000,0.03,1426.76,2026-07-10
KXTAKEOVERACQWB-27JUN30-NFLX,1783742400,0.04,1144.26,2026-07-11
KXTAKEOVERACQWB-27JUN30-NFLX,1783828800,0.02,454.77,2026-07-12
KXTAKEOVERACQWB-27JUN30-NFLX,1783915200,0.02,1508.09,2026-07-13
KXTAKEOVERACQWB-27JUN30-NFLX,1784001600,0.03,5099.39,2026-07-14
KXTAKEOVERACQWB-27JUN30-NFLX,1784088000,0.04,5286.51,2026-07-15
KXTAKEOVERACQWB-27JUN30-NFLX,1784174400,0.03,4059.11,2026-07-16
KXTAKEOVERACQWB-27JUN30-NFLX,1784260800,0.02,2267.08,2026-07-17
KXTAKEOVERACQWB-27JUN30-NFLX,1784347200,0.03,12844.05,2026-07-18
KXTAKEOVERACQWB-27JUN30-NFLX,1784433600,0.03,378.85,2026-07-19
KXTAKEOVERACQWB-27JUN30-NFLX,1784520000,0.02,2310.61,2026-07-20
KXTAKEOVERACQWB-27JUN30-NFLX,1784606400,0.03,11920.14,2026-07-21
KXTAKEOVERACQWB-27JUN30-NFLX,1784692800,0.03,3742.69,2026-07-22
KXTAKEOVERACQWB-27JUN30-NFLX,1784779200,0.03,1700.42,2026-07-23
KXTAKEOVERACQWB-27JUN30-NFLX,1784865600,0.03,1600.36,2026-07-24
KXTAKEOVERACQWB-27JUN30-NFLX,1784952000,0.05,5908.58,2026-07-25
KXTAKEOVERACQWB-27JUN30-NFLX,1785038400,0.04,2392.08,2026-07-26
KXTAKEOVERACQWB-27JUN30-NFLX,1785124800,0.04,2357.05,2026-07-27
KXTAKEOVERACQWB-27JUN30-NFLX,1785211200,0.04,3451.28,2026-07-28
KXTAKEOVERACQWB-27JUN30-NFLX,1785297600,0.04,2743.24,2026-07-29
KXTAKEOVERACQWB-27JUN30-NFLX,1785384000,0.04,779.41,2026-07-30
KXTAKEOVERACQWB-27JUN30-NFLX,1785470400,0.03,231.48,2026-07-31
KXTAKEOVERACQWB-27JUN30-NFLX,1785556800,0.04,5329.83,2026-08-01
KXTAKEOVERACQWB-27JUN30-NFLX,1785643200,0.03,409.74,2026-08-02
KXTAKEOVERACQWB-27JUN30-NFLX,1785729600,0.04,75.0,2026-08-03
KXTAKEOVERACQWB-27JUN30-NFLX,1785816000,0.03,186.02,2026-08-04
KXTAKEOVERACQWB-27JUN30-NFLX,1785902400,0.04,972.02,2026-08-05
KXTAKEOVERACQWB-27JUN30-NFLX,1785988800,0.04,4259.7,2026-08-06
KXTAKEOVERACQWB-27JUN30-NFLX,1786075200,0.04,182.0,2026-08-07
KXTAKEOVERACQWB-27JUN30-NFLX,1786161600,0.03,905.12,2026-08-08
KXTAKEOVERACQWB-27JUN30-NFLX,1786248000,0.04,179.0,2026-08-09
KXTAKEOVERACQWB-27JUN30-NFLX,1786334400,0.04,133.75,2026-08-10
KXTAKEOVERACQWB-27JUN30-NFLX,1786420800,0.04,2462.96,2026-08-11
KXTAKEOVERACQWB-27JUN30-NFLX,1786507200,0.04,4153.09,2026-08-12
KXTAKEOVERACQWB-27JUN30-NFLX,1786593600,0.04,3051.95,2026-08-13
KXTAKEOVERACQWB-27JUN30-NFLX,1786680000,0.03,723.62,2026-08-14
KXTAKEOVERACQWB-27JUN30-NFLX,1786766400,0.04,3498.0,2026-08-15
KXTAKEOVERACQWB-27JUN30-NFLX,1786852800,0.04,350.29,2026-08-16
KXTAKEOVERACQWB-27JUN30-NFLX,1786939200,0.03,2328.0,2026-08-17
KXTAKEOVERACQWB-27JUN30-NFLX,1787025600,0.03,85.0,2026-08-18
KXTAKEOVERACQWB-27JUN30-NFLX,1787112000,0.04,8484.18,2026-08-19
KXTAKEOVERACQWB-27JUN30-NFLX,1787198400,0.03,1131.66,2026-08-20
KXTAKEOVERACQWB-27JUN30-NFLX,1787284800,0.03,556.54,2026-08-21
KXTAKEOVERACQWB-27JUN30-NFLX,1787371200,0.03,1202.19,2026-08-22
KXTAKEOVERACQWB-27JUN30-NFLX,1787457600,0.03,255.08,2026-08-23
KXTAKEOVERACQWB-27JUN30-NFLX,1787544000,0.04,2852.16,2026-08-24
KXTAKEOVERACQWB-27JUN30-NFLX,1787630400,0.03,4138.15,2026-08-25
KXTAKEOVERACQWB-27JUN30-NFLX,1787716800,0.03,709.9,2026-08-26
KXTAKEOVERACQWB-27JUN30-NFLX,1787803200,0.03,220.54,2026-08-27
KXTAKEOVERACQWB-27JUN30-NFLX,1787889600,0.02,353.43,2026-08-28
KXTAKEOVERACQWB-27JUN30-NFLX,1787976000,0.02,446.12,2026-08-29
KXTAKEOVERACQWB-27JUN30-NFLX,1788062400,0.03,664.36,2026-08-30
KXTAKEOVERACQWB-27JUN30-NFLX,1788148800,0.03,970.56,2026-08-31
KXTAKEOVERACQWB-27JUN30-NFLX,1788235200,0.04,2102.52,2026-09-01
KXTAKEOVERACQWB-27JUN30-NFLX,1788321600,0.02,1487.0,2026-09-02
KXTAKEOVERACQWB-27JUN30-NFLX,1788408000,0.03,433.48,2026-09-03
KXTAKEOVERACQWB-27JUN30-NFLX,1788494400,0.03,201.0,2026-09-04
KXTAKEOVERACQWB-27JUN30-NFLX,1788580800,0.02,349.0,2026-09-05
KXTAKEOVERACQWB-27JUN30-NFLX,1788667200,0.03,691.21,2026-09-06
KXTAKEOVERACQWB-27JUN30-NFLX,1788753600,0.02,278.06,2026-09-07
KXTAKEOVERACQWB-27JUN30-NFLX,1788840000,0.02,1051.79,2026-09-08
KXTAKEOVERACQWB-27JUN30-PSKY,1781150400,0.81,1671.95,2026-06-11
KXTAKEOVERACQWB-27JUN30-PSKY,1781236800,0.77,855.8,2026-06-12
KXTAKEOVERACQWB-27JUN30-PSKY,1781323200,0.82,19276.54,2026-06-13
KXTAKEOVERACQWB-27JUN30-PSKY,1781409600,0.82,8419.8,2026-06-14
KXTAKEOVERACQWB-27JUN30-PSKY,1781496000,0.84,3252.73,2026-06-15
KXTAKEOVERACQWB-27JUN30-PSKY,1781582400,0.84,3034.98,2026-06-16
KXTAKEOVERACQWB-27JUN30-PSKY,1781668800,0.8,5162.31,2026-06-17
KXTAKEOVERACQWB-27JUN30-PSKY,1781755200,0.8,5250.57,2026-06-18
KXTAKEOVERACQWB-27JUN30-PSKY,1781841600,0.82,3887.04,2026-06-19
KXTAKEOVERACQWB-27JUN30-PSKY,1781928000,0.81,1548.18,2026-06-20
KXTAKEOVERACQWB-27JUN30-PSKY,1782014400,0.83,2117.78,2026-06-21
KXTAKEOVERACQWB-27JUN30-PSKY,1782100800,0.82,2355.29,2026-06-22
KXTAKEOVERACQWB-27JUN30-PSKY,1782187200,0.83,3551.95,2026-06-23
KXTAKEOVERACQWB-27JUN30-PSKY,1782273600,0.81,3149.91,2026-06-24
KXTAKEOVERACQWB-27JUN30-PSKY,1782360000,0.8,1723.43,2026-06-25
KXTAKEOVERACQWB-27JUN30-PSKY,1782446400,0.8,793.9,2026-06-26
KXTAKEOVERACQWB-27JUN30-PSKY,1782532800,0.83,7037.71,2026-06-27
KXTAKEOVERACQWB-27JUN30-PSKY,1782619200,0.82,1019.51,2026-06-28
KXTAKEOVERACQWB-27JUN30-PSKY,1782705600,0.82,2185.37,2026-06-29
KXTAKEOVERACQWB-27JUN30-PSKY,1782792000,0.8,539.31,2026-06-30
KXTAKEOVERACQWB-27JUN30-PSKY,1782878400,0.79,1522.01,2026-07-01
KXTAKEOVERACQWB-27JUN30-PSKY,1782964800,0.84,1783.4,2026-07-02
KXTAKEOVERACQWB-27JUN30-PSKY,1783051200,0.81,1248.69,2026-07-03
KXTAKEOVERACQWB-27JUN30-PSKY,1783137600,0.79,6222.25,2026-07-04
KXTAKEOVERACQWB-27JUN30-PSKY,1783224000,0.81,1812.54,2026-07-05
KXTAKEOVERACQWB-27JUN30-PSKY,1783310400,0.81,550.53,2026-07-06
KXTAKEOVERACQWB-27JUN30-PSKY,1783396800,0.81,4595.64,2026-07-07
KXTAKEOVERACQWB-27JUN30-PSKY,1783483200,0.81,2892.81,2026-07-08
KXTAKEOVERACQWB-27JUN30-PSKY,1783569600,0.81,1635.19,2026-07-09
KXTAKEOVERACQWB-27JUN30-PSKY,1783656000,0.78,1249.96,2026-07-10
KXTAKEOVERACQWB-27JUN30-PSKY,1783742400,0.81,388.99,2026-07-11
KXTAKEOVERACQWB-27JUN30-PSKY,1783828800,0.8,8541.59,2026-07-12
KXTAKEOVERACQWB-27JUN30-PSKY,1783915200,0.8,3048.63,2026-07-13
KXTAKEOVERACQWB-27JUN30-PSKY,1784001600,0.8,7636.61,2026-07-14
KXTAKEOVERACQWB-27JUN30-PSKY,1784088000,0.79,3167.64,2026-07-15
KXTAKEOVERACQWB-27JUN30-PSKY,1784174400,0.79,2771.58,2026-07-16
KXTAKEOVERACQWB-27JUN30-PSKY,1784260800,0.83,9260.05,2026-07-17
KXTAKEOVERACQWB-27JUN30-PSKY,1784347200,0.82,32579.33,2026-07-18
KXTAKEOVERACQWB-27JUN30-PSKY,1784433600,0.83,2224.42,2026-07-19
KXTAKEOVERACQWB-27JUN30-PSKY,1784520000,0.81,2043.95,2026-07-20
KXTAKEOVERACQWB-27JUN30-PSKY,1784606400,0.78,10040.91,2026-07-21
KXTAKEOVERACQWB-27JUN30-PSKY,1784692800,0.72,2288.75,2026-07-22
KXTAKEOVERACQWB-27JUN30-PSKY,1784779200,0.72,2015.55,2026-07-23
KXTAKEOVERACQWB-27JUN30-PSKY,1784865600,0.76,1061.36,2026-07-24
KXTAKEOVERACQWB-27JUN30-PSKY,1784952000,0.65,7896.69,2026-07-25
KXTAKEOVERACQWB-27JUN30-PSKY,1785038400,0.69,3210.5,2026-07-26
KXTAKEOVERACQWB-27JUN30-PSKY,1785124800,0.71,4066.76,2026-07-27
KXTAKEOVERACQWB-27JUN30-PSKY,1785211200,0.7,390.9,2026-07-28
KXTAKEOVERACQWB-27JUN30-PSKY,1785297600,0.68,1105.25,2026-07-29
KXTAKEOVERACQWB-27JUN30-PSKY,1785384000,0.68,1025.76,2026-07-30
KXTAKEOVERACQWB-27JUN30-PSKY,1785470400,0.68,2630.38,2026-07-31
KXTAKEOVERACQWB-27JUN30-PSKY,1785556800,0.69,1713.32,2026-08-01
KXTAKEOVERACQWB-27JUN30-PSKY,1785643200,0.69,4762.89,2026-08-02
KXTAKEOVERACQWB-27JUN30-PSKY,1785729600,0.71,2585.17,2026-08-03
KXTAKEOVERACQWB-27JUN30-PSKY,1785816000,0.69,3949.79,2026-08-04
KXTAKEOVERACQWB-27JUN30-PSKY,1785902400,0.67,173.28,2026-08-05
KXTAKEOVERACQWB-27JUN30-PSKY,1785988800,0.67,2626.19,2026-08-06
KXTAKEOVERACQWB-27JUN30-PSKY,1786075200,0.68,1692.0,2026-08-07
KXTAKEOVERACQWB-27JUN30-PSKY,1786161600,0.68,3119.45,2026-08-08
KXTAKEOVERACQWB-27JUN30-PSKY,1786248000,0.7,9325.74,2026-08-09
KXTAKEOVERACQWB-27JUN30-PSKY,1786334400,0.7,1202.36,2026-08-10
KXTAKEOVERACQWB-27JUN30-PSKY,1786420800,0.7,207.77,2026-08-11
KXTAKEOVERACQWB-27JUN30-PSKY,1786507200,0.72,648.42,2026-08-12
KXTAKEOVERACQWB-27JUN30-PSKY,1786593600,0.73,3968.82,2026-08-13
KXTAKEOVERACQWB-27JUN30-PSKY,1786680000,0.74,977.97,2026-08-14
KXTAKEOVERACQWB-27JUN30-PSKY,1786766400,0.75,4351.45,2026-08-15
KXTAKEOVERACQWB-27JUN30-PSKY,1786852800,0.76,2804.59,2026-08-16
KXTAKEOVERACQWB-27JUN30-PSKY,1786939200,0.76,1028.05,2026-08-17
KXTAKEOVERACQWB-27JUN30-PSKY,1787025600,0.75,223.01,2026-08-18
KXTAKEOVERACQWB-27JUN30-PSKY,1787112000,0.75,9882.15,2026-08-19
KXTAKEOVERACQWB-27JUN30-PSKY,1787198400,0.76,1104.27,2026-08-20
KXTAKEOVERACQWB-27JUN30-PSKY,1787284800,0.75,631.77,2026-08-21
KXTAKEOVERACQWB-27JUN30-PSKY,1787371200,0.83,4221.15,2026-08-22
KXTAKEOVERACQWB-27JUN30-PSKY,1787457600,0.81,2551.57,2026-08-23
KXTAKEOVERACQWB-27JUN30-PSKY,1787544000,0.81,2073.79,2026-08-24
KXTAKEOVERACQWB-27JUN30-PSKY,1787630400,0.82,7344.1,2026-08-25
KXTAKEOVERACQWB-27JUN30-PSKY,1787716800,0.82,6686.58,2026-08-26
KXTAKEOVERACQWB-27JUN30-PSKY,1787803200,0.82,1104.67,2026-08-27
KXTAKEOVERACQWB-27JUN30-PSKY,1787889600,0.81,1205.87,2026-08-28
KXTAKEOVERACQWB-27JUN30-PSKY,1787976000,0.8,1582.53,2026-08-29
KXTAKEOVERACQWB-27JUN30-PSKY,1788062400,0.83,484.46,2026-08-30
KXTAKEOVERACQWB-27JUN30-PSKY,1788148800,0.82,2635.11,2026-08-31
KXTAKEOVERACQWB-27JUN30-PSKY,1788235200,0.82,3599.0,2026-09-01
KXTAKEOVERACQWB-27JUN30-PSKY,1788321600,0.83,2505.09,2026-09-02
KXTAKEOVERACQWB-27JUN30-PSKY,1788408000,0.81,1372.77,2026-09-03
KXTAKEOVERACQWB-27JUN30-PSKY,1788494400,0.81,281.86,2026-09-04
KXTAKEOVERACQWB-27JUN30-PSKY,1788580800,0.8,3140.07,2026-09-05
KXTAKEOVERACQWB-27JUN30-PSKY,1788667200,0.8,1878.16,2026-09-06
KXTAKEOVERACQWB-27JUN30-PSKY,1788753600,0.82,110.52,2026-09-07
KXTAKEOVERACQWB-27JUN30-PSKY,1788840000,0.8,892.25,2026-09-08
KXNFLAFCCHAMP-27-BAL,1781150400,0.12,333.0,2026-06-11
KXNFLAFCCHAMP-27-BAL,1781236800,0.13,7.25,2026-06-12
KXNFLAFCCHAMP-27-BAL,1781323200,0.13,290.02,2026-06-13
KXNFLAFCCHAMP-27-BAL,1781409600,0.13,108.75,2026-06-14
KXNFLAFCCHAMP-27-BAL,1781496000,0.12,1606.89,2026-06-15
KXNFLAFCCHAMP-27-BAL,1781582400,0.13,818.87,2026-06-16
KXNFLAFCCHAMP-27-BAL,1781668800,0.12,926.52,2026-06-17
KXNFLAFCCHAMP-27-BAL,1781755200,0.12,237.51,2026-06-18
KXNFLAFCCHAMP-27-BAL,1781841600,0.12,1160.02,2026-06-19
KXNFLAFCCHAMP-27-BAL,1781928000,0.13,69.0,2026-06-20
KXNFLAFCCHAMP-27-BAL,1782014400,,0.0,2026-06-21
KXNFLAFCCHAMP-27-BAL,1782100800,0.13,1573.39,2026-06-22
KXNFLAFCCHAMP-27-BAL,1782187200,,0.0,2026-06-23
KXNFLAFCCHAMP-27-BAL,1782273600,,0.0,2026-06-24
KXNFLAFCCHAMP-27-BAL,1782360000,0.13,543.79,2026-06-25
KXNFLAFCCHAMP-27-BAL,1782446400,0.12,50.75,2026-06-26
KXNFLAFCCHAMP-27-BAL,1782532800,0.12,7.0,2026-06-27
KXNFLAFCCHAMP-27-BAL,1782619200,0.13,1239.85,2026-06-28
KXNFLAFCCHAMP-27-BAL,1782705600,0.13,36.25,2026-06-29
KXNFLAFCCHAMP-27-BAL,1782792000,,0.0,2026-06-30
KXNFLAFCCHAMP-27-BAL,1782878400,0.13,14.5,2026-07-01
KXNFLAFCCHAMP-27-BAL,1782964800,0.13,2569.89,2026-07-02
KXNFLAFCCHAMP-27-BAL,1783051200,0.13,36.25,2026-07-03
KXNFLAFCCHAMP-27-BAL,1783137600,0.13,377.76,2026-07-04
KXNFLAFCCHAMP-27-BAL,1783224000,,0.0,2026-07-05
KXNFLAFCCHAMP-27-BAL,1783310400,0.13,2.0,2026-07-06
KXNFLAFCCHAMP-27-BAL,1783396800,0.13,115.25,2026-07-07
KXNFLAFCCHAMP-27-BAL,1783483200,0.13,135.36,2026-07-08
KXNFLAFCCHAMP-27-BAL,1783569600,,0.0,2026-07-09
KXNFLAFCCHAMP-27-BAL,1783656000,,0.0,2026-07-10
KXNFLAFCCHAMP-27-BAL,1783742400,0.13,58.0,2026-07-11
KXNFLAFCCHAMP-27-BAL,1783828800,0.13,64.95,2026-07-12
KXNFLAFCCHAMP-27-BAL,1783915200,0.13,625.0,2026-07-13
KXNFLAFCCHAMP-27-BAL,1784001600,0.13,75.0,2026-07-14
KXNFLAFCCHAMP-27-BAL,1784088000,0.13,102.0,2026-07-15
KXNFLAFCCHAMP-27-BAL,1784174400,0.13,371.59,2026-07-16
KXNFLAFCCHAMP-27-BAL,1784260800,0.13,178.5,2026-07-17
KXNFLAFCCHAMP-27-BAL,1784347200,0.13,115.25,2026-07-18
KXNFLAFCCHAMP-27-BAL,1784433600,0.13,10688.82,2026-07-19
KXNFLAFCCHAMP-27-BAL,1784520000,0.13,4275.71,2026-07-20
KXNFLAFCCHAMP-27-BAL,1784606400,0.13,253.76,2026-07-21
KXNFLAFCCHAMP-27-BAL,1784692800,0.13,170.37,2026-07-22
KXNFLAFCCHAMP-27-BAL,1784779200,0.13,6390.66,2026-07-23
KXNFLAFCCHAMP-27-BAL,1784865600,0.13,152.26,2026-07-24
KXNFLAFCCHAMP-27-BAL,1784952000,0.13,192.11,2026-07-25
KXNFLAFCCHAMP-27-BAL,1785038400,0.13,772.82,2026-07-26
KXNFLAFCCHAMP-27-BAL,1785124800,0.12,419.79,2026-07-27
KXNFLAFCCHAMP-27-BAL,1785211200,0.12,318.28,2026-07-28
KXNFLAFCCHAMP-27-BAL,1785297600,0.13,1254.29,2026-07-29
KXNFLAFCCHAMP-27-BAL,1785384000,0.13,906.32,2026-07-30
KXNFLAFCCHAMP-27-BAL,1785470400,0.12,2486.9,2026-07-31
KXNFLAFCCHAMP-27-BAL,1785556800,0.13,5264.86,2026-08-01
KXNFLAFCCHAMP-27-BAL,1785643200,0.13,1916.81,2026-08-02
KXNFLAFCCHAMP-27-BAL,1785729600,0.12,159.63,2026-08-03
KXNFLAFCCHAMP-27-BAL,1785816000,0.13,5324.62,2026-08-04
KXNFLAFCCHAMP-27-BAL,1785902400,0.13,1137.53,2026-08-05
KXNFLAFCCHAMP-27-BAL,1785988800,0.13,6786.16,2026-08-06
KXNFLAFCCHAMP-27-BAL,1786075200,0.13,667.02,2026-08-07
KXNFLAFCCHAMP-27-BAL,1786161600,0.13,1155.86,2026-08-08
KXNFLAFCCHAMP-27-BAL,1786248000,0.13,601.77,2026-08-09
KXNFLAFCCHAMP-27-BAL,1786334400,0.12,1283.35,2026-08-10
KXNFLAFCCHAMP-27-BAL,1786420800,0.13,1304.26,2026-08-11
KXNFLAFCCHAMP-27-BAL,1786507200,0.13,1125.44,2026-08-12
KXNFLAFCCHAMP-27-BAL,1786593600,0.12,1632.88,2026-08-13
KXNFLAFCCHAMP-27-BAL,1786680000,0.14,3592.74,2026-08-14
KXNFLAFCCHAMP-27-BAL,1786766400,0.13,2574.01,2026-08-15
KXNFLAFCCHAMP-27-BAL,1786852800,0.12,1286.08,2026-08-16
KXNFLAFCCHAMP-27-BAL,1786939200,0.13,2040.91,2026-08-17
KXNFLAFCCHAMP-27-BAL,1787025600,0.13,3007.84,2026-08-18
KXNFLAFCCHAMP-27-BAL,1787112000,0.13,739.46,2026-08-19
KXNFLAFCCHAMP-27-BAL,1787198400,0.13,1202.82,2026-08-20
KXNFLAFCCHAMP-27-BAL,1787284800,0.12,1800.7,2026-08-21
KXNFLAFCCHAMP-27-BAL,1787371200,0.12,875.11,2026-08-22
KXNFLAFCCHAMP-27-BAL,1787457600,0.13,2393.82,2026-08-23
KXNFLAFCCHAMP-27-BAL,1787544000,0.13,2120.72,2026-08-24
KXNFLAFCCHAMP-27-BAL,1787630400,0.13,3074.37,2026-08-25
KXNFLAFCCHAMP-27-BAL,1787716800,0.12,10106.2,2026-08-26
KXNFLAFCCHAMP-27-BAL,1787803200,0.13,1016.42,2026-08-27
KXNFLAFCCHAMP-27-BAL,1787889600,0.13,1963.7,2026-08-28
KXNFLAFCCHAMP-27-BAL,1787976000,0.13,4479.0,2026-08-29
KXNFLAFCCHAMP-27-BAL,1788062400,0.12,1358.27,2026-08-30
KXNFLAFCCHAMP-27-BAL,1788148800,0.13,4333.29,2026-08-31
KXNFLAFCCHAMP-27-BAL,1788235200,0.13,3208.5,2026-09-01
KXNFLAFCCHAMP-27-BAL,1788321600,0.12,2194.98,2026-09-02
KXNFLAFCCHAMP-27-BAL,1788408000,0.13,2285.04,2026-09-03
KXNFLAFCCHAMP-27-BAL,1788494400,0.13,4682.24,2026-09-04
KXNFLAFCCHAMP-27-BAL,1788580800,0.13,1158.47,2026-09-05
KXNFLAFCCHAMP-27-BAL,1788667200,0.13,1614.38,2026-09-06
KXNFLAFCCHAMP-27-BAL,1788753600,0.13,2909.63,2026-09-07
KXNFLAFCCHAMP-27-BAL,1788840000,0.12,1549.23,2026-09-08
KXNFLAFCCHAMP-27-BUF,1781150400,0.15,1383.37,2026-06-11
KXNFLAFCCHAMP-27-BUF,1781236800,0.15,780.16,2026-06-12
KXNFLAFCCHAMP-27-BUF,1781323200,0.15,376.09,2026-06-13
KXNFLAFCCHAMP-27-BUF,1781409600,0.15,6512.03,2026-06-14
KXNFLAFCCHAMP-27-BUF,1781496000,0.15,378.62,2026-06-15
KXNFLAFCCHAMP-27-BUF,1781582400,0.15,7284.41,2026-06-16
KXNFLAFCCHAMP-27-BUF,1781668800,0.14,114.79,2026-06-17
KXNFLAFCCHAMP-27-BUF,1781755200,0.15,111.96,2026-06-18
KXNFLAFCCHAMP-27-BUF,1781841600,0.15,723.59,2026-06-19
KXNFLAFCCHAMP-27-BUF,1781928000,0.15,303.05,2026-06-20
KXNFLAFCCHAMP-27-BUF,1782014400,0.15,687.13,2026-06-21
KXNFLAFCCHAMP-27-BUF,1782100800,0.15,1459.73,2026-06-22
KXNFLAFCCHAMP-27-BUF,1782187200,0.15,168.67,2026-06-23
KXNFLAFCCHAMP-27-BUF,1782273600,0.15,792.35,2026-06-24
KXNFLAFCCHAMP-27-BUF,1782360000,0.15,314.61,2026-06-25
KXNFLAFCCHAMP-27-BUF,1782446400,0.14,328.68,2026-06-26
KXNFLAFCCHAMP-27-BUF,1782532800,0.15,2021.88,2026-06-27
KXNFLAFCCHAMP-27-BUF,1782619200,0.15,2.0,2026-06-28
KXNFLAFCCHAMP-27-BUF,1782705600,,0.0,2026-06-29
KXNFLAFCCHAMP-27-BUF,1782792000,0.15,500.21,2026-06-30
KXNFLAFCCHAMP-27-BUF,1782878400,0.15,194.38,2026-07-01
KXNFLAFCCHAMP-27-BUF,1782964800,0.15,2257.38,2026-07-02
KXNFLAFCCHAMP-27-BUF,1783051200,0.15,105.25,2026-07-03
KXNFLAFCCHAMP-27-BUF,1783137600,,0.0,2026-07-04
KXNFLAFCCHAMP-27-BUF,1783224000,0.14,1296.91,2026-07-05
KXNFLAFCCHAMP-27-BUF,1783310400,0.15,2284.92,2026-07-06
KXNFLAFCCHAMP-27-BUF,1783396800,0.15,549.82,2026-07-07
KXNFLAFCCHAMP-27-BUF,1783483200,0.15,1512.41,2026-07-08
KXNFLAFCCHAMP-27-BUF,1783569600,0.15,6.29,2026-07-09
KXNFLAFCCHAMP-27-BUF,1783656000,0.15,113.92,2026-07-10
KXNFLAFCCHAMP-27-BUF,1783742400,0.15,430.06,2026-07-11
KXNFLAFCCHAMP-27-BUF,1783828800,0.15,138.43,2026-07-12
KXNFLAFCCHAMP-27-BUF,1783915200,0.15,847.46,2026-07-13
KXNFLAFCCHAMP-27-BUF,1784001600,0.15,651.33,2026-07-14
KXNFLAFCCHAMP-27-BUF,1784088000,0.14,1177.1,2026-07-15
KXNFLAFCCHAMP-27-BUF,1784174400,0.15,836.88,2026-07-16
KXNFLAFCCHAMP-27-BUF,1784260800,0.15,1028.7,2026-07-17
KXNFLAFCCHAMP-27-BUF,1784347200,0.15,218.83,2026-07-18
KXNFLAFCCHAMP-27-BUF,1784433600,0.15,388.52,2026-07-19
KXNFLAFCCHAMP-27-BUF,1784520000,0.15,5064.55,2026-07-20
KXNFLAFCCHAMP-27-BUF,1784606400,0.15,2809.05,2026-07-21
KXNFLAFCCHAMP-27-BUF,1784692800,0.15,2065.1,2026-07-22
KXNFLAFCCHAMP-27-BUF,1784779200,0.15,3562.88,2026-07-23
KXNFLAFCCHAMP-27-BUF,1784865600,0.15,1171.52,2026-07-24
KXNFLAFCCHAMP-27-BUF,1784952000,0.15,1460.15,2026-07-25
KXNFLAFCCHAMP-27-BUF,1785038400,0.15,670.77,2026-07-26
KXNFLAFCCHAMP-27-BUF,1785124800,0.15,1350.3,2026-07-27
KXNFLAFCCHAMP-27-BUF,1785211200,0.15,5440.4,2026-07-28
KXNFLAFCCHAMP-27-BUF,1785297600,0.15,5417.02,2026-07-29
KXNFLAFCCHAMP-27-BUF,1785384000,0.15,1168.1,2026-07-30
KXNFLAFCCHAMP-27-BUF,1785470400,0.15,4822.11,2026-07-31
KXNFLAFCCHAMP-27-BUF,1785556800,0.14,19922.36,2026-08-01
KXNFLAFCCHAMP-27-BUF,1785643200,0.15,2922.05,2026-08-02
KXNFLAFCCHAMP-27-BUF,1785729600,0.15,7845.34,2026-08-03
KXNFLAFCCHAMP-27-BUF,1785816000,0.15,2264.99,2026-08-04
KXNFLAFCCHAMP-27-BUF,1785902400,0.16,3704.27,2026-08-05
KXNFLAFCCHAMP-27-BUF,1785988800,0.15,8879.61,2026-08-06
KXNFLAFCCHAMP-27-BUF,1786075200,0.15,2784.48,2026-08-07
KXNFLAFCCHAMP-27-BUF,1786161600,0.15,2373.13,2026-08-08
KXNFLAFCCHAMP-27-BUF,1786248000,0.14,4117.3,2026-08-09
KXNFLAFCCHAMP-27-BUF,1786334400,0.16,3201.48,2026-08-10
KXNFLAFCCHAMP-27-BUF,1786420800,0.16,2250.96,2026-08-11
KXNFLAFCCHAMP-27-BUF,1786507200,0.15,1200.44,2026-08-12
KXNFLAFCCHAMP-27-BUF,1786593600,0.16,633.94,2026-08-13
KXNFLAFCCHAMP-27-BUF,1786680000,0.16,2178.97,2026-08-14
KXNFLAFCCHAMP-27-BUF,1786766400,0.16,5563.22,2026-08-15
KXNFLAFCCHAMP-27-BUF,1786852800,0.16,2793.12,2026-08-16
KXNFLAFCCHAMP-27-BUF,1786939200,0.16,5320.22,2026-08-17
KXNFLAFCCHAMP-27-BUF,1787025600,0.16,4944.5,2026-08-18
KXNFLAFCCHAMP-27-BUF,1787112000,0.15,51828.66,2026-08-19
KXNFLAFCCHAMP-27-BUF,1787198400,0.15,4038.76,2026-08-20
KXNFLAFCCHAMP-27-BUF,1787284800,0.15,3983.93,2026-08-21
KXNFLAFCCHAMP-27-BUF,1787371200,0.15,6276.01,2026-08-22
KXNFLAFCCHAMP-27-BUF,1787457600,0.14,8004.65,2026-08-23
KXNFLAFCCHAMP-27-BUF,1787544000,0.16,2218.09,2026-08-24
KXNFLAFCCHAMP-27-BUF,1787630400,0.13,5230.97,2026-08-25
KXNFLAFCCHAMP-27-BUF,1787716800,0.16,6720.07,2026-08-26
KXNFLAFCCHAMP-27-BUF,1787803200,0.16,3578.18,2026-08-27
KXNFLAFCCHAMP-27-BUF,1787889600,0.15,1087.34,2026-08-28
KXNFLAFCCHAMP-27-BUF,1787976000,0.15,34069.34,2026-08-29
KXNFLAFCCHAMP-27-BUF,1788062400,0.16,1712.87,2026-08-30
KXNFLAFCCHAMP-27-BUF,1788148800,0.16,5296.03,2026-08-31
KXNFLAFCCHAMP-27-BUF,1788235200,0.14,4306.3,2026-09-01
KXNFLAFCCHAMP-27-BUF,1788321600,0.16,1758.95,2026-09-02
KXNFLAFCCHAMP-27-BUF,1788408000,0.11,37056.34,2026-09-03
KXNFLAFCCHAMP-27-BUF,1788494400,0.14,4915.04,2026-09-04
KXNFLAFCCHAMP-27-BUF,1788580800,0.16,6029.73,2026-09-05
KXNFLAFCCHAMP-27-BUF,1788667200,0.15,3166.57,2026-09-06
KXNFLAFCCHAMP-27-BUF,1788753600,0.16,945.61,2026-09-07
KXNFLAFCCHAMP-27-BUF,1788840000,0.16,6875.02,2026-09-08
KXNFLAFCCHAMP-27-DEN,1781150400,0.11,685.44,2026-06-11
KXNFLAFCCHAMP-27-DEN,1781236800,0.11,1406.47,2026-06-12
KXNFLAFCCHAMP-27-DEN,1781323200,0.09,449.25,2026-06-13
KXNFLAFCCHAMP-27-DEN,1781409600,0.11,728.76,2026-06-14
KXNFLAFCCHAMP-27-DEN,1781496000,0.1,807.67,2026-06-15
KXNFLAFCCHAMP-27-DEN,1781582400,0.1,1550.94,2026-06-16
KXNFLAFCCHAMP-27-DEN,1781668800,0.1,1106.83,2026-06-17
KXNFLAFCCHAMP-27-DEN,1781755200,0.1,2166.69,2026-06-18
KXNFLAFCCHAMP-27-DEN,1781841600,0.08,640.43,2026-06-19
KXNFLAFCCHAMP-27-DEN,1781928000,0.1,964.87,2026-06-20
KXNFLAFCCHAMP-27-DEN,1782014400,0.1,2989.13,2026-06-21
KXNFLAFCCHAMP-27-DEN,1782100800,0.1,3323.11,2026-06-22
KXNFLAFCCHAMP-27-DEN,1782187200,0.1,1423.78,2026-06-23
KXNFLAFCCHAMP-27-DEN,1782273600,0.1,2533.04,2026-06-24
KXNFLAFCCHAMP-27-DEN,1782360000,0.1,270.26,2026-06-25
KXNFLAFCCHAMP-27-DEN,1782446400,0.08,542.44,2026-06-26
KXNFLAFCCHAMP-27-DEN,1782532800,0.1,144.95,2026-06-27
KXNFLAFCCHAMP-27-DEN,1782619200,0.1,293.62,2026-06-28
KXNFLAFCCHAMP-27-DEN,1782705600,0.1,1072.43,2026-06-29
KXNFLAFCCHAMP-27-DEN,1782792000,,0.0,2026-06-30
KXNFLAFCCHAMP-27-DEN,1782878400,0.1,260.75,2026-07-01
KXNFLAFCCHAMP-27-DEN,1782964800,0.08,356.87,2026-07-02
KXNFLAFCCHAMP-27-DEN,1783051200,0.1,735.82,2026-07-03
KXNFLAFCCHAMP-27-DEN,1783137600,0.09,1257.81,2026-07-04
KXNFLAFCCHAMP-27-DEN,1783224000,0.1,432.68,2026-07-05
KXNFLAFCCHAMP-27-DEN,1783310400,0.1,130.29,2026-07-06
KXNFLAFCCHAMP-27-DEN,1783396800,0.1,801.36,2026-07-07
KXNFLAFCCHAMP-27-DEN,1783483200,0.1,1369.98,2026-07-08
KXNFLAFCCHAMP-27-DEN,1783569600,0.1,219.22,2026-07-09
KXNFLAFCCHAMP-27-DEN,1783656000,0.1,185.98,2026-07-10
KXNFLAFCCHAMP-27-DEN,1783742400,0.1,783.49,2026-07-11
KXNFLAFCCHAMP-27-DEN,1783828800,0.09,1575.4,2026-07-12
KXNFLAFCCHAMP-27-DEN,1783915200,0.1,2147.85,2026-07-13
KXNFLAFCCHAMP-27-DEN,1784001600,0.09,2128.86,2026-07-14
KXNFLAFCCHAMP-27-DEN,1784088000,0.09,700.14,2026-07-15
KXNFLAFCCHAMP-27-DEN,1784174400,0.09,4691.21,2026-07-16
KXNFLAFCCHAMP-27-DEN,1784260800,0.09,1077.32,2026-07-17
KXNFLAFCCHAMP-27-DEN,1784347200,0.09,1092.97,2026-07-18
KXNFLAFCCHAMP-27-DEN,1784433600,0.09,1747.45,2026-07-19
KXNFLAFCCHAMP-27-DEN,1784520000,0.09,2976.07,2026-07-20
KXNFLAFCCHAMP-27-DEN,1784606400,0.09,1922.0,2026-07-21
KXNFLAFCCHAMP-27-DEN,1784692800,0.09,2360.94,2026-07-22
KXNFLAFCCHAMP-27-DEN,1784779200,0.09,2772.51,2026-07-23
KXNFLAFCCHAMP-27-DEN,1784865600,0.09,6378.0,2026-07-24
KXNFLAFCCHAMP-27-DEN,1784952000,0.09,3823.25,2026-07-25
KXNFLAFCCHAMP-27-DEN,1785038400,0.09,2702.12,2026-07-26
KXNFLAFCCHAMP-27-DEN,1785124800,0.09,9992.95,2026-07-27
KXNFLAFCCHAMP-27-DEN,1785211200,0.09,6248.73,2026-07-28
KXNFLAFCCHAMP-27-DEN,1785297600,0.09,6182.99,2026-07-29
KXNFLAFCCHAMP-27-DEN,1785384000,0.09,5639.83,2026-07-30
KXNFLAFCCHAMP-27-DEN,1785470400,0.09,6791.27,2026-07-31
KXNFLAFCCHAMP-27-DEN,1785556800,0.09,6110.15,2026-08-01
KXNFLAFCCHAMP-27-DEN,1785643200,0.09,3528.61,2026-08-02
KXNFLAFCCHAMP-27-DEN,1785729600,0.09,5468.21,2026-08-03
KXNFLAFCCHAMP-27-DEN,1785816000,0.09,5434.32,2026-08-04
KXNFLAFCCHAMP-27-DEN,1785902400,0.09,3504.3,2026-08-05
KXNFLAFCCHAMP-27-DEN,1785988800,0.09,9009.79,2026-08-06
KXNFLAFCCHAMP-27-DEN,1786075200,0.09,7776.34,2026-08-07
KXNFLAFCCHAMP-27-DEN,1786161600,0.09,8647.82,2026-08-08
KXNFLAFCCHAMP-27-DEN,1786248000,0.09,9091.45,2026-08-09
KXNFLAFCCHAMP-27-DEN,1786334400,0.09,2325.01,2026-08-10
KXNFLAFCCHAMP-27-DEN,1786420800,0.09,3302.16,2026-08-11
KXNFLAFCCHAMP-27-DEN,1786507200,0.09,13324.26,2026-08-12
KXNFLAFCCHAMP-27-DEN,1786593600,0.09,2683.17,2026-08-13
KXNFLAFCCHAMP-27-DEN,1786680000,0.09,4395.48,2026-08-14
KXNFLAFCCHAMP-27-DEN,1786766400,0.09,15397.65,2026-08-15
KXNFLAFCCHAMP-27-DEN,1786852800,0.09,8600.23,2026-08-16
KXNFLAFCCHAMP-27-DEN,1786939200,0.09,10368.5,2026-08-17
KXNFLAFCCHAMP-27-DEN,1787025600,0.09,6215.15,2026-08-18
KXNFLAFCCHAMP-27-DEN,1787112000,0.09,6549.09,2026-08-19
KXNFLAFCCHAMP-27-DEN,1787198400,0.09,9603.09,2026-08-20
KXNFLAFCCHAMP-27-DEN,1787284800,0.09,4859.83,2026-08-21
KXNFLAFCCHAMP-27-DEN,1787371200,0.09,21864.97,2026-08-22
KXNFLAFCCHAMP-27-DEN,1787457600,0.08,7071.13,2026-08-23
KXNFLAFCCHAMP-27-DEN,1787544000,0.09,3948.72,2026-08-24
KXNFLAFCCHAMP-27-DEN,1787630400,0.09,4091.14,2026-08-25
KXNFLAFCCHAMP-27-DEN,1787716800,0.09,5346.55,2026-08-26
KXNFLAFCCHAMP-27-DEN,1787803200,0.09,4941.75,2026-08-27
KXNFLAFCCHAMP-27-DEN,1787889600,0.09,4372.9,2026-08-28
KXNFLAFCCHAMP-27-DEN,1787976000,0.1,34429.59,2026-08-29
KXNFLAFCCHAMP-27-DEN,1788062400,0.09,11895.79,2026-08-30
KXNFLAFCCHAMP-27-DEN,1788148800,0.1,9025.6,2026-08-31
KXNFLAFCCHAMP-27-DEN,1788235200,0.1,5071.45,2026-09-01
KXNFLAFCCHAMP-27-DEN,1788321600,0.1,3846.74,2026-09-02
KXNFLAFCCHAMP-27-DEN,1788408000,0.1,6871.46,2026-09-03
KXNFLAFCCHAMP-27-DEN,1788494400,0.1,6201.0,2026-09-04
KXNFLAFCCHAMP-27-DEN,1788580800,0.1,7547.22,2026-09-05
KXNFLAFCCHAMP-27-DEN,1788667200,0.1,3431.91,2026-09-06
KXNFLAFCCHAMP-27-DEN,1788753600,0.1,15289.53,2026-09-07
KXNFLAFCCHAMP-27-DEN,1788840000,0.1,8506.46,2026-09-08
KXNFLAFCCHAMP-27-HOU,1781150400,0.08,1534.99,2026-06-11
KXNFLAFCCHAMP-27-HOU,1781236800,0.08,534.68,2026-06-12
KXNFLAFCCHAMP-27-HOU,1781323200,0.08,594.8,2026-06-13
KXNFLAFCCHAMP-27-HOU,1781409600,0.08,6259.37,2026-06-14
KXNFLAFCCHAMP-27-HOU,1781496000,0.08,10227.3,2026-06-15
KXNFLAFCCHAMP-27-HOU,1781582400,0.08,3329.32,2026-06-16
KXNFLAFCCHAMP-27-HOU,1781668800,0.08,956.03,2026-06-17
KXNFLAFCCHAMP-27-HOU,1781755200,0.08,2586.61,2026-06-18
KXNFLAFCCHAMP-27-HOU,1781841600,0.08,317.07,2026-06-19
KXNFLAFCCHAMP-27-HOU,1781928000,0.07,429.57,2026-06-20
KXNFLAFCCHAMP-27-HOU,1782014400,0.08,71.61,2026-06-21
KXNFLAFCCHAMP-27-HOU,1782100800,0.08,3182.47,2026-06-22
KXNFLAFCCHAMP-27-HOU,1782187200,0.08,426.55,2026-06-23
KXNFLAFCCHAMP-27-HOU,1782273600,0.08,199.62,2026-06-24
KXNFLAFCCHAMP-27-HOU,1782360000,0.08,657.63,2026-06-25
KXNFLAFCCHAMP-27-HOU,1782446400,0.08,692.8,2026-06-26
KXNFLAFCCHAMP-27-HOU,1782532800,0.08,1173.4,2026-06-27
KXNFLAFCCHAMP-27-HOU,1782619200,0.08,610.66,2026-06-28
KXNFLAFCCHAMP-27-HOU,1782705600,0.08,3242.25,2026-06-29
KXNFLAFCCHAMP-27-HOU,1782792000,0.07,1174.37,2026-06-30
KXNFLAFCCHAMP-27-HOU,1782878400,0.08,793.95,2026-07-01
KXNFLAFCCHAMP-27-HOU,1782964800,0.08,1397.22,2026-07-02
KXNFLAFCCHAMP-27-HOU,1783051200,0.08,984.63,2026-07-03
KXNFLAFCCHAMP-27-HOU,1783137600,0.08,2389.99,2026-07-04
KXNFLAFCCHAMP-27-HOU,1783224000,0.08,2348.61,2026-07-05
KXNFLAFCCHAMP-27-HOU,1783310400,0.08,6130.2,2026-07-06
KXNFLAFCCHAMP-27-HOU,1783396800,0.08,2523.13,2026-07-07
KXNFLAFCCHAMP-27-HOU,1783483200,0.08,3910.63,2026-07-08
KXNFLAFCCHAMP-27-HOU,1783569600,0.08,351.71,2026-07-09
KXNFLAFCCHAMP-27-HOU,1783656000,0.08,234.86,2026-07-10
KXNFLAFCCHAMP-27-HOU,1783742400,0.11,44434.17,2026-07-11
KXNFLAFCCHAMP-27-HOU,1783828800,0.09,3807.37,2026-07-12
KXNFLAFCCHAMP-27-HOU,1783915200,0.1,1530.52,2026-07-13
KXNFLAFCCHAMP-27-HOU,1784001600,0.09,222.5,2026-07-14
KXNFLAFCCHAMP-27-HOU,1784088000,0.1,2510.15,2026-07-15
KXNFLAFCCHAMP-27-HOU,1784174400,0.09,170.18,2026-07-16
KXNFLAFCCHAMP-27-HOU,1784260800,0.09,365.58,2026-07-17
KXNFLAFCCHAMP-27-HOU,1784347200,0.1,1846.81,2026-07-18
KXNFLAFCCHAMP-27-HOU,1784433600,0.1,150.51,2026-07-19
KXNFLAFCCHAMP-27-HOU,1784520000,0.11,28023.71,2026-07-20
KXNFLAFCCHAMP-27-HOU,1784606400,0.1,9734.4,2026-07-21
KXNFLAFCCHAMP-27-HOU,1784692800,0.1,9850.51,2026-07-22
KXNFLAFCCHAMP-27-HOU,1784779200,0.1,914.18,2026-07-23
KXNFLAFCCHAMP-27-HOU,1784865600,0.1,222.68,2026-07-24
KXNFLAFCCHAMP-27-HOU,1784952000,0.1,508.53,2026-07-25
KXNFLAFCCHAMP-27-HOU,1785038400,0.1,617.97,2026-07-26
KXNFLAFCCHAMP-27-HOU,1785124800,0.1,116.87,2026-07-27
KXNFLAFCCHAMP-27-HOU,1785211200,0.1,620.87,2026-07-28
KXNFLAFCCHAMP-27-HOU,1785297600,0.1,5148.82,2026-07-29
KXNFLAFCCHAMP-27-HOU,1785384000,0.1,2065.2,2026-07-30
KXNFLAFCCHAMP-27-HOU,1785470400,0.1,1728.96,2026-07-31
KXNFLAFCCHAMP-27-HOU,1785556800,0.1,7029.87,2026-08-01
KXNFLAFCCHAMP-27-HOU,1785643200,0.1,14996.09,2026-08-02
KXNFLAFCCHAMP-27-HOU,1785729600,0.1,27157.54,2026-08-03
KXNFLAFCCHAMP-27-HOU,1785816000,0.1,3700.96,2026-08-04
KXNFLAFCCHAMP-27-HOU,1785902400,0.1,20501.61,2026-08-05
KXNFLAFCCHAMP-27-HOU,1785988800,0.1,11327.89,2026-08-06
KXNFLAFCCHAMP-27-HOU,1786075200,0.1,4423.38,2026-08-07
KXNFLAFCCHAMP-27-HOU,1786161600,0.1,2864.52,2026-08-08
KXNFLAFCCHAMP-27-HOU,1786248000,0.1,1957.54,2026-08-09
KXNFLAFCCHAMP-27-HOU,1786334400,0.1,12875.98,2026-08-10
KXNFLAFCCHAMP-27-HOU,1786420800,0.1,4163.26,2026-08-11
KXNFLAFCCHAMP-27-HOU,1786507200,0.11,6039.67,2026-08-12
KXNFLAFCCHAMP-27-HOU,1786593600,0.11,8659.68,2026-08-13
KXNFLAFCCHAMP-27-HOU,1786680000,0.11,4159.07,2026-08-14
KXNFLAFCCHAMP-27-HOU,1786766400,0.11,1596.18,2026-08-15
KXNFLAFCCHAMP-27-HOU,1786852800,0.09,1668.05,2026-08-16
KXNFLAFCCHAMP-27-HOU,1786939200,0.11,8227.26,2026-08-17
KXNFLAFCCHAMP-27-HOU,1787025600,0.11,1577.02,2026-08-18
KXNFLAFCCHAMP-27-HOU,1787112000,0.11,4490.66,2026-08-19
KXNFLAFCCHAMP-27-HOU,1787198400,0.11,9015.95,2026-08-20
KXNFLAFCCHAMP-27-HOU,1787284800,0.11,2609.98,2026-08-21
KXNFLAFCCHAMP-27-HOU,1787371200,0.11,12789.17,2026-08-22
KXNFLAFCCHAMP-27-HOU,1787457600,0.11,71568.27,2026-08-23
KXNFLAFCCHAMP-27-HOU,1787544000,0.11,1281.41,2026-08-24
KXNFLAFCCHAMP-27-HOU,1787630400,0.11,3892.1,2026-08-25
KXNFLAFCCHAMP-27-HOU,1787716800,0.11,4573.61,2026-08-26
KXNFLAFCCHAMP-27-HOU,1787803200,0.11,845.21,2026-08-27
KXNFLAFCCHAMP-27-HOU,1787889600,0.11,4424.32,2026-08-28
KXNFLAFCCHAMP-27-HOU,1787976000,0.11,5960.01,2026-08-29
KXNFLAFCCHAMP-27-HOU,1788062400,0.11,4605.92,2026-08-30
KXNFLAFCCHAMP-27-HOU,1788148800,0.1,2550.94,2026-08-31
KXNFLAFCCHAMP-27-HOU,1788235200,0.1,5525.95,2026-09-01
KXNFLAFCCHAMP-27-HOU,1788321600,0.1,9354.73,2026-09-02
KXNFLAFCCHAMP-27-HOU,1788408000,0.1,3374.77,2026-09-03
KXNFLAFCCHAMP-27-HOU,1788494400,0.1,20912.8,2026-09-04
KXNFLAFCCHAMP-27-HOU,1788580800,0.1,22648.05,2026-09-05
KXNFLAFCCHAMP-27-HOU,1788667200,0.11,6080.51,2026-09-06
KXNFLAFCCHAMP-27-HOU,1788753600,0.11,2540.99,2026-09-07
KXNFLAFCCHAMP-27-HOU,1788840000,0.11,4161.74,2026-09-08
KXNFLAFCCHAMP-27-IND,1781150400,,0.0,2026-06-11
KXNFLAFCCHAMP-27-IND,1781236800,0.04,1171.28,2026-06-12
KXNFLAFCCHAMP-27-IND,1781323200,,0.0,2026-06-13
KXNFLAFCCHAMP-27-IND,1781409600,,0.0,2026-06-14
KXNFLAFCCHAMP-27-IND,1781496000,,0.0,2026-06-15
KXNFLAFCCHAMP-27-IND,1781582400,0.04,117.12,2026-06-16
KXNFLAFCCHAMP-27-IND,1781668800,,0.0,2026-06-17
KXNFLAFCCHAMP-27-IND,1781755200,0.04,316.0,2026-06-18
KXNFLAFCCHAMP-27-IND,1781841600,,0.0,2026-06-19
KXNFLAFCCHAMP-27-IND,1781928000,0.04,234.25,2026-06-20
KXNFLAFCCHAMP-27-IND,1782014400,,0.0,2026-06-21
KXNFLAFCCHAMP-27-IND,1782100800,,0.0,2026-06-22
KXNFLAFCCHAMP-27-IND,1782187200,,0.0,2026-06-23
KXNFLAFCCHAMP-27-IND,1782273600,,0.0,2026-06-24
KXNFLAFCCHAMP-27-IND,1782360000,0.04,50.0,2026-06-25
KXNFLAFCCHAMP-27-IND,1782446400,0.04,46.85,2026-06-26
KXNFLAFCCHAMP-27-IND,1782532800,0.03,117.0,2026-06-27
KXNFLAFCCHAMP-27-IND,1782619200,,0.0,2026-06-28
KXNFLAFCCHAMP-27-IND,1782705600,,0.0,2026-06-29
KXNFLAFCCHAMP-27-IND,1782792000,0.03,234.25,2026-06-30
KXNFLAFCCHAMP-27-IND,1782878400,,0.0,2026-07-01
KXNFLAFCCHAMP-27-IND,1782964800,,0.0,2026-07-02
KXNFLAFCCHAMP-27-IND,1783051200,,0.0,2026-07-03
KXNFLAFCCHAMP-27-IND,1783137600,0.03,585.0,2026-07-04
KXNFLAFCCHAMP-27-IND,1783224000,,0.0,2026-07-05
KXNFLAFCCHAMP-27-IND,1783310400,,0.0,2026-07-06
KXNFLAFCCHAMP-27-IND,1783396800,,0.0,2026-07-07
KXNFLAFCCHAMP-27-IND,1783483200,,0.0,2026-07-08
KXNFLAFCCHAMP-27-IND,1783569600,,0.0,2026-07-09
KXNFLAFCCHAMP-27-IND,1783656000,,0.0,2026-07-10
KXNFLAFCCHAMP-27-IND,1783742400,,0.0,2026-07-11
KXNFLAFCCHAMP-27-IND,1783828800,,0.0,2026-07-12
KXNFLAFCCHAMP-27-IND,1783915200,,0.0,2026-07-13
KXNFLAFCCHAMP-27-IND,1784001600,,0.0,2026-07-14
KXNFLAFCCHAMP-27-IND,1784088000,,0.0,2026-07-15
KXNFLAFCCHAMP-27-IND,1784174400,,0.0,2026-07-16
KXNFLAFCCHAMP-27-IND,1784260800,,0.0,2026-07-17
KXNFLAFCCHAMP-27-IND,1784347200,,0.0,2026-07-18
KXNFLAFCCHAMP-27-IND,1784433600,0.04,117.12,2026-07-19
KXNFLAFCCHAMP-27-IND,1784520000,0.04,117.12,2026-07-20
KXNFLAFCCHAMP-27-IND,1784606400,,0.0,2026-07-21
KXNFLAFCCHAMP-27-IND,1784692800,,0.0,2026-07-22
KXNFLAFCCHAMP-27-IND,1784779200,,0.0,2026-07-23
KXNFLAFCCHAMP-27-IND,1784865600,0.04,46.85,2026-07-24
KXNFLAFCCHAMP-27-IND,1784952000,,0.0,2026-07-25
KXNFLAFCCHAMP-27-IND,1785038400,0.04,2342.57,2026-07-26
KXNFLAFCCHAMP-27-IND,1785124800,0.04,200.0,2026-07-27
KXNFLAFCCHAMP-27-IND,1785211200,0.04,468.51,2026-07-28
KXNFLAFCCHAMP-27-IND,1785297600,0.04,774.05,2026-07-29
KXNFLAFCCHAMP-27-IND,1785384000,0.04,340.83,2026-07-30
KXNFLAFCCHAMP-27-IND,1785470400,0.04,1171.28,2026-07-31
KXNFLAFCCHAMP-27-IND,1785556800,0.04,234.25,2026-08-01
KXNFLAFCCHAMP-27-IND,1785643200,0.04,243.25,2026-08-02
KXNFLAFCCHAMP-27-IND,1785729600,0.04,117.12,2026-08-03
KXNFLAFCCHAMP-27-IND,1785816000,,0.0,2026-08-04
KXNFLAFCCHAMP-27-IND,1785902400,0.04,585.63,2026-08-05
KXNFLAFCCHAMP-27-IND,1785988800,,0.0,2026-08-06
KXNFLAFCCHAMP-27-IND,1786075200,0.04,257.67,2026-08-07
KXNFLAFCCHAMP-27-IND,1786161600,,0.0,2026-08-08
KXNFLAFCCHAMP-27-IND,1786248000,0.04,3513.86,2026-08-09
KXNFLAFCCHAMP-27-IND,1786334400,0.04,166.0,2026-08-10
KXNFLAFCCHAMP-27-IND,1786420800,0.04,25.0,2026-08-11
KXNFLAFCCHAMP-27-IND,1786507200,,0.0,2026-08-12
KXNFLAFCCHAMP-27-IND,1786593600,0.04,272.42,2026-08-13
KXNFLAFCCHAMP-27-IND,1786680000,0.03,25.0,2026-08-14
KXNFLAFCCHAMP-27-IND,1786766400,0.04,117.12,2026-08-15
KXNFLAFCCHAMP-27-IND,1786852800,0.04,192.12,2026-08-16
KXNFLAFCCHAMP-27-IND,1786939200,,0.0,2026-08-17
KXNFLAFCCHAMP-27-IND,1787025600,0.03,20659.0,2026-08-18
KXNFLAFCCHAMP-27-IND,1787112000,0.03,2897.62,2026-08-19
KXNFLAFCCHAMP-27-IND,1787198400,0.03,490.78,2026-08-20
KXNFLAFCCHAMP-27-IND,1787284800,0.03,617.38,2026-08-21
KXNFLAFCCHAMP-27-IND,1787371200,0.03,1033.55,2026-08-22
KXNFLAFCCHAMP-27-IND,1787457600,,0.0,2026-08-23
KXNFLAFCCHAMP-27-IND,1787544000,0.03,4080.59,2026-08-24
KXNFLAFCCHAMP-27-IND,1787630400,0.03,233.79,2026-08-25
KXNFLAFCCHAMP-27-IND,1787716800,0.03,780.34,2026-08-26
KXNFLAFCCHAMP-27-IND,1787803200,0.03,2031.21,2026-08-27
KXNFLAFCCHAMP-27-IND,1787889600,0.03,211.74,2026-08-28
KXNFLAFCCHAMP-27-IND,1787976000,0.03,1560.66,2026-08-29
KXNFLAFCCHAMP-27-IND,1788062400,0.03,143.64,2026-08-30
KXNFLAFCCHAMP-27-IND,1788148800,0.03,51.49,2026-08-31
KXNFLAFCCHAMP-27-IND,1788235200,0.03,3845.66,2026-09-01
KXNFLAFCCHAMP-27-IND,1788321600,,0.0,2026-09-02
KXNFLAFCCHAMP-27-IND,1788408000,0.03,3589.59,2026-09-03
KXNFLAFCCHAMP-27-IND,1788494400,0.03,3277.45,2026-09-04
KXNFLAFCCHAMP-27-IND,1788580800,0.03,402.13,2026-09-05
KXNFLAFCCHAMP-27-IND,1788667200,0.03,78.65,2026-09-06
KXNFLAFCCHAMP-27-IND,1788753600,0.03,300.0,2026-09-07
KXNFLAFCCHAMP-27-IND,1788840000,0.03,3121.39,2026-09-08
KXNFLAFCCHAMP-27-KC,1781150400,0.14,189.74,2026-06-11
KXNFLAFCCHAMP-27-KC,1781236800,0.14,435.88,2026-06-12
KXNFLAFCCHAMP-27-KC,1781323200,0.14,235.42,2026-06-13
KXNFLAFCCHAMP-27-KC,1781409600,0.14,378.43,2026-06-14
KXNFLAFCCHAMP-27-KC,1781496000,0.13,172.46,2026-06-15
KXNFLAFCCHAMP-27-KC,1781582400,0.14,913.73,2026-06-16
KXNFLAFCCHAMP-27-KC,1781668800,0.14,101.14,2026-06-17
KXNFLAFCCHAMP-27-KC,1781755200,0.14,488.2,2026-06-18
KXNFLAFCCHAMP-27-KC,1781841600,0.14,53.89,2026-06-19
KXNFLAFCCHAMP-27-KC,1781928000,0.14,505.26,2026-06-20
KXNFLAFCCHAMP-27-KC,1782014400,0.13,2721.7,2026-06-21
KXNFLAFCCHAMP-27-KC,1782100800,0.14,736.98,2026-06-22
KXNFLAFCCHAMP-27-KC,1782187200,0.13,197.0,2026-06-23
KXNFLAFCCHAMP-27-KC,1782273600,0.13,1144.59,2026-06-24
KXNFLAFCCHAMP-27-KC,1782360000,0.14,6.73,2026-06-25
KXNFLAFCCHAMP-27-KC,1782446400,0.13,139.36,2026-06-26
KXNFLAFCCHAMP-27-KC,1782532800,0.13,1180.47,2026-06-27
KXNFLAFCCHAMP-27-KC,1782619200,0.14,1028.2,2026-06-28
KXNFLAFCCHAMP-27-KC,1782705600,,0.0,2026-06-29
KXNFLAFCCHAMP-27-KC,1782792000,0.14,31.0,2026-06-30
KXNFLAFCCHAMP-27-KC,1782878400,0.14,123.89,2026-07-01
KXNFLAFCCHAMP-27-KC,1782964800,0.14,294.87,2026-07-02
KXNFLAFCCHAMP-27-KC,1783051200,0.13,976.89,2026-07-03
KXNFLAFCCHAMP-27-KC,1783137600,0.13,367.74,2026-07-04
KXNFLAFCCHAMP-27-KC,1783224000,0.14,188.48,2026-07-05
KXNFLAFCCHAMP-27-KC,1783310400,0.14,23.17,2026-07-06
KXNFLAFCCHAMP-27-KC,1783396800,0.13,478.59,2026-07-07
KXNFLAFCCHAMP-27-KC,1783483200,0.13,106.36,2026-07-08
KXNFLAFCCHAMP-27-KC,1783569600,0.14,34.0,2026-07-09
KXNFLAFCCHAMP-27-KC,1783656000,0.14,160.0,2026-07-10
KXNFLAFCCHAMP-27-KC,1783742400,0.14,842.15,2026-07-11
KXNFLAFCCHAMP-27-KC,1783828800,0.14,402.5,2026-07-12
KXNFLAFCCHAMP-27-KC,1783915200,0.14,293.52,2026-07-13
KXNFLAFCCHAMP-27-KC,1784001600,0.14,177.15,2026-07-14
KXNFLAFCCHAMP-27-KC,1784088000,0.14,1251.31,2026-07-15
KXNFLAFCCHAMP-27-KC,1784174400,0.14,393.15,2026-07-16
KXNFLAFCCHAMP-27-KC,1784260800,0.14,45.41,2026-07-17
KXNFLAFCCHAMP-27-KC,1784347200,0.14,33.68,2026-07-18
KXNFLAFCCHAMP-27-KC,1784433600,0.14,771.08,2026-07-19
KXNFLAFCCHAMP-27-KC,1784520000,0.13,4063.99,2026-07-20
KXNFLAFCCHAMP-27-KC,1784606400,0.12,356.88,2026-07-21
KXNFLAFCCHAMP-27-KC,1784692800,0.13,557.67,2026-07-22
KXNFLAFCCHAMP-27-KC,1784779200,0.13,365.12,2026-07-23
KXNFLAFCCHAMP-27-KC,1784865600,0.13,208.75,2026-07-24
KXNFLAFCCHAMP-27-KC,1784952000,0.12,2334.23,2026-07-25
KXNFLAFCCHAMP-27-KC,1785038400,0.12,2255.36,2026-07-26
KXNFLAFCCHAMP-27-KC,1785124800,0.12,663.74,2026-07-27
KXNFLAFCCHAMP-27-KC,1785211200,0.11,1932.43,2026-07-28
KXNFLAFCCHAMP-27-KC,1785297600,0.11,945.57,2026-07-29
KXNFLAFCCHAMP-27-KC,1785384000,0.12,892.7,2026-07-30
KXNFLAFCCHAMP-27-KC,1785470400,0.12,1165.45,2026-07-31
KXNFLAFCCHAMP-27-KC,1785556800,0.12,1175.86,2026-08-01
KXNFLAFCCHAMP-27-KC,1785643200,0.12,1398.84,2026-08-02
KXNFLAFCCHAMP-27-KC,1785729600,0.12,189.58,2026-08-03
KXNFLAFCCHAMP-27-KC,1785816000,0.12,3558.94,2026-08-04
KXNFLAFCCHAMP-27-KC,1785902400,0.12,530.54,2026-08-05
KXNFLAFCCHAMP-27-KC,1785988800,0.12,1174.42,2026-08-06
KXNFLAFCCHAMP-27-KC,1786075200,0.12,2025.98,2026-08-07
KXNFLAFCCHAMP-27-KC,1786161600,0.12,1024.06,2026-08-08
KXNFLAFCCHAMP-27-KC,1786248000,0.11,849.31,2026-08-09
KXNFLAFCCHAMP-27-KC,1786334400,0.12,78.45,2026-08-10
KXNFLAFCCHAMP-27-KC,1786420800,0.12,832.45,2026-08-11
KXNFLAFCCHAMP-27-KC,1786507200,0.12,5816.83,2026-08-12
KXNFLAFCCHAMP-27-KC,1786593600,0.12,396.22,2026-08-13
KXNFLAFCCHAMP-27-KC,1786680000,0.12,2180.08,2026-08-14
KXNFLAFCCHAMP-27-KC,1786766400,0.12,1923.05,2026-08-15
KXNFLAFCCHAMP-27-KC,1786852800,0.12,357.37,2026-08-16
KXNFLAFCCHAMP-27-KC,1786939200,0.12,1302.46,2026-08-17
KXNFLAFCCHAMP-27-KC,1787025600,0.12,685.37,2026-08-18
KXNFLAFCCHAMP-27-KC,1787112000,0.11,1635.78,2026-08-19
KXNFLAFCCHAMP-27-KC,1787198400,0.12,974.32,2026-08-20
KXNFLAFCCHAMP-27-KC,1787284800,0.12,1291.48,2026-08-21
KXNFLAFCCHAMP-27-KC,1787371200,0.11,8481.61,2026-08-22
KXNFLAFCCHAMP-27-KC,1787457600,0.12,733.86,2026-08-23
KXNFLAFCCHAMP-27-KC,1787544000,0.12,455.7,2026-08-24
KXNFLAFCCHAMP-27-KC,1787630400,0.12,191.33,2026-08-25
KXNFLAFCCHAMP-27-KC,1787716800,0.12,2129.89,2026-08-26
KXNFLAFCCHAMP-27-KC,1787803200,0.12,8773.75,2026-08-27
KXNFLAFCCHAMP-27-KC,1787889600,0.1,1628.82,2026-08-28
KXNFLAFCCHAMP-27-KC,1787976000,0.12,3008.57,2026-08-29
KXNFLAFCCHAMP-27-KC,1788062400,0.12,768.55,2026-08-30
KXNFLAFCCHAMP-27-KC,1788148800,0.12,4374.03,2026-08-31
KXNFLAFCCHAMP-27-KC,1788235200,0.11,1686.14,2026-09-01
KXNFLAFCCHAMP-27-KC,1788321600,0.12,1677.85,2026-09-02
KXNFLAFCCHAMP-27-KC,1788408000,0.12,358.19,2026-09-03
KXNFLAFCCHAMP-27-KC,1788494400,0.12,673.19,2026-09-04
KXNFLAFCCHAMP-27-KC,1788580800,0.12,2230.27,2026-09-05
KXNFLAFCCHAMP-27-KC,1788667200,0.12,2031.78,2026-09-06
KXNFLAFCCHAMP-27-KC,1788753600,0.12,1247.8,2026-09-07
KXNFLAFCCHAMP-27-KC,1788840000,0.12,754.16,2026-09-08
KXNFLAFCCHAMP-27-LAC,1781150400,0.12,89.24,2026-06-11
KXNFLAFCCHAMP-27-LAC,1781236800,0.12,486.42,2026-06-12
KXNFLAFCCHAMP-27-LAC,1781323200,0.12,298.27,2026-06-13
KXNFLAFCCHAMP-27-LAC,1781409600,,0.0,2026-06-14
KXNFLAFCCHAMP-27-LAC,1781496000,0.12,479.21,2026-06-15
KXNFLAFCCHAMP-27-LAC,1781582400,0.12,172.67,2026-06-16
KXNFLAFCCHAMP-27-LAC,1781668800,0.12,1004.77,2026-06-17
KXNFLAFCCHAMP-27-LAC,1781755200,,0.0,2026-06-18
KXNFLAFCCHAMP-27-LAC,1781841600,0.12,1084.74,2026-06-19
KXNFLAFCCHAMP-27-LAC,1781928000,0.12,505.97,2026-06-20
KXNFLAFCCHAMP-27-LAC,1782014400,0.12,1231.39,2026-06-21
KXNFLAFCCHAMP-27-LAC,1782100800,0.12,69.79,2026-06-22
KXNFLAFCCHAMP-27-LAC,1782187200,,0.0,2026-06-23
KXNFLAFCCHAMP-27-LAC,1782273600,0.12,348.69,2026-06-24
KXNFLAFCCHAMP-27-LAC,1782360000,0.11,94.51,2026-06-25
KXNFLAFCCHAMP-27-LAC,1782446400,0.11,250.84,2026-06-26
KXNFLAFCCHAMP-27-LAC,1782532800,0.12,78.24,2026-06-27
KXNFLAFCCHAMP-27-LAC,1782619200,,0.0,2026-06-28
KXNFLAFCCHAMP-27-LAC,1782705600,0.12,66.72,2026-06-29
KXNFLAFCCHAMP-27-LAC,1782792000,0.11,784.97,2026-06-30
KXNFLAFCCHAMP-27-LAC,1782878400,0.12,487.29,2026-07-01
KXNFLAFCCHAMP-27-LAC,1782964800,0.12,7.84,2026-07-02
KXNFLAFCCHAMP-27-LAC,1783051200,0.12,70.64,2026-07-03
KXNFLAFCCHAMP-27-LAC,1783137600,0.12,235.49,2026-07-04
KXNFLAFCCHAMP-27-LAC,1783224000,,0.0,2026-07-05
KXNFLAFCCHAMP-27-LAC,1783310400,0.11,228.37,2026-07-06
KXNFLAFCCHAMP-27-LAC,1783396800,0.12,1373.71,2026-07-07
KXNFLAFCCHAMP-27-LAC,1783483200,0.11,2786.66,2026-07-08
KXNFLAFCCHAMP-27-LAC,1783569600,0.12,1181.04,2026-07-09
KXNFLAFCCHAMP-27-LAC,1783656000,,0.0,2026-07-10
KXNFLAFCCHAMP-27-LAC,1783742400,0.12,487.66,2026-07-11
KXNFLAFCCHAMP-27-LAC,1783828800,0.11,656.72,2026-07-12
KXNFLAFCCHAMP-27-LAC,1783915200,0.12,1449.02,2026-07-13
KXNFLAFCCHAMP-27-LAC,1784001600,0.12,35.0,2026-07-14
KXNFLAFCCHAMP-27-LAC,1784088000,0.12,7.0,2026-07-15
KXNFLAFCCHAMP-27-LAC,1784174400,0.12,1020.69,2026-07-16
KXNFLAFCCHAMP-27-LAC,1784260800,0.12,2631.62,2026-07-17
KXNFLAFCCHAMP-27-LAC,1784347200,0.12,23.54,2026-07-18
KXNFLAFCCHAMP-27-LAC,1784433600,0.12,392.48,2026-07-19
KXNFLAFCCHAMP-27-LAC,1784520000,0.11,3503.77,2026-07-20
KXNFLAFCCHAMP-27-LAC,1784606400,0.12,520.26,2026-07-21
KXNFLAFCCHAMP-27-LAC,1784692800,0.12,7.84,2026-07-22
KXNFLAFCCHAMP-27-LAC,1784779200,0.12,2014.7,2026-07-23
KXNFLAFCCHAMP-27-LAC,1784865600,0.12,926.22,2026-07-24
KXNFLAFCCHAMP-27-LAC,1784952000,0.12,149.49,2026-07-25
KXNFLAFCCHAMP-27-LAC,1785038400,0.12,1719.77,2026-07-26
KXNFLAFCCHAMP-27-LAC,1785124800,0.12,973.24,2026-07-27
KXNFLAFCCHAMP-27-LAC,1785211200,0.12,180.52,2026-07-28
KXNFLAFCCHAMP-27-LAC,1785297600,0.12,3111.41,2026-07-29
KXNFLAFCCHAMP-27-LAC,1785384000,0.12,4027.97,2026-07-30
KXNFLAFCCHAMP-27-LAC,1785470400,0.12,987.72,2026-07-31
KXNFLAFCCHAMP-27-LAC,1785556800,0.12,5213.35,2026-08-01
KXNFLAFCCHAMP-27-LAC,1785643200,0.12,1630.81,2026-08-02
KXNFLAFCCHAMP-27-LAC,1785729600,0.12,8877.76,2026-08-03
KXNFLAFCCHAMP-27-LAC,1785816000,0.12,1854.1,2026-08-04
KXNFLAFCCHAMP-27-LAC,1785902400,0.12,1245.83,2026-08-05
KXNFLAFCCHAMP-27-LAC,1785988800,0.12,483.97,2026-08-06
KXNFLAFCCHAMP-27-LAC,1786075200,0.12,9694.37,2026-08-07
KXNFLAFCCHAMP-27-LAC,1786161600,0.12,2173.85,2026-08-08
KXNFLAFCCHAMP-27-LAC,1786248000,0.11,2406.28,2026-08-09
KXNFLAFCCHAMP-27-LAC,1786334400,0.11,930.65,2026-08-10
KXNFLAFCCHAMP-27-LAC,1786420800,0.11,551.84,2026-08-11
KXNFLAFCCHAMP-27-LAC,1786507200,0.11,942.29,2026-08-12
KXNFLAFCCHAMP-27-LAC,1786593600,0.11,138.01,2026-08-13
KXNFLAFCCHAMP-27-LAC,1786680000,0.11,3753.19,2026-08-14
KXNFLAFCCHAMP-27-LAC,1786766400,0.11,2625.13,2026-08-15
KXNFLAFCCHAMP-27-LAC,1786852800,0.1,1966.6,2026-08-16
KXNFLAFCCHAMP-27-LAC,1786939200,0.11,2736.56,2026-08-17
KXNFLAFCCHAMP-27-LAC,1787025600,0.11,847.51,2026-08-18
KXNFLAFCCHAMP-27-LAC,1787112000,0.11,5773.11,2026-08-19
KXNFLAFCCHAMP-27-LAC,1787198400,0.11,1518.44,2026-08-20
KXNFLAFCCHAMP-27-LAC,1787284800,0.11,1514.86,2026-08-21
KXNFLAFCCHAMP-27-LAC,1787371200,0.11,10934.06,2026-08-22
KXNFLAFCCHAMP-27-LAC,1787457600,0.11,928.32,2026-08-23
KXNFLAFCCHAMP-27-LAC,1787544000,0.11,1033.08,2026-08-24
KXNFLAFCCHAMP-27-LAC,1787630400,0.11,4394.92,2026-08-25
KXNFLAFCCHAMP-27-LAC,1787716800,0.11,1657.55,2026-08-26
KXNFLAFCCHAMP-27-LAC,1787803200,0.11,957.43,2026-08-27
KXNFLAFCCHAMP-27-LAC,1787889600,0.1,955.76,2026-08-28
KXNFLAFCCHAMP-27-LAC,1787976000,0.11,14196.54,2026-08-29
KXNFLAFCCHAMP-27-LAC,1788062400,0.11,1291.18,2026-08-30
KXNFLAFCCHAMP-27-LAC,1788148800,0.11,903.15,2026-08-31
KXNFLAFCCHAMP-27-LAC,1788235200,0.11,753.69,2026-09-01
KXNFLAFCCHAMP-27-LAC,1788321600,0.1,778.37,2026-09-02
KXNFLAFCCHAMP-27-LAC,1788408000,0.11,203.47,2026-09-03
KXNFLAFCCHAMP-27-LAC,1788494400,0.11,1596.16,2026-09-04
KXNFLAFCCHAMP-27-LAC,1788580800,0.11,1649.5,2026-09-05
KXNFLAFCCHAMP-27-LAC,1788667200,0.11,1299.13,2026-09-06
KXNFLAFCCHAMP-27-LAC,1788753600,0.11,1558.36,2026-09-07
KXNFLAFCCHAMP-27-LAC,1788840000,0.11,2710.86,2026-09-08
KXNFLAFCCHAMP-27-NE,1781150400,0.1,500.14,2026-06-11
KXNFLAFCCHAMP-27-NE,1781236800,0.1,793.39,2026-06-12
KXNFLAFCCHAMP-27-NE,1781323200,0.09,620.94,2026-06-13
KXNFLAFCCHAMP-27-NE,1781409600,0.09,659.06,2026-06-14
KXNFLAFCCHAMP-27-NE,1781496000,0.09,329.8,2026-06-15
KXNFLAFCCHAMP-27-NE,1781582400,0.1,962.61,2026-06-16
KXNFLAFCCHAMP-27-NE,1781668800,0.1,345.25,2026-06-17
KXNFLAFCCHAMP-27-NE,1781755200,0.1,199.54,2026-06-18
KXNFLAFCCHAMP-27-NE,1781841600,0.08,4905.8,2026-06-19
KXNFLAFCCHAMP-27-NE,1781928000,0.1,865.45,2026-06-20
KXNFLAFCCHAMP-27-NE,1782014400,,0.0,2026-06-21
KXNFLAFCCHAMP-27-NE,1782100800,0.1,122.28,2026-06-22
KXNFLAFCCHAMP-27-NE,1782187200,0.09,1046.18,2026-06-23
KXNFLAFCCHAMP-27-NE,1782273600,0.09,589.9,2026-06-24
KXNFLAFCCHAMP-27-NE,1782360000,0.09,51.41,2026-06-25
KXNFLAFCCHAMP-27-NE,1782446400,0.09,41.0,2026-06-26
KXNFLAFCCHAMP-27-NE,1782532800,0.09,166.07,2026-06-27
KXNFLAFCCHAMP-27-NE,1782619200,0.09,200.0,2026-06-28
KXNFLAFCCHAMP-27-NE,1782705600,0.09,343.63,2026-06-29
KXNFLAFCCHAMP-27-NE,1782792000,,0.0,2026-06-30
KXNFLAFCCHAMP-27-NE,1782878400,0.09,660.78,2026-07-01
KXNFLAFCCHAMP-27-NE,1782964800,0.09,337.83,2026-07-02
KXNFLAFCCHAMP-27-NE,1783051200,0.09,73.32,2026-07-03
KXNFLAFCCHAMP-27-NE,1783137600,0.09,1130.12,2026-07-04
KXNFLAFCCHAMP-27-NE,1783224000,0.07,1353.7,2026-07-05
KXNFLAFCCHAMP-27-NE,1783310400,0.09,52.21,2026-07-06
KXNFLAFCCHAMP-27-NE,1783396800,0.09,290.27,2026-07-07
KXNFLAFCCHAMP-27-NE,1783483200,0.08,522.28,2026-07-08
KXNFLAFCCHAMP-27-NE,1783569600,0.09,189.22,2026-07-09
KXNFLAFCCHAMP-27-NE,1783656000,0.09,52.22,2026-07-10
KXNFLAFCCHAMP-27-NE,1783742400,,0.0,2026-07-11
KXNFLAFCCHAMP-27-NE,1783828800,0.09,111.96,2026-07-12
KXNFLAFCCHAMP-27-NE,1783915200,0.08,1311.98,2026-07-13
KXNFLAFCCHAMP-27-NE,1784001600,0.09,128.89,2026-07-14
KXNFLAFCCHAMP-27-NE,1784088000,0.09,89.55,2026-07-15
KXNFLAFCCHAMP-27-NE,1784174400,0.09,250.37,2026-07-16
KXNFLAFCCHAMP-27-NE,1784260800,0.08,984.95,2026-07-17
KXNFLAFCCHAMP-27-NE,1784347200,0.09,972.37,2026-07-18
KXNFLAFCCHAMP-27-NE,1784433600,0.08,10718.99,2026-07-19
KXNFLAFCCHAMP-27-NE,1784520000,0.09,207.66,2026-07-20
KXNFLAFCCHAMP-27-NE,1784606400,0.09,4160.84,2026-07-21
KXNFLAFCCHAMP-27-NE,1784692800,0.09,2056.45,2026-07-22
KXNFLAFCCHAMP-27-NE,1784779200,0.09,282.11,2026-07-23
KXNFLAFCCHAMP-27-NE,1784865600,0.09,225.67,2026-07-24
KXNFLAFCCHAMP-27-NE,1784952000,0.09,2930.37,2026-07-25
KXNFLAFCCHAMP-27-NE,1785038400,0.09,1472.4,2026-07-26
KXNFLAFCCHAMP-27-NE,1785124800,0.09,2427.74,2026-07-27
KXNFLAFCCHAMP-27-NE,1785211200,0.09,1851.09,2026-07-28
KXNFLAFCCHAMP-27-NE,1785297600,0.09,2249.44,2026-07-29
KXNFLAFCCHAMP-27-NE,1785384000,0.08,3168.44,2026-07-30
KXNFLAFCCHAMP-27-NE,1785470400,0.09,752.71,2026-07-31
KXNFLAFCCHAMP-27-NE,1785556800,0.1,4350.52,2026-08-01
KXNFLAFCCHAMP-27-NE,1785643200,0.1,6259.7,2026-08-02
KXNFLAFCCHAMP-27-NE,1785729600,0.1,1185.29,2026-08-03
KXNFLAFCCHAMP-27-NE,1785816000,0.1,3224.96,2026-08-04
KXNFLAFCCHAMP-27-NE,1785902400,0.09,581.05,2026-08-05
KXNFLAFCCHAMP-27-NE,1785988800,0.1,1793.27,2026-08-06
KXNFLAFCCHAMP-27-NE,1786075200,0.1,1540.03,2026-08-07
KXNFLAFCCHAMP-27-NE,1786161600,0.1,1225.75,2026-08-08
KXNFLAFCCHAMP-27-NE,1786248000,0.1,1150.38,2026-08-09
KXNFLAFCCHAMP-27-NE,1786334400,0.09,2557.03,2026-08-10
KXNFLAFCCHAMP-27-NE,1786420800,0.1,1729.3,2026-08-11
KXNFLAFCCHAMP-27-NE,1786507200,0.1,2530.34,2026-08-12
KXNFLAFCCHAMP-27-NE,1786593600,0.1,1137.08,2026-08-13
KXNFLAFCCHAMP-27-NE,1786680000,0.1,1696.74,2026-08-14
KXNFLAFCCHAMP-27-NE,1786766400,0.1,1025.7,2026-08-15
KXNFLAFCCHAMP-27-NE,1786852800,0.1,446.69,2026-08-16
KXNFLAFCCHAMP-27-NE,1786939200,0.1,1178.6,2026-08-17
KXNFLAFCCHAMP-27-NE,1787025600,0.1,454.67,2026-08-18
KXNFLAFCCHAMP-27-NE,1787112000,0.1,1932.85,2026-08-19
KXNFLAFCCHAMP-27-NE,1787198400,0.1,2725.7,2026-08-20
KXNFLAFCCHAMP-27-NE,1787284800,0.1,1792.7,2026-08-21
KXNFLAFCCHAMP-27-NE,1787371200,0.1,3383.54,2026-08-22
KXNFLAFCCHAMP-27-NE,1787457600,0.1,19861.22,2026-08-23
KXNFLAFCCHAMP-27-NE,1787544000,0.09,2538.61,2026-08-24
KXNFLAFCCHAMP-27-NE,1787630400,0.1,985.75,2026-08-25
KXNFLAFCCHAMP-27-NE,1787716800,0.1,2423.85,2026-08-26
KXNFLAFCCHAMP-27-NE,1787803200,0.1,50.4,2026-08-27
KXNFLAFCCHAMP-27-NE,1787889600,0.1,1199.75,2026-08-28
KXNFLAFCCHAMP-27-NE,1787976000,0.1,914.1,2026-08-29
KXNFLAFCCHAMP-27-NE,1788062400,0.1,2364.4,2026-08-30
KXNFLAFCCHAMP-27-NE,1788148800,0.1,957.07,2026-08-31
KXNFLAFCCHAMP-27-NE,1788235200,0.1,779.08,2026-09-01
KXNFLAFCCHAMP-27-NE,1788321600,0.1,923.14,2026-09-02
KXNFLAFCCHAMP-27-NE,1788408000,0.1,1680.07,2026-09-03
KXNFLAFCCHAMP-27-NE,1788494400,0.1,737.15,2026-09-04
KXNFLAFCCHAMP-27-NE,1788580800,0.1,1750.52,2026-09-05
KXNFLAFCCHAMP-27-NE,1788667200,0.1,928.3,2026-09-06
KXNFLAFCCHAMP-27-NE,1788753600,0.1,2122.83,2026-09-07
KXNFLAFCCHAMP-27-NE,1788840000,0.1,1410.35,2026-09-08
KXNFLAFCCHAMP-27-PIT,1781150400,0.03,650.8,2026-06-11
KXNFLAFCCHAMP-27-PIT,1781236800,0.03,686.68,2026-06-12
KXNFLAFCCHAMP-27-PIT,1781323200,0.03,222.53,2026-06-13
KXNFLAFCCHAMP-27-PIT,1781409600,0.03,101.44,2026-06-14
KXNFLAFCCHAMP-27-PIT,1781496000,0.03,1217.88,2026-06-15
KXNFLAFCCHAMP-27-PIT,1781582400,0.01,936.38,2026-06-16
KXNFLAFCCHAMP-27-PIT,1781668800,0.03,1721.47,2026-06-17
KXNFLAFCCHAMP-27-PIT,1781755200,0.03,1346.56,2026-06-18
KXNFLAFCCHAMP-27-PIT,1781841600,0.03,312.13,2026-06-19
KXNFLAFCCHAMP-27-PIT,1781928000,0.03,312.13,2026-06-20
KXNFLAFCCHAMP-27-PIT,1782100800,,0.0,2026-06-22
KXNFLAFCCHAMP-27-PIT,1782187200,0.03,531.93,2026-06-23
KXNFLAFCCHAMP-27-PIT,1782273600,0.02,156.0,2026-06-24
KXNFLAFCCHAMP-27-PIT,1782360000,0.03,2762.6,2026-06-25
KXNFLAFCCHAMP-27-PIT,1782446400,,0.0,2026-06-26
KXNFLAFCCHAMP-27-PIT,1782532800,0.03,943.26,2026-06-27
KXNFLAFCCHAMP-27-PIT,1782619200,,0.0,2026-06-28
KXNFLAFCCHAMP-27-PIT,1782705600,0.02,5146.92,2026-06-29
KXNFLAFCCHAMP-27-PIT,1782792000,,0.0,2026-06-30
KXNFLAFCCHAMP-27-PIT,1782878400,0.03,62.73,2026-07-01
KXNFLAFCCHAMP-27-PIT,1782964800,0.03,23410.42,2026-07-02
KXNFLAFCCHAMP-27-PIT,1783051200,0.04,456.5,2026-07-03
KXNFLAFCCHAMP-27-PIT,1783137600,0.04,100.0,2026-07-04
KXNFLAFCCHAMP-27-PIT,1783224000,0.04,23.42,2026-07-05
KXNFLAFCCHAMP-27-PIT,1783310400,0.02,8624.11,2026-07-06
KXNFLAFCCHAMP-27-PIT,1783396800,,0.0,2026-07-07
KXNFLAFCCHAMP-27-PIT,1783483200,0.03,1031.21,2026-07-08
KXNFLAFCCHAMP-27-PIT,1783569600,0.03,2499.8,2026-07-09
KXNFLAFCCHAMP-27-PIT,1783656000,,0.0,2026-07-10
KXNFLAFCCHAMP-27-PIT,1783742400,0.02,1128.4,2026-07-11
KXNFLAFCCHAMP-27-PIT,1783828800,,0.0,2026-07-12
KXNFLAFCCHAMP-27-PIT,1783915200,0.03,3503.44,2026-07-13
KXNFLAFCCHAMP-27-PIT,1784001600,0.01,1288.0,2026-07-14
KXNFLAFCCHAMP-27-PIT,1784088000,0.03,1085.34,2026-07-15
KXNFLAFCCHAMP-27-PIT,1784174400,0.03,3900.1,2026-07-16
KXNFLAFCCHAMP-27-PIT,1784260800,0.03,908.6,2026-07-17
KXNFLAFCCHAMP-27-PIT,1784347200,0.03,1903.52,2026-07-18
KXNFLAFCCHAMP-27-PIT,1784433600,0.03,455.71,2026-07-19
KXNFLAFCCHAMP-27-PIT,1784520000,0.02,882.28,2026-07-20
KXNFLAFCCHAMP-27-PIT,1784606400,0.03,415.76,2026-07-21
KXNFLAFCCHAMP-27-PIT,1784692800,0.03,3745.95,2026-07-22
KXNFLAFCCHAMP-27-PIT,1784779200,,0.0,2026-07-23
KXNFLAFCCHAMP-27-PIT,1784865600,,0.0,2026-07-24
KXNFLAFCCHAMP-27-PIT,1784952000,0.02,1637.19,2026-07-25
KXNFLAFCCHAMP-27-PIT,1785038400,0.03,780.34,2026-07-26
KXNFLAFCCHAMP-27-PIT,1785124800,0.03,1156.06,2026-07-27
KXNFLAFCCHAMP-27-PIT,1785211200,0.03,3301.92,2026-07-28
KXNFLAFCCHAMP-27-PIT,1785297600,0.03,157.06,2026-07-29
KXNFLAFCCHAMP-27-PIT,1785384000,0.03,3750.9,2026-07-30
KXNFLAFCCHAMP-27-PIT,1785470400,0.03,16628.65,2026-07-31
KXNFLAFCCHAMP-27-PIT,1785556800,0.03,2869.77,2026-08-01
KXNFLAFCCHAMP-27-PIT,1785643200,0.03,1908.07,2026-08-02
KXNFLAFCCHAMP-27-PIT,1785729600,0.03,6357.23,2026-08-03
KXNFLAFCCHAMP-27-PIT,1785816000,0.03,840.67,2026-08-04
KXNFLAFCCHAMP-27-PIT,1785902400,0.03,16200.95,2026-08-05
KXNFLAFCCHAMP-27-PIT,1785988800,0.03,9313.94,2026-08-06
KXNFLAFCCHAMP-27-PIT,1786075200,0.03,3032.42,2026-08-07
KXNFLAFCCHAMP-27-PIT,1786161600,0.03,499.41,2026-08-08
KXNFLAFCCHAMP-27-PIT,1786248000,0.03,546.22,2026-08-09
KXNFLAFCCHAMP-27-PIT,1786334400,0.03,200.0,2026-08-10
KXNFLAFCCHAMP-27-PIT,1786420800,0.03,3189.03,2026-08-11
KXNFLAFCCHAMP-27-PIT,1786507200,0.03,3949.09,2026-08-12
KXNFLAFCCHAMP-27-PIT,1786593600,0.03,1962.8,2026-08-13
KXNFLAFCCHAMP-27-PIT,1786680000,0.03,7514.06,2026-08-14
KXNFLAFCCHAMP-27-PIT,1786766400,0.03,9830.14,2026-08-15
KXNFLAFCCHAMP-27-PIT,1786852800,0.03,4577.64,2026-08-16
KXNFLAFCCHAMP-27-PIT,1786939200,0.03,23800.38,2026-08-17
KXNFLAFCCHAMP-27-PIT,1787025600,0.03,3477.45,2026-08-18
KXNFLAFCCHAMP-27-PIT,1787112000,0.03,2001.66,2026-08-19
KXNFLAFCCHAMP-27-PIT,1787198400,0.03,1894.5,2026-08-20
KXNFLAFCCHAMP-27-PIT,1787284800,0.03,493.64,2026-08-21
KXNFLAFCCHAMP-27-PIT,1787371200,0.03,996.34,2026-08-22
KXNFLAFCCHAMP-27-PIT,1787457600,0.03,1780.14,2026-08-23
KXNFLAFCCHAMP-27-PIT,1787544000,0.03,1368.61,2026-08-24
KXNFLAFCCHAMP-27-PIT,1787630400,0.03,561.83,2026-08-25
KXNFLAFCCHAMP-27-PIT,1787716800,0.03,7.8,2026-08-26
KXNFLAFCCHAMP-27-PIT,1787803200,0.03,708.35,2026-08-27
KXNFLAFCCHAMP-27-PIT,1787889600,0.03,4973.06,2026-08-28
KXNFLAFCCHAMP-27-PIT,1787976000,0.03,1253.54,2026-08-29
KXNFLAFCCHAMP-27-PIT,1788062400,0.02,17453.56,2026-08-30
KXNFLAFCCHAMP-27-PIT,1788148800,0.03,7292.41,2026-08-31
KXNFLAFCCHAMP-27-PIT,1788235200,0.03,436.97,2026-09-01
KXNFLAFCCHAMP-27-PIT,1788321600,0.03,3976.65,2026-09-02
KXNFLAFCCHAMP-27-PIT,1788408000,0.03,190.39,2026-09-03
KXNFLAFCCHAMP-27-PIT,1788494400,0.03,9623.61,2026-09-04
KXNFLAFCCHAMP-27-PIT,1788580800,0.02,418.41,2026-09-05
KXNFLAFCCHAMP-27-PIT,1788667200,0.03,12733.03,2026-09-06
KXNFLAFCCHAMP-27-PIT,1788753600,0.03,346.34,2026-09-07
KXNFLAFCCHAMP-27-PIT,1788840000,0.03,569.69,2026-09-08
KXNFLAFCCHAMP-27-TEN,1781150400,,0.0,2026-06-11
KXNFLAFCCHAMP-27-TEN,1781236800,0.02,250.0,2026-06-12
KXNFLAFCCHAMP-27-TEN,1781323200,0.02,467.9,2026-06-13
KXNFLAFCCHAMP-27-TEN,1781409600,,0.0,2026-06-14
KXNFLAFCCHAMP-27-TEN,1781496000,0.02,33.0,2026-06-15
KXNFLAFCCHAMP-27-TEN,1781582400,,0.0,2026-06-16
KXNFLAFCCHAMP-27-TEN,1781668800,,0.0,2026-06-17
KXNFLAFCCHAMP-27-TEN,1781755200,,0.0,2026-06-18
KXNFLAFCCHAMP-27-TEN,1781841600,,0.0,2026-06-19
KXNFLAFCCHAMP-27-TEN,1781928000,,0.0,2026-06-20
KXNFLAFCCHAMP-27-TEN,1782100800,,0.0,2026-06-22
KXNFLAFCCHAMP-27-TEN,1782187200,,0.0,2026-06-23
KXNFLAFCCHAMP-27-TEN,1782273600,,0.0,2026-06-24
KXNFLAFCCHAMP-27-TEN,1782360000,,0.0,2026-06-25
KXNFLAFCCHAMP-27-TEN,1782446400,,0.0,2026-06-26
KXNFLAFCCHAMP-27-TEN,1782619200,,0.0,2026-06-28
KXNFLAFCCHAMP-27-TEN,1782705600,,0.0,2026-06-29
KXNFLAFCCHAMP-27-TEN,1782792000,,0.0,2026-06-30
KXNFLAFCCHAMP-27-TEN,1782878400,,0.0,2026-07-01
KXNFLAFCCHAMP-27-TEN,1782964800,,0.0,2026-07-02
KXNFLAFCCHAMP-27-TEN,1783051200,,0.0,2026-07-03
KXNFLAFCCHAMP-27-TEN,1783137600,,0.0,2026-07-04
KXNFLAFCCHAMP-27-TEN,1783224000,,0.0,2026-07-05
KXNFLAFCCHAMP-27-TEN,1783310400,,0.0,2026-07-06
KXNFLAFCCHAMP-27-TEN,1783396800,,0.0,2026-07-07
KXNFLAFCCHAMP-27-TEN,1783483200,0.01,392.0,2026-07-08
KXNFLAFCCHAMP-27-TEN,1783569600,,0.0,2026-07-09
KXNFLAFCCHAMP-27-TEN,1783656000,,0.0,2026-07-10
KXNFLAFCCHAMP-27-TEN,1783828800,0.01,187.0,2026-07-12
KXNFLAFCCHAMP-27-TEN,1784001600,0.02,93.58,2026-07-14
KXNFLAFCCHAMP-27-TEN,1784088000,,0.0,2026-07-15
KXNFLAFCCHAMP-27-TEN,1784174400,0.02,233.95,2026-07-16
KXNFLAFCCHAMP-27-TEN,1784260800,,0.0,2026-07-17
KXNFLAFCCHAMP-27-TEN,1784347200,0.02,46.79,2026-07-18
KXNFLAFCCHAMP-27-TEN,1784433600,0.02,233.95,2026-07-19
KXNFLAFCCHAMP-27-TEN,1784520000,0.02,46.79,2026-07-20
KXNFLAFCCHAMP-27-TEN,1784606400,,0.0,2026-07-21
KXNFLAFCCHAMP-27-TEN,1784692800,,0.0,2026-07-22
KXNFLAFCCHAMP-27-TEN,1784865600,,0.0,2026-07-24
KXNFLAFCCHAMP-27-TEN,1784952000,0.02,125.0,2026-07-25
KXNFLAFCCHAMP-27-TEN,1785038400,,0.0,2026-07-26
KXNFLAFCCHAMP-27-TEN,1785124800,,0.0,2026-07-27
KXNFLAFCCHAMP-27-TEN,1785211200,,0.0,2026-07-28
KXNFLAFCCHAMP-27-TEN,1785297600,0.02,1.0,2026-07-29
KXNFLAFCCHAMP-27-TEN,1785384000,,0.0,2026-07-30
KXNFLAFCCHAMP-27-TEN,1785470400,,0.0,2026-07-31
KXNFLAFCCHAMP-27-TEN,1785643200,0.02,46.5,2026-08-02
KXNFLAFCCHAMP-27-TEN,1785729600,,0.0,2026-08-03
KXNFLAFCCHAMP-27-TEN,1785816000,0.02,233.95,2026-08-04
KXNFLAFCCHAMP-27-TEN,1785902400,,0.0,2026-08-05
KXNFLAFCCHAMP-27-TEN,1785988800,,0.0,2026-08-06
KXNFLAFCCHAMP-27-TEN,1786075200,0.02,35092.64,2026-08-07
KXNFLAFCCHAMP-27-TEN,1786161600,0.02,50.0,2026-08-08
KXNFLAFCCHAMP-27-TEN,1786248000,0.02,125.0,2026-08-09
KXNFLAFCCHAMP-27-TEN,1786334400,,0.0,2026-08-10
KXNFLAFCCHAMP-27-TEN,1786420800,0.01,50.0,2026-08-11
KXNFLAFCCHAMP-27-TEN,1786507200,0.02,11.22,2026-08-12
KXNFLAFCCHAMP-27-TEN,1786593600,,0.0,2026-08-13
KXNFLAFCCHAMP-27-TEN,1786680000,0.02,2000.0,2026-08-14
KXNFLAFCCHAMP-27-TEN,1786766400,0.02,467.9,2026-08-15
KXNFLAFCCHAMP-27-TEN,1786852800,0.02,233.95,2026-08-16
KXNFLAFCCHAMP-27-TEN,1786939200,,0.0,2026-08-17
KXNFLAFCCHAMP-27-TEN,1787025600,,0.0,2026-08-18
KXNFLAFCCHAMP-27-TEN,1787112000,,0.0,2026-08-19
KXNFLAFCCHAMP-27-TEN,1787198400,0.01,500.0,2026-08-20
KXNFLAFCCHAMP-27-TEN,1787284800,0.01,93.0,2026-08-21
KXNFLAFCCHAMP-27-TEN,1787371200,0.01,8545.75,2026-08-22
KXNFLAFCCHAMP-27-TEN,1787457600,0.01,33.0,2026-08-23
KXNFLAFCCHAMP-27-TEN,1787544000,,0.0,2026-08-24
KXNFLAFCCHAMP-27-TEN,1787630400,0.01,250662.45,2026-08-25
KXNFLAFCCHAMP-27-TEN,1787716800,,0.0,2026-08-26
KXNFLAFCCHAMP-27-TEN,1787803200,,0.0,2026-08-27
KXNFLAFCCHAMP-27-TEN,1787889600,,0.0,2026-08-28
KXNFLAFCCHAMP-27-TEN,1787976000,0.02,1332.53,2026-08-29
KXNFLAFCCHAMP-27-TEN,1788062400,0.02,2433.08,2026-08-30
KXNFLAFCCHAMP-27-TEN,1788148800,,0.0,2026-08-31
KXNFLAFCCHAMP-27-TEN,1788235200,0.01,5.0,2026-09-01
KXNFLAFCCHAMP-27-TEN,1788321600,0.02,701.85,2026-09-02
KXNFLAFCCHAMP-27-TEN,1788408000,0.01,327.53,2026-09-03
KXNFLAFCCHAMP-27-TEN,1788494400,,0.0,2026-09-04
KXNFLAFCCHAMP-27-TEN,1788580800,0.02,1810.12,2026-09-05
KXNFLAFCCHAMP-27-TEN,1788667200,0.01,3591.62,2026-09-06
KXNFLAFCCHAMP-27-TEN,1788753600,,0.0,2026-09-07
KXNFLAFCCHAMP-27-TEN,1788840000,,0.0,2026-09-08
KXOSCARPIC-27-AVEN,1781150400,0.01,9.35,2026-06-11
KXOSCARPIC-27-AVEN,1781236800,0.01,1120.0,2026-06-12
KXOSCARPIC-27-AVEN,1781323200,,0.0,2026-06-13
KXOSCARPIC-27-AVEN,1781409600,0.01,93.51,2026-06-14
KXOSCARPIC-27-AVEN,1781496000,,0.0,2026-06-15
KXOSCARPIC-27-AVEN,1781582400,0.01,561.1,2026-06-16
KXOSCARPIC-27-AVEN,1781668800,0.01,935.19,2026-06-17
KXOSCARPIC-27-AVEN,1781755200,,0.0,2026-06-18
KXOSCARPIC-27-AVEN,1781841600,0.01,374.07,2026-06-19
KXOSCARPIC-27-AVEN,1781928000,,0.0,2026-06-20
KXOSCARPIC-27-AVEN,1782014400,,0.0,2026-06-21
KXOSCARPIC-27-AVEN,1782100800,,0.0,2026-06-22
KXOSCARPIC-27-AVEN,1782187200,,0.0,2026-06-23
KXOSCARPIC-27-AVEN,1782273600,,0.0,2026-06-24
KXOSCARPIC-27-AVEN,1782360000,,0.0,2026-06-25
KXOSCARPIC-27-AVEN,1782446400,,0.0,2026-06-26
KXOSCARPIC-27-AVEN,1782532800,,0.0,2026-06-27
KXOSCARPIC-27-AVEN,1782619200,0.01,374.07,2026-06-28
KXOSCARPIC-27-AVEN,1782705600,,0.0,2026-06-29
KXOSCARPIC-27-AVEN,1782792000,,0.0,2026-06-30
KXOSCARPIC-27-AVEN,1782878400,,0.0,2026-07-01
KXOSCARPIC-27-AVEN,1783051200,,0.0,2026-07-03
KXOSCARPIC-27-AVEN,1783137600,,0.0,2026-07-04
KXOSCARPIC-27-AVEN,1783224000,,0.0,2026-07-05
KXOSCARPIC-27-AVEN,1783310400,,0.0,2026-07-06
KXOSCARPIC-27-AVEN,1783396800,0.01,20.57,2026-07-07
KXOSCARPIC-27-AVEN,1783483200,0.01,1870.38,2026-07-08
KXOSCARPIC-27-AVEN,1783569600,,0.0,2026-07-09
KXOSCARPIC-27-AVEN,1783656000,,0.0,2026-07-10
KXOSCARPIC-27-AVEN,1783742400,,0.0,2026-07-11
KXOSCARPIC-27-AVEN,1783828800,0.01,280.54,2026-07-12
KXOSCARPIC-27-AVEN,1783915200,0.01,935.19,2026-07-13
KXOSCARPIC-27-AVEN,1784001600,0.01,23.37,2026-07-14
KXOSCARPIC-27-AVEN,1784088000,,0.0,2026-07-15
KXOSCARPIC-27-AVEN,1784174400,0.01,93.51,2026-07-16
KXOSCARPIC-27-AVEN,1784260800,,0.0,2026-07-17
KXOSCARPIC-27-AVEN,1784347200,0.01,478.81,2026-07-18
KXOSCARPIC-27-AVEN,1784433600,0.01,187.03,2026-07-19
KXOSCARPIC-27-AVEN,1784520000,0.01,935.19,2026-07-20
KXOSCARPIC-27-AVEN,1784606400,0.01,281.48,2026-07-21
KXOSCARPIC-27-AVEN,1784692800,0.01,1028.69,2026-07-22
KXOSCARPIC-27-AVEN,1784779200,0.01,715.4,2026-07-23
KXOSCARPIC-27-AVEN,1784865600,0.01,11657.1,2026-07-24
KXOSCARPIC-27-AVEN,1784952000,0.01,20025.97,2026-07-25
KXOSCARPIC-27-AVEN,1785038400,0.02,12434.58,2026-07-26
KXOSCARPIC-27-AVEN,1785124800,0.01,5563.1,2026-07-27
KXOSCARPIC-27-AVEN,1785211200,0.01,2749.75,2026-07-28
KXOSCARPIC-27-AVEN,1785297600,0.01,11700.13,2026-07-29
KXOSCARPIC-27-AVEN,1785384000,0.01,16241.41,2026-07-30
KXOSCARPIC-27-AVEN,1785470400,0.01,4725.57,2026-07-31
KXOSCARPIC-27-AVEN,1785556800,0.01,16337.07,2026-08-01
KXOSCARPIC-27-AVEN,1785643200,0.01,2995.47,2026-08-02
KXOSCARPIC-27-AVEN,1785729600,0.01,3926.96,2026-08-03
KXOSCARPIC-27-AVEN,1785816000,0.01,7632.85,2026-08-04
KXOSCARPIC-27-AVEN,1785902400,0.01,754.62,2026-08-05
KXOSCARPIC-27-AVEN,1785988800,0.01,432.05,2026-08-06
KXOSCARPIC-27-AVEN,1786075200,,0.0,2026-08-07
KXOSCARPIC-27-AVEN,1786161600,0.01,6753.61,2026-08-08
KXOSCARPIC-27-AVEN,1786248000,0.01,472.25,2026-08-09
KXOSCARPIC-27-AVEN,1786334400,0.01,245.78,2026-08-10
KXOSCARPIC-27-AVEN,1786420800,0.01,187.03,2026-08-11
KXOSCARPIC-27-AVEN,1786507200,0.01,561.1,2026-08-12
KXOSCARPIC-27-AVEN,1786593600,0.01,1.0,2026-08-13
KXOSCARPIC-27-AVEN,1786680000,0.01,11274.59,2026-08-14
KXOSCARPIC-27-AVEN,1786766400,0.01,2337.97,2026-08-15
KXOSCARPIC-27-AVEN,1786852800,0.01,525.93,2026-08-16
KXOSCARPIC-27-AVEN,1786939200,0.01,998.18,2026-08-17
KXOSCARPIC-27-AVEN,1787025600,0.01,3069.83,2026-08-18
KXOSCARPIC-27-AVEN,1787112000,0.01,1501.29,2026-08-19
KXOSCARPIC-27-AVEN,1787198400,0.01,997.84,2026-08-20
KXOSCARPIC-27-AVEN,1787284800,,0.0,2026-08-21
KXOSCARPIC-27-AVEN,1787371200,0.01,4227.78,2026-08-22
KXOSCARPIC-27-AVEN,1787457600,0.01,10493.51,2026-08-23
KXOSCARPIC-27-AVEN,1787544000,0.01,8880.62,2026-08-24
KXOSCARPIC-27-AVEN,1787630400,0.01,3357.56,2026-08-25
KXOSCARPIC-27-AVEN,1787716800,0.01,300.16,2026-08-26
KXOSCARPIC-27-AVEN,1787803200,0.01,5477.31,2026-08-27
KXOSCARPIC-27-AVEN,1787889600,0.01,29689.47,2026-08-28
KXOSCARPIC-27-AVEN,1787976000,0.01,117.86,2026-08-29
KXOSCARPIC-27-AVEN,1788062400,0.01,107.69,2026-08-30
KXOSCARPIC-27-AVEN,1788148800,0.01,983.16,2026-08-31
KXOSCARPIC-27-AVEN,1788235200,0.03,5954.83,2026-09-01
KXOSCARPIC-27-AVEN,1788321600,0.02,6522.53,2026-09-02
KXOSCARPIC-27-AVEN,1788408000,0.02,4375.05,2026-09-03
KXOSCARPIC-27-AVEN,1788494400,0.01,2773.47,2026-09-04
KXOSCARPIC-27-AVEN,1788580800,0.01,2068.03,2026-09-05
KXOSCARPIC-27-AVEN,1788667200,0.02,8820.82,2026-09-06
KXOSCARPIC-27-AVEN,1788753600,0.02,3043.05,2026-09-07
KXOSCARPIC-27-AVEN,1788840000,0.02,2805.48,2026-09-08
KXOSCARPIC-27-BEH,1781150400,0.02,42.11,2026-06-11
KXOSCARPIC-27-BEH,1781236800,0.03,1094.59,2026-06-12
KXOSCARPIC-27-BEH,1781323200,,0.0,2026-06-13
KXOSCARPIC-27-BEH,1781409600,0.01,42.11,2026-06-14
KXOSCARPIC-27-BEH,1781496000,0.01,1282.89,2026-06-15
KXOSCARPIC-27-BEH,1781582400,0.02,1624.51,2026-06-16
KXOSCARPIC-27-BEH,1781668800,0.02,400.0,2026-06-17
KXOSCARPIC-27-BEH,1781755200,0.01,273.5,2026-06-18
KXOSCARPIC-27-BEH,1781841600,,0.0,2026-06-19
KXOSCARPIC-27-BEH,1782014400,0.02,467.9,2026-06-21
KXOSCARPIC-27-BEH,1782100800,,0.0,2026-06-22
KXOSCARPIC-27-BEH,1782273600,0.01,20.0,2026-06-24
KXOSCARPIC-27-BEH,1782360000,0.01,30.0,2026-06-25
KXOSCARPIC-27-BEH,1782446400,,0.0,2026-06-26
KXOSCARPIC-27-BEH,1782532800,0.01,10.0,2026-06-27
KXOSCARPIC-27-BEH,1782619200,0.02,41.69,2026-06-28
KXOSCARPIC-27-BEH,1782705600,,0.0,2026-06-29
KXOSCARPIC-27-BEH,1782792000,,0.0,2026-06-30
KXOSCARPIC-27-BEH,1783051200,0.02,233.95,2026-07-03
KXOSCARPIC-27-BEH,1783137600,0.02,467.5,2026-07-04
KXOSCARPIC-27-BEH,1783224000,,0.0,2026-07-05
KXOSCARPIC-27-BEH,1783396800,0.02,233.5,2026-07-07
KXOSCARPIC-27-BEH,1783483200,,0.0,2026-07-08
KXOSCARPIC-27-BEH,1783569600,,0.0,2026-07-09
KXOSCARPIC-27-BEH,1783656000,,0.0,2026-07-10
KXOSCARPIC-27-BEH,1783742400,0.02,1169.93,2026-07-11
KXOSCARPIC-27-BEH,1783828800,0.01,10.0,2026-07-12
KXOSCARPIC-27-BEH,1783915200,0.02,763.58,2026-07-13
KXOSCARPIC-27-BEH,1784001600,0.02,280.29,2026-07-14
KXOSCARPIC-27-BEH,1784088000,0.04,7841.94,2026-07-15
KXOSCARPIC-27-BEH,1784174400,0.04,46.85,2026-07-16
KXOSCARPIC-27-BEH,1784260800,0.02,253.95,2026-07-17
KXOSCARPIC-27-BEH,1784347200,0.01,8.0,2026-07-18
KXOSCARPIC-27-BEH,1784433600,,0.0,2026-07-19
KXOSCARPIC-27-BEH,1784520000,,0.0,2026-07-20
KXOSCARPIC-27-BEH,1784606400,,0.0,2026-07-21
KXOSCARPIC-27-BEH,1784692800,,0.0,2026-07-22
KXOSCARPIC-27-BEH,1784779200,0.02,46.5,2026-07-23
KXOSCARPIC-27-BEH,1784865600,0.01,70.0,2026-07-24
KXOSCARPIC-27-BEH,1784952000,0.01,5157.14,2026-07-25
KXOSCARPIC-27-BEH,1785038400,0.01,945.8,2026-07-26
KXOSCARPIC-27-BEH,1785124800,0.01,10.0,2026-07-27
KXOSCARPIC-27-BEH,1785211200,0.02,46.79,2026-07-28
KXOSCARPIC-27-BEH,1785297600,0.01,2.0,2026-07-29
KXOSCARPIC-27-BEH,1785384000,0.02,645.0,2026-07-30
KXOSCARPIC-27-BEH,1785470400,,0.0,2026-07-31
KXOSCARPIC-27-BEH,1785556800,0.02,2171.6,2026-08-01
KXOSCARPIC-27-BEH,1785643200,,0.0,2026-08-02
KXOSCARPIC-27-BEH,1785729600,,0.0,2026-08-03
KXOSCARPIC-27-BEH,1785816000,0.02,29.0,2026-08-04
KXOSCARPIC-27-BEH,1785902400,,0.0,2026-08-05
KXOSCARPIC-27-BEH,1785988800,,0.0,2026-08-06
KXOSCARPIC-27-BEH,1786075200,,0.0,2026-08-07
KXOSCARPIC-27-BEH,1786161600,0.02,23.39,2026-08-08
KXOSCARPIC-27-BEH,1786248000,0.02,46.79,2026-08-09
KXOSCARPIC-27-BEH,1786334400,0.02,1169.75,2026-08-10
KXOSCARPIC-27-BEH,1786420800,0.01,58.85,2026-08-11
KXOSCARPIC-27-BEH,1786507200,0.01,8.0,2026-08-12
KXOSCARPIC-27-BEH,1786593600,0.01,3095.84,2026-08-13
KXOSCARPIC-27-BEH,1786680000,0.02,233.5,2026-08-14
KXOSCARPIC-27-BEH,1786766400,0.02,1.84,2026-08-15
KXOSCARPIC-27-BEH,1786852800,,0.0,2026-08-16
KXOSCARPIC-27-BEH,1786939200,,0.0,2026-08-17
KXOSCARPIC-27-BEH,1787025600,,0.0,2026-08-18
KXOSCARPIC-27-BEH,1787112000,0.01,1370.0,2026-08-19
KXOSCARPIC-27-BEH,1787198400,,0.0,2026-08-20
KXOSCARPIC-27-BEH,1787284800,0.02,78.39,2026-08-21
KXOSCARPIC-27-BEH,1787371200,,0.0,2026-08-22
KXOSCARPIC-27-BEH,1787457600,0.02,374.32,2026-08-23
KXOSCARPIC-27-BEH,1787544000,,0.0,2026-08-24
KXOSCARPIC-27-BEH,1787630400,,0.0,2026-08-25
KXOSCARPIC-27-BEH,1787716800,,0.0,2026-08-26
KXOSCARPIC-27-BEH,1787803200,,0.0,2026-08-27
KXOSCARPIC-27-BEH,1787889600,,0.0,2026-08-28
KXOSCARPIC-27-BEH,1787976000,,0.0,2026-08-29
KXOSCARPIC-27-BEH,1788062400,0.02,93.58,2026-08-30
KXOSCARPIC-27-BEH,1788148800,,0.0,2026-08-31
KXOSCARPIC-27-BEH,1788235200,,0.0,2026-09-01
KXOSCARPIC-27-BEH,1788321600,0.02,445.71,2026-09-02
KXOSCARPIC-27-BEH,1788408000,0.02,54.04,2026-09-03
KXOSCARPIC-27-BEH,1788494400,,0.0,2026-09-04
KXOSCARPIC-27-BEH,1788580800,,0.0,2026-09-05
KXOSCARPIC-27-BEH,1788667200,0.01,0.09,2026-09-06
KXOSCARPIC-27-BEH,1788753600,,0.0,2026-09-07
KXOSCARPIC-27-BEH,1788840000,0.02,46.79,2026-09-08
KXOSCARPIC-27-BLA,1781150400,0.05,8356.06,2026-06-11
KXOSCARPIC-27-BLA,1781236800,0.04,48.13,2026-06-12
KXOSCARPIC-27-BLA,1781323200,0.05,1607.63,2026-06-13
KXOSCARPIC-27-BLA,1781409600,0.05,807.81,2026-06-14
KXOSCARPIC-27-BLA,1781496000,0.05,628.13,2026-06-15
KXOSCARPIC-27-BLA,1781582400,0.09,3135.89,2026-06-16
KXOSCARPIC-27-BLA,1781668800,,0.0,2026-06-17
KXOSCARPIC-27-BLA,1781755200,0.05,50.0,2026-06-18
KXOSCARPIC-27-BLA,1781841600,,0.0,2026-06-19
KXOSCARPIC-27-BLA,1781928000,0.04,50.0,2026-06-20
KXOSCARPIC-27-BLA,1782014400,0.04,45.0,2026-06-21
KXOSCARPIC-27-BLA,1782100800,0.04,5.0,2026-06-22
KXOSCARPIC-27-BLA,1782187200,0.08,292.74,2026-06-23
KXOSCARPIC-27-BLA,1782273600,0.08,39.56,2026-06-24
KXOSCARPIC-27-BLA,1782360000,0.07,81.93,2026-06-25
KXOSCARPIC-27-BLA,1782446400,0.07,207.67,2026-06-26
KXOSCARPIC-27-BLA,1782532800,0.04,40.0,2026-06-27
KXOSCARPIC-27-BLA,1782619200,0.05,24.37,2026-06-28
KXOSCARPIC-27-BLA,1782705600,0.06,84.52,2026-06-29
KXOSCARPIC-27-BLA,1782792000,0.04,661.33,2026-06-30
KXOSCARPIC-27-BLA,1782878400,0.04,120.24,2026-07-01
KXOSCARPIC-27-BLA,1782964800,0.06,85.67,2026-07-02
KXOSCARPIC-27-BLA,1783051200,0.06,151.97,2026-07-03
KXOSCARPIC-27-BLA,1783137600,0.04,5.0,2026-07-04
KXOSCARPIC-27-BLA,1783224000,0.06,176.98,2026-07-05
KXOSCARPIC-27-BLA,1783310400,,0.0,2026-07-06
KXOSCARPIC-27-BLA,1783396800,0.06,778.15,2026-07-07
KXOSCARPIC-27-BLA,1783483200,,0.0,2026-07-08
KXOSCARPIC-27-BLA,1783569600,0.04,4574.72,2026-07-09
KXOSCARPIC-27-BLA,1783656000,0.03,63.73,2026-07-10
KXOSCARPIC-27-BLA,1783742400,0.04,0.27,2026-07-11
KXOSCARPIC-27-BLA,1783828800,0.04,10.18,2026-07-12
KXOSCARPIC-27-BLA,1783915200,0.04,976.18,2026-07-13
KXOSCARPIC-27-BLA,1784001600,0.04,3238.09,2026-07-14
KXOSCARPIC-27-BLA,1784088000,0.06,2298.72,2026-07-15
KXOSCARPIC-27-BLA,1784174400,0.06,725.09,2026-07-16
KXOSCARPIC-27-BLA,1784260800,0.06,3375.25,2026-07-17
KXOSCARPIC-27-BLA,1784347200,0.06,9.22,2026-07-18
KXOSCARPIC-27-BLA,1784433600,0.06,3863.76,2026-07-19
KXOSCARPIC-27-BLA,1784520000,0.06,1080.9,2026-07-20
KXOSCARPIC-27-BLA,1784606400,0.06,352.6,2026-07-21
KXOSCARPIC-27-BLA,1784692800,,0.0,2026-07-22
KXOSCARPIC-27-BLA,1784779200,0.05,33.61,2026-07-23
KXOSCARPIC-27-BLA,1784865600,,0.0,2026-07-24
KXOSCARPIC-27-BLA,1784952000,0.06,440.0,2026-07-25
KXOSCARPIC-27-BLA,1785038400,0.05,4319.86,2026-07-26
KXOSCARPIC-27-BLA,1785124800,0.05,179.77,2026-07-27
KXOSCARPIC-27-BLA,1785211200,0.05,13156.76,2026-07-28
KXOSCARPIC-27-BLA,1785297600,,0.0,2026-07-29
KXOSCARPIC-27-BLA,1785384000,0.04,3.11,2026-07-30
KXOSCARPIC-27-BLA,1785470400,0.05,60.44,2026-07-31
KXOSCARPIC-27-BLA,1785556800,0.04,695.37,2026-08-01
KXOSCARPIC-27-BLA,1785643200,0.05,28.75,2026-08-02
KXOSCARPIC-27-BLA,1785729600,0.05,225.02,2026-08-03
KXOSCARPIC-27-BLA,1785816000,0.05,1967.09,2026-08-04
KXOSCARPIC-27-BLA,1785902400,0.06,26665.36,2026-08-05
KXOSCARPIC-27-BLA,1785988800,0.06,714.13,2026-08-06
KXOSCARPIC-27-BLA,1786075200,0.06,278.87,2026-08-07
KXOSCARPIC-27-BLA,1786161600,0.1,31784.18,2026-08-08
KXOSCARPIC-27-BLA,1786248000,0.08,387.59,2026-08-09
KXOSCARPIC-27-BLA,1786334400,0.09,769.2,2026-08-10
KXOSCARPIC-27-BLA,1786420800,0.07,685.81,2026-08-11
KXOSCARPIC-27-BLA,1786507200,0.11,30560.74,2026-08-12
KXOSCARPIC-27-BLA,1786593600,0.11,21581.15,2026-08-13
KXOSCARPIC-27-BLA,1786680000,0.11,137.77,2026-08-14
KXOSCARPIC-27-BLA,1786766400,0.1,26.35,2026-08-15
KXOSCARPIC-27-BLA,1786852800,0.1,1465.39,2026-08-16
KXOSCARPIC-27-BLA,1786939200,0.1,18789.93,2026-08-17
KXOSCARPIC-27-BLA,1787025600,0.1,114.07,2026-08-18
KXOSCARPIC-27-BLA,1787112000,0.07,2589.07,2026-08-19
KXOSCARPIC-27-BLA,1787198400,0.07,2541.35,2026-08-20
KXOSCARPIC-27-BLA,1787284800,0.08,46.97,2026-08-21
KXOSCARPIC-27-BLA,1787371200,0.08,3738.54,2026-08-22
KXOSCARPIC-27-BLA,1787457600,0.08,1278.89,2026-08-23
KXOSCARPIC-27-BLA,1787544000,0.08,1104.25,2026-08-24
KXOSCARPIC-27-BLA,1787630400,0.09,17968.89,2026-08-25
KXOSCARPIC-27-BLA,1787716800,0.1,378.29,2026-08-26
KXOSCARPIC-27-BLA,1787803200,0.09,381.0,2026-08-27
KXOSCARPIC-27-BLA,1787889600,0.09,208.89,2026-08-28
KXOSCARPIC-27-BLA,1787976000,0.09,1.04,2026-08-29
KXOSCARPIC-27-BLA,1788062400,0.09,1764.04,2026-08-30
KXOSCARPIC-27-BLA,1788148800,,0.0,2026-08-31
KXOSCARPIC-27-BLA,1788235200,0.09,69.17,2026-09-01
KXOSCARPIC-27-BLA,1788321600,0.09,1655.11,2026-09-02
KXOSCARPIC-27-BLA,1788408000,0.11,3300.71,2026-09-03
KXOSCARPIC-27-BLA,1788494400,0.12,3013.73,2026-09-04
KXOSCARPIC-27-BLA,1788580800,0.13,2542.7,2026-09-05
KXOSCARPIC-27-BLA,1788667200,0.13,1253.55,2026-09-06
KXOSCARPIC-27-BLA,1788753600,0.12,1961.15,2026-09-07
KXOSCARPIC-27-BLA,1788840000,0.12,2154.91,2026-09-08
KXOSCARPIC-27-DEB,1782187200,0.01,550.0,2026-06-23
KXOSCARPIC-27-DEB,1782273600,0.02,4868.0,2026-06-24
KXOSCARPIC-27-DEB,1782360000,0.03,691.65,2026-06-25
KXOSCARPIC-27-DEB,1782446400,0.02,11.0,2026-06-26
KXOSCARPIC-27-DEB,1782532800,0.02,4489.0,2026-06-27
KXOSCARPIC-27-DEB,1782619200,0.01,15.0,2026-06-28
KXOSCARPIC-27-DEB,1782705600,0.02,7598.95,2026-06-29
KXOSCARPIC-27-DEB,1782792000,0.01,56.5,2026-06-30
KXOSCARPIC-27-DEB,1782878400,0.01,2520.0,2026-07-01
KXOSCARPIC-27-DEB,1783051200,0.01,10.0,2026-07-03
KXOSCARPIC-27-DEB,1783137600,0.01,10.0,2026-07-04
KXOSCARPIC-27-DEB,1783224000,0.01,556.79,2026-07-05
KXOSCARPIC-27-DEB,1783310400,0.01,4689.01,2026-07-06
KXOSCARPIC-27-DEB,1783396800,0.02,467.9,2026-07-07
KXOSCARPIC-27-DEB,1783483200,0.02,46.5,2026-07-08
KXOSCARPIC-27-DEB,1783569600,,0.0,2026-07-09
KXOSCARPIC-27-DEB,1783656000,0.01,20.0,2026-07-10
KXOSCARPIC-27-DEB,1783742400,0.02,93.76,2026-07-11
KXOSCARPIC-27-DEB,1783828800,0.01,10.0,2026-07-12
KXOSCARPIC-27-DEB,1783915200,0.01,4719.01,2026-07-13
KXOSCARPIC-27-DEB,1784001600,0.02,243.95,2026-07-14
KXOSCARPIC-27-DEB,1784088000,0.02,0.46,2026-07-15
KXOSCARPIC-27-DEB,1784174400,0.01,150.37,2026-07-16
KXOSCARPIC-27-DEB,1784260800,,0.0,2026-07-17
KXOSCARPIC-27-DEB,1784347200,,0.0,2026-07-18
KXOSCARPIC-27-DEB,1784433600,,0.0,2026-07-19
KXOSCARPIC-27-DEB,1784520000,,0.0,2026-07-20
KXOSCARPIC-27-DEB,1784606400,0.01,3637.65,2026-07-21
KXOSCARPIC-27-DEB,1784692800,,0.0,2026-07-22
KXOSCARPIC-27-DEB,1784779200,,0.0,2026-07-23
KXOSCARPIC-27-DEB,1784865600,0.02,1403.7,2026-07-24
KXOSCARPIC-27-DEB,1784952000,0.01,10.46,2026-07-25
KXOSCARPIC-27-DEB,1785038400,0.01,10.0,2026-07-26
KXOSCARPIC-27-DEB,1785124800,0.02,10855.43,2026-07-27
KXOSCARPIC-27-DEB,1785211200,0.02,46.79,2026-07-28
KXOSCARPIC-27-DEB,1785297600,,0.0,2026-07-29
KXOSCARPIC-27-DEB,1785384000,,0.0,2026-07-30
KXOSCARPIC-27-DEB,1785470400,0.02,6029.38,2026-07-31
KXOSCARPIC-27-DEB,1785556800,0.01,10.0,2026-08-01
KXOSCARPIC-27-DEB,1785643200,0.02,701.0,2026-08-02
KXOSCARPIC-27-DEB,1785729600,,0.0,2026-08-03
KXOSCARPIC-27-DEB,1785816000,0.02,2500.0,2026-08-04
KXOSCARPIC-27-DEB,1785902400,0.02,1132.96,2026-08-05
KXOSCARPIC-27-DEB,1785988800,0.01,10.0,2026-08-06
KXOSCARPIC-27-DEB,1786075200,0.02,1.0,2026-08-07
KXOSCARPIC-27-DEB,1786161600,0.01,10.0,2026-08-08
KXOSCARPIC-27-DEB,1786248000,0.02,2.33,2026-08-09
KXOSCARPIC-27-DEB,1786334400,0.01,100.0,2026-08-10
KXOSCARPIC-27-DEB,1786420800,0.01,96.22,2026-08-11
KXOSCARPIC-27-DEB,1786507200,0.01,8.0,2026-08-12
KXOSCARPIC-27-DEB,1786593600,0.01,151.84,2026-08-13
KXOSCARPIC-27-DEB,1786680000,,0.0,2026-08-14
KXOSCARPIC-27-DEB,1786766400,0.02,1.84,2026-08-15
KXOSCARPIC-27-DEB,1786852800,,0.0,2026-08-16
KXOSCARPIC-27-DEB,1786939200,0.02,233.5,2026-08-17
KXOSCARPIC-27-DEB,1787025600,,0.0,2026-08-18
KXOSCARPIC-27-DEB,1787112000,0.01,6060.0,2026-08-19
KXOSCARPIC-27-DEB,1787198400,0.01,3000.0,2026-08-20
KXOSCARPIC-27-DEB,1787284800,,0.0,2026-08-21
KXOSCARPIC-27-DEB,1787371200,0.02,140.37,2026-08-22
KXOSCARPIC-27-DEB,1787457600,0.01,6990.0,2026-08-23
KXOSCARPIC-27-DEB,1787544000,,0.0,2026-08-24
KXOSCARPIC-27-DEB,1787630400,,0.0,2026-08-25
KXOSCARPIC-27-DEB,1787716800,,0.0,2026-08-26
KXOSCARPIC-27-DEB,1787803200,,0.0,2026-08-27
KXOSCARPIC-27-DEB,1787889600,,0.0,2026-08-28
KXOSCARPIC-27-DEB,1787976000,0.02,12.68,2026-08-29
KXOSCARPIC-27-DEB,1788062400,0.02,473.28,2026-08-30
KXOSCARPIC-27-DEB,1788148800,,0.0,2026-08-31
KXOSCARPIC-27-DEB,1788235200,,0.0,2026-09-01
KXOSCARPIC-27-DEB,1788321600,0.02,677.02,2026-09-02
KXOSCARPIC-27-DEB,1788408000,0.01,312.6,2026-09-03
KXOSCARPIC-27-DEB,1788494400,,0.0,2026-09-04
KXOSCARPIC-27-DEB,1788580800,,0.0,2026-09-05
KXOSCARPIC-27-DEB,1788667200,0.03,53400.36,2026-09-06
KXOSCARPIC-27-DEB,1788753600,0.02,4570.38,2026-09-07
KXOSCARPIC-27-DEB,1788840000,0.04,963.59,2026-09-08
KXOSCARPIC-27-DIG,1781150400,0.06,1025.38,2026-06-11
KXOSCARPIC-27-DIG,1781236800,0.1,715.18,2026-06-12
KXOSCARPIC-27-DIG,1781323200,0.11,348.01,2026-06-13
KXOSCARPIC-27-DIG,1781409600,0.11,358.37,2026-06-14
KXOSCARPIC-27-DIG,1781496000,0.09,480.92,2026-06-15
KXOSCARPIC-27-DIG,1781582400,0.12,939.48,2026-06-16
KXOSCARPIC-27-DIG,1781668800,0.12,150.37,2026-06-17
KXOSCARPIC-27-DIG,1781755200,0.12,538.61,2026-06-18
KXOSCARPIC-27-DIG,1781841600,0.11,167.71,2026-06-19
KXOSCARPIC-27-DIG,1781928000,0.11,246.65,2026-06-20
KXOSCARPIC-27-DIG,1782014400,0.11,155.56,2026-06-21
KXOSCARPIC-27-DIG,1782100800,0.11,15.0,2026-06-22
KXOSCARPIC-27-DIG,1782187200,0.11,236.7,2026-06-23
KXOSCARPIC-27-DIG,1782273600,0.12,281.57,2026-06-24
KXOSCARPIC-27-DIG,1782360000,0.12,674.96,2026-06-25
KXOSCARPIC-27-DIG,1782446400,0.08,4327.27,2026-06-26
KXOSCARPIC-27-DIG,1782532800,0.05,383.83,2026-06-27
KXOSCARPIC-27-DIG,1782619200,0.09,746.52,2026-06-28
KXOSCARPIC-27-DIG,1782705600,0.07,1264.23,2026-06-29
KXOSCARPIC-27-DIG,1782792000,0.08,631.48,2026-06-30
KXOSCARPIC-27-DIG,1782878400,0.08,291.92,2026-07-01
KXOSCARPIC-27-DIG,1782964800,0.08,65.0,2026-07-02
KXOSCARPIC-27-DIG,1783051200,0.08,492.64,2026-07-03
KXOSCARPIC-27-DIG,1783137600,0.08,1137.43,2026-07-04
KXOSCARPIC-27-DIG,1783224000,0.11,5101.83,2026-07-05
KXOSCARPIC-27-DIG,1783310400,0.12,760.6,2026-07-06
KXOSCARPIC-27-DIG,1783396800,0.12,200.56,2026-07-07
KXOSCARPIC-27-DIG,1783483200,0.12,961.08,2026-07-08
KXOSCARPIC-27-DIG,1783569600,0.12,356.3,2026-07-09
KXOSCARPIC-27-DIG,1783656000,0.09,78.75,2026-07-10
KXOSCARPIC-27-DIG,1783742400,0.12,51.91,2026-07-11
KXOSCARPIC-27-DIG,1783828800,0.12,242.62,2026-07-12
KXOSCARPIC-27-DIG,1783915200,0.12,576.92,2026-07-13
KXOSCARPIC-27-DIG,1784001600,0.08,5975.12,2026-07-14
KXOSCARPIC-27-DIG,1784088000,0.09,596.45,2026-07-15
KXOSCARPIC-27-DIG,1784174400,0.09,240.69,2026-07-16
KXOSCARPIC-27-DIG,1784260800,0.07,127.2,2026-07-17
KXOSCARPIC-27-DIG,1784347200,0.09,8313.47,2026-07-18
KXOSCARPIC-27-DIG,1784433600,0.09,289.74,2026-07-19
KXOSCARPIC-27-DIG,1784520000,0.09,2332.16,2026-07-20
KXOSCARPIC-27-DIG,1784606400,0.08,620.21,2026-07-21
KXOSCARPIC-27-DIG,1784692800,0.08,1123.46,2026-07-22
KXOSCARPIC-27-DIG,1784779200,0.08,449.72,2026-07-23
KXOSCARPIC-27-DIG,1784865600,0.08,762.86,2026-07-24
KXOSCARPIC-27-DIG,1784952000,0.06,2444.43,2026-07-25
KXOSCARPIC-27-DIG,1785038400,0.07,3655.85,2026-07-26
KXOSCARPIC-27-DIG,1785124800,0.07,1789.97,2026-07-27
KXOSCARPIC-27-DIG,1785211200,0.07,1510.37,2026-07-28
KXOSCARPIC-27-DIG,1785297600,0.07,3082.06,2026-07-29
KXOSCARPIC-27-DIG,1785384000,0.07,598.63,2026-07-30
KXOSCARPIC-27-DIG,1785470400,0.07,2227.15,2026-07-31
KXOSCARPIC-27-DIG,1785556800,0.07,661.6,2026-08-01
KXOSCARPIC-27-DIG,1785643200,0.07,966.19,2026-08-02
KXOSCARPIC-27-DIG,1785729600,0.06,949.31,2026-08-03
KXOSCARPIC-27-DIG,1785816000,0.06,190.3,2026-08-04
KXOSCARPIC-27-DIG,1785902400,0.07,2165.95,2026-08-05
KXOSCARPIC-27-DIG,1785988800,0.06,470.89,2026-08-06
KXOSCARPIC-27-DIG,1786075200,0.07,1237.0,2026-08-07
KXOSCARPIC-27-DIG,1786161600,0.07,2880.46,2026-08-08
KXOSCARPIC-27-DIG,1786248000,0.06,654.04,2026-08-09
KXOSCARPIC-27-DIG,1786334400,0.06,185.13,2026-08-10
KXOSCARPIC-27-DIG,1786420800,0.07,176.04,2026-08-11
KXOSCARPIC-27-DIG,1786507200,0.07,705.76,2026-08-12
KXOSCARPIC-27-DIG,1786593600,0.06,199.72,2026-08-13
KXOSCARPIC-27-DIG,1786680000,0.07,777.85,2026-08-14
KXOSCARPIC-27-DIG,1786766400,0.07,50.82,2026-08-15
KXOSCARPIC-27-DIG,1786852800,0.06,979.24,2026-08-16
KXOSCARPIC-27-DIG,1786939200,0.07,57.0,2026-08-17
KXOSCARPIC-27-DIG,1787025600,0.07,18.14,2026-08-18
KXOSCARPIC-27-DIG,1787112000,0.07,1437.59,2026-08-19
KXOSCARPIC-27-DIG,1787198400,0.06,3028.31,2026-08-20
KXOSCARPIC-27-DIG,1787284800,0.07,1739.97,2026-08-21
KXOSCARPIC-27-DIG,1787371200,0.05,5201.97,2026-08-22
KXOSCARPIC-27-DIG,1787457600,0.07,17649.97,2026-08-23
KXOSCARPIC-27-DIG,1787544000,0.06,96.82,2026-08-24
KXOSCARPIC-27-DIG,1787630400,0.05,2624.91,2026-08-25
KXOSCARPIC-27-DIG,1787716800,0.06,522.43,2026-08-26
KXOSCARPIC-27-DIG,1787803200,0.06,2.1,2026-08-27
KXOSCARPIC-27-DIG,1787889600,0.06,516.0,2026-08-28
KXOSCARPIC-27-DIG,1787976000,0.06,1601.73,2026-08-29
KXOSCARPIC-27-DIG,1788062400,0.06,232.82,2026-08-30
KXOSCARPIC-27-DIG,1788148800,0.06,686.15,2026-08-31
KXOSCARPIC-27-DIG,1788235200,0.06,44.26,2026-09-01
KXOSCARPIC-27-DIG,1788321600,0.06,427.32,2026-09-02
KXOSCARPIC-27-DIG,1788408000,0.06,242.46,2026-09-03
KXOSCARPIC-27-DIG,1788494400,0.04,1063.63,2026-09-04
KXOSCARPIC-27-DIG,1788580800,0.04,4373.42,2026-09-05
KXOSCARPIC-27-DIG,1788667200,0.04,14055.46,2026-09-06
KXOSCARPIC-27-DIG,1788753600,0.03,1248.08,2026-09-07
KXOSCARPIC-27-DIG,1788840000,0.05,7477.7,2026-09-08
KXOSCARPIC-27-DUN,1781150400,0.15,983.01,2026-06-11
KXOSCARPIC-27-DUN,1781236800,0.13,896.74,2026-06-12
KXOSCARPIC-27-DUN,1781323200,0.16,1042.93,2026-06-13
KXOSCARPIC-27-DUN,1781409600,0.16,2437.1,2026-06-14
KXOSCARPIC-27-DUN,1781496000,0.15,1572.87,2026-06-15
KXOSCARPIC-27-DUN,1781582400,0.18,896.71,2026-06-16
KXOSCARPIC-27-DUN,1781668800,0.19,1552.96,2026-06-17
KXOSCARPIC-27-DUN,1781755200,0.16,1060.58,2026-06-18
KXOSCARPIC-27-DUN,1781841600,0.13,1557.67,2026-06-19
KXOSCARPIC-27-DUN,1781928000,0.12,842.17,2026-06-20
KXOSCARPIC-27-DUN,1782014400,0.15,694.4,2026-06-21
KXOSCARPIC-27-DUN,1782100800,0.12,427.11,2026-06-22
KXOSCARPIC-27-DUN,1782187200,0.14,399.44,2026-06-23
KXOSCARPIC-27-DUN,1782273600,0.16,1166.72,2026-06-24
KXOSCARPIC-27-DUN,1782360000,0.12,2149.41,2026-06-25
KXOSCARPIC-27-DUN,1782446400,0.13,675.41,2026-06-26
KXOSCARPIC-27-DUN,1782532800,0.15,1031.09,2026-06-27
KXOSCARPIC-27-DUN,1782619200,0.12,1129.78,2026-06-28
KXOSCARPIC-27-DUN,1782705600,0.13,1922.39,2026-06-29
KXOSCARPIC-27-DUN,1782792000,0.13,1474.85,2026-06-30
KXOSCARPIC-27-DUN,1782878400,0.13,1107.41,2026-07-01
KXOSCARPIC-27-DUN,1782964800,0.14,998.72,2026-07-02
KXOSCARPIC-27-DUN,1783051200,0.12,1068.82,2026-07-03
KXOSCARPIC-27-DUN,1783137600,0.14,696.37,2026-07-04
KXOSCARPIC-27-DUN,1783224000,0.15,1123.49,2026-07-05
KXOSCARPIC-27-DUN,1783310400,0.16,1147.9,2026-07-06
KXOSCARPIC-27-DUN,1783396800,0.16,1608.72,2026-07-07
KXOSCARPIC-27-DUN,1783483200,0.16,1282.26,2026-07-08
KXOSCARPIC-27-DUN,1783569600,0.18,5723.71,2026-07-09
KXOSCARPIC-27-DUN,1783656000,0.16,1810.64,2026-07-10
KXOSCARPIC-27-DUN,1783742400,0.19,584.77,2026-07-11
KXOSCARPIC-27-DUN,1783828800,0.17,1368.15,2026-07-12
KXOSCARPIC-27-DUN,1783915200,0.17,2013.82,2026-07-13
KXOSCARPIC-27-DUN,1784001600,0.14,4421.44,2026-07-14
KXOSCARPIC-27-DUN,1784088000,0.15,874.87,2026-07-15
KXOSCARPIC-27-DUN,1784174400,0.14,2650.8,2026-07-16
KXOSCARPIC-27-DUN,1784260800,0.14,1419.03,2026-07-17
KXOSCARPIC-27-DUN,1784347200,0.14,4531.06,2026-07-18
KXOSCARPIC-27-DUN,1784433600,0.15,2533.22,2026-07-19
KXOSCARPIC-27-DUN,1784520000,0.15,4450.51,2026-07-20
KXOSCARPIC-27-DUN,1784606400,0.14,5159.28,2026-07-21
KXOSCARPIC-27-DUN,1784692800,0.14,2908.96,2026-07-22
KXOSCARPIC-27-DUN,1784779200,0.14,7312.96,2026-07-23
KXOSCARPIC-27-DUN,1784865600,0.15,8617.58,2026-07-24
KXOSCARPIC-27-DUN,1784952000,0.16,11176.64,2026-07-25
KXOSCARPIC-27-DUN,1785038400,0.16,9743.09,2026-07-26
KXOSCARPIC-27-DUN,1785124800,0.15,3670.1,2026-07-27
KXOSCARPIC-27-DUN,1785211200,0.16,5285.46,2026-07-28
KXOSCARPIC-27-DUN,1785297600,0.16,7846.01,2026-07-29
KXOSCARPIC-27-DUN,1785384000,0.16,3138.68,2026-07-30
KXOSCARPIC-27-DUN,1785470400,0.16,6548.86,2026-07-31
KXOSCARPIC-27-DUN,1785556800,0.16,4877.73,2026-08-01
KXOSCARPIC-27-DUN,1785643200,0.16,3042.6,2026-08-02
KXOSCARPIC-27-DUN,1785729600,0.18,4813.66,2026-08-03
KXOSCARPIC-27-DUN,1785816000,0.16,2499.54,2026-08-04
KXOSCARPIC-27-DUN,1785902400,0.18,3807.12,2026-08-05
KXOSCARPIC-27-DUN,1785988800,0.18,6451.13,2026-08-06
KXOSCARPIC-27-DUN,1786075200,0.17,5328.46,2026-08-07
KXOSCARPIC-27-DUN,1786161600,0.17,7639.02,2026-08-08
KXOSCARPIC-27-DUN,1786248000,0.18,1495.24,2026-08-09
KXOSCARPIC-27-DUN,1786334400,0.18,1625.24,2026-08-10
KXOSCARPIC-27-DUN,1786420800,0.17,2240.32,2026-08-11
KXOSCARPIC-27-DUN,1786507200,0.16,963.82,2026-08-12
KXOSCARPIC-27-DUN,1786593600,0.15,1534.28,2026-08-13
KXOSCARPIC-27-DUN,1786680000,0.15,2907.7,2026-08-14
KXOSCARPIC-27-DUN,1786766400,0.14,2165.99,2026-08-15
KXOSCARPIC-27-DUN,1786852800,0.13,3548.16,2026-08-16
KXOSCARPIC-27-DUN,1786939200,0.13,10244.04,2026-08-17
KXOSCARPIC-27-DUN,1787025600,0.14,3917.96,2026-08-18
KXOSCARPIC-27-DUN,1787112000,0.12,6581.11,2026-08-19
KXOSCARPIC-27-DUN,1787198400,0.12,6730.42,2026-08-20
KXOSCARPIC-27-DUN,1787284800,0.12,3132.55,2026-08-21
KXOSCARPIC-27-DUN,1787371200,0.12,2172.46,2026-08-22
KXOSCARPIC-27-DUN,1787457600,0.12,10807.83,2026-08-23
KXOSCARPIC-27-DUN,1787544000,0.11,7440.09,2026-08-24
KXOSCARPIC-27-DUN,1787630400,0.13,13767.83,2026-08-25
KXOSCARPIC-27-DUN,1787716800,0.12,4955.21,2026-08-26
KXOSCARPIC-27-DUN,1787803200,0.13,2687.4,2026-08-27
KXOSCARPIC-27-DUN,1787889600,0.15,4985.02,2026-08-28
KXOSCARPIC-27-DUN,1787976000,0.14,1084.69,2026-08-29
KXOSCARPIC-27-DUN,1788062400,0.15,3584.8,2026-08-30
KXOSCARPIC-27-DUN,1788148800,0.15,4002.74,2026-08-31
KXOSCARPIC-27-DUN,1788235200,0.14,7443.7,2026-09-01
KXOSCARPIC-27-DUN,1788321600,0.15,2559.55,2026-09-02
KXOSCARPIC-27-DUN,1788408000,0.15,2015.31,2026-09-03
KXOSCARPIC-27-DUN,1788494400,0.14,4256.99,2026-09-04
KXOSCARPIC-27-DUN,1788580800,0.12,2333.36,2026-09-05
KXOSCARPIC-27-DUN,1788667200,0.12,3271.74,2026-09-06
KXOSCARPIC-27-DUN,1788753600,0.13,1763.59,2026-09-07
KXOSCARPIC-27-DUN,1788840000,0.12,2117.84,2026-09-08
KXOSCARPIC-27-ODY,1781150400,0.3,1543.35,2026-06-11
KXOSCARPIC-27-ODY,1781236800,0.31,1835.22,2026-06-12
KXOSCARPIC-27-ODY,1781323200,0.33,6140.92,2026-06-13
KXOSCARPIC-27-ODY,1781409600,0.34,6758.16,2026-06-14
KXOSCARPIC-27-ODY,1781496000,0.31,2901.25,2026-06-15
KXOSCARPIC-27-ODY,1781582400,0.34,2107.45,2026-06-16
KXOSCARPIC-27-ODY,1781668800,0.33,693.72,2026-06-17
KXOSCARPIC-27-ODY,1781755200,0.34,1469.75,2026-06-18
KXOSCARPIC-27-ODY,1781841600,0.33,1061.01,2026-06-19
KXOSCARPIC-27-ODY,1781928000,0.36,11780.75,2026-06-20
KXOSCARPIC-27-ODY,1782014400,0.34,1404.21,2026-06-21
KXOSCARPIC-27-ODY,1782100800,0.35,734.92,2026-06-22
KXOSCARPIC-27-ODY,1782187200,0.35,1087.07,2026-06-23
KXOSCARPIC-27-ODY,1782273600,0.35,2440.67,2026-06-24
KXOSCARPIC-27-ODY,1782360000,0.32,2000.88,2026-06-25
KXOSCARPIC-27-ODY,1782446400,0.31,3144.05,2026-06-26
KXOSCARPIC-27-ODY,1782532800,0.29,2505.82,2026-06-27
KXOSCARPIC-27-ODY,1782619200,0.32,1818.74,2026-06-28
KXOSCARPIC-27-ODY,1782705600,0.32,1165.09,2026-06-29
KXOSCARPIC-27-ODY,1782792000,0.32,1546.5,2026-06-30
KXOSCARPIC-27-ODY,1782878400,0.3,2631.92,2026-07-01
KXOSCARPIC-27-ODY,1782964800,0.3,4646.52,2026-07-02
KXOSCARPIC-27-ODY,1783051200,0.32,2294.01,2026-07-03
KXOSCARPIC-27-ODY,1783137600,0.32,3339.27,2026-07-04
KXOSCARPIC-27-ODY,1783224000,0.29,3457.71,2026-07-05
KXOSCARPIC-27-ODY,1783310400,0.3,2100.15,2026-07-06
KXOSCARPIC-27-ODY,1783396800,0.37,14271.81,2026-07-07
KXOSCARPIC-27-ODY,1783483200,0.42,8380.67,2026-07-08
KXOSCARPIC-27-ODY,1783569600,0.4,3223.86,2026-07-09
KXOSCARPIC-27-ODY,1783656000,0.36,5737.93,2026-07-10
KXOSCARPIC-27-ODY,1783742400,0.38,1850.81,2026-07-11
KXOSCARPIC-27-ODY,1783828800,0.38,3329.03,2026-07-12
KXOSCARPIC-27-ODY,1783915200,0.38,5161.98,2026-07-13
KXOSCARPIC-27-ODY,1784001600,0.37,5287.82,2026-07-14
KXOSCARPIC-27-ODY,1784088000,0.35,21330.83,2026-07-15
KXOSCARPIC-27-ODY,1784174400,0.46,89655.5,2026-07-16
KXOSCARPIC-27-ODY,1784260800,0.45,9004.58,2026-07-17
KXOSCARPIC-27-ODY,1784347200,0.47,29230.6,2026-07-18
KXOSCARPIC-27-ODY,1784433600,0.45,21625.88,2026-07-19
KXOSCARPIC-27-ODY,1784520000,0.47,17215.59,2026-07-20
KXOSCARPIC-27-ODY,1784606400,0.47,17344.65,2026-07-21
KXOSCARPIC-27-ODY,1784692800,0.49,22563.6,2026-07-22
KXOSCARPIC-27-ODY,1784779200,0.54,26766.96,2026-07-23
KXOSCARPIC-27-ODY,1784865600,0.54,26901.61,2026-07-24
KXOSCARPIC-27-ODY,1784952000,0.57,21012.54,2026-07-25
KXOSCARPIC-27-ODY,1785038400,0.58,90781.36,2026-07-26
KXOSCARPIC-27-ODY,1785124800,0.51,69977.27,2026-07-27
KXOSCARPIC-27-ODY,1785211200,0.49,72693.98,2026-07-28
KXOSCARPIC-27-ODY,1785297600,0.49,20538.53,2026-07-29
KXOSCARPIC-27-ODY,1785384000,0.5,19791.97,2026-07-30
KXOSCARPIC-27-ODY,1785470400,0.52,24039.25,2026-07-31
KXOSCARPIC-27-ODY,1785556800,0.5,13133.52,2026-08-01
KXOSCARPIC-27-ODY,1785643200,0.49,41784.99,2026-08-02
KXOSCARPIC-27-ODY,1785729600,0.5,28297.05,2026-08-03
KXOSCARPIC-27-ODY,1785816000,0.51,18781.15,2026-08-04
KXOSCARPIC-27-ODY,1785902400,0.49,39732.51,2026-08-05
KXOSCARPIC-27-ODY,1785988800,0.5,22823.19,2026-08-06
KXOSCARPIC-27-ODY,1786075200,0.48,21959.05,2026-08-07
KXOSCARPIC-27-ODY,1786161600,0.49,13112.97,2026-08-08
KXOSCARPIC-27-ODY,1786248000,0.48,22555.94,2026-08-09
KXOSCARPIC-27-ODY,1786334400,0.5,11245.38,2026-08-10
KXOSCARPIC-27-ODY,1786420800,0.51,9769.98,2026-08-11
KXOSCARPIC-27-ODY,1786507200,0.52,12933.22,2026-08-12
KXOSCARPIC-27-ODY,1786593600,0.52,13063.95,2026-08-13
KXOSCARPIC-27-ODY,1786680000,0.53,10675.81,2026-08-14
KXOSCARPIC-27-ODY,1786766400,0.54,4989.63,2026-08-15
KXOSCARPIC-27-ODY,1786852800,0.56,29793.6,2026-08-16
KXOSCARPIC-27-ODY,1786939200,0.58,14860.62,2026-08-17
KXOSCARPIC-27-ODY,1787025600,0.57,10302.55,2026-08-18
KXOSCARPIC-27-ODY,1787112000,0.6,23430.5,2026-08-19
KXOSCARPIC-27-ODY,1787198400,0.59,6472.18,2026-08-20
KXOSCARPIC-27-ODY,1787284800,0.59,8333.54,2026-08-21
KXOSCARPIC-27-ODY,1787371200,0.6,7540.75,2026-08-22
KXOSCARPIC-27-ODY,1787457600,0.59,16645.66,2026-08-23
KXOSCARPIC-27-ODY,1787544000,0.58,13995.54,2026-08-24
KXOSCARPIC-27-ODY,1787630400,0.57,31792.15,2026-08-25
KXOSCARPIC-27-ODY,1787716800,0.58,31610.87,2026-08-26
KXOSCARPIC-27-ODY,1787803200,0.59,9174.6,2026-08-27
KXOSCARPIC-27-ODY,1787889600,0.59,5725.03,2026-08-28
KXOSCARPIC-27-ODY,1787976000,0.58,4386.62,2026-08-29
KXOSCARPIC-27-ODY,1788062400,0.57,7914.29,2026-08-30
KXOSCARPIC-27-ODY,1788148800,0.56,4327.01,2026-08-31
KXOSCARPIC-27-ODY,1788235200,0.56,6139.67,2026-09-01
KXOSCARPIC-27-ODY,1788321600,0.55,4555.09,2026-09-02
KXOSCARPIC-27-ODY,1788408000,0.53,20916.97,2026-09-03
KXOSCARPIC-27-ODY,1788494400,0.54,16989.25,2026-09-04
KXOSCARPIC-27-ODY,1788580800,0.51,9580.28,2026-09-05
KXOSCARPIC-27-ODY,1788667200,0.53,15373.66,2026-09-06
KXOSCARPIC-27-ODY,1788753600,0.52,15058.84,2026-09-07
KXOSCARPIC-27-ODY,1788840000,0.51,10830.0,2026-09-08
KXOSCARPIC-27-PRO,1781150400,0.07,355.57,2026-06-11
KXOSCARPIC-27-PRO,1781236800,0.07,1458.08,2026-06-12
KXOSCARPIC-27-PRO,1781323200,0.07,875.95,2026-06-13
KXOSCARPIC-27-PRO,1781409600,0.06,536.18,2026-06-14
KXOSCARPIC-27-PRO,1781496000,0.07,700.68,2026-06-15
KXOSCARPIC-27-PRO,1781582400,0.06,1724.01,2026-06-16
KXOSCARPIC-27-PRO,1781668800,0.07,456.86,2026-06-17
KXOSCARPIC-27-PRO,1781755200,0.06,1740.05,2026-06-18
KXOSCARPIC-27-PRO,1781841600,0.06,407.97,2026-06-19
KXOSCARPIC-27-PRO,1781928000,0.06,932.03,2026-06-20
KXOSCARPIC-27-PRO,1782014400,0.06,387.69,2026-06-21
KXOSCARPIC-27-PRO,1782100800,0.06,148.99,2026-06-22
KXOSCARPIC-27-PRO,1782187200,0.06,239.6,2026-06-23
KXOSCARPIC-27-PRO,1782273600,0.06,1684.61,2026-06-24
KXOSCARPIC-27-PRO,1782360000,0.07,1514.72,2026-06-25
KXOSCARPIC-27-PRO,1782446400,0.06,204.02,2026-06-26
KXOSCARPIC-27-PRO,1782532800,0.06,474.59,2026-06-27
KXOSCARPIC-27-PRO,1782619200,0.07,959.3,2026-06-28
KXOSCARPIC-27-PRO,1782705600,0.07,457.62,2026-06-29
KXOSCARPIC-27-PRO,1782792000,0.07,762.9,2026-06-30
KXOSCARPIC-27-PRO,1782878400,0.07,1082.14,2026-07-01
KXOSCARPIC-27-PRO,1782964800,0.13,7074.0,2026-07-02
KXOSCARPIC-27-PRO,1783051200,0.12,527.46,2026-07-03
KXOSCARPIC-27-PRO,1783137600,0.13,872.75,2026-07-04
KXOSCARPIC-27-PRO,1783224000,0.08,867.31,2026-07-05
KXOSCARPIC-27-PRO,1783310400,0.07,961.87,2026-07-06
KXOSCARPIC-27-PRO,1783396800,0.1,673.24,2026-07-07
KXOSCARPIC-27-PRO,1783483200,0.08,322.98,2026-07-08
KXOSCARPIC-27-PRO,1783569600,0.07,2669.84,2026-07-09
KXOSCARPIC-27-PRO,1783656000,0.09,469.32,2026-07-10
KXOSCARPIC-27-PRO,1783742400,0.1,2321.74,2026-07-11
KXOSCARPIC-27-PRO,1783828800,0.1,335.07,2026-07-12
KXOSCARPIC-27-PRO,1783915200,0.09,1036.02,2026-07-13
KXOSCARPIC-27-PRO,1784001600,0.09,702.82,2026-07-14
KXOSCARPIC-27-PRO,1784088000,0.08,373.44,2026-07-15
KXOSCARPIC-27-PRO,1784174400,0.07,2778.85,2026-07-16
KXOSCARPIC-27-PRO,1784260800,0.06,1199.28,2026-07-17
KXOSCARPIC-27-PRO,1784347200,0.06,1239.02,2026-07-18
KXOSCARPIC-27-PRO,1784433600,0.06,1846.78,2026-07-19
KXOSCARPIC-27-PRO,1784520000,0.07,4359.82,2026-07-20
KXOSCARPIC-27-PRO,1784606400,0.05,1073.95,2026-07-21
KXOSCARPIC-27-PRO,1784692800,0.06,980.6,2026-07-22
KXOSCARPIC-27-PRO,1784779200,0.06,2772.34,2026-07-23
KXOSCARPIC-27-PRO,1784865600,0.06,1005.3,2026-07-24
KXOSCARPIC-27-PRO,1784952000,0.05,3421.36,2026-07-25
KXOSCARPIC-27-PRO,1785038400,0.05,565.6,2026-07-26
KXOSCARPIC-27-PRO,1785124800,0.05,3201.96,2026-07-27
KXOSCARPIC-27-PRO,1785211200,0.05,2426.79,2026-07-28
KXOSCARPIC-27-PRO,1785297600,0.05,4629.14,2026-07-29
KXOSCARPIC-27-PRO,1785384000,0.04,1585.8,2026-07-30
KXOSCARPIC-27-PRO,1785470400,0.03,3052.87,2026-07-31
KXOSCARPIC-27-PRO,1785556800,0.03,365.66,2026-08-01
KXOSCARPIC-27-PRO,1785643200,0.03,700.43,2026-08-02
KXOSCARPIC-27-PRO,1785729600,0.04,1265.25,2026-08-03
KXOSCARPIC-27-PRO,1785816000,0.04,1985.6,2026-08-04
KXOSCARPIC-27-PRO,1785902400,0.03,5610.05,2026-08-05
KXOSCARPIC-27-PRO,1785988800,0.04,16430.11,2026-08-06
KXOSCARPIC-27-PRO,1786075200,0.05,4389.51,2026-08-07
KXOSCARPIC-27-PRO,1786161600,0.05,546.9,2026-08-08
KXOSCARPIC-27-PRO,1786248000,0.03,1780.92,2026-08-09
KXOSCARPIC-27-PRO,1786334400,0.03,805.34,2026-08-10
KXOSCARPIC-27-PRO,1786420800,0.04,869.76,2026-08-11
KXOSCARPIC-27-PRO,1786507200,0.05,1627.0,2026-08-12
KXOSCARPIC-27-PRO,1786593600,0.04,724.46,2026-08-13
KXOSCARPIC-27-PRO,1786680000,0.04,1509.67,2026-08-14
KXOSCARPIC-27-PRO,1786766400,0.04,664.75,2026-08-15
KXOSCARPIC-27-PRO,1786852800,0.04,269.35,2026-08-16
KXOSCARPIC-27-PRO,1786939200,0.04,2137.55,2026-08-17
KXOSCARPIC-27-PRO,1787025600,0.04,2609.92,2026-08-18
KXOSCARPIC-27-PRO,1787112000,0.03,601.57,2026-08-19
KXOSCARPIC-27-PRO,1787198400,0.03,703.59,2026-08-20
KXOSCARPIC-27-PRO,1787284800,0.02,1689.16,2026-08-21
KXOSCARPIC-27-PRO,1787371200,0.03,8437.04,2026-08-22
KXOSCARPIC-27-PRO,1787457600,0.03,543.6,2026-08-23
KXOSCARPIC-27-PRO,1787544000,0.03,3012.25,2026-08-24
KXOSCARPIC-27-PRO,1787630400,0.03,1684.82,2026-08-25
KXOSCARPIC-27-PRO,1787716800,0.03,414.84,2026-08-26
KXOSCARPIC-27-PRO,1787803200,0.03,151.8,2026-08-27
KXOSCARPIC-27-PRO,1787889600,0.02,551.78,2026-08-28
KXOSCARPIC-27-PRO,1787976000,0.02,1528.44,2026-08-29
KXOSCARPIC-27-PRO,1788062400,0.02,5589.62,2026-08-30
KXOSCARPIC-27-PRO,1788148800,0.03,620.75,2026-08-31
KXOSCARPIC-27-PRO,1788235200,0.03,491.11,2026-09-01
KXOSCARPIC-27-PRO,1788321600,0.02,298.15,2026-09-02
KXOSCARPIC-27-PRO,1788408000,0.03,1537.7,2026-09-03
KXOSCARPIC-27-PRO,1788494400,0.03,699.29,2026-09-04
KXOSCARPIC-27-PRO,1788580800,0.02,837.98,2026-09-05
KXOSCARPIC-27-PRO,1788667200,0.01,1347.47,2026-09-06
KXOSCARPIC-27-PRO,1788753600,0.02,1416.32,2026-09-07
KXOSCARPIC-27-PRO,1788840000,0.02,8364.01,2026-09-08
KXOSCARPIC-27-SOC,1781150400,0.02,1953.78,2026-06-11
KXOSCARPIC-27-SOC,1781236800,0.05,1877.26,2026-06-12
KXOSCARPIC-27-SOC,1781323200,0.05,559.36,2026-06-13
KXOSCARPIC-27-SOC,1781409600,0.04,273.11,2026-06-14
KXOSCARPIC-27-SOC,1781496000,0.03,954.54,2026-06-15
KXOSCARPIC-27-SOC,1781582400,0.05,546.82,2026-06-16
KXOSCARPIC-27-SOC,1781668800,0.05,468.82,2026-06-17
KXOSCARPIC-27-SOC,1781755200,0.03,232.83,2026-06-18
KXOSCARPIC-27-SOC,1781841600,0.05,209.08,2026-06-19
KXOSCARPIC-27-SOC,1781928000,0.05,108.69,2026-06-20
KXOSCARPIC-27-SOC,1782014400,0.06,200.0,2026-06-21
KXOSCARPIC-27-SOC,1782100800,0.01,1938.97,2026-06-22
KXOSCARPIC-27-SOC,1782187200,0.01,40.54,2026-06-23
KXOSCARPIC-27-SOC,1782273600,0.01,63.17,2026-06-24
KXOSCARPIC-27-SOC,1782360000,0.01,231.4,2026-06-25
KXOSCARPIC-27-SOC,1782446400,0.03,35.91,2026-06-26
KXOSCARPIC-27-SOC,1782532800,0.03,1560.69,2026-06-27
KXOSCARPIC-27-SOC,1782619200,0.02,245.64,2026-06-28
KXOSCARPIC-27-SOC,1782705600,,0.0,2026-06-29
KXOSCARPIC-27-SOC,1782792000,0.03,2159.26,2026-06-30
KXOSCARPIC-27-SOC,1782878400,0.03,230.13,2026-07-01
KXOSCARPIC-27-SOC,1782964800,0.03,116.21,2026-07-02
KXOSCARPIC-27-SOC,1783051200,0.02,67.41,2026-07-03
KXOSCARPIC-27-SOC,1783137600,0.03,559.34,2026-07-04
KXOSCARPIC-27-SOC,1783224000,0.03,93.63,2026-07-05
KXOSCARPIC-27-SOC,1783310400,0.03,171.07,2026-07-06
KXOSCARPIC-27-SOC,1783396800,0.03,143.74,2026-07-07
KXOSCARPIC-27-SOC,1783483200,,0.0,2026-07-08
KXOSCARPIC-27-SOC,1783569600,0.03,31.21,2026-07-09
KXOSCARPIC-27-SOC,1783656000,,0.0,2026-07-10
KXOSCARPIC-27-SOC,1783742400,0.03,0.22,2026-07-11
KXOSCARPIC-27-SOC,1783828800,0.03,10.18,2026-07-12
KXOSCARPIC-27-SOC,1783915200,0.03,600.19,2026-07-13
KXOSCARPIC-27-SOC,1784001600,0.02,0.09,2026-07-14
KXOSCARPIC-27-SOC,1784088000,0.03,0.09,2026-07-15
KXOSCARPIC-27-SOC,1784174400,0.02,2066.8,2026-07-16
KXOSCARPIC-27-SOC,1784260800,0.02,935.8,2026-07-17
KXOSCARPIC-27-SOC,1784347200,,0.0,2026-07-18
KXOSCARPIC-27-SOC,1784433600,,0.0,2026-07-19
KXOSCARPIC-27-SOC,1784520000,,0.0,2026-07-20
KXOSCARPIC-27-SOC,1784606400,0.02,5834.54,2026-07-21
KXOSCARPIC-27-SOC,1784692800,0.02,2.33,2026-07-22
KXOSCARPIC-27-SOC,1784779200,0.02,229.26,2026-07-23
KXOSCARPIC-27-SOC,1784865600,0.01,935.0,2026-07-24
KXOSCARPIC-27-SOC,1784952000,0.01,1400.26,2026-07-25
KXOSCARPIC-27-SOC,1785038400,0.01,3299.35,2026-07-26
KXOSCARPIC-27-SOC,1785124800,0.01,217.03,2026-07-27
KXOSCARPIC-27-SOC,1785211200,0.02,13925.24,2026-07-28
KXOSCARPIC-27-SOC,1785297600,0.02,3937.64,2026-07-29
KXOSCARPIC-27-SOC,1785384000,0.02,467.45,2026-07-30
KXOSCARPIC-27-SOC,1785470400,0.02,1921.3,2026-07-31
KXOSCARPIC-27-SOC,1785556800,0.01,242.0,2026-08-01
KXOSCARPIC-27-SOC,1785643200,0.02,96.79,2026-08-02
KXOSCARPIC-27-SOC,1785729600,0.02,1975.47,2026-08-03
KXOSCARPIC-27-SOC,1785816000,0.02,1603.4,2026-08-04
KXOSCARPIC-27-SOC,1785902400,0.02,1455.8,2026-08-05
KXOSCARPIC-27-SOC,1785988800,0.02,2052.8,2026-08-06
KXOSCARPIC-27-SOC,1786075200,,0.0,2026-08-07
KXOSCARPIC-27-SOC,1786161600,,0.0,2026-08-08
KXOSCARPIC-27-SOC,1786248000,0.02,720.23,2026-08-09
KXOSCARPIC-27-SOC,1786334400,0.02,46.79,2026-08-10
KXOSCARPIC-27-SOC,1786420800,0.02,46.79,2026-08-11
KXOSCARPIC-27-SOC,1786507200,0.01,93.51,2026-08-12
KXOSCARPIC-27-SOC,1786593600,0.01,210.4,2026-08-13
KXOSCARPIC-27-SOC,1786680000,0.02,3071.72,2026-08-14
KXOSCARPIC-27-SOC,1786766400,0.02,233.95,2026-08-15
KXOSCARPIC-27-SOC,1786852800,,0.0,2026-08-16
KXOSCARPIC-27-SOC,1786939200,,0.0,2026-08-17
KXOSCARPIC-27-SOC,1787112000,0.01,2270.0,2026-08-19
KXOSCARPIC-27-SOC,1787198400,0.02,233.95,2026-08-20
KXOSCARPIC-27-SOC,1787284800,0.02,514.0,2026-08-21
KXOSCARPIC-27-SOC,1787371200,0.02,918.39,2026-08-22
KXOSCARPIC-27-SOC,1787457600,0.02,1169.5,2026-08-23
KXOSCARPIC-27-SOC,1787544000,,0.0,2026-08-24
KXOSCARPIC-27-SOC,1787630400,0.02,200.0,2026-08-25
KXOSCARPIC-27-SOC,1787716800,0.02,0.46,2026-08-26
KXOSCARPIC-27-SOC,1787803200,0.02,467.9,2026-08-27
KXOSCARPIC-27-SOC,1787889600,0.01,45.16,2026-08-28
KXOSCARPIC-27-SOC,1787976000,,0.0,2026-08-29
KXOSCARPIC-27-SOC,1788062400,0.02,759.24,2026-08-30
KXOSCARPIC-27-SOC,1788148800,0.02,31.0,2026-08-31
KXOSCARPIC-27-SOC,1788235200,,0.0,2026-09-01
KXOSCARPIC-27-SOC,1788321600,0.02,1152.33,2026-09-02
KXOSCARPIC-27-SOC,1788408000,0.02,2579.46,2026-09-03
KXOSCARPIC-27-SOC,1788494400,,0.0,2026-09-04
KXOSCARPIC-27-SOC,1788580800,0.01,205.04,2026-09-05
KXOSCARPIC-27-SOC,1788667200,,0.0,2026-09-06
KXOSCARPIC-27-SOC,1788753600,,0.0,2026-09-07
KXOSCARPIC-27-SOC,1788840000,,0.0,2026-09-08
KXOSCARPIC-27-WIL,1781150400,0.1,148.43,2026-06-11
KXOSCARPIC-27-WIL,1781236800,0.08,625.0,2026-06-12
KXOSCARPIC-27-WIL,1781323200,0.1,103.95,2026-06-13
KXOSCARPIC-27-WIL,1781409600,0.08,103.94,2026-06-14
KXOSCARPIC-27-WIL,1781496000,0.09,0.1,2026-06-15
KXOSCARPIC-27-WIL,1781582400,0.08,12.1,2026-06-16
KXOSCARPIC-27-WIL,1781668800,0.07,50.38,2026-06-17
KXOSCARPIC-27-WIL,1781755200,0.07,189.55,2026-06-18
KXOSCARPIC-27-WIL,1781841600,0.07,40.0,2026-06-19
KXOSCARPIC-27-WIL,1781928000,0.07,34.9,2026-06-20
KXOSCARPIC-27-WIL,1782014400,0.07,53.48,2026-06-21
KXOSCARPIC-27-WIL,1782100800,0.07,15.0,2026-06-22
KXOSCARPIC-27-WIL,1782187200,0.07,20.0,2026-06-23
KXOSCARPIC-27-WIL,1782273600,0.08,53.48,2026-06-24
KXOSCARPIC-27-WIL,1782360000,0.07,2443.21,2026-06-25
KXOSCARPIC-27-WIL,1782446400,0.08,78.71,2026-06-26
KXOSCARPIC-27-WIL,1782532800,0.07,143.78,2026-06-27
KXOSCARPIC-27-WIL,1782619200,0.08,128.17,2026-06-28
KXOSCARPIC-27-WIL,1782705600,0.07,98.0,2026-06-29
KXOSCARPIC-27-WIL,1782792000,0.07,384.83,2026-06-30
KXOSCARPIC-27-WIL,1782878400,0.09,2448.68,2026-07-01
KXOSCARPIC-27-WIL,1782964800,0.08,6.0,2026-07-02
KXOSCARPIC-27-WIL,1783051200,0.09,271.11,2026-07-03
KXOSCARPIC-27-WIL,1783137600,0.09,480.03,2026-07-04
KXOSCARPIC-27-WIL,1783224000,0.09,6272.72,2026-07-05
KXOSCARPIC-27-WIL,1783310400,0.09,162.96,2026-07-06
KXOSCARPIC-27-WIL,1783396800,0.09,373.42,2026-07-07
KXOSCARPIC-27-WIL,1783483200,0.1,395.05,2026-07-08
KXOSCARPIC-27-WIL,1783569600,0.09,744.14,2026-07-09
KXOSCARPIC-27-WIL,1783656000,0.07,312.48,2026-07-10
KXOSCARPIC-27-WIL,1783742400,0.08,24.26,2026-07-11
KXOSCARPIC-27-WIL,1783828800,0.08,27.97,2026-07-12
KXOSCARPIC-27-WIL,1783915200,0.07,93.71,2026-07-13
KXOSCARPIC-27-WIL,1784001600,0.07,137.52,2026-07-14
KXOSCARPIC-27-WIL,1784088000,0.09,3945.65,2026-07-15
KXOSCARPIC-27-WIL,1784174400,0.08,221.42,2026-07-16
KXOSCARPIC-27-WIL,1784260800,0.07,102.72,2026-07-17
KXOSCARPIC-27-WIL,1784347200,0.07,60.84,2026-07-18
KXOSCARPIC-27-WIL,1784433600,0.08,117.43,2026-07-19
KXOSCARPIC-27-WIL,1784520000,0.08,594.64,2026-07-20
KXOSCARPIC-27-WIL,1784606400,0.06,1910.74,2026-07-21
KXOSCARPIC-27-WIL,1784692800,0.07,93.88,2026-07-22
KXOSCARPIC-27-WIL,1784779200,0.06,290.78,2026-07-23
KXOSCARPIC-27-WIL,1784865600,,0.0,2026-07-24
KXOSCARPIC-27-WIL,1784952000,0.06,97.06,2026-07-25
KXOSCARPIC-27-WIL,1785038400,0.06,472.55,2026-07-26
KXOSCARPIC-27-WIL,1785124800,0.07,1406.88,2026-07-27
KXOSCARPIC-27-WIL,1785211200,0.07,1065.1,2026-07-28
KXOSCARPIC-27-WIL,1785297600,0.07,44.82,2026-07-29
KXOSCARPIC-27-WIL,1785384000,0.07,124.06,2026-07-30
KXOSCARPIC-27-WIL,1785470400,0.07,1634.31,2026-07-31
KXOSCARPIC-27-WIL,1785556800,0.07,11.0,2026-08-01
KXOSCARPIC-27-WIL,1785643200,0.07,67.0,2026-08-02
KXOSCARPIC-27-WIL,1785729600,0.07,295.07,2026-08-03
KXOSCARPIC-27-WIL,1785816000,0.07,612.43,2026-08-04
KXOSCARPIC-27-WIL,1785902400,0.07,989.37,2026-08-05
KXOSCARPIC-27-WIL,1785988800,0.06,1367.63,2026-08-06
KXOSCARPIC-27-WIL,1786075200,0.07,1500.0,2026-08-07
KXOSCARPIC-27-WIL,1786161600,0.07,1206.13,2026-08-08
KXOSCARPIC-27-WIL,1786248000,0.07,34.5,2026-08-09
KXOSCARPIC-27-WIL,1786334400,0.07,77.06,2026-08-10
KXOSCARPIC-27-WIL,1786420800,0.07,432.0,2026-08-11
KXOSCARPIC-27-WIL,1786507200,0.07,39.82,2026-08-12
KXOSCARPIC-27-WIL,1786593600,0.08,22090.93,2026-08-13
KXOSCARPIC-27-WIL,1786680000,0.07,15128.79,2026-08-14
KXOSCARPIC-27-WIL,1786766400,0.08,10141.75,2026-08-15
KXOSCARPIC-27-WIL,1786852800,0.07,4839.68,2026-08-16
KXOSCARPIC-27-WIL,1786939200,0.08,7995.23,2026-08-17
KXOSCARPIC-27-WIL,1787025600,0.08,118.0,2026-08-18
KXOSCARPIC-27-WIL,1787112000,0.05,2419.25,2026-08-19
KXOSCARPIC-27-WIL,1787198400,0.04,1408.31,2026-08-20
KXOSCARPIC-27-WIL,1787284800,0.06,179.16,2026-08-21
KXOSCARPIC-27-WIL,1787371200,0.06,6927.39,2026-08-22
KXOSCARPIC-27-WIL,1787457600,0.05,880.94,2026-08-23
KXOSCARPIC-27-WIL,1787544000,0.05,3.0,2026-08-24
KXOSCARPIC-27-WIL,1787630400,0.06,16165.74,2026-08-25
KXOSCARPIC-27-WIL,1787716800,0.06,365.0,2026-08-26
KXOSCARPIC-27-WIL,1787803200,0.08,20750.66,2026-08-27
KXOSCARPIC-27-WIL,1787889600,0.07,502.0,2026-08-28
KXOSCARPIC-27-WIL,1787976000,0.06,430.0,2026-08-29
KXOSCARPIC-27-WIL,1788062400,,0.0,2026-08-30
KXOSCARPIC-27-WIL,1788148800,,0.0,2026-08-31
KXOSCARPIC-27-WIL,1788235200,0.07,2181.0,2026-09-01
KXOSCARPIC-27-WIL,1788321600,0.06,433.34,2026-09-02
KXOSCARPIC-27-WIL,1788408000,0.08,5338.77,2026-09-03
KXOSCARPIC-27-WIL,1788494400,0.09,60468.26,2026-09-04
KXOSCARPIC-27-WIL,1788580800,0.08,569.63,2026-09-05
KXOSCARPIC-27-WIL,1788667200,0.08,371.93,2026-09-06
KXOSCARPIC-27-WIL,1788753600,0.07,9290.22,2026-09-07
KXOSCARPIC-27-WIL,1788840000,0.08,2409.72,2026-09-08
KXWNBA-26-ATL,1781150400,0.12,167.0,2026-06-11
KXWNBA-26-ATL,1781236800,0.12,39.24,2026-06-12
KXWNBA-26-ATL,1781323200,0.11,157.78,2026-06-13
KXWNBA-26-ATL,1781409600,0.11,172.45,2026-06-14
KXWNBA-26-ATL,1781496000,0.11,510.16,2026-06-15
KXWNBA-26-ATL,1781582400,0.11,400.0,2026-06-16
KXWNBA-26-ATL,1781668800,0.1,300.87,2026-06-17
KXWNBA-26-ATL,1781755200,0.09,3810.87,2026-06-18
KXWNBA-26-ATL,1781841600,0.07,432.14,2026-06-19
KXWNBA-26-ATL,1781928000,0.09,4783.92,2026-06-20
KXWNBA-26-ATL,1782014400,0.12,13859.09,2026-06-21
KXWNBA-26-ATL,1782100800,0.11,1887.0,2026-06-22
KXWNBA-26-ATL,1782187200,0.11,3663.37,2026-06-23
KXWNBA-26-ATL,1782273600,0.12,38648.88,2026-06-24
KXWNBA-26-ATL,1782360000,0.12,95.92,2026-06-25
KXWNBA-26-ATL,1782446400,0.12,714.21,2026-06-26
KXWNBA-26-ATL,1782532800,0.1,34.55,2026-06-27
KXWNBA-26-ATL,1782619200,0.1,28.54,2026-06-28
KXWNBA-26-ATL,1782705600,0.12,263.0,2026-06-29
KXWNBA-26-ATL,1782792000,0.12,163.0,2026-06-30
KXWNBA-26-ATL,1782878400,0.11,45.36,2026-07-01
KXWNBA-26-ATL,1782964800,0.1,600.59,2026-07-02
KXWNBA-26-ATL,1783051200,0.1,347.36,2026-07-03
KXWNBA-26-ATL,1783137600,0.11,651.55,2026-07-04
KXWNBA-26-ATL,1783224000,0.1,204.72,2026-07-05
KXWNBA-26-ATL,1783310400,0.11,346.11,2026-07-06
KXWNBA-26-ATL,1783396800,0.11,7.0,2026-07-07
KXWNBA-26-ATL,1783483200,0.1,27.31,2026-07-08
KXWNBA-26-ATL,1783569600,0.09,2.0,2026-07-09
KXWNBA-26-ATL,1783656000,0.1,20064.4,2026-07-10
KXWNBA-26-ATL,1783742400,0.1,83.25,2026-07-11
KXWNBA-26-ATL,1783828800,0.06,43.25,2026-07-12
KXWNBA-26-ATL,1783915200,0.06,105.58,2026-07-13
KXWNBA-26-ATL,1784001600,0.08,1923.65,2026-07-14
KXWNBA-26-ATL,1784088000,0.06,1343.96,2026-07-15
KXWNBA-26-ATL,1784174400,0.06,429.36,2026-07-16
KXWNBA-26-ATL,1784260800,0.08,1001.17,2026-07-17
KXWNBA-26-ATL,1784347200,0.08,622.4,2026-07-18
KXWNBA-26-ATL,1784433600,0.07,847.92,2026-07-19
KXWNBA-26-ATL,1784520000,0.08,1482.28,2026-07-20
KXWNBA-26-ATL,1784606400,0.08,21464.8,2026-07-21
KXWNBA-26-ATL,1784692800,0.09,1224.45,2026-07-22
KXWNBA-26-ATL,1784779200,0.09,3784.96,2026-07-23
KXWNBA-26-ATL,1784865600,0.08,482.82,2026-07-24
KXWNBA-26-ATL,1784952000,0.08,914.15,2026-07-25
KXWNBA-26-ATL,1785038400,0.08,3287.77,2026-07-26
KXWNBA-26-ATL,1785124800,0.08,5797.35,2026-07-27
KXWNBA-26-ATL,1785211200,0.08,24164.31,2026-07-28
KXWNBA-26-ATL,1785297600,0.09,5.52,2026-07-29
KXWNBA-26-ATL,1785384000,0.08,448.22,2026-07-30
KXWNBA-26-ATL,1785470400,0.08,328.38,2026-07-31
KXWNBA-26-ATL,1785556800,0.08,2864.26,2026-08-01
KXWNBA-26-ATL,1785643200,0.06,2232.38,2026-08-02
KXWNBA-26-ATL,1785729600,0.07,931.13,2026-08-03
KXWNBA-26-ATL,1785816000,0.09,8211.89,2026-08-04
KXWNBA-26-ATL,1785902400,0.09,1292.74,2026-08-05
KXWNBA-26-ATL,1785988800,0.08,609.01,2026-08-06
KXWNBA-26-ATL,1786075200,0.09,1470.89,2026-08-07
KXWNBA-26-ATL,1786161600,0.08,596.13,2026-08-08
KXWNBA-26-ATL,1786248000,0.08,507.64,2026-08-09
KXWNBA-26-ATL,1786334400,0.08,342.55,2026-08-10
KXWNBA-26-ATL,1786420800,0.09,138.0,2026-08-11
KXWNBA-26-ATL,1786507200,0.09,422.18,2026-08-12
KXWNBA-26-ATL,1786593600,0.09,4624.35,2026-08-13
KXWNBA-26-ATL,1786680000,0.09,207.0,2026-08-14
KXWNBA-26-ATL,1786766400,0.09,891.39,2026-08-15
KXWNBA-26-ATL,1786852800,0.09,716.21,2026-08-16
KXWNBA-26-ATL,1786939200,0.08,308.5,2026-08-17
KXWNBA-26-ATL,1787025600,0.08,278.01,2026-08-18
KXWNBA-26-ATL,1787112000,0.1,1809.37,2026-08-19
KXWNBA-26-ATL,1787198400,0.09,1170.2,2026-08-20
KXWNBA-26-ATL,1787284800,0.1,301.17,2026-08-21
KXWNBA-26-ATL,1787371200,0.1,876.31,2026-08-22
KXWNBA-26-ATL,1787457600,0.1,57.8,2026-08-23
KXWNBA-26-ATL,1787544000,0.1,1551.95,2026-08-24
KXWNBA-26-ATL,1787630400,0.1,2741.62,2026-08-25
KXWNBA-26-ATL,1787716800,0.1,360.77,2026-08-26
KXWNBA-26-ATL,1787803200,0.12,184021.73,2026-08-27
KXWNBA-26-ATL,1787889600,0.12,1101.29,2026-08-28
KXWNBA-26-ATL,1787976000,0.12,574.41,2026-08-29
KXWNBA-26-ATL,1788062400,0.1,684.08,2026-08-30
KXWNBA-26-ATL,1788148800,0.12,10675.14,2026-08-31
KXWNBA-26-ATL,1788235200,0.11,9560.3,2026-09-01
KXWNBA-26-ATL,1788321600,0.13,10506.51,2026-09-02
KXWNBA-26-ATL,1788408000,0.11,2266.38,2026-09-03
KXWNBA-26-ATL,1788494400,0.1,2536.71,2026-09-04
KXWNBA-26-ATL,1788580800,0.1,1232.8,2026-09-05
KXWNBA-26-ATL,1788667200,0.11,5120.54,2026-09-06
KXWNBA-26-ATL,1788753600,0.1,447.01,2026-09-07
KXWNBA-26-ATL,1788840000,0.1,940.46,2026-09-08
KXWNBA-26-GS,1781150400,,0.0,2026-06-11
KXWNBA-26-GS,1781236800,0.05,525.14,2026-06-12
KXWNBA-26-GS,1781323200,0.04,78.18,2026-06-13
KXWNBA-26-GS,1781409600,0.04,104.4,2026-06-14
KXWNBA-26-GS,1781496000,0.05,139.0,2026-06-15
KXWNBA-26-GS,1781582400,0.05,490.3,2026-06-16
KXWNBA-26-GS,1781668800,0.05,1544.0,2026-06-17
KXWNBA-26-GS,1781755200,0.06,1874.38,2026-06-18
KXWNBA-26-GS,1781841600,0.06,12109.69,2026-06-19
KXWNBA-26-GS,1781928000,0.06,615.49,2026-06-20
KXWNBA-26-GS,1782014400,0.05,170.58,2026-06-21
KXWNBA-26-GS,1782100800,0.04,927.06,2026-06-22
KXWNBA-26-GS,1782187200,0.04,142.0,2026-06-23
KXWNBA-26-GS,1782273600,0.06,781.75,2026-06-24
KXWNBA-26-GS,1782360000,0.06,490.16,2026-06-25
KXWNBA-26-GS,1782446400,0.06,4254.7,2026-06-26
KXWNBA-26-GS,1782532800,0.05,488.63,2026-06-27
KXWNBA-26-GS,1782619200,0.04,1020.37,2026-06-28
KXWNBA-26-GS,1782705600,0.05,9374.46,2026-06-29
KXWNBA-26-GS,1782792000,0.08,3486.86,2026-06-30
KXWNBA-26-GS,1782878400,0.08,129.06,2026-07-01
KXWNBA-26-GS,1782964800,0.07,415.56,2026-07-02
KXWNBA-26-GS,1783051200,0.07,6.0,2026-07-03
KXWNBA-26-GS,1783137600,0.07,578.65,2026-07-04
KXWNBA-26-GS,1783224000,0.08,1152.01,2026-07-05
KXWNBA-26-GS,1783310400,0.07,1199.37,2026-07-06
KXWNBA-26-GS,1783396800,0.08,3572.55,2026-07-07
KXWNBA-26-GS,1783483200,0.06,7350.19,2026-07-08
KXWNBA-26-GS,1783569600,0.07,4181.31,2026-07-09
KXWNBA-26-GS,1783656000,0.08,2428.15,2026-07-10
KXWNBA-26-GS,1783742400,0.08,1809.41,2026-07-11
KXWNBA-26-GS,1783828800,0.07,3917.91,2026-07-12
KXWNBA-26-GS,1783915200,0.1,978.11,2026-07-13
KXWNBA-26-GS,1784001600,0.09,1175.69,2026-07-14
KXWNBA-26-GS,1784088000,0.1,3547.75,2026-07-15
KXWNBA-26-GS,1784174400,0.12,12490.6,2026-07-16
KXWNBA-26-GS,1784260800,0.14,6939.62,2026-07-17
KXWNBA-26-GS,1784347200,0.14,1566.67,2026-07-18
KXWNBA-26-GS,1784433600,0.14,7454.99,2026-07-19
KXWNBA-26-GS,1784520000,0.12,10701.11,2026-07-20
KXWNBA-26-GS,1784606400,0.12,9350.15,2026-07-21
KXWNBA-26-GS,1784692800,0.12,5710.24,2026-07-22
KXWNBA-26-GS,1784779200,0.1,2054.94,2026-07-23
KXWNBA-26-GS,1784865600,0.1,2857.71,2026-07-24
KXWNBA-26-GS,1784952000,0.08,1946.45,2026-07-25
KXWNBA-26-GS,1785038400,0.09,4229.94,2026-07-26
KXWNBA-26-GS,1785124800,0.1,3890.23,2026-07-27
KXWNBA-26-GS,1785211200,0.1,19360.9,2026-07-28
KXWNBA-26-GS,1785297600,0.1,381.27,2026-07-29
KXWNBA-26-GS,1785384000,0.08,3194.96,2026-07-30
KXWNBA-26-GS,1785470400,0.09,3721.33,2026-07-31
KXWNBA-26-GS,1785556800,0.1,1446.58,2026-08-01
KXWNBA-26-GS,1785643200,0.09,770.77,2026-08-02
KXWNBA-26-GS,1785729600,0.07,683.47,2026-08-03
KXWNBA-26-GS,1785816000,0.09,799.82,2026-08-04
KXWNBA-26-GS,1785902400,0.09,1761.22,2026-08-05
KXWNBA-26-GS,1785988800,0.1,1548.91,2026-08-06
KXWNBA-26-GS,1786075200,0.08,1624.08,2026-08-07
KXWNBA-26-GS,1786161600,0.08,2213.37,2026-08-08
KXWNBA-26-GS,1786248000,0.08,7185.53,2026-08-09
KXWNBA-26-GS,1786334400,0.09,12190.21,2026-08-10
KXWNBA-26-GS,1786420800,0.08,3291.23,2026-08-11
KXWNBA-26-GS,1786507200,0.1,2479.56,2026-08-12
KXWNBA-26-GS,1786593600,0.1,1945.18,2026-08-13
KXWNBA-26-GS,1786680000,0.1,1159.5,2026-08-14
KXWNBA-26-GS,1786766400,0.08,10235.75,2026-08-15
KXWNBA-26-GS,1786852800,0.09,594.22,2026-08-16
KXWNBA-26-GS,1786939200,0.1,3158.57,2026-08-17
KXWNBA-26-GS,1787025600,0.1,14291.09,2026-08-18
KXWNBA-26-GS,1787112000,0.1,8138.07,2026-08-19
KXWNBA-26-GS,1787198400,0.1,13308.06,2026-08-20
KXWNBA-26-GS,1787284800,0.1,20259.35,2026-08-21
KXWNBA-26-GS,1787371200,0.07,15352.43,2026-08-22
KXWNBA-26-GS,1787457600,0.09,10719.85,2026-08-23
KXWNBA-26-GS,1787544000,0.1,1153.25,2026-08-24
KXWNBA-26-GS,1787630400,0.1,13851.61,2026-08-25
KXWNBA-26-GS,1787716800,0.11,18030.12,2026-08-26
KXWNBA-26-GS,1787803200,0.11,7932.36,2026-08-27
KXWNBA-26-GS,1787889600,0.11,17313.04,2026-08-28
KXWNBA-26-GS,1787976000,0.1,7618.51,2026-08-29
KXWNBA-26-GS,1788062400,0.11,13885.9,2026-08-30
KXWNBA-26-GS,1788148800,0.11,15712.07,2026-08-31
KXWNBA-26-GS,1788235200,0.12,17464.78,2026-09-01
KXWNBA-26-GS,1788321600,0.12,8355.61,2026-09-02
KXWNBA-26-GS,1788408000,0.09,13457.88,2026-09-03
KXWNBA-26-GS,1788494400,0.11,19919.75,2026-09-04
KXWNBA-26-GS,1788580800,0.12,5904.87,2026-09-05
KXWNBA-26-GS,1788667200,0.11,8142.12,2026-09-06
KXWNBA-26-GS,1788753600,0.11,20844.97,2026-09-07
KXWNBA-26-GS,1788840000,0.13,1820.14,2026-09-08
KXWNBA-26-IND,1781150400,0.09,309.57,2026-06-11
KXWNBA-26-IND,1781236800,0.08,1574.29,2026-06-12
KXWNBA-26-IND,1781323200,0.08,763.21,2026-06-13
KXWNBA-26-IND,1781409600,0.07,1366.13,2026-06-14
KXWNBA-26-IND,1781496000,0.07,975.91,2026-06-15
KXWNBA-26-IND,1781582400,0.09,755.74,2026-06-16
KXWNBA-26-IND,1781668800,0.09,613.64,2026-06-17
KXWNBA-26-IND,1781755200,0.08,1857.82,2026-06-18
KXWNBA-26-IND,1781841600,0.08,2524.73,2026-06-19
KXWNBA-26-IND,1781928000,0.08,1351.56,2026-06-20
KXWNBA-26-IND,1782014400,0.07,7.23,2026-06-21
KXWNBA-26-IND,1782100800,0.06,197.27,2026-06-22
KXWNBA-26-IND,1782187200,0.08,1544.45,2026-06-23
KXWNBA-26-IND,1782273600,0.08,6.82,2026-06-24
KXWNBA-26-IND,1782360000,0.06,933.81,2026-06-25
KXWNBA-26-IND,1782446400,0.07,2601.09,2026-06-26
KXWNBA-26-IND,1782532800,0.07,488.68,2026-06-27
KXWNBA-26-IND,1782619200,0.07,794.86,2026-06-28
KXWNBA-26-IND,1782705600,0.07,1222.06,2026-06-29
KXWNBA-26-IND,1782792000,0.06,1896.26,2026-06-30
KXWNBA-26-IND,1782878400,0.06,810.91,2026-07-01
KXWNBA-26-IND,1782964800,0.06,2590.82,2026-07-02
KXWNBA-26-IND,1783051200,0.07,884.35,2026-07-03
KXWNBA-26-IND,1783137600,0.06,1174.2,2026-07-04
KXWNBA-26-IND,1783224000,0.07,3536.28,2026-07-05
KXWNBA-26-IND,1783310400,0.07,3421.39,2026-07-06
KXWNBA-26-IND,1783396800,0.05,858.4,2026-07-07
KXWNBA-26-IND,1783483200,0.06,4080.97,2026-07-08
KXWNBA-26-IND,1783569600,0.06,1701.05,2026-07-09
KXWNBA-26-IND,1783656000,0.06,557.84,2026-07-10
KXWNBA-26-IND,1783742400,0.06,527.87,2026-07-11
KXWNBA-26-IND,1783828800,0.06,662.82,2026-07-12
KXWNBA-26-IND,1783915200,0.06,8989.07,2026-07-13
KXWNBA-26-IND,1784001600,0.07,15301.92,2026-07-14
KXWNBA-26-IND,1784088000,0.07,1596.14,2026-07-15
KXWNBA-26-IND,1784174400,0.08,11028.41,2026-07-16
KXWNBA-26-IND,1784260800,0.07,3501.67,2026-07-17
KXWNBA-26-IND,1784347200,0.07,3131.96,2026-07-18
KXWNBA-26-IND,1784433600,0.07,5358.4,2026-07-19
KXWNBA-26-IND,1784520000,0.08,6613.04,2026-07-20
KXWNBA-26-IND,1784606400,0.07,2648.67,2026-07-21
KXWNBA-26-IND,1784692800,0.08,3060.32,2026-07-22
KXWNBA-26-IND,1784779200,0.09,29212.57,2026-07-23
KXWNBA-26-IND,1784865600,0.09,40639.15,2026-07-24
KXWNBA-26-IND,1784952000,0.09,9176.48,2026-07-25
KXWNBA-26-IND,1785038400,0.09,15355.43,2026-07-26
KXWNBA-26-IND,1785124800,0.09,20646.87,2026-07-27
KXWNBA-26-IND,1785211200,0.07,14889.65,2026-07-28
KXWNBA-26-IND,1785297600,0.09,15264.18,2026-07-29
KXWNBA-26-IND,1785384000,0.1,12621.0,2026-07-30
KXWNBA-26-IND,1785470400,0.08,9122.85,2026-07-31
KXWNBA-26-IND,1785556800,0.1,11596.61,2026-08-01
KXWNBA-26-IND,1785643200,0.13,19462.58,2026-08-02
KXWNBA-26-IND,1785729600,0.11,21836.09,2026-08-03
KXWNBA-26-IND,1785816000,0.09,3114.1,2026-08-04
KXWNBA-26-IND,1785902400,0.1,6917.61,2026-08-05
KXWNBA-26-IND,1785988800,0.09,3757.81,2026-08-06
KXWNBA-26-IND,1786075200,0.1,20595.24,2026-08-07
KXWNBA-26-IND,1786161600,0.1,6210.85,2026-08-08
KXWNBA-26-IND,1786248000,0.09,8956.52,2026-08-09
KXWNBA-26-IND,1786334400,0.08,6873.24,2026-08-10
KXWNBA-26-IND,1786420800,0.09,8620.2,2026-08-11
KXWNBA-26-IND,1786507200,0.12,11022.12,2026-08-12
KXWNBA-26-IND,1786593600,0.11,10304.49,2026-08-13
KXWNBA-26-IND,1786680000,0.11,8352.76,2026-08-14
KXWNBA-26-IND,1786766400,0.09,10968.77,2026-08-15
KXWNBA-26-IND,1786852800,0.13,16375.5,2026-08-16
KXWNBA-26-IND,1786939200,0.13,7947.73,2026-08-17
KXWNBA-26-IND,1787025600,0.13,19164.61,2026-08-18
KXWNBA-26-IND,1787112000,0.13,36017.92,2026-08-19
KXWNBA-26-IND,1787198400,0.13,14443.01,2026-08-20
KXWNBA-26-IND,1787284800,0.13,28940.63,2026-08-21
KXWNBA-26-IND,1787371200,0.14,8290.52,2026-08-22
KXWNBA-26-IND,1787457600,0.11,10913.78,2026-08-23
KXWNBA-26-IND,1787544000,0.14,7756.83,2026-08-24
KXWNBA-26-IND,1787630400,0.11,10899.56,2026-08-25
KXWNBA-26-IND,1787716800,0.11,21014.63,2026-08-26
KXWNBA-26-IND,1787803200,0.13,3096.45,2026-08-27
KXWNBA-26-IND,1787889600,0.13,7259.38,2026-08-28
KXWNBA-26-IND,1787976000,0.1,3933.74,2026-08-29
KXWNBA-26-IND,1788062400,0.13,9157.99,2026-08-30
KXWNBA-26-IND,1788148800,0.12,6377.06,2026-08-31
KXWNBA-26-IND,1788235200,0.11,15533.32,2026-09-01
KXWNBA-26-IND,1788321600,0.12,21032.54,2026-09-02
KXWNBA-26-IND,1788408000,0.12,14125.35,2026-09-03
KXWNBA-26-IND,1788494400,0.11,4275.87,2026-09-04
KXWNBA-26-IND,1788580800,0.11,3085.67,2026-09-05
KXWNBA-26-IND,1788667200,0.1,8178.99,2026-09-06
KXWNBA-26-IND,1788753600,0.12,2008.0,2026-09-07
KXWNBA-26-IND,1788840000,0.11,5074.04,2026-09-08
KXWNBA-26-LV,1781150400,0.17,128.76,2026-06-11
KXWNBA-26-LV,1781236800,0.18,256.79,2026-06-12
KXWNBA-26-LV,1781323200,0.19,2885.6,2026-06-13
KXWNBA-26-LV,1781409600,0.18,2041.73,2026-06-14
KXWNBA-26-LV,1781496000,0.19,3465.51,2026-06-15
KXWNBA-26-LV,1781582400,0.2,433.99,2026-06-16
KXWNBA-26-LV,1781668800,0.23,2557.66,2026-06-17
KXWNBA-26-LV,1781755200,0.2,4.73,2026-06-18
KXWNBA-26-LV,1781841600,0.2,202.86,2026-06-19
KXWNBA-26-LV,1781928000,0.24,938.36,2026-06-20
KXWNBA-26-LV,1782014400,0.21,205.55,2026-06-21
KXWNBA-26-LV,1782100800,0.22,626.68,2026-06-22
KXWNBA-26-LV,1782187200,0.21,120.81,2026-06-23
KXWNBA-26-LV,1782273600,0.21,174.2,2026-06-24
KXWNBA-26-LV,1782360000,0.2,30.57,2026-06-25
KXWNBA-26-LV,1782446400,0.17,1518.21,2026-06-26
KXWNBA-26-LV,1782532800,0.16,148.85,2026-06-27
KXWNBA-26-LV,1782619200,0.15,1246.72,2026-06-28
KXWNBA-26-LV,1782705600,0.19,1698.38,2026-06-29
KXWNBA-26-LV,1782792000,0.17,1231.67,2026-06-30
KXWNBA-26-LV,1782878400,0.19,1250.42,2026-07-01
KXWNBA-26-LV,1782964800,0.14,663.55,2026-07-02
KXWNBA-26-LV,1783051200,0.17,185.27,2026-07-03
KXWNBA-26-LV,1783137600,0.18,223.97,2026-07-04
KXWNBA-26-LV,1783224000,0.17,88.64,2026-07-05
KXWNBA-26-LV,1783310400,0.14,218.16,2026-07-06
KXWNBA-26-LV,1783396800,0.16,387.5,2026-07-07
KXWNBA-26-LV,1783483200,0.17,11279.31,2026-07-08
KXWNBA-26-LV,1783569600,0.17,162.16,2026-07-09
KXWNBA-26-LV,1783656000,0.21,161.48,2026-07-10
KXWNBA-26-LV,1783742400,0.17,655.03,2026-07-11
KXWNBA-26-LV,1783828800,0.2,791.54,2026-07-12
KXWNBA-26-LV,1783915200,0.19,890.68,2026-07-13
KXWNBA-26-LV,1784001600,0.21,510.82,2026-07-14
KXWNBA-26-LV,1784088000,0.19,128.84,2026-07-15
KXWNBA-26-LV,1784174400,0.17,598.92,2026-07-16
KXWNBA-26-LV,1784260800,0.17,820.55,2026-07-17
KXWNBA-26-LV,1784347200,0.2,1266.37,2026-07-18
KXWNBA-26-LV,1784433600,0.19,684.9,2026-07-19
KXWNBA-26-LV,1784520000,0.2,1547.66,2026-07-20
KXWNBA-26-LV,1784606400,0.18,2559.34,2026-07-21
KXWNBA-26-LV,1784692800,0.18,4725.02,2026-07-22
KXWNBA-26-LV,1784779200,0.18,8026.52,2026-07-23
KXWNBA-26-LV,1784865600,0.18,3545.8,2026-07-24
KXWNBA-26-LV,1784952000,0.18,3664.45,2026-07-25
KXWNBA-26-LV,1785038400,0.18,10440.88,2026-07-26
KXWNBA-26-LV,1785124800,0.18,3375.91,2026-07-27
KXWNBA-26-LV,1785211200,0.17,1319.96,2026-07-28
KXWNBA-26-LV,1785297600,0.16,2527.03,2026-07-29
KXWNBA-26-LV,1785384000,0.16,3235.53,2026-07-30
KXWNBA-26-LV,1785470400,0.16,9289.32,2026-07-31
KXWNBA-26-LV,1785556800,0.15,1554.88,2026-08-01
KXWNBA-26-LV,1785643200,0.17,2338.08,2026-08-02
KXWNBA-26-LV,1785729600,0.17,2748.16,2026-08-03
KXWNBA-26-LV,1785816000,0.17,6064.1,2026-08-04
KXWNBA-26-LV,1785902400,0.15,3176.09,2026-08-05
KXWNBA-26-LV,1785988800,0.17,2950.43,2026-08-06
KXWNBA-26-LV,1786075200,0.17,3103.86,2026-08-07
KXWNBA-26-LV,1786161600,0.17,2247.48,2026-08-08
KXWNBA-26-LV,1786248000,0.16,1574.06,2026-08-09
KXWNBA-26-LV,1786334400,0.16,8426.3,2026-08-10
KXWNBA-26-LV,1786420800,0.16,504.84,2026-08-11
KXWNBA-26-LV,1786507200,0.17,3529.3,2026-08-12
KXWNBA-26-LV,1786593600,0.16,1105.65,2026-08-13
KXWNBA-26-LV,1786680000,0.17,12416.01,2026-08-14
KXWNBA-26-LV,1786766400,0.15,8690.62,2026-08-15
KXWNBA-26-LV,1786852800,0.17,842.11,2026-08-16
KXWNBA-26-LV,1786939200,0.17,784.32,2026-08-17
KXWNBA-26-LV,1787025600,0.17,819.42,2026-08-18
KXWNBA-26-LV,1787112000,0.13,1589.0,2026-08-19
KXWNBA-26-LV,1787198400,0.15,566.05,2026-08-20
KXWNBA-26-LV,1787284800,0.15,21949.66,2026-08-21
KXWNBA-26-LV,1787371200,0.13,511.78,2026-08-22
KXWNBA-26-LV,1787457600,0.15,732.63,2026-08-23
KXWNBA-26-LV,1787544000,0.15,1769.48,2026-08-24
KXWNBA-26-LV,1787630400,0.14,9477.02,2026-08-25
KXWNBA-26-LV,1787716800,0.15,442.32,2026-08-26
KXWNBA-26-LV,1787803200,0.15,1840.83,2026-08-27
KXWNBA-26-LV,1787889600,0.15,996.09,2026-08-28
KXWNBA-26-LV,1787976000,0.13,398.31,2026-08-29
KXWNBA-26-LV,1788062400,0.13,1070.21,2026-08-30
KXWNBA-26-LV,1788148800,0.1,6523.69,2026-08-31
KXWNBA-26-LV,1788235200,0.12,27644.93,2026-09-01
KXWNBA-26-LV,1788321600,0.14,4289.2,2026-09-02
KXWNBA-26-LV,1788408000,0.1,4286.91,2026-09-03
KXWNBA-26-LV,1788494400,0.1,19944.67,2026-09-04
KXWNBA-26-LV,1788580800,0.12,3903.52,2026-09-05
KXWNBA-26-LV,1788667200,0.1,4648.32,2026-09-06
KXWNBA-26-LV,1788753600,0.12,1838.39,2026-09-07
KXWNBA-26-LV,1788840000,0.12,6223.97,2026-09-08
KXWNBA-26-MIN,1781150400,0.33,2987.85,2026-06-11
KXWNBA-26-MIN,1781236800,0.28,934.46,2026-06-12
KXWNBA-26-MIN,1781323200,0.27,1446.58,2026-06-13
KXWNBA-26-MIN,1781409600,0.3,1673.27,2026-06-14
KXWNBA-26-MIN,1781496000,0.27,3692.15,2026-06-15
KXWNBA-26-MIN,1781582400,0.3,2745.84,2026-06-16
KXWNBA-26-MIN,1781668800,0.27,2424.84,2026-06-17
KXWNBA-26-MIN,1781755200,0.27,2139.49,2026-06-18
KXWNBA-26-MIN,1781841600,0.29,4978.99,2026-06-19
KXWNBA-26-MIN,1781928000,0.3,1978.08,2026-06-20
KXWNBA-26-MIN,1782014400,0.38,1170.08,2026-06-21
KXWNBA-26-MIN,1782100800,0.28,1145.74,2026-06-22
KXWNBA-26-MIN,1782187200,0.28,4520.97,2026-06-23
KXWNBA-26-MIN,1782273600,0.28,4681.65,2026-06-24
KXWNBA-26-MIN,1782360000,0.3,1110.91,2026-06-25
KXWNBA-26-MIN,1782446400,0.31,1504.02,2026-06-26
KXWNBA-26-MIN,1782532800,0.28,6540.46,2026-06-27
KXWNBA-26-MIN,1782619200,0.29,1057.22,2026-06-28
KXWNBA-26-MIN,1782705600,0.29,7028.08,2026-06-29
KXWNBA-26-MIN,1782792000,0.29,6831.55,2026-06-30
KXWNBA-26-MIN,1782878400,0.3,2578.46,2026-07-01
KXWNBA-26-MIN,1782964800,0.31,2622.55,2026-07-02
KXWNBA-26-MIN,1783051200,0.31,608.54,2026-07-03
KXWNBA-26-MIN,1783137600,0.3,1071.73,2026-07-04
KXWNBA-26-MIN,1783224000,0.36,447.1,2026-07-05
KXWNBA-26-MIN,1783310400,0.32,2904.75,2026-07-06
KXWNBA-26-MIN,1783396800,0.31,334.4,2026-07-07
KXWNBA-26-MIN,1783483200,0.31,602.26,2026-07-08
KXWNBA-26-MIN,1783569600,0.34,11487.99,2026-07-09
KXWNBA-26-MIN,1783656000,0.36,161.81,2026-07-10
KXWNBA-26-MIN,1783742400,0.35,502.79,2026-07-11
KXWNBA-26-MIN,1783828800,0.35,1088.18,2026-07-12
KXWNBA-26-MIN,1783915200,0.35,1538.75,2026-07-13
KXWNBA-26-MIN,1784001600,0.35,521.31,2026-07-14
KXWNBA-26-MIN,1784088000,0.37,1349.32,2026-07-15
KXWNBA-26-MIN,1784174400,0.35,1185.46,2026-07-16
KXWNBA-26-MIN,1784260800,0.37,1630.84,2026-07-17
KXWNBA-26-MIN,1784347200,0.36,2796.9,2026-07-18
KXWNBA-26-MIN,1784433600,0.36,1667.69,2026-07-19
KXWNBA-26-MIN,1784520000,0.37,1596.68,2026-07-20
KXWNBA-26-MIN,1784606400,0.37,1803.93,2026-07-21
KXWNBA-26-MIN,1784692800,0.37,4544.05,2026-07-22
KXWNBA-26-MIN,1784779200,0.41,27647.98,2026-07-23
KXWNBA-26-MIN,1784865600,0.42,8662.82,2026-07-24
KXWNBA-26-MIN,1784952000,0.41,5815.07,2026-07-25
KXWNBA-26-MIN,1785038400,0.43,3536.05,2026-07-26
KXWNBA-26-MIN,1785124800,0.4,7545.55,2026-07-27
KXWNBA-26-MIN,1785211200,0.42,3636.41,2026-07-28
KXWNBA-26-MIN,1785297600,0.42,3910.3,2026-07-29
KXWNBA-26-MIN,1785384000,0.42,3127.83,2026-07-30
KXWNBA-26-MIN,1785470400,0.46,17679.1,2026-07-31
KXWNBA-26-MIN,1785556800,0.44,4581.99,2026-08-01
KXWNBA-26-MIN,1785643200,0.45,2062.3,2026-08-02
KXWNBA-26-MIN,1785729600,0.47,7619.3,2026-08-03
KXWNBA-26-MIN,1785816000,0.47,2780.1,2026-08-04
KXWNBA-26-MIN,1785902400,0.45,3555.61,2026-08-05
KXWNBA-26-MIN,1785988800,0.46,2098.26,2026-08-06
KXWNBA-26-MIN,1786075200,0.44,15767.3,2026-08-07
KXWNBA-26-MIN,1786161600,0.44,3494.71,2026-08-08
KXWNBA-26-MIN,1786248000,0.44,4891.65,2026-08-09
KXWNBA-26-MIN,1786334400,0.47,9602.19,2026-08-10
KXWNBA-26-MIN,1786420800,0.48,13938.39,2026-08-11
KXWNBA-26-MIN,1786507200,0.48,2519.82,2026-08-12
KXWNBA-26-MIN,1786593600,0.48,3979.61,2026-08-13
KXWNBA-26-MIN,1786680000,0.48,2869.77,2026-08-14
KXWNBA-26-MIN,1786766400,0.48,11959.37,2026-08-15
KXWNBA-26-MIN,1786852800,0.5,5764.4,2026-08-16
KXWNBA-26-MIN,1786939200,0.5,4215.16,2026-08-17
KXWNBA-26-MIN,1787025600,0.5,1202.12,2026-08-18
KXWNBA-26-MIN,1787112000,0.49,6848.16,2026-08-19
KXWNBA-26-MIN,1787198400,0.46,26314.92,2026-08-20
KXWNBA-26-MIN,1787284800,0.47,24206.56,2026-08-21
KXWNBA-26-MIN,1787371200,0.49,3311.96,2026-08-22
KXWNBA-26-MIN,1787457600,0.49,4892.81,2026-08-23
KXWNBA-26-MIN,1787544000,0.49,4740.86,2026-08-24
KXWNBA-26-MIN,1787630400,0.45,12942.12,2026-08-25
KXWNBA-26-MIN,1787716800,0.46,3335.77,2026-08-26
KXWNBA-26-MIN,1787803200,0.46,1442.56,2026-08-27
KXWNBA-26-MIN,1787889600,0.47,2654.81,2026-08-28
KXWNBA-26-MIN,1787976000,0.47,2267.58,2026-08-29
KXWNBA-26-MIN,1788062400,0.45,1342.93,2026-08-30
KXWNBA-26-MIN,1788148800,0.45,2043.78,2026-08-31
KXWNBA-26-MIN,1788235200,0.43,14175.9,2026-09-01
KXWNBA-26-MIN,1788321600,0.45,9242.45,2026-09-02
KXWNBA-26-MIN,1788408000,0.45,7742.58,2026-09-03
KXWNBA-26-MIN,1788494400,0.46,8724.37,2026-09-04
KXWNBA-26-MIN,1788580800,0.46,1627.92,2026-09-05
KXWNBA-26-MIN,1788667200,0.45,14293.76,2026-09-06
KXWNBA-26-MIN,1788753600,0.46,2749.71,2026-09-07
KXWNBA-26-MIN,1788840000,0.48,6034.7,2026-09-08
KXWNBA-26-NY,1781150400,0.26,752.19,2026-06-11
KXWNBA-26-NY,1781236800,0.2,154.24,2026-06-12
KXWNBA-26-NY,1781323200,0.23,118.35,2026-06-13
KXWNBA-26-NY,1781409600,0.2,1494.36,2026-06-14
KXWNBA-26-NY,1781496000,0.24,3337.64,2026-06-15
KXWNBA-26-NY,1781582400,0.24,1152.83,2026-06-16
KXWNBA-26-NY,1781668800,0.25,1661.87,2026-06-17
KXWNBA-26-NY,1781755200,0.23,337.1,2026-06-18
KXWNBA-26-NY,1781841600,0.23,2536.04,2026-06-19
KXWNBA-26-NY,1781928000,0.22,1905.75,2026-06-20
KXWNBA-26-NY,1782014400,0.21,166.22,2026-06-21
KXWNBA-26-NY,1782100800,0.21,167.59,2026-06-22
KXWNBA-26-NY,1782187200,0.22,101.32,2026-06-23
KXWNBA-26-NY,1782273600,0.24,2336.43,2026-06-24
KXWNBA-26-NY,1782360000,0.21,372.47,2026-06-25
KXWNBA-26-NY,1782446400,0.24,952.1,2026-06-26
KXWNBA-26-NY,1782532800,0.24,89.17,2026-06-27
KXWNBA-26-NY,1782619200,0.24,175.63,2026-06-28
KXWNBA-26-NY,1782705600,0.23,352.1,2026-06-29
KXWNBA-26-NY,1782792000,0.22,143.05,2026-06-30
KXWNBA-26-NY,1782878400,0.21,4778.82,2026-07-01
KXWNBA-26-NY,1782964800,0.15,3356.23,2026-07-02
KXWNBA-26-NY,1783051200,0.19,201.42,2026-07-03
KXWNBA-26-NY,1783137600,0.23,4310.0,2026-07-04
KXWNBA-26-NY,1783224000,0.22,518.92,2026-07-05
KXWNBA-26-NY,1783310400,0.21,665.57,2026-07-06
KXWNBA-26-NY,1783396800,0.2,428.21,2026-07-07
KXWNBA-26-NY,1783483200,0.19,346.94,2026-07-08
KXWNBA-26-NY,1783569600,0.18,363.93,2026-07-09
KXWNBA-26-NY,1783656000,0.19,302.09,2026-07-10
KXWNBA-26-NY,1783742400,0.18,128.81,2026-07-11
KXWNBA-26-NY,1783828800,0.15,189.61,2026-07-12
KXWNBA-26-NY,1783915200,0.13,582.55,2026-07-13
KXWNBA-26-NY,1784001600,0.15,1897.51,2026-07-14
KXWNBA-26-NY,1784088000,0.16,39.76,2026-07-15
KXWNBA-26-NY,1784174400,0.16,451.84,2026-07-16
KXWNBA-26-NY,1784260800,0.16,775.5,2026-07-17
KXWNBA-26-NY,1784347200,0.16,219.34,2026-07-18
KXWNBA-26-NY,1784433600,0.15,186.87,2026-07-19
KXWNBA-26-NY,1784520000,0.13,82.07,2026-07-20
KXWNBA-26-NY,1784606400,0.15,51137.49,2026-07-21
KXWNBA-26-NY,1784692800,0.14,10254.65,2026-07-22
KXWNBA-26-NY,1784779200,0.14,422.21,2026-07-23
KXWNBA-26-NY,1784865600,0.14,1370.16,2026-07-24
KXWNBA-26-NY,1784952000,0.14,3308.64,2026-07-25
KXWNBA-26-NY,1785038400,0.14,2882.02,2026-07-26
KXWNBA-26-NY,1785124800,0.13,4983.86,2026-07-27
KXWNBA-26-NY,1785211200,0.13,1684.25,2026-07-28
KXWNBA-26-NY,1785297600,0.13,947.89,2026-07-29
KXWNBA-26-NY,1785384000,0.13,1202.33,2026-07-30
KXWNBA-26-NY,1785470400,0.1,1229.24,2026-07-31
KXWNBA-26-NY,1785556800,0.1,453.67,2026-08-01
KXWNBA-26-NY,1785643200,0.11,745.15,2026-08-02
KXWNBA-26-NY,1785729600,0.11,583.66,2026-08-03
KXWNBA-26-NY,1785816000,0.11,252.62,2026-08-04
KXWNBA-26-NY,1785902400,0.07,1176.88,2026-08-05
KXWNBA-26-NY,1785988800,0.07,503.39,2026-08-06
KXWNBA-26-NY,1786075200,0.09,14834.66,2026-08-07
KXWNBA-26-NY,1786161600,0.1,13072.05,2026-08-08
KXWNBA-26-NY,1786248000,0.09,773.7,2026-08-09
KXWNBA-26-NY,1786334400,0.09,4716.03,2026-08-10
KXWNBA-26-NY,1786420800,0.08,255.61,2026-08-11
KXWNBA-26-NY,1786507200,0.08,2157.1,2026-08-12
KXWNBA-26-NY,1786593600,0.09,72.44,2026-08-13
KXWNBA-26-NY,1786680000,0.09,1342.0,2026-08-14
KXWNBA-26-NY,1786766400,0.06,2757.0,2026-08-15
KXWNBA-26-NY,1786852800,0.06,1782.59,2026-08-16
KXWNBA-26-NY,1786939200,0.06,3874.27,2026-08-17
KXWNBA-26-NY,1787025600,0.06,1760.43,2026-08-18
KXWNBA-26-NY,1787112000,0.07,39489.56,2026-08-19
KXWNBA-26-NY,1787198400,0.06,31018.51,2026-08-20
KXWNBA-26-NY,1787284800,0.06,21.54,2026-08-21
KXWNBA-26-NY,1787371200,0.07,400.47,2026-08-22
KXWNBA-26-NY,1787457600,0.08,53361.86,2026-08-23
KXWNBA-26-NY,1787544000,0.08,25178.71,2026-08-24
KXWNBA-26-NY,1787630400,0.08,2362.81,2026-08-25
KXWNBA-26-NY,1787716800,0.07,48175.69,2026-08-26
KXWNBA-26-NY,1787803200,0.08,3166.47,2026-08-27
KXWNBA-26-NY,1787889600,0.06,364.95,2026-08-28
KXWNBA-26-NY,1787976000,0.06,253.41,2026-08-29
KXWNBA-26-NY,1788062400,0.08,1299.08,2026-08-30
KXWNBA-26-NY,1788148800,0.08,18.09,2026-08-31
KXWNBA-26-NY,1788235200,0.07,1804.12,2026-09-01
KXWNBA-26-NY,1788321600,0.07,438.64,2026-09-02
KXWNBA-26-NY,1788408000,0.07,1956.6,2026-09-03
KXWNBA-26-NY,1788494400,0.07,4761.12,2026-09-04
KXWNBA-26-NY,1788580800,0.06,1015.29,2026-09-05
KXWNBA-26-NY,1788667200,0.07,790.68,2026-09-06
KXWNBA-26-NY,1788753600,0.06,49.59,2026-09-07
KXWNBA-26-NY,1788840000,0.07,37.7,2026-09-08
KXWNBA-26-WSH,1781150400,,0.0,2026-06-11
KXWNBA-26-WSH,1781236800,,0.0,2026-06-12
KXWNBA-26-WSH,1781323200,,0.0,2026-06-13
KXWNBA-26-WSH,1781409600,0.01,93.51,2026-06-14
KXWNBA-26-WSH,1781496000,,0.0,2026-06-15
KXWNBA-26-WSH,1781582400,,0.0,2026-06-16
KXWNBA-26-WSH,1781668800,,0.0,2026-06-17
KXWNBA-26-WSH,1781755200,,0.0,2026-06-18
KXWNBA-26-WSH,1781841600,0.01,93.0,2026-06-19
KXWNBA-26-WSH,1781928000,,0.0,2026-06-20
KXWNBA-26-WSH,1782014400,,0.0,2026-06-21
KXWNBA-26-WSH,1782100800,0.01,2425.51,2026-06-22
KXWNBA-26-WSH,1782187200,0.01,733.0,2026-06-23
KXWNBA-26-WSH,1782273600,0.01,505.0,2026-06-24
KXWNBA-26-WSH,1782360000,0.01,280.55,2026-06-25
KXWNBA-26-WSH,1782446400,,0.0,2026-06-26
KXWNBA-26-WSH,1782532800,0.01,156.71,2026-06-27
KXWNBA-26-WSH,1782705600,0.01,1401.33,2026-06-29
KXWNBA-26-WSH,1782792000,,0.0,2026-06-30
KXWNBA-26-WSH,1782878400,,0.0,2026-07-01
KXWNBA-26-WSH,1782964800,,0.0,2026-07-02
KXWNBA-26-WSH,1783051200,0.01,467.58,2026-07-03
KXWNBA-26-WSH,1783137600,,0.0,2026-07-04
KXWNBA-26-WSH,1783310400,0.01,829.57,2026-07-06
KXWNBA-26-WSH,1783396800,,0.0,2026-07-07
KXWNBA-26-WSH,1783483200,,0.0,2026-07-08
KXWNBA-26-WSH,1783569600,0.01,33.0,2026-07-09
KXWNBA-26-WSH,1783656000,0.01,9351.0,2026-07-10
KXWNBA-26-WSH,1783742400,0.01,100.0,2026-07-11
KXWNBA-26-WSH,1783828800,,0.0,2026-07-12
KXWNBA-26-WSH,1783915200,0.01,2.0,2026-07-13
KXWNBA-26-WSH,1784001600,,0.0,2026-07-14
KXWNBA-26-WSH,1784088000,,0.0,2026-07-15
KXWNBA-26-WSH,1784174400,,0.0,2026-07-16
KXWNBA-26-WSH,1784260800,0.01,1000.0,2026-07-17
KXWNBA-26-WSH,1784347200,0.01,9.35,2026-07-18
KXWNBA-26-WSH,1784433600,0.01,280.54,2026-07-19
KXWNBA-26-WSH,1784520000,0.01,243.0,2026-07-20
KXWNBA-26-WSH,1784606400,,0.0,2026-07-21
KXWNBA-26-WSH,1784692800,,0.0,2026-07-22
KXWNBA-26-WSH,1784779200,0.01,1047.0,2026-07-23
KXWNBA-26-WSH,1784865600,0.01,3343.51,2026-07-24
KXWNBA-26-WSH,1784952000,0.01,950.0,2026-07-25
KXWNBA-26-WSH,1785038400,0.01,904.0,2026-07-26
KXWNBA-26-WSH,1785124800,0.01,1313.94,2026-07-27
KXWNBA-26-WSH,1785211200,0.01,3463.55,2026-07-28
KXWNBA-26-WSH,1785297600,0.01,266.79,2026-07-29
KXWNBA-26-WSH,1785384000,0.01,10238.0,2026-07-30
KXWNBA-26-WSH,1785470400,0.01,1589.81,2026-07-31
KXWNBA-26-WSH,1785556800,0.01,708.13,2026-08-01
KXWNBA-26-WSH,1785643200,0.01,4053.78,2026-08-02
KXWNBA-26-WSH,1785729600,0.01,93.51,2026-08-03
KXWNBA-26-WSH,1785816000,0.01,1975.0,2026-08-04
KXWNBA-26-WSH,1785902400,0.01,140.27,2026-08-05
KXWNBA-26-WSH,1785988800,0.01,11762.74,2026-08-06
KXWNBA-26-WSH,1786075200,0.01,100476.97,2026-08-07
KXWNBA-26-WSH,1786161600,0.01,10421.34,2026-08-08
KXWNBA-26-WSH,1786248000,0.02,7406.49,2026-08-09
KXWNBA-26-WSH,1786334400,0.02,13397.24,2026-08-10
KXWNBA-26-WSH,1786420800,0.02,7387.31,2026-08-11
KXWNBA-26-WSH,1786507200,0.02,1469.84,2026-08-12
KXWNBA-26-WSH,1786593600,0.02,1997.25,2026-08-13
KXWNBA-26-WSH,1786680000,0.02,1112.11,2026-08-14
KXWNBA-26-WSH,1786766400,0.02,46.84,2026-08-15
KXWNBA-26-WSH,1786852800,0.01,980.39,2026-08-16
KXWNBA-26-WSH,1786939200,0.02,422.22,2026-08-17
KXWNBA-26-WSH,1787025600,0.01,2046.21,2026-08-18
KXWNBA-26-WSH,1787112000,0.02,1635.5,2026-08-19
KXWNBA-26-WSH,1787198400,0.02,982.59,2026-08-20
KXWNBA-26-WSH,1787284800,0.02,276.06,2026-08-21
KXWNBA-26-WSH,1787371200,0.01,1954.2,2026-08-22
KXWNBA-26-WSH,1787457600,0.02,46.79,2026-08-23
KXWNBA-26-WSH,1787544000,0.02,405.74,2026-08-24
KXWNBA-26-WSH,1787630400,0.02,669.79,2026-08-25
KXWNBA-26-WSH,1787716800,0.01,5204.65,2026-08-26
KXWNBA-26-WSH,1787803200,0.02,352.62,2026-08-27
KXWNBA-26-WSH,1787889600,0.02,2976.17,2026-08-28
KXWNBA-26-WSH,1787976000,0.02,8348.73,2026-08-29
KXWNBA-26-WSH,1788062400,0.02,3.0,2026-08-30
KXWNBA-26-WSH,1788148800,0.02,2317.71,2026-08-31
KXWNBA-26-WSH,1788235200,0.02,1451.92,2026-09-01
KXWNBA-26-WSH,1788321600,0.02,509.74,2026-09-02
KXWNBA-26-WSH,1788408000,0.02,2503.26,2026-09-03
KXWNBA-26-WSH,1788494400,0.01,1030.28,2026-09-04
KXWNBA-26-WSH,1788580800,0.02,717.21,2026-09-05
KXWNBA-26-WSH,1788667200,0.02,1461.95,2026-09-06
KXWNBA-26-WSH,1788753600,0.02,60.87,2026-09-07
KXWNBA-26-WSH,1788840000,0.02,825.0,2026-09-08
KXRATECUTCOUNT-26DEC31-T0,1781150400,0.71,14579.77,2026-06-11
KXRATECUTCOUNT-26DEC31-T0,1781236800,0.771,13354.14,2026-06-12
KXRATECUTCOUNT-26DEC31-T0,1781323200,0.752,1049.05,2026-06-13
KXRATECUTCOUNT-26DEC31-T0,1781409600,0.741,1819.45,2026-06-14
KXRATECUTCOUNT-26DEC31-T0,1781496000,0.664,13146.31,2026-06-15
KXRATECUTCOUNT-26DEC31-T0,1781582400,0.716,10563.15,2026-06-16
KXRATECUTCOUNT-26DEC31-T0,1781668800,0.688,19492.38,2026-06-17
KXRATECUTCOUNT-26DEC31-T0,1781755200,0.779,53224.19,2026-06-18
KXRATECUTCOUNT-26DEC31-T0,1781841600,0.761,11864.25,2026-06-19
KXRATECUTCOUNT-26DEC31-T0,1781928000,0.776,12506.54,2026-06-20
KXRATECUTCOUNT-26DEC31-T0,1782014400,0.78,17076.97,2026-06-21
KXRATECUTCOUNT-26DEC31-T0,1782100800,0.782,2351.11,2026-06-22
KXRATECUTCOUNT-26DEC31-T0,1782187200,0.733,13082.09,2026-06-23
KXRATECUTCOUNT-26DEC31-T0,1782273600,0.75,11176.29,2026-06-24
KXRATECUTCOUNT-26DEC31-T0,1782360000,0.791,18327.53,2026-06-25
KXRATECUTCOUNT-26DEC31-T0,1782446400,0.773,2784.78,2026-06-26
KXRATECUTCOUNT-26DEC31-T0,1782532800,0.767,15844.09,2026-06-27
KXRATECUTCOUNT-26DEC31-T0,1782619200,0.774,12526.9,2026-06-28
KXRATECUTCOUNT-26DEC31-T0,1782705600,0.789,157941.04,2026-06-29
KXRATECUTCOUNT-26DEC31-T0,1782792000,0.788,31280.82,2026-06-30
KXRATECUTCOUNT-26DEC31-T0,1782878400,0.778,31757.43,2026-07-01
KXRATECUTCOUNT-26DEC31-T0,1782964800,0.774,47136.04,2026-07-02
KXRATECUTCOUNT-26DEC31-T0,1783051200,0.741,49197.86,2026-07-03
KXRATECUTCOUNT-26DEC31-T0,1783137600,0.741,4021.63,2026-07-04
KXRATECUTCOUNT-26DEC31-T0,1783224000,0.744,3079.08,2026-07-05
KXRATECUTCOUNT-26DEC31-T0,1783310400,0.757,4975.48,2026-07-06
KXRATECUTCOUNT-26DEC31-T0,1783396800,0.75,37308.17,2026-07-07
KXRATECUTCOUNT-26DEC31-T0,1783483200,0.763,8161.88,2026-07-08
KXRATECUTCOUNT-26DEC31-T0,1783569600,0.762,7510.43,2026-07-09
KXRATECUTCOUNT-26DEC31-T0,1783656000,0.761,9164.58,2026-07-10
KXRATECUTCOUNT-26DEC31-T0,1783742400,0.759,26456.49,2026-07-11
KXRATECUTCOUNT-26DEC31-T0,1783828800,0.752,12445.04,2026-07-12
KXRATECUTCOUNT-26DEC31-T0,1783915200,0.752,621.9,2026-07-13
KXRATECUTCOUNT-26DEC31-T0,1784001600,0.762,6117.78,2026-07-14
KXRATECUTCOUNT-26DEC31-T0,1784088000,0.773,12669.97,2026-07-15
KXRATECUTCOUNT-26DEC31-T0,1784174400,0.789,7678.88,2026-07-16
KXRATECUTCOUNT-26DEC31-T0,1784260800,0.81,5895.91,2026-07-17
KXRATECUTCOUNT-26DEC31-T0,1784347200,0.8,11806.77,2026-07-18
KXRATECUTCOUNT-26DEC31-T0,1784433600,0.797,12401.94,2026-07-19
KXRATECUTCOUNT-26DEC31-T0,1784520000,0.803,1658.9,2026-07-20
KXRATECUTCOUNT-26DEC31-T0,1784606400,0.818,12858.51,2026-07-21
KXRATECUTCOUNT-26DEC31-T0,1784692800,0.828,11640.53,2026-07-22
KXRATECUTCOUNT-26DEC31-T0,1784779200,0.807,31817.21,2026-07-23
KXRATECUTCOUNT-26DEC31-T0,1784865600,0.827,14770.7,2026-07-24
KXRATECUTCOUNT-26DEC31-T0,1784952000,0.828,3607.3,2026-07-25
KXRATECUTCOUNT-26DEC31-T0,1785038400,0.819,1784.3,2026-07-26
KXRATECUTCOUNT-26DEC31-T0,1785124800,0.829,2506.58,2026-07-27
KXRATECUTCOUNT-26DEC31-T0,1785211200,0.845,4248.55,2026-07-28
KXRATECUTCOUNT-26DEC31-T0,1785297600,0.823,5199.31,2026-07-29
KXRATECUTCOUNT-26DEC31-T0,1785384000,0.849,21345.84,2026-07-30
KXRATECUTCOUNT-26DEC31-T0,1785470400,0.849,8347.61,2026-07-31
KXRATECUTCOUNT-26DEC31-T0,1785556800,0.85,12221.99,2026-08-01
KXRATECUTCOUNT-26DEC31-T0,1785643200,0.87,26404.12,2026-08-02
KXRATECUTCOUNT-26DEC31-T0,1785729600,0.865,2112.96,2026-08-03
KXRATECUTCOUNT-26DEC31-T0,1785816000,0.874,5415.16,2026-08-04
KXRATECUTCOUNT-26DEC31-T0,1785902400,0.868,3581.43,2026-08-05
KXRATECUTCOUNT-26DEC31-T0,1785988800,0.867,1116.54,2026-08-06
KXRATECUTCOUNT-26DEC31-T0,1786075200,0.862,14341.31,2026-08-07
KXRATECUTCOUNT-26DEC31-T0,1786161600,0.861,32603.05,2026-08-08
KXRATECUTCOUNT-26DEC31-T0,1786248000,0.862,3053.23,2026-08-09
KXRATECUTCOUNT-26DEC31-T0,1786334400,0.861,3231.15,2026-08-10
KXRATECUTCOUNT-26DEC31-T0,1786420800,0.86,7227.04,2026-08-11
KXRATECUTCOUNT-26DEC31-T0,1786507200,0.871,3990.86,2026-08-12
KXRATECUTCOUNT-26DEC31-T0,1786593600,0.863,2153.25,2026-08-13
KXRATECUTCOUNT-26DEC31-T0,1786680000,0.858,1740.83,2026-08-14
KXRATECUTCOUNT-26DEC31-T0,1786766400,0.861,48641.33,2026-08-15
KXRATECUTCOUNT-26DEC31-T0,1786852800,0.861,10249.37,2026-08-16
KXRATECUTCOUNT-26DEC31-T0,1786939200,0.859,1589.55,2026-08-17
KXRATECUTCOUNT-26DEC31-T0,1787025600,0.854,1380.47,2026-08-18
KXRATECUTCOUNT-26DEC31-T0,1787112000,0.865,1082.07,2026-08-19
KXRATECUTCOUNT-26DEC31-T0,1787198400,0.871,6578.02,2026-08-20
KXRATECUTCOUNT-26DEC31-T0,1787284800,0.854,4412.99,2026-08-21
KXRATECUTCOUNT-26DEC31-T0,1787371200,0.868,14010.38,2026-08-22
KXRATECUTCOUNT-26DEC31-T0,1787457600,0.879,8348.29,2026-08-23
KXRATECUTCOUNT-26DEC31-T0,1787544000,0.868,1511.87,2026-08-24
KXRATECUTCOUNT-26DEC31-T0,1787630400,0.864,3366.65,2026-08-25
KXRATECUTCOUNT-26DEC31-T0,1787716800,0.877,1256.13,2026-08-26
KXRATECUTCOUNT-26DEC31-T0,1787803200,0.886,5943.35,2026-08-27
KXRATECUTCOUNT-26DEC31-T0,1787889600,0.891,5665.47,2026-08-28
KXRATECUTCOUNT-26DEC31-T0,1787976000,0.906,11934.02,2026-08-29
KXRATECUTCOUNT-26DEC31-T0,1788062400,0.896,6512.59,2026-08-30
KXRATECUTCOUNT-26DEC31-T0,1788148800,0.901,3565.58,2026-08-31
KXRATECUTCOUNT-26DEC31-T0,1788235200,0.904,2223.11,2026-09-01
KXRATECUTCOUNT-26DEC31-T0,1788321600,0.888,9841.24,2026-09-02
KXRATECUTCOUNT-26DEC31-T0,1788408000,0.879,26327.12,2026-09-03
KXRATECUTCOUNT-26DEC31-T0,1788494400,0.878,11226.22,2026-09-04
KXRATECUTCOUNT-26DEC31-T0,1788580800,0.92,17896.78,2026-09-05
KXRATECUTCOUNT-26DEC31-T0,1788667200,0.919,3475.71,2026-09-06
KXRATECUTCOUNT-26DEC31-T0,1788753600,0.911,10405.26,2026-09-07
KXRATECUTCOUNT-26DEC31-T0,1788840000,0.915,4425.31,2026-09-08
KXRATECUTCOUNT-26DEC31-T1,1781150400,0.17,1956.65,2026-06-11
KXRATECUTCOUNT-26DEC31-T1,1781236800,0.168,5365.24,2026-06-12
KXRATECUTCOUNT-26DEC31-T1,1781323200,0.208,1574.22,2026-06-13
KXRATECUTCOUNT-26DEC31-T1,1781409600,0.217,2648.7,2026-06-14
KXRATECUTCOUNT-26DEC31-T1,1781496000,0.188,1801.28,2026-06-15
KXRATECUTCOUNT-26DEC31-T1,1781582400,0.209,6083.18,2026-06-16
KXRATECUTCOUNT-26DEC31-T1,1781668800,0.197,12784.22,2026-06-17
KXRATECUTCOUNT-26DEC31-T1,1781755200,0.147,44214.41,2026-06-18
KXRATECUTCOUNT-26DEC31-T1,1781841600,0.188,9664.94,2026-06-19
KXRATECUTCOUNT-26DEC31-T1,1781928000,0.188,8372.26,2026-06-20
KXRATECUTCOUNT-26DEC31-T1,1782014400,0.187,11471.47,2026-06-21
KXRATECUTCOUNT-26DEC31-T1,1782100800,0.16,1222.06,2026-06-22
KXRATECUTCOUNT-26DEC31-T1,1782187200,0.179,4061.18,2026-06-23
KXRATECUTCOUNT-26DEC31-T1,1782273600,0.14,6497.28,2026-06-24
KXRATECUTCOUNT-26DEC31-T1,1782360000,0.19,8585.71,2026-06-25
KXRATECUTCOUNT-26DEC31-T1,1782446400,0.172,3539.7,2026-06-26
KXRATECUTCOUNT-26DEC31-T1,1782532800,0.15,5648.9,2026-06-27
KXRATECUTCOUNT-26DEC31-T1,1782619200,0.157,944.99,2026-06-28
KXRATECUTCOUNT-26DEC31-T1,1782705600,0.19,2893.36,2026-06-29
KXRATECUTCOUNT-26DEC31-T1,1782792000,0.195,991.76,2026-06-30
KXRATECUTCOUNT-26DEC31-T1,1782878400,0.196,5314.15,2026-07-01
KXRATECUTCOUNT-26DEC31-T1,1782964800,0.197,2145.15,2026-07-02
KXRATECUTCOUNT-26DEC31-T1,1783051200,0.182,9922.05,2026-07-03
KXRATECUTCOUNT-26DEC31-T1,1783137600,0.22,3347.4,2026-07-04
KXRATECUTCOUNT-26DEC31-T1,1783224000,0.18,2858.3,2026-07-05
KXRATECUTCOUNT-26DEC31-T1,1783310400,0.179,3475.14,2026-07-06
KXRATECUTCOUNT-26DEC31-T1,1783396800,0.197,5450.66,2026-07-07
KXRATECUTCOUNT-26DEC31-T1,1783483200,0.199,4301.66,2026-07-08
KXRATECUTCOUNT-26DEC31-T1,1783569600,0.156,3325.72,2026-07-09
KXRATECUTCOUNT-26DEC31-T1,1783656000,0.156,916.62,2026-07-10
KXRATECUTCOUNT-26DEC31-T1,1783742400,0.165,3058.74,2026-07-11
KXRATECUTCOUNT-26DEC31-T1,1783828800,0.164,3223.79,2026-07-12
KXRATECUTCOUNT-26DEC31-T1,1783915200,0.166,1114.5,2026-07-13
KXRATECUTCOUNT-26DEC31-T1,1784001600,0.149,1224.41,2026-07-14
KXRATECUTCOUNT-26DEC31-T1,1784088000,0.164,10597.69,2026-07-15
KXRATECUTCOUNT-26DEC31-T1,1784174400,0.174,4478.06,2026-07-16
KXRATECUTCOUNT-26DEC31-T1,1784260800,0.15,4821.15,2026-07-17
KXRATECUTCOUNT-26DEC31-T1,1784347200,0.164,2542.99,2026-07-18
KXRATECUTCOUNT-26DEC31-T1,1784433600,0.157,2775.45,2026-07-19
KXRATECUTCOUNT-26DEC31-T1,1784520000,0.156,2226.13,2026-07-20
KXRATECUTCOUNT-26DEC31-T1,1784606400,0.127,877.23,2026-07-21
KXRATECUTCOUNT-26DEC31-T1,1784692800,0.124,8405.13,2026-07-22
KXRATECUTCOUNT-26DEC31-T1,1784779200,0.131,2385.15,2026-07-23
KXRATECUTCOUNT-26DEC31-T1,1784865600,0.136,30672.69,2026-07-24
KXRATECUTCOUNT-26DEC31-T1,1784952000,0.104,2614.97,2026-07-25
KXRATECUTCOUNT-26DEC31-T1,1785038400,0.101,4653.2,2026-07-26
KXRATECUTCOUNT-26DEC31-T1,1785124800,0.102,1751.66,2026-07-27
KXRATECUTCOUNT-26DEC31-T1,1785211200,0.143,4480.85,2026-07-28
KXRATECUTCOUNT-26DEC31-T1,1785297600,0.12,3368.0,2026-07-29
KXRATECUTCOUNT-26DEC31-T1,1785384000,0.099,21045.59,2026-07-30
KXRATECUTCOUNT-26DEC31-T1,1785470400,0.093,5812.62,2026-07-31
KXRATECUTCOUNT-26DEC31-T1,1785556800,0.111,13959.04,2026-08-01
KXRATECUTCOUNT-26DEC31-T1,1785643200,0.103,2833.33,2026-08-02
KXRATECUTCOUNT-26DEC31-T1,1785729600,0.1,3520.79,2026-08-03
KXRATECUTCOUNT-26DEC31-T1,1785816000,0.114,2471.11,2026-08-04
KXRATECUTCOUNT-26DEC31-T1,1785902400,0.11,657.84,2026-08-05
KXRATECUTCOUNT-26DEC31-T1,1785988800,0.113,900.08,2026-08-06
KXRATECUTCOUNT-26DEC31-T1,1786075200,0.103,1399.9,2026-08-07
KXRATECUTCOUNT-26DEC31-T1,1786161600,0.125,1862.8,2026-08-08
KXRATECUTCOUNT-26DEC31-T1,1786248000,0.123,2483.53,2026-08-09
KXRATECUTCOUNT-26DEC31-T1,1786334400,0.12,3210.97,2026-08-10
KXRATECUTCOUNT-26DEC31-T1,1786420800,0.124,866.17,2026-08-11
KXRATECUTCOUNT-26DEC31-T1,1786507200,0.095,3244.06,2026-08-12
KXRATECUTCOUNT-26DEC31-T1,1786593600,0.141,1435.64,2026-08-13
KXRATECUTCOUNT-26DEC31-T1,1786680000,0.13,1616.3,2026-08-14
KXRATECUTCOUNT-26DEC31-T1,1786766400,0.129,1855.46,2026-08-15
KXRATECUTCOUNT-26DEC31-T1,1786852800,0.141,6772.97,2026-08-16
KXRATECUTCOUNT-26DEC31-T1,1786939200,0.106,1170.27,2026-08-17
KXRATECUTCOUNT-26DEC31-T1,1787025600,0.134,780.45,2026-08-18
KXRATECUTCOUNT-26DEC31-T1,1787112000,0.124,783.9,2026-08-19
KXRATECUTCOUNT-26DEC31-T1,1787198400,0.098,987.84,2026-08-20
KXRATECUTCOUNT-26DEC31-T1,1787284800,0.106,5241.46,2026-08-21
KXRATECUTCOUNT-26DEC31-T1,1787371200,0.096,2837.72,2026-08-22
KXRATECUTCOUNT-26DEC31-T1,1787457600,0.093,1332.15,2026-08-23
KXRATECUTCOUNT-26DEC31-T1,1787544000,0.093,540.78,2026-08-24
KXRATECUTCOUNT-26DEC31-T1,1787630400,0.122,4731.55,2026-08-25
KXRATECUTCOUNT-26DEC31-T1,1787716800,0.102,948.47,2026-08-26
KXRATECUTCOUNT-26DEC31-T1,1787803200,0.097,1530.18,2026-08-27
KXRATECUTCOUNT-26DEC31-T1,1787889600,0.08,7420.75,2026-08-28
KXRATECUTCOUNT-26DEC31-T1,1787976000,0.095,18673.71,2026-08-29
KXRATECUTCOUNT-26DEC31-T1,1788062400,0.083,5020.48,2026-08-30
KXRATECUTCOUNT-26DEC31-T1,1788148800,0.095,3072.56,2026-08-31
KXRATECUTCOUNT-26DEC31-T1,1788235200,0.069,8597.52,2026-09-01
KXRATECUTCOUNT-26DEC31-T1,1788321600,0.08,5556.78,2026-09-02
KXRATECUTCOUNT-26DEC31-T1,1788408000,0.074,7522.08,2026-09-03
KXRATECUTCOUNT-26DEC31-T1,1788494400,0.098,19639.56,2026-09-04
KXRATECUTCOUNT-26DEC31-T1,1788580800,0.073,12025.56,2026-09-05
KXRATECUTCOUNT-26DEC31-T1,1788667200,0.076,8947.97,2026-09-06
KXRATECUTCOUNT-26DEC31-T1,1788753600,0.076,18051.81,2026-09-07
KXRATECUTCOUNT-26DEC31-T1,1788840000,0.071,4434.52,2026-09-08
KXNASCARCUPSERIES-NCS26-BWAL,1781150400,0.01,10.0,2026-06-11
KXNASCARCUPSERIES-NCS26-BWAL,1781236800,0.01,1764.78,2026-06-12
KXNASCARCUPSERIES-NCS26-BWAL,1781323200,0.01,567.59,2026-06-13
KXNASCARCUPSERIES-NCS26-BWAL,1781409600,0.01,935.19,2026-06-14
KXNASCARCUPSERIES-NCS26-BWAL,1781496000,0.01,383.51,2026-06-15
KXNASCARCUPSERIES-NCS26-BWAL,1781582400,,0.0,2026-06-16
KXNASCARCUPSERIES-NCS26-BWAL,1781668800,0.01,44.0,2026-06-17
KXNASCARCUPSERIES-NCS26-BWAL,1781841600,,0.0,2026-06-19
KXNASCARCUPSERIES-NCS26-BWAL,1781928000,0.01,93.51,2026-06-20
KXNASCARCUPSERIES-NCS26-BWAL,1782014400,0.01,350.68,2026-06-21
KXNASCARCUPSERIES-NCS26-BWAL,1782100800,0.01,6127.72,2026-06-22
KXNASCARCUPSERIES-NCS26-BWAL,1782187200,0.01,1100.0,2026-06-23
KXNASCARCUPSERIES-NCS26-BWAL,1782273600,,0.0,2026-06-24
KXNASCARCUPSERIES-NCS26-BWAL,1782446400,0.01,2.0,2026-06-26
KXNASCARCUPSERIES-NCS26-BWAL,1782705600,0.01,5.0,2026-06-29
KXNASCARCUPSERIES-NCS26-BWAL,1782792000,0.01,118.0,2026-06-30
KXNASCARCUPSERIES-NCS26-BWAL,1782878400,,0.0,2026-07-01
KXNASCARCUPSERIES-NCS26-BWAL,1782964800,,0.0,2026-07-02
KXNASCARCUPSERIES-NCS26-BWAL,1783051200,0.01,93.51,2026-07-03
KXNASCARCUPSERIES-NCS26-BWAL,1783137600,0.01,188.51,2026-07-04
KXNASCARCUPSERIES-NCS26-BWAL,1783310400,0.01,3263.89,2026-07-06
KXNASCARCUPSERIES-NCS26-BWAL,1783396800,0.01,280.55,2026-07-07
KXNASCARCUPSERIES-NCS26-BWAL,1783483200,0.01,45.5,2026-07-08
KXNASCARCUPSERIES-NCS26-BWAL,1783569600,,0.0,2026-07-09
KXNASCARCUPSERIES-NCS26-BWAL,1783828800,0.01,47.0,2026-07-12
KXNASCARCUPSERIES-NCS26-BWAL,1783915200,0.02,4627.57,2026-07-13
KXNASCARCUPSERIES-NCS26-BWAL,1784001600,0.01,1446.49,2026-07-14
KXNASCARCUPSERIES-NCS26-BWAL,1784088000,,0.0,2026-07-15
KXNASCARCUPSERIES-NCS26-BWAL,1784174400,0.01,2992.44,2026-07-16
KXNASCARCUPSERIES-NCS26-BWAL,1784260800,,0.0,2026-07-17
KXNASCARCUPSERIES-NCS26-BWAL,1784520000,0.02,3765.93,2026-07-20
KXNASCARCUPSERIES-NCS26-BWAL,1784606400,0.02,151.42,2026-07-21
KXNASCARCUPSERIES-NCS26-BWAL,1784692800,0.01,187.0,2026-07-22
KXNASCARCUPSERIES-NCS26-BWAL,1784779200,0.01,467.59,2026-07-23
KXNASCARCUPSERIES-NCS26-BWAL,1784865600,,0.0,2026-07-24
KXNASCARCUPSERIES-NCS26-BWAL,1784952000,0.01,95.0,2026-07-25
KXNASCARCUPSERIES-NCS26-BWAL,1785038400,0.01,467.59,2026-07-26
KXNASCARCUPSERIES-NCS26-BWAL,1785124800,0.01,3432.99,2026-07-27
KXNASCARCUPSERIES-NCS26-BWAL,1785211200,,0.0,2026-07-28
KXNASCARCUPSERIES-NCS26-BWAL,1785297600,0.01,2524.99,2026-07-29
KXNASCARCUPSERIES-NCS26-BWAL,1785384000,0.01,19.0,2026-07-30
KXNASCARCUPSERIES-NCS26-BWAL,1785470400,,0.0,2026-07-31
KXNASCARCUPSERIES-NCS26-BWAL,1785556800,,0.0,2026-08-01
KXNASCARCUPSERIES-NCS26-BWAL,1785643200,0.01,467.59,2026-08-02
KXNASCARCUPSERIES-NCS26-BWAL,1785729600,0.01,553.0,2026-08-03
KXNASCARCUPSERIES-NCS26-BWAL,1785816000,,0.0,2026-08-04
KXNASCARCUPSERIES-NCS26-BWAL,1785902400,,0.0,2026-08-05
KXNASCARCUPSERIES-NCS26-BWAL,1785988800,,0.0,2026-08-06
KXNASCARCUPSERIES-NCS26-BWAL,1786075200,0.01,187.03,2026-08-07
KXNASCARCUPSERIES-NCS26-BWAL,1786248000,0.01,935.19,2026-08-09
KXNASCARCUPSERIES-NCS26-BWAL,1786334400,0.01,2350.4,2026-08-10
KXNASCARCUPSERIES-NCS26-BWAL,1786420800,,0.0,2026-08-11
KXNASCARCUPSERIES-NCS26-BWAL,1786507200,,0.0,2026-08-12
KXNASCARCUPSERIES-NCS26-BWAL,1786593600,0.01,33.0,2026-08-13
KXNASCARCUPSERIES-NCS26-BWAL,1786680000,0.01,33.0,2026-08-14
KXNASCARCUPSERIES-NCS26-BWAL,1786766400,,0.0,2026-08-15
KXNASCARCUPSERIES-NCS26-BWAL,1786852800,,0.0,2026-08-16
KXNASCARCUPSERIES-NCS26-BWAL,1786939200,0.01,33.0,2026-08-17
KXNASCARCUPSERIES-NCS26-BWAL,1787112000,0.01,100.0,2026-08-19
KXNASCARCUPSERIES-NCS26-BWAL,1787284800,,0.0,2026-08-21
KXNASCARCUPSERIES-NCS26-BWAL,1787371200,,0.0,2026-08-22
KXNASCARCUPSERIES-NCS26-BWAL,1787457600,0.01,20.0,2026-08-23
KXNASCARCUPSERIES-NCS26-BWAL,1787544000,0.01,2217.03,2026-08-24
KXNASCARCUPSERIES-NCS26-BWAL,1787630400,0.01,4612.4,2026-08-25
KXNASCARCUPSERIES-NCS26-BWAL,1787716800,0.01,187.02,2026-08-26
KXNASCARCUPSERIES-NCS26-BWAL,1787803200,,0.0,2026-08-27
KXNASCARCUPSERIES-NCS26-BWAL,1787889600,0.01,163.65,2026-08-28
KXNASCARCUPSERIES-NCS26-BWAL,1787976000,,0.0,2026-08-29
KXNASCARCUPSERIES-NCS26-BWAL,1788062400,0.01,7102.34,2026-08-30
KXNASCARCUPSERIES-NCS26-BWAL,1788148800,0.02,581.12,2026-08-31
KXNASCARCUPSERIES-NCS26-BWAL,1788235200,0.02,149.5,2026-09-01
KXNASCARCUPSERIES-NCS26-BWAL,1788321600,0.01,395.95,2026-09-02
KXNASCARCUPSERIES-NCS26-BWAL,1788408000,,0.0,2026-09-03
KXNASCARCUPSERIES-NCS26-BWAL,1788494400,0.01,11696.74,2026-09-04
KXNASCARCUPSERIES-NCS26-BWAL,1788580800,0.02,935.8,2026-09-05
KXNASCARCUPSERIES-NCS26-BWAL,1788667200,,0.0,2026-09-06
KXNASCARCUPSERIES-NCS26-BWAL,1788753600,0.02,1128.51,2026-09-07
KXNASCARCUPSERIES-NCS26-BWAL,1788840000,0.01,1477.93,2026-09-08
KXNASCARCUPSERIES-NCS26-CBEL,1781150400,0.06,80.0,2026-06-11
KXNASCARCUPSERIES-NCS26-CBEL,1781236800,,0.0,2026-06-12
KXNASCARCUPSERIES-NCS26-CBEL,1781323200,,0.0,2026-06-13
KXNASCARCUPSERIES-NCS26-CBEL,1781409600,0.08,361.09,2026-06-14
KXNASCARCUPSERIES-NCS26-CBEL,1781496000,0.1,2972.88,2026-06-15
KXNASCARCUPSERIES-NCS26-CBEL,1781582400,0.05,404.35,2026-06-16
KXNASCARCUPSERIES-NCS26-CBEL,1781668800,0.05,36.12,2026-06-17
KXNASCARCUPSERIES-NCS26-CBEL,1781755200,0.04,63.86,2026-06-18
KXNASCARCUPSERIES-NCS26-CBEL,1781841600,0.04,208.52,2026-06-19
KXNASCARCUPSERIES-NCS26-CBEL,1781928000,0.04,167.42,2026-06-20
KXNASCARCUPSERIES-NCS26-CBEL,1782014400,0.04,18.0,2026-06-21
KXNASCARCUPSERIES-NCS26-CBEL,1782100800,0.03,198.94,2026-06-22
KXNASCARCUPSERIES-NCS26-CBEL,1782187200,0.06,2.0,2026-06-23
KXNASCARCUPSERIES-NCS26-CBEL,1782273600,0.05,470.0,2026-06-24
KXNASCARCUPSERIES-NCS26-CBEL,1782446400,,0.0,2026-06-26
KXNASCARCUPSERIES-NCS26-CBEL,1782532800,,0.0,2026-06-27
KXNASCARCUPSERIES-NCS26-CBEL,1782619200,0.06,331.27,2026-06-28
KXNASCARCUPSERIES-NCS26-CBEL,1782705600,0.06,875.81,2026-06-29
KXNASCARCUPSERIES-NCS26-CBEL,1782792000,0.05,32.27,2026-06-30
KXNASCARCUPSERIES-NCS26-CBEL,1782878400,0.06,637.94,2026-07-01
KXNASCARCUPSERIES-NCS26-CBEL,1782964800,0.05,475.66,2026-07-02
KXNASCARCUPSERIES-NCS26-CBEL,1783051200,0.05,45.0,2026-07-03
KXNASCARCUPSERIES-NCS26-CBEL,1783137600,0.05,253.71,2026-07-04
KXNASCARCUPSERIES-NCS26-CBEL,1783224000,0.06,169.37,2026-07-05
KXNASCARCUPSERIES-NCS26-CBEL,1783310400,0.13,9322.74,2026-07-06
KXNASCARCUPSERIES-NCS26-CBEL,1783396800,0.08,500.53,2026-07-07
KXNASCARCUPSERIES-NCS26-CBEL,1783483200,0.09,3193.26,2026-07-08
KXNASCARCUPSERIES-NCS26-CBEL,1783569600,0.11,53.89,2026-07-09
KXNASCARCUPSERIES-NCS26-CBEL,1783656000,0.11,139.88,2026-07-10
KXNASCARCUPSERIES-NCS26-CBEL,1783742400,0.11,4.0,2026-07-11
KXNASCARCUPSERIES-NCS26-CBEL,1783828800,0.09,343.68,2026-07-12
KXNASCARCUPSERIES-NCS26-CBEL,1783915200,0.1,564.72,2026-07-13
KXNASCARCUPSERIES-NCS26-CBEL,1784001600,0.09,960.18,2026-07-14
KXNASCARCUPSERIES-NCS26-CBEL,1784088000,0.09,398.0,2026-07-15
KXNASCARCUPSERIES-NCS26-CBEL,1784174400,0.09,177.57,2026-07-16
KXNASCARCUPSERIES-NCS26-CBEL,1784260800,0.09,62.0,2026-07-17
KXNASCARCUPSERIES-NCS26-CBEL,1784347200,0.09,625.22,2026-07-18
KXNASCARCUPSERIES-NCS26-CBEL,1784433600,0.1,387.98,2026-07-19
KXNASCARCUPSERIES-NCS26-CBEL,1784520000,0.06,6965.4,2026-07-20
KXNASCARCUPSERIES-NCS26-CBEL,1784606400,0.07,1922.94,2026-07-21
KXNASCARCUPSERIES-NCS26-CBEL,1784692800,0.07,1413.38,2026-07-22
KXNASCARCUPSERIES-NCS26-CBEL,1784779200,0.06,2316.32,2026-07-23
KXNASCARCUPSERIES-NCS26-CBEL,1784865600,0.06,23.51,2026-07-24
KXNASCARCUPSERIES-NCS26-CBEL,1784952000,0.07,641.23,2026-07-25
KXNASCARCUPSERIES-NCS26-CBEL,1785038400,,0.0,2026-07-26
KXNASCARCUPSERIES-NCS26-CBEL,1785124800,0.09,4530.75,2026-07-27
KXNASCARCUPSERIES-NCS26-CBEL,1785211200,0.08,4004.43,2026-07-28
KXNASCARCUPSERIES-NCS26-CBEL,1785297600,0.08,2791.3,2026-07-29
KXNASCARCUPSERIES-NCS26-CBEL,1785384000,0.07,4159.03,2026-07-30
KXNASCARCUPSERIES-NCS26-CBEL,1785470400,0.08,5935.28,2026-07-31
KXNASCARCUPSERIES-NCS26-CBEL,1785556800,0.08,1231.11,2026-08-01
KXNASCARCUPSERIES-NCS26-CBEL,1785643200,0.08,119.68,2026-08-02
KXNASCARCUPSERIES-NCS26-CBEL,1785729600,0.09,3649.92,2026-08-03
KXNASCARCUPSERIES-NCS26-CBEL,1785816000,0.07,1959.11,2026-08-04
KXNASCARCUPSERIES-NCS26-CBEL,1785902400,0.1,2933.51,2026-08-05
KXNASCARCUPSERIES-NCS26-CBEL,1785988800,,0.0,2026-08-06
KXNASCARCUPSERIES-NCS26-CBEL,1786075200,0.06,3704.77,2026-08-07
KXNASCARCUPSERIES-NCS26-CBEL,1786161600,0.09,244.12,2026-08-08
KXNASCARCUPSERIES-NCS26-CBEL,1786248000,0.06,285.74,2026-08-09
KXNASCARCUPSERIES-NCS26-CBEL,1786334400,0.1,5381.06,2026-08-10
KXNASCARCUPSERIES-NCS26-CBEL,1786420800,0.1,739.18,2026-08-11
KXNASCARCUPSERIES-NCS26-CBEL,1786507200,0.09,270.4,2026-08-12
KXNASCARCUPSERIES-NCS26-CBEL,1786593600,0.08,1299.22,2026-08-13
KXNASCARCUPSERIES-NCS26-CBEL,1786680000,0.08,1204.8,2026-08-14
KXNASCARCUPSERIES-NCS26-CBEL,1786766400,0.06,2827.32,2026-08-15
KXNASCARCUPSERIES-NCS26-CBEL,1786852800,0.11,2188.8,2026-08-16
KXNASCARCUPSERIES-NCS26-CBEL,1786939200,0.06,464.74,2026-08-17
KXNASCARCUPSERIES-NCS26-CBEL,1787025600,0.08,273.35,2026-08-18
KXNASCARCUPSERIES-NCS26-CBEL,1787112000,0.09,458.59,2026-08-19
KXNASCARCUPSERIES-NCS26-CBEL,1787198400,0.09,141.0,2026-08-20
KXNASCARCUPSERIES-NCS26-CBEL,1787284800,0.07,94.96,2026-08-21
KXNASCARCUPSERIES-NCS26-CBEL,1787371200,0.09,1735.77,2026-08-22
KXNASCARCUPSERIES-NCS26-CBEL,1787457600,0.09,1814.59,2026-08-23
KXNASCARCUPSERIES-NCS26-CBEL,1787544000,0.08,3177.28,2026-08-24
KXNASCARCUPSERIES-NCS26-CBEL,1787630400,0.09,3982.01,2026-08-25
KXNASCARCUPSERIES-NCS26-CBEL,1787716800,0.09,5.46,2026-08-26
KXNASCARCUPSERIES-NCS26-CBEL,1787803200,0.09,146.62,2026-08-27
KXNASCARCUPSERIES-NCS26-CBEL,1787889600,0.1,149.1,2026-08-28
KXNASCARCUPSERIES-NCS26-CBEL,1787976000,0.09,46.0,2026-08-29
KXNASCARCUPSERIES-NCS26-CBEL,1788062400,0.1,1195.22,2026-08-30
KXNASCARCUPSERIES-NCS26-CBEL,1788148800,0.1,368.53,2026-08-31
KXNASCARCUPSERIES-NCS26-CBEL,1788235200,0.08,7602.34,2026-09-01
KXNASCARCUPSERIES-NCS26-CBEL,1788321600,0.1,179.25,2026-09-02
KXNASCARCUPSERIES-NCS26-CBEL,1788408000,0.1,305.62,2026-09-03
KXNASCARCUPSERIES-NCS26-CBEL,1788494400,0.09,1927.45,2026-09-04
KXNASCARCUPSERIES-NCS26-CBEL,1788580800,0.09,455.61,2026-09-05
KXNASCARCUPSERIES-NCS26-CBEL,1788667200,0.11,1431.04,2026-09-06
KXNASCARCUPSERIES-NCS26-CBEL,1788753600,0.18,3391.15,2026-09-07
KXNASCARCUPSERIES-NCS26-CBEL,1788840000,0.19,1045.3,2026-09-08
KXNASCARCUPSERIES-NCS26-CBRI,1781150400,0.03,31.87,2026-06-11
KXNASCARCUPSERIES-NCS26-CBRI,1781236800,0.03,117.12,2026-06-12
KXNASCARCUPSERIES-NCS26-CBRI,1781323200,0.04,210.12,2026-06-13
KXNASCARCUPSERIES-NCS26-CBRI,1781409600,0.03,70.27,2026-06-14
KXNASCARCUPSERIES-NCS26-CBRI,1781496000,0.01,2741.61,2026-06-15
KXNASCARCUPSERIES-NCS26-CBRI,1781582400,0.03,1140.1,2026-06-16
KXNASCARCUPSERIES-NCS26-CBRI,1781668800,,0.0,2026-06-17
KXNASCARCUPSERIES-NCS26-CBRI,1781755200,0.02,186.2,2026-06-18
KXNASCARCUPSERIES-NCS26-CBRI,1781841600,0.03,724.27,2026-06-19
KXNASCARCUPSERIES-NCS26-CBRI,1781928000,0.03,292.15,2026-06-20
KXNASCARCUPSERIES-NCS26-CBRI,1782014400,,0.0,2026-06-21
KXNASCARCUPSERIES-NCS26-CBRI,1782100800,0.04,769.09,2026-06-22
KXNASCARCUPSERIES-NCS26-CBRI,1782187200,0.06,75.0,2026-06-23
KXNASCARCUPSERIES-NCS26-CBRI,1782273600,,0.0,2026-06-24
KXNASCARCUPSERIES-NCS26-CBRI,1782360000,0.04,30.0,2026-06-25
KXNASCARCUPSERIES-NCS26-CBRI,1782446400,,0.0,2026-06-26
KXNASCARCUPSERIES-NCS26-CBRI,1782532800,,0.0,2026-06-27
KXNASCARCUPSERIES-NCS26-CBRI,1782619200,,0.0,2026-06-28
KXNASCARCUPSERIES-NCS26-CBRI,1782705600,0.03,1151.28,2026-06-29
KXNASCARCUPSERIES-NCS26-CBRI,1782792000,,0.0,2026-06-30
KXNASCARCUPSERIES-NCS26-CBRI,1782878400,0.04,217.0,2026-07-01
KXNASCARCUPSERIES-NCS26-CBRI,1782964800,0.04,164.92,2026-07-02
KXNASCARCUPSERIES-NCS26-CBRI,1783051200,,0.0,2026-07-03
KXNASCARCUPSERIES-NCS26-CBRI,1783137600,0.03,195.0,2026-07-04
KXNASCARCUPSERIES-NCS26-CBRI,1783224000,0.04,70.27,2026-07-05
KXNASCARCUPSERIES-NCS26-CBRI,1783310400,0.05,6643.26,2026-07-06
KXNASCARCUPSERIES-NCS26-CBRI,1783396800,0.05,214.5,2026-07-07
KXNASCARCUPSERIES-NCS26-CBRI,1783483200,0.08,4633.06,2026-07-08
KXNASCARCUPSERIES-NCS26-CBRI,1783569600,0.06,99.78,2026-07-09
KXNASCARCUPSERIES-NCS26-CBRI,1783656000,0.06,4681.28,2026-07-10
KXNASCARCUPSERIES-NCS26-CBRI,1783742400,,0.0,2026-07-11
KXNASCARCUPSERIES-NCS26-CBRI,1783828800,0.06,225.56,2026-07-12
KXNASCARCUPSERIES-NCS26-CBRI,1783915200,0.08,815.86,2026-07-13
KXNASCARCUPSERIES-NCS26-CBRI,1784001600,0.05,635.22,2026-07-14
KXNASCARCUPSERIES-NCS26-CBRI,1784088000,0.06,2.0,2026-07-15
KXNASCARCUPSERIES-NCS26-CBRI,1784174400,,0.0,2026-07-16
KXNASCARCUPSERIES-NCS26-CBRI,1784260800,0.05,48.46,2026-07-17
KXNASCARCUPSERIES-NCS26-CBRI,1784347200,,0.0,2026-07-18
KXNASCARCUPSERIES-NCS26-CBRI,1784520000,0.06,98.36,2026-07-20
KXNASCARCUPSERIES-NCS26-CBRI,1784606400,,0.0,2026-07-21
KXNASCARCUPSERIES-NCS26-CBRI,1784692800,0.07,13142.69,2026-07-22
KXNASCARCUPSERIES-NCS26-CBRI,1784779200,0.08,73.0,2026-07-23
KXNASCARCUPSERIES-NCS26-CBRI,1784865600,0.07,23.42,2026-07-24
KXNASCARCUPSERIES-NCS26-CBRI,1784952000,0.08,51.0,2026-07-25
KXNASCARCUPSERIES-NCS26-CBRI,1785038400,0.08,477.87,2026-07-26
KXNASCARCUPSERIES-NCS26-CBRI,1785124800,0.08,2282.27,2026-07-27
KXNASCARCUPSERIES-NCS26-CBRI,1785211200,0.07,3744.49,2026-07-28
KXNASCARCUPSERIES-NCS26-CBRI,1785297600,0.07,67.06,2026-07-29
KXNASCARCUPSERIES-NCS26-CBRI,1785384000,0.07,25.37,2026-07-30
KXNASCARCUPSERIES-NCS26-CBRI,1785470400,0.06,123.23,2026-07-31
KXNASCARCUPSERIES-NCS26-CBRI,1785556800,0.06,1368.27,2026-08-01
KXNASCARCUPSERIES-NCS26-CBRI,1785643200,0.06,125.09,2026-08-02
KXNASCARCUPSERIES-NCS26-CBRI,1785729600,0.06,707.81,2026-08-03
KXNASCARCUPSERIES-NCS26-CBRI,1785816000,0.06,169.37,2026-08-04
KXNASCARCUPSERIES-NCS26-CBRI,1785902400,,0.0,2026-08-05
KXNASCARCUPSERIES-NCS26-CBRI,1785988800,0.06,3127.54,2026-08-06
KXNASCARCUPSERIES-NCS26-CBRI,1786075200,,0.0,2026-08-07
KXNASCARCUPSERIES-NCS26-CBRI,1786161600,,0.0,2026-08-08
KXNASCARCUPSERIES-NCS26-CBRI,1786248000,0.06,190.55,2026-08-09
KXNASCARCUPSERIES-NCS26-CBRI,1786334400,0.06,4393.73,2026-08-10
KXNASCARCUPSERIES-NCS26-CBRI,1786420800,0.05,45.77,2026-08-11
KXNASCARCUPSERIES-NCS26-CBRI,1786507200,0.06,1700.6,2026-08-12
KXNASCARCUPSERIES-NCS26-CBRI,1786593600,0.05,812.56,2026-08-13
KXNASCARCUPSERIES-NCS26-CBRI,1786680000,0.05,93.76,2026-08-14
KXNASCARCUPSERIES-NCS26-CBRI,1786766400,0.04,1925.66,2026-08-15
KXNASCARCUPSERIES-NCS26-CBRI,1786852800,0.05,2621.81,2026-08-16
KXNASCARCUPSERIES-NCS26-CBRI,1786939200,0.06,3469.22,2026-08-17
KXNASCARCUPSERIES-NCS26-CBRI,1787025600,0.07,196.3,2026-08-18
KXNASCARCUPSERIES-NCS26-CBRI,1787112000,0.07,635.0,2026-08-19
KXNASCARCUPSERIES-NCS26-CBRI,1787198400,0.06,147.95,2026-08-20
KXNASCARCUPSERIES-NCS26-CBRI,1787284800,0.06,2906.0,2026-08-21
KXNASCARCUPSERIES-NCS26-CBRI,1787371200,0.06,1618.0,2026-08-22
KXNASCARCUPSERIES-NCS26-CBRI,1787457600,0.06,407.31,2026-08-23
KXNASCARCUPSERIES-NCS26-CBRI,1787544000,0.05,2334.84,2026-08-24
KXNASCARCUPSERIES-NCS26-CBRI,1787630400,0.04,4218.28,2026-08-25
KXNASCARCUPSERIES-NCS26-CBRI,1787716800,0.04,318.76,2026-08-26
KXNASCARCUPSERIES-NCS26-CBRI,1787803200,0.04,4581.0,2026-08-27
KXNASCARCUPSERIES-NCS26-CBRI,1787889600,0.05,349.01,2026-08-28
KXNASCARCUPSERIES-NCS26-CBRI,1787976000,,0.0,2026-08-29
KXNASCARCUPSERIES-NCS26-CBRI,1788062400,0.06,842.37,2026-08-30
KXNASCARCUPSERIES-NCS26-CBRI,1788148800,0.07,2811.95,2026-08-31
KXNASCARCUPSERIES-NCS26-CBRI,1788235200,0.07,7714.13,2026-09-01
KXNASCARCUPSERIES-NCS26-CBRI,1788321600,0.07,787.21,2026-09-02
KXNASCARCUPSERIES-NCS26-CBRI,1788408000,0.07,1233.07,2026-09-03
KXNASCARCUPSERIES-NCS26-CBRI,1788494400,0.08,1544.0,2026-09-04
KXNASCARCUPSERIES-NCS26-CBRI,1788580800,0.08,326.13,2026-09-05
KXNASCARCUPSERIES-NCS26-CBRI,1788667200,0.08,1733.53,2026-09-06
KXNASCARCUPSERIES-NCS26-CBRI,1788753600,0.05,4107.14,2026-09-07
KXNASCARCUPSERIES-NCS26-CBRI,1788840000,0.05,1519.54,2026-09-08
KXNASCARCUPSERIES-NCS26-CELL,1781150400,0.1,594.58,2026-06-11
KXNASCARCUPSERIES-NCS26-CELL,1781236800,0.07,95.84,2026-06-12
KXNASCARCUPSERIES-NCS26-CELL,1781323200,0.1,60.35,2026-06-13
KXNASCARCUPSERIES-NCS26-CELL,1781409600,0.08,37.0,2026-06-14
KXNASCARCUPSERIES-NCS26-CELL,1781496000,0.07,2330.81,2026-06-15
KXNASCARCUPSERIES-NCS26-CELL,1781582400,0.07,902.7,2026-06-16
KXNASCARCUPSERIES-NCS26-CELL,1781668800,0.07,647.31,2026-06-17
KXNASCARCUPSERIES-NCS26-CELL,1781755200,,0.0,2026-06-18
KXNASCARCUPSERIES-NCS26-CELL,1781841600,,0.0,2026-06-19
KXNASCARCUPSERIES-NCS26-CELL,1781928000,0.08,30.0,2026-06-20
KXNASCARCUPSERIES-NCS26-CELL,1782014400,0.08,206.91,2026-06-21
KXNASCARCUPSERIES-NCS26-CELL,1782100800,0.08,762.35,2026-06-22
KXNASCARCUPSERIES-NCS26-CELL,1782187200,0.08,211.0,2026-06-23
KXNASCARCUPSERIES-NCS26-CELL,1782273600,0.08,49.79,2026-06-24
KXNASCARCUPSERIES-NCS26-CELL,1782360000,0.07,380.29,2026-06-25
KXNASCARCUPSERIES-NCS26-CELL,1782446400,0.06,1606.72,2026-06-26
KXNASCARCUPSERIES-NCS26-CELL,1782532800,0.06,261.23,2026-06-27
KXNASCARCUPSERIES-NCS26-CELL,1782619200,0.05,4540.44,2026-06-28
KXNASCARCUPSERIES-NCS26-CELL,1782705600,0.08,5955.64,2026-06-29
KXNASCARCUPSERIES-NCS26-CELL,1782792000,0.05,113.58,2026-06-30
KXNASCARCUPSERIES-NCS26-CELL,1782878400,0.06,684.8,2026-07-01
KXNASCARCUPSERIES-NCS26-CELL,1782964800,0.06,376.3,2026-07-02
KXNASCARCUPSERIES-NCS26-CELL,1783051200,0.06,26.0,2026-07-03
KXNASCARCUPSERIES-NCS26-CELL,1783137600,0.06,1412.59,2026-07-04
KXNASCARCUPSERIES-NCS26-CELL,1783224000,0.06,106.18,2026-07-05
KXNASCARCUPSERIES-NCS26-CELL,1783310400,0.06,2705.58,2026-07-06
KXNASCARCUPSERIES-NCS26-CELL,1783396800,0.05,869.95,2026-07-07
KXNASCARCUPSERIES-NCS26-CELL,1783483200,0.06,161.0,2026-07-08
KXNASCARCUPSERIES-NCS26-CELL,1783569600,0.05,154.0,2026-07-09
KXNASCARCUPSERIES-NCS26-CELL,1783656000,0.06,31.27,2026-07-10
KXNASCARCUPSERIES-NCS26-CELL,1783742400,0.06,196.19,2026-07-11
KXNASCARCUPSERIES-NCS26-CELL,1783828800,0.06,196.48,2026-07-12
KXNASCARCUPSERIES-NCS26-CELL,1783915200,0.06,5222.93,2026-07-13
KXNASCARCUPSERIES-NCS26-CELL,1784001600,0.05,1294.31,2026-07-14
KXNASCARCUPSERIES-NCS26-CELL,1784088000,0.05,791.67,2026-07-15
KXNASCARCUPSERIES-NCS26-CELL,1784174400,0.05,5045.48,2026-07-16
KXNASCARCUPSERIES-NCS26-CELL,1784260800,0.05,293.26,2026-07-17
KXNASCARCUPSERIES-NCS26-CELL,1784347200,0.06,68.0,2026-07-18
KXNASCARCUPSERIES-NCS26-CELL,1784433600,0.05,4255.86,2026-07-19
KXNASCARCUPSERIES-NCS26-CELL,1784520000,0.07,6388.73,2026-07-20
KXNASCARCUPSERIES-NCS26-CELL,1784606400,0.05,297.09,2026-07-21
KXNASCARCUPSERIES-NCS26-CELL,1784692800,0.06,245.9,2026-07-22
KXNASCARCUPSERIES-NCS26-CELL,1784779200,0.06,355.55,2026-07-23
KXNASCARCUPSERIES-NCS26-CELL,1784865600,0.05,212.3,2026-07-24
KXNASCARCUPSERIES-NCS26-CELL,1784952000,0.04,262.54,2026-07-25
KXNASCARCUPSERIES-NCS26-CELL,1785038400,0.04,860.37,2026-07-26
KXNASCARCUPSERIES-NCS26-CELL,1785124800,0.04,10636.57,2026-07-27
KXNASCARCUPSERIES-NCS26-CELL,1785211200,0.05,4742.55,2026-07-28
KXNASCARCUPSERIES-NCS26-CELL,1785297600,0.06,23.6,2026-07-29
KXNASCARCUPSERIES-NCS26-CELL,1785384000,0.06,52.27,2026-07-30
KXNASCARCUPSERIES-NCS26-CELL,1785470400,0.06,541.91,2026-07-31
KXNASCARCUPSERIES-NCS26-CELL,1785556800,0.06,124.81,2026-08-01
KXNASCARCUPSERIES-NCS26-CELL,1785643200,0.06,168.37,2026-08-02
KXNASCARCUPSERIES-NCS26-CELL,1785729600,0.06,4652.06,2026-08-03
KXNASCARCUPSERIES-NCS26-CELL,1785816000,0.07,12684.94,2026-08-04
KXNASCARCUPSERIES-NCS26-CELL,1785902400,,0.0,2026-08-05
KXNASCARCUPSERIES-NCS26-CELL,1785988800,0.06,6960.05,2026-08-06
KXNASCARCUPSERIES-NCS26-CELL,1786075200,0.04,1886.29,2026-08-07
KXNASCARCUPSERIES-NCS26-CELL,1786161600,0.05,154.0,2026-08-08
KXNASCARCUPSERIES-NCS26-CELL,1786248000,0.05,1889.43,2026-08-09
KXNASCARCUPSERIES-NCS26-CELL,1786334400,0.05,106.51,2026-08-10
KXNASCARCUPSERIES-NCS26-CELL,1786420800,0.05,175.0,2026-08-11
KXNASCARCUPSERIES-NCS26-CELL,1786507200,,0.0,2026-08-12
KXNASCARCUPSERIES-NCS26-CELL,1786593600,0.05,563.56,2026-08-13
KXNASCARCUPSERIES-NCS26-CELL,1786680000,0.05,230.0,2026-08-14
KXNASCARCUPSERIES-NCS26-CELL,1786766400,0.03,376.0,2026-08-15
KXNASCARCUPSERIES-NCS26-CELL,1786852800,0.04,860.66,2026-08-16
KXNASCARCUPSERIES-NCS26-CELL,1786939200,0.03,437.56,2026-08-17
KXNASCARCUPSERIES-NCS26-CELL,1787025600,0.04,844.67,2026-08-18
KXNASCARCUPSERIES-NCS26-CELL,1787112000,0.04,940.49,2026-08-19
KXNASCARCUPSERIES-NCS26-CELL,1787198400,0.05,298.0,2026-08-20
KXNASCARCUPSERIES-NCS26-CELL,1787284800,0.03,83.28,2026-08-21
KXNASCARCUPSERIES-NCS26-CELL,1787371200,0.03,326.0,2026-08-22
KXNASCARCUPSERIES-NCS26-CELL,1787457600,0.04,14.0,2026-08-23
KXNASCARCUPSERIES-NCS26-CELL,1787544000,0.04,463.5,2026-08-24
KXNASCARCUPSERIES-NCS26-CELL,1787630400,0.04,778.95,2026-08-25
KXNASCARCUPSERIES-NCS26-CELL,1787716800,0.03,159.0,2026-08-26
KXNASCARCUPSERIES-NCS26-CELL,1787803200,0.03,313.64,2026-08-27
KXNASCARCUPSERIES-NCS26-CELL,1787889600,0.03,1020.0,2026-08-28
KXNASCARCUPSERIES-NCS26-CELL,1787976000,0.03,109.24,2026-08-29
KXNASCARCUPSERIES-NCS26-CELL,1788062400,0.03,1793.69,2026-08-30
KXNASCARCUPSERIES-NCS26-CELL,1788148800,0.04,3170.18,2026-08-31
KXNASCARCUPSERIES-NCS26-CELL,1788235200,0.04,1620.68,2026-09-01
KXNASCARCUPSERIES-NCS26-CELL,1788321600,0.03,19.8,2026-09-02
KXNASCARCUPSERIES-NCS26-CELL,1788408000,0.04,17.25,2026-09-03
KXNASCARCUPSERIES-NCS26-CELL,1788494400,0.04,0.7,2026-09-04
KXNASCARCUPSERIES-NCS26-CELL,1788580800,0.04,327.75,2026-09-05
KXNASCARCUPSERIES-NCS26-CELL,1788667200,0.04,301.0,2026-09-06
KXNASCARCUPSERIES-NCS26-CELL,1788753600,0.02,3346.33,2026-09-07
KXNASCARCUPSERIES-NCS26-CELL,1788840000,0.03,683.67,2026-09-08
KXNASCARCUPSERIES-NCS26-DHAM,1781150400,0.29,900.34,2026-06-11
KXNASCARCUPSERIES-NCS26-DHAM,1781236800,0.28,1653.3,2026-06-12
KXNASCARCUPSERIES-NCS26-DHAM,1781323200,0.28,1037.6,2026-06-13
KXNASCARCUPSERIES-NCS26-DHAM,1781409600,0.29,2440.55,2026-06-14
KXNASCARCUPSERIES-NCS26-DHAM,1781496000,0.31,12674.11,2026-06-15
KXNASCARCUPSERIES-NCS26-DHAM,1781582400,0.32,5962.6,2026-06-16
KXNASCARCUPSERIES-NCS26-DHAM,1781668800,0.32,1909.93,2026-06-17
KXNASCARCUPSERIES-NCS26-DHAM,1781755200,0.29,1712.41,2026-06-18
KXNASCARCUPSERIES-NCS26-DHAM,1781841600,0.3,1540.2,2026-06-19
KXNASCARCUPSERIES-NCS26-DHAM,1781928000,0.31,1226.14,2026-06-20
KXNASCARCUPSERIES-NCS26-DHAM,1782014400,0.31,1940.64,2026-06-21
KXNASCARCUPSERIES-NCS26-DHAM,1782100800,0.24,12263.78,2026-06-22
KXNASCARCUPSERIES-NCS26-DHAM,1782187200,0.32,800.21,2026-06-23
KXNASCARCUPSERIES-NCS26-DHAM,1782273600,0.32,567.64,2026-06-24
KXNASCARCUPSERIES-NCS26-DHAM,1782360000,0.32,2346.38,2026-06-25
KXNASCARCUPSERIES-NCS26-DHAM,1782446400,0.32,416.06,2026-06-26
KXNASCARCUPSERIES-NCS26-DHAM,1782532800,0.31,2253.09,2026-06-27
KXNASCARCUPSERIES-NCS26-DHAM,1782619200,0.31,627.26,2026-06-28
KXNASCARCUPSERIES-NCS26-DHAM,1782705600,0.27,2548.01,2026-06-29
KXNASCARCUPSERIES-NCS26-DHAM,1782792000,0.33,575.8,2026-06-30
KXNASCARCUPSERIES-NCS26-DHAM,1782878400,0.37,2177.25,2026-07-01
KXNASCARCUPSERIES-NCS26-DHAM,1782964800,0.38,1034.5,2026-07-02
KXNASCARCUPSERIES-NCS26-DHAM,1783051200,0.38,371.51,2026-07-03
KXNASCARCUPSERIES-NCS26-DHAM,1783137600,0.36,747.84,2026-07-04
KXNASCARCUPSERIES-NCS26-DHAM,1783224000,0.37,162.51,2026-07-05
KXNASCARCUPSERIES-NCS26-DHAM,1783310400,0.35,6504.34,2026-07-06
KXNASCARCUPSERIES-NCS26-DHAM,1783396800,0.37,2287.25,2026-07-07
KXNASCARCUPSERIES-NCS26-DHAM,1783483200,0.33,6441.82,2026-07-08
KXNASCARCUPSERIES-NCS26-DHAM,1783569600,0.33,461.96,2026-07-09
KXNASCARCUPSERIES-NCS26-DHAM,1783656000,0.33,1211.79,2026-07-10
KXNASCARCUPSERIES-NCS26-DHAM,1783742400,0.34,1249.03,2026-07-11
KXNASCARCUPSERIES-NCS26-DHAM,1783828800,0.35,899.96,2026-07-12
KXNASCARCUPSERIES-NCS26-DHAM,1783915200,0.29,6364.42,2026-07-13
KXNASCARCUPSERIES-NCS26-DHAM,1784001600,0.35,7684.22,2026-07-14
KXNASCARCUPSERIES-NCS26-DHAM,1784088000,0.34,2236.82,2026-07-15
KXNASCARCUPSERIES-NCS26-DHAM,1784174400,0.33,927.59,2026-07-16
KXNASCARCUPSERIES-NCS26-DHAM,1784260800,0.34,456.88,2026-07-17
KXNASCARCUPSERIES-NCS26-DHAM,1784347200,0.36,1090.76,2026-07-18
KXNASCARCUPSERIES-NCS26-DHAM,1784433600,0.35,3621.81,2026-07-19
KXNASCARCUPSERIES-NCS26-DHAM,1784520000,0.33,4590.89,2026-07-20
KXNASCARCUPSERIES-NCS26-DHAM,1784606400,0.35,12233.58,2026-07-21
KXNASCARCUPSERIES-NCS26-DHAM,1784692800,0.35,3984.32,2026-07-22
KXNASCARCUPSERIES-NCS26-DHAM,1784779200,0.36,2734.91,2026-07-23
KXNASCARCUPSERIES-NCS26-DHAM,1784865600,0.36,11158.91,2026-07-24
KXNASCARCUPSERIES-NCS26-DHAM,1784952000,0.35,3135.83,2026-07-25
KXNASCARCUPSERIES-NCS26-DHAM,1785038400,0.36,1896.12,2026-07-26
KXNASCARCUPSERIES-NCS26-DHAM,1785124800,0.37,6219.72,2026-07-27
KXNASCARCUPSERIES-NCS26-DHAM,1785211200,0.36,3025.15,2026-07-28
KXNASCARCUPSERIES-NCS26-DHAM,1785297600,0.38,10077.62,2026-07-29
KXNASCARCUPSERIES-NCS26-DHAM,1785384000,0.38,2427.17,2026-07-30
KXNASCARCUPSERIES-NCS26-DHAM,1785470400,0.39,3076.41,2026-07-31
KXNASCARCUPSERIES-NCS26-DHAM,1785556800,0.38,5588.54,2026-08-01
KXNASCARCUPSERIES-NCS26-DHAM,1785643200,0.38,873.68,2026-08-02
KXNASCARCUPSERIES-NCS26-DHAM,1785729600,0.39,2257.38,2026-08-03
KXNASCARCUPSERIES-NCS26-DHAM,1785816000,0.39,3500.26,2026-08-04
KXNASCARCUPSERIES-NCS26-DHAM,1785902400,0.37,4423.31,2026-08-05
KXNASCARCUPSERIES-NCS26-DHAM,1785988800,0.4,8916.63,2026-08-06
KXNASCARCUPSERIES-NCS26-DHAM,1786075200,0.4,5927.08,2026-08-07
KXNASCARCUPSERIES-NCS26-DHAM,1786161600,0.39,2130.78,2026-08-08
KXNASCARCUPSERIES-NCS26-DHAM,1786248000,0.41,3363.19,2026-08-09
KXNASCARCUPSERIES-NCS26-DHAM,1786334400,0.44,8231.56,2026-08-10
KXNASCARCUPSERIES-NCS26-DHAM,1786420800,0.43,3197.19,2026-08-11
KXNASCARCUPSERIES-NCS26-DHAM,1786507200,0.44,2542.04,2026-08-12
KXNASCARCUPSERIES-NCS26-DHAM,1786593600,0.48,3547.83,2026-08-13
KXNASCARCUPSERIES-NCS26-DHAM,1786680000,0.49,3333.78,2026-08-14
KXNASCARCUPSERIES-NCS26-DHAM,1786766400,0.49,1968.61,2026-08-15
KXNASCARCUPSERIES-NCS26-DHAM,1786852800,0.51,9291.65,2026-08-16
KXNASCARCUPSERIES-NCS26-DHAM,1786939200,0.52,2439.03,2026-08-17
KXNASCARCUPSERIES-NCS26-DHAM,1787025600,0.5,1394.74,2026-08-18
KXNASCARCUPSERIES-NCS26-DHAM,1787112000,0.47,1916.5,2026-08-19
KXNASCARCUPSERIES-NCS26-DHAM,1787198400,0.45,2308.36,2026-08-20
KXNASCARCUPSERIES-NCS26-DHAM,1787284800,0.45,748.44,2026-08-21
KXNASCARCUPSERIES-NCS26-DHAM,1787371200,0.41,1017.94,2026-08-22
KXNASCARCUPSERIES-NCS26-DHAM,1787457600,0.4,464.25,2026-08-23
KXNASCARCUPSERIES-NCS26-DHAM,1787544000,0.43,4068.66,2026-08-24
KXNASCARCUPSERIES-NCS26-DHAM,1787630400,0.41,1877.92,2026-08-25
KXNASCARCUPSERIES-NCS26-DHAM,1787716800,0.41,2674.77,2026-08-26
KXNASCARCUPSERIES-NCS26-DHAM,1787803200,0.39,465.72,2026-08-27
KXNASCARCUPSERIES-NCS26-DHAM,1787889600,0.4,695.3,2026-08-28
KXNASCARCUPSERIES-NCS26-DHAM,1787976000,0.38,2688.5,2026-08-29
KXNASCARCUPSERIES-NCS26-DHAM,1788062400,0.41,10402.08,2026-08-30
KXNASCARCUPSERIES-NCS26-DHAM,1788148800,0.41,3134.76,2026-08-31
KXNASCARCUPSERIES-NCS26-DHAM,1788235200,0.37,3598.13,2026-09-01
KXNASCARCUPSERIES-NCS26-DHAM,1788321600,0.39,1031.46,2026-09-02
KXNASCARCUPSERIES-NCS26-DHAM,1788408000,0.37,492.3,2026-09-03
KXNASCARCUPSERIES-NCS26-DHAM,1788494400,0.36,2017.73,2026-09-04
KXNASCARCUPSERIES-NCS26-DHAM,1788580800,0.37,1122.87,2026-09-05
KXNASCARCUPSERIES-NCS26-DHAM,1788667200,0.39,6071.37,2026-09-06
KXNASCARCUPSERIES-NCS26-DHAM,1788753600,0.38,15390.45,2026-09-07
KXNASCARCUPSERIES-NCS26-DHAM,1788840000,0.38,678.07,2026-09-08
KXNASCARCUPSERIES-NCS26-JLOG,1781150400,0.02,1403.7,2026-06-11
KXNASCARCUPSERIES-NCS26-JLOG,1781236800,,0.0,2026-06-12
KXNASCARCUPSERIES-NCS26-JLOG,1781323200,0.02,1402.9,2026-06-13
KXNASCARCUPSERIES-NCS26-JLOG,1781409600,0.02,1.0,2026-06-14
KXNASCARCUPSERIES-NCS26-JLOG,1781496000,0.02,1823.38,2026-06-15
KXNASCARCUPSERIES-NCS26-JLOG,1781582400,,0.0,2026-06-16
KXNASCARCUPSERIES-NCS26-JLOG,1781755200,,0.0,2026-06-18
KXNASCARCUPSERIES-NCS26-JLOG,1781841600,,0.0,2026-06-19
KXNASCARCUPSERIES-NCS26-JLOG,1781928000,0.02,202.79,2026-06-20
KXNASCARCUPSERIES-NCS26-JLOG,1782100800,0.02,798.64,2026-06-22
KXNASCARCUPSERIES-NCS26-JLOG,1782187200,0.01,1048.8,2026-06-23
KXNASCARCUPSERIES-NCS26-JLOG,1782273600,0.01,93.0,2026-06-24
KXNASCARCUPSERIES-NCS26-JLOG,1782360000,,0.0,2026-06-25
KXNASCARCUPSERIES-NCS26-JLOG,1782446400,,0.0,2026-06-26
KXNASCARCUPSERIES-NCS26-JLOG,1782532800,,0.0,2026-06-27
KXNASCARCUPSERIES-NCS26-JLOG,1782619200,0.02,1402.01,2026-06-28
KXNASCARCUPSERIES-NCS26-JLOG,1782705600,0.01,1556.0,2026-06-29
KXNASCARCUPSERIES-NCS26-JLOG,1782792000,0.01,218.0,2026-06-30
KXNASCARCUPSERIES-NCS26-JLOG,1782878400,,0.0,2026-07-01
KXNASCARCUPSERIES-NCS26-JLOG,1782964800,0.02,467.9,2026-07-02
KXNASCARCUPSERIES-NCS26-JLOG,1783051200,0.01,31.0,2026-07-03
KXNASCARCUPSERIES-NCS26-JLOG,1783137600,,0.0,2026-07-04
KXNASCARCUPSERIES-NCS26-JLOG,1783224000,0.02,93.58,2026-07-05
KXNASCARCUPSERIES-NCS26-JLOG,1783310400,0.01,817.54,2026-07-06
KXNASCARCUPSERIES-NCS26-JLOG,1783396800,0.01,9.4,2026-07-07
KXNASCARCUPSERIES-NCS26-JLOG,1783483200,,0.0,2026-07-08
KXNASCARCUPSERIES-NCS26-JLOG,1783569600,,0.0,2026-07-09
KXNASCARCUPSERIES-NCS26-JLOG,1783656000,,0.0,2026-07-10
KXNASCARCUPSERIES-NCS26-JLOG,1783742400,0.01,233.95,2026-07-11
KXNASCARCUPSERIES-NCS26-JLOG,1783828800,0.02,36.8,2026-07-12
KXNASCARCUPSERIES-NCS26-JLOG,1783915200,0.03,10708.53,2026-07-13
KXNASCARCUPSERIES-NCS26-JLOG,1784001600,0.04,6532.39,2026-07-14
KXNASCARCUPSERIES-NCS26-JLOG,1784088000,0.03,122.0,2026-07-15
KXNASCARCUPSERIES-NCS26-JLOG,1784174400,0.02,1066.12,2026-07-16
KXNASCARCUPSERIES-NCS26-JLOG,1784260800,0.02,20.0,2026-07-17
KXNASCARCUPSERIES-NCS26-JLOG,1784347200,,0.0,2026-07-18
KXNASCARCUPSERIES-NCS26-JLOG,1784433600,,0.0,2026-07-19
KXNASCARCUPSERIES-NCS26-JLOG,1784520000,0.03,7089.54,2026-07-20
KXNASCARCUPSERIES-NCS26-JLOG,1784606400,0.02,3324.24,2026-07-21
KXNASCARCUPSERIES-NCS26-JLOG,1784692800,0.02,919.9,2026-07-22
KXNASCARCUPSERIES-NCS26-JLOG,1784779200,0.02,585.11,2026-07-23
KXNASCARCUPSERIES-NCS26-JLOG,1784865600,0.01,117.12,2026-07-24
KXNASCARCUPSERIES-NCS26-JLOG,1784952000,0.02,93.0,2026-07-25
KXNASCARCUPSERIES-NCS26-JLOG,1785038400,0.02,1065.85,2026-07-26
KXNASCARCUPSERIES-NCS26-JLOG,1785124800,0.03,5916.01,2026-07-27
KXNASCARCUPSERIES-NCS26-JLOG,1785211200,0.02,2945.91,2026-07-28
KXNASCARCUPSERIES-NCS26-JLOG,1785297600,0.02,2283.97,2026-07-29
KXNASCARCUPSERIES-NCS26-JLOG,1785384000,0.03,4194.19,2026-07-30
KXNASCARCUPSERIES-NCS26-JLOG,1785470400,0.03,2610.92,2026-07-31
KXNASCARCUPSERIES-NCS26-JLOG,1785556800,0.04,950.2,2026-08-01
KXNASCARCUPSERIES-NCS26-JLOG,1785643200,0.04,234.25,2026-08-02
KXNASCARCUPSERIES-NCS26-JLOG,1785729600,0.04,6.17,2026-08-03
KXNASCARCUPSERIES-NCS26-JLOG,1785816000,0.04,2142.0,2026-08-04
KXNASCARCUPSERIES-NCS26-JLOG,1785902400,0.04,1342.15,2026-08-05
KXNASCARCUPSERIES-NCS26-JLOG,1785988800,0.04,672.0,2026-08-06
KXNASCARCUPSERIES-NCS26-JLOG,1786075200,0.04,192.0,2026-08-07
KXNASCARCUPSERIES-NCS26-JLOG,1786161600,,0.0,2026-08-08
KXNASCARCUPSERIES-NCS26-JLOG,1786248000,0.04,300.0,2026-08-09
KXNASCARCUPSERIES-NCS26-JLOG,1786334400,0.03,9023.19,2026-08-10
KXNASCARCUPSERIES-NCS26-JLOG,1786420800,0.04,1003.07,2026-08-11
KXNASCARCUPSERIES-NCS26-JLOG,1786507200,,0.0,2026-08-12
KXNASCARCUPSERIES-NCS26-JLOG,1786593600,,0.0,2026-08-13
KXNASCARCUPSERIES-NCS26-JLOG,1786680000,,0.0,2026-08-14
KXNASCARCUPSERIES-NCS26-JLOG,1786766400,0.03,3722.0,2026-08-15
KXNASCARCUPSERIES-NCS26-JLOG,1786852800,0.05,5716.26,2026-08-16
KXNASCARCUPSERIES-NCS26-JLOG,1786939200,0.06,3684.25,2026-08-17
KXNASCARCUPSERIES-NCS26-JLOG,1787025600,0.06,2156.54,2026-08-18
KXNASCARCUPSERIES-NCS26-JLOG,1787112000,0.05,3159.77,2026-08-19
KXNASCARCUPSERIES-NCS26-JLOG,1787198400,0.04,2024.08,2026-08-20
KXNASCARCUPSERIES-NCS26-JLOG,1787284800,0.04,1903.19,2026-08-21
KXNASCARCUPSERIES-NCS26-JLOG,1787371200,0.04,1839.57,2026-08-22
KXNASCARCUPSERIES-NCS26-JLOG,1787457600,0.04,1768.77,2026-08-23
KXNASCARCUPSERIES-NCS26-JLOG,1787544000,0.04,5896.22,2026-08-24
KXNASCARCUPSERIES-NCS26-JLOG,1787630400,0.05,455.05,2026-08-25
KXNASCARCUPSERIES-NCS26-JLOG,1787716800,0.05,2582.78,2026-08-26
KXNASCARCUPSERIES-NCS26-JLOG,1787803200,0.05,109.8,2026-08-27
KXNASCARCUPSERIES-NCS26-JLOG,1787889600,0.04,1643.08,2026-08-28
KXNASCARCUPSERIES-NCS26-JLOG,1787976000,0.04,107.69,2026-08-29
KXNASCARCUPSERIES-NCS26-JLOG,1788062400,0.04,6954.58,2026-08-30
KXNASCARCUPSERIES-NCS26-JLOG,1788148800,0.04,1638.42,2026-08-31
KXNASCARCUPSERIES-NCS26-JLOG,1788235200,0.04,1477.5,2026-09-01
KXNASCARCUPSERIES-NCS26-JLOG,1788321600,0.04,607.84,2026-09-02
KXNASCARCUPSERIES-NCS26-JLOG,1788408000,0.06,9700.13,2026-09-03
KXNASCARCUPSERIES-NCS26-JLOG,1788494400,0.06,1943.42,2026-09-04
KXNASCARCUPSERIES-NCS26-JLOG,1788580800,0.05,578.81,2026-09-05
KXNASCARCUPSERIES-NCS26-JLOG,1788667200,0.04,934.0,2026-09-06
KXNASCARCUPSERIES-NCS26-JLOG,1788753600,0.07,6603.83,2026-09-07
KXNASCARCUPSERIES-NCS26-JLOG,1788840000,0.04,476.7,2026-09-08
KXNASCARCUPSERIES-NCS26-KLAR,1781150400,0.08,746.37,2026-06-11
KXNASCARCUPSERIES-NCS26-KLAR,1781236800,0.11,52.34,2026-06-12
KXNASCARCUPSERIES-NCS26-KLAR,1781323200,0.12,193.9,2026-06-13
KXNASCARCUPSERIES-NCS26-KLAR,1781409600,0.12,577.05,2026-06-14
KXNASCARCUPSERIES-NCS26-KLAR,1781496000,0.06,4330.54,2026-06-15
KXNASCARCUPSERIES-NCS26-KLAR,1781582400,0.08,4636.68,2026-06-16
KXNASCARCUPSERIES-NCS26-KLAR,1781668800,0.07,165.95,2026-06-17
KXNASCARCUPSERIES-NCS26-KLAR,1781755200,0.09,207.8,2026-06-18
KXNASCARCUPSERIES-NCS26-KLAR,1781841600,0.08,164.68,2026-06-19
KXNASCARCUPSERIES-NCS26-KLAR,1781928000,0.11,390.04,2026-06-20
KXNASCARCUPSERIES-NCS26-KLAR,1782014400,0.09,252.79,2026-06-21
KXNASCARCUPSERIES-NCS26-KLAR,1782100800,0.13,4616.52,2026-06-22
KXNASCARCUPSERIES-NCS26-KLAR,1782187200,0.12,511.86,2026-06-23
KXNASCARCUPSERIES-NCS26-KLAR,1782273600,0.09,931.71,2026-06-24
KXNASCARCUPSERIES-NCS26-KLAR,1782360000,0.09,136.0,2026-06-25
KXNASCARCUPSERIES-NCS26-KLAR,1782446400,0.1,179.03,2026-06-26
KXNASCARCUPSERIES-NCS26-KLAR,1782532800,0.09,681.58,2026-06-27
KXNASCARCUPSERIES-NCS26-KLAR,1782619200,0.1,171.32,2026-06-28
KXNASCARCUPSERIES-NCS26-KLAR,1782705600,0.08,1808.71,2026-06-29
KXNASCARCUPSERIES-NCS26-KLAR,1782792000,0.1,678.03,2026-06-30
KXNASCARCUPSERIES-NCS26-KLAR,1782878400,0.1,248.4,2026-07-01
KXNASCARCUPSERIES-NCS26-KLAR,1782964800,0.1,398.61,2026-07-02
KXNASCARCUPSERIES-NCS26-KLAR,1783051200,0.1,141.09,2026-07-03
KXNASCARCUPSERIES-NCS26-KLAR,1783137600,0.1,2094.32,2026-07-04
KXNASCARCUPSERIES-NCS26-KLAR,1783224000,0.1,573.01,2026-07-05
KXNASCARCUPSERIES-NCS26-KLAR,1783310400,0.11,7036.77,2026-07-06
KXNASCARCUPSERIES-NCS26-KLAR,1783396800,0.05,3462.76,2026-07-07
KXNASCARCUPSERIES-NCS26-KLAR,1783483200,0.06,3121.38,2026-07-08
KXNASCARCUPSERIES-NCS26-KLAR,1783569600,0.06,809.2,2026-07-09
KXNASCARCUPSERIES-NCS26-KLAR,1783656000,0.07,3472.2,2026-07-10
KXNASCARCUPSERIES-NCS26-KLAR,1783742400,0.07,214.45,2026-07-11
KXNASCARCUPSERIES-NCS26-KLAR,1783828800,0.09,50.89,2026-07-12
KXNASCARCUPSERIES-NCS26-KLAR,1783915200,0.1,3166.5,2026-07-13
KXNASCARCUPSERIES-NCS26-KLAR,1784001600,0.08,1257.21,2026-07-14
KXNASCARCUPSERIES-NCS26-KLAR,1784088000,0.08,1153.01,2026-07-15
KXNASCARCUPSERIES-NCS26-KLAR,1784174400,0.08,96.75,2026-07-16
KXNASCARCUPSERIES-NCS26-KLAR,1784260800,0.08,117.43,2026-07-17
KXNASCARCUPSERIES-NCS26-KLAR,1784347200,0.08,112.95,2026-07-18
KXNASCARCUPSERIES-NCS26-KLAR,1784433600,0.08,325.68,2026-07-19
KXNASCARCUPSERIES-NCS26-KLAR,1784520000,0.06,2902.9,2026-07-20
KXNASCARCUPSERIES-NCS26-KLAR,1784606400,0.07,6570.88,2026-07-21
KXNASCARCUPSERIES-NCS26-KLAR,1784692800,0.08,2638.75,2026-07-22
KXNASCARCUPSERIES-NCS26-KLAR,1784779200,0.09,1556.0,2026-07-23
KXNASCARCUPSERIES-NCS26-KLAR,1784865600,0.08,217.11,2026-07-24
KXNASCARCUPSERIES-NCS26-KLAR,1784952000,0.1,81.5,2026-07-25
KXNASCARCUPSERIES-NCS26-KLAR,1785038400,0.11,5515.79,2026-07-26
KXNASCARCUPSERIES-NCS26-KLAR,1785124800,0.08,5955.79,2026-07-27
KXNASCARCUPSERIES-NCS26-KLAR,1785211200,0.1,552.29,2026-07-28
KXNASCARCUPSERIES-NCS26-KLAR,1785297600,0.08,589.79,2026-07-29
KXNASCARCUPSERIES-NCS26-KLAR,1785384000,0.09,206.54,2026-07-30
KXNASCARCUPSERIES-NCS26-KLAR,1785470400,0.09,640.05,2026-07-31
KXNASCARCUPSERIES-NCS26-KLAR,1785556800,0.08,411.93,2026-08-01
KXNASCARCUPSERIES-NCS26-KLAR,1785643200,0.07,221.57,2026-08-02
KXNASCARCUPSERIES-NCS26-KLAR,1785729600,0.07,748.01,2026-08-03
KXNASCARCUPSERIES-NCS26-KLAR,1785816000,0.07,947.0,2026-08-04
KXNASCARCUPSERIES-NCS26-KLAR,1785902400,0.07,119.0,2026-08-05
KXNASCARCUPSERIES-NCS26-KLAR,1785988800,0.08,4698.93,2026-08-06
KXNASCARCUPSERIES-NCS26-KLAR,1786075200,0.09,3695.2,2026-08-07
KXNASCARCUPSERIES-NCS26-KLAR,1786161600,0.07,376.45,2026-08-08
KXNASCARCUPSERIES-NCS26-KLAR,1786248000,0.09,218.59,2026-08-09
KXNASCARCUPSERIES-NCS26-KLAR,1786334400,0.09,52.38,2026-08-10
KXNASCARCUPSERIES-NCS26-KLAR,1786420800,0.06,264.44,2026-08-11
KXNASCARCUPSERIES-NCS26-KLAR,1786507200,0.06,373.22,2026-08-12
KXNASCARCUPSERIES-NCS26-KLAR,1786593600,0.05,186.0,2026-08-13
KXNASCARCUPSERIES-NCS26-KLAR,1786680000,0.04,110.0,2026-08-14
KXNASCARCUPSERIES-NCS26-KLAR,1786766400,0.04,23.0,2026-08-15
KXNASCARCUPSERIES-NCS26-KLAR,1786852800,0.04,2875.74,2026-08-16
KXNASCARCUPSERIES-NCS26-KLAR,1786939200,0.06,2396.76,2026-08-17
KXNASCARCUPSERIES-NCS26-KLAR,1787025600,0.05,3389.74,2026-08-18
KXNASCARCUPSERIES-NCS26-KLAR,1787112000,0.05,741.59,2026-08-19
KXNASCARCUPSERIES-NCS26-KLAR,1787198400,0.05,458.24,2026-08-20
KXNASCARCUPSERIES-NCS26-KLAR,1787284800,,0.0,2026-08-21
KXNASCARCUPSERIES-NCS26-KLAR,1787371200,0.08,115.84,2026-08-22
KXNASCARCUPSERIES-NCS26-KLAR,1787457600,0.05,156.49,2026-08-23
KXNASCARCUPSERIES-NCS26-KLAR,1787544000,0.05,948.01,2026-08-24
KXNASCARCUPSERIES-NCS26-KLAR,1787630400,0.07,384.13,2026-08-25
KXNASCARCUPSERIES-NCS26-KLAR,1787716800,0.07,121.0,2026-08-26
KXNASCARCUPSERIES-NCS26-KLAR,1787803200,0.06,139.0,2026-08-27
KXNASCARCUPSERIES-NCS26-KLAR,1787889600,0.07,191.26,2026-08-28
KXNASCARCUPSERIES-NCS26-KLAR,1787976000,0.07,532.31,2026-08-29
KXNASCARCUPSERIES-NCS26-KLAR,1788062400,0.06,1091.57,2026-08-30
KXNASCARCUPSERIES-NCS26-KLAR,1788148800,0.07,2028.16,2026-08-31
KXNASCARCUPSERIES-NCS26-KLAR,1788235200,0.07,1447.17,2026-09-01
KXNASCARCUPSERIES-NCS26-KLAR,1788321600,0.07,4160.65,2026-09-02
KXNASCARCUPSERIES-NCS26-KLAR,1788408000,0.07,110.25,2026-09-03
KXNASCARCUPSERIES-NCS26-KLAR,1788494400,0.07,75.0,2026-09-04
KXNASCARCUPSERIES-NCS26-KLAR,1788580800,0.07,145.12,2026-09-05
KXNASCARCUPSERIES-NCS26-KLAR,1788667200,0.08,1394.23,2026-09-06
KXNASCARCUPSERIES-NCS26-KLAR,1788753600,0.08,5038.9,2026-09-07
KXNASCARCUPSERIES-NCS26-KLAR,1788840000,0.06,1509.0,2026-09-08
KXNASCARCUPSERIES-NCS26-RBLA,1781150400,0.08,1165.62,2026-06-11
KXNASCARCUPSERIES-NCS26-RBLA,1781236800,0.08,127.44,2026-06-12
KXNASCARCUPSERIES-NCS26-RBLA,1781323200,0.11,8.55,2026-06-13
KXNASCARCUPSERIES-NCS26-RBLA,1781409600,0.09,356.58,2026-06-14
KXNASCARCUPSERIES-NCS26-RBLA,1781496000,0.1,1444.08,2026-06-15
KXNASCARCUPSERIES-NCS26-RBLA,1781582400,0.1,1328.71,2026-06-16
KXNASCARCUPSERIES-NCS26-RBLA,1781668800,0.08,382.14,2026-06-17
KXNASCARCUPSERIES-NCS26-RBLA,1781755200,0.08,132.15,2026-06-18
KXNASCARCUPSERIES-NCS26-RBLA,1781841600,0.08,86.57,2026-06-19
KXNASCARCUPSERIES-NCS26-RBLA,1781928000,0.08,0.01,2026-06-20
KXNASCARCUPSERIES-NCS26-RBLA,1782014400,0.1,51.56,2026-06-21
KXNASCARCUPSERIES-NCS26-RBLA,1782100800,0.07,544.17,2026-06-22
KXNASCARCUPSERIES-NCS26-RBLA,1782187200,0.08,206.44,2026-06-23
KXNASCARCUPSERIES-NCS26-RBLA,1782273600,0.08,329.79,2026-06-24
KXNASCARCUPSERIES-NCS26-RBLA,1782360000,0.08,288.94,2026-06-25
KXNASCARCUPSERIES-NCS26-RBLA,1782446400,0.08,30.0,2026-06-26
KXNASCARCUPSERIES-NCS26-RBLA,1782532800,0.08,252.66,2026-06-27
KXNASCARCUPSERIES-NCS26-RBLA,1782619200,0.08,4501.44,2026-06-28
KXNASCARCUPSERIES-NCS26-RBLA,1782705600,0.07,4494.5,2026-06-29
KXNASCARCUPSERIES-NCS26-RBLA,1782792000,0.08,302.63,2026-06-30
KXNASCARCUPSERIES-NCS26-RBLA,1782878400,0.08,484.58,2026-07-01
KXNASCARCUPSERIES-NCS26-RBLA,1782964800,0.07,304.0,2026-07-02
KXNASCARCUPSERIES-NCS26-RBLA,1783051200,0.08,76.97,2026-07-03
KXNASCARCUPSERIES-NCS26-RBLA,1783137600,0.09,3339.31,2026-07-04
KXNASCARCUPSERIES-NCS26-RBLA,1783224000,0.09,19.44,2026-07-05
KXNASCARCUPSERIES-NCS26-RBLA,1783310400,0.09,1850.32,2026-07-06
KXNASCARCUPSERIES-NCS26-RBLA,1783396800,0.13,290.56,2026-07-07
KXNASCARCUPSERIES-NCS26-RBLA,1783483200,0.1,340.14,2026-07-08
KXNASCARCUPSERIES-NCS26-RBLA,1783569600,0.12,134.72,2026-07-09
KXNASCARCUPSERIES-NCS26-RBLA,1783656000,0.1,57.34,2026-07-10
KXNASCARCUPSERIES-NCS26-RBLA,1783742400,0.1,368.0,2026-07-11
KXNASCARCUPSERIES-NCS26-RBLA,1783828800,0.11,683.4,2026-07-12
KXNASCARCUPSERIES-NCS26-RBLA,1783915200,0.12,4077.35,2026-07-13
KXNASCARCUPSERIES-NCS26-RBLA,1784001600,0.12,22909.55,2026-07-14
KXNASCARCUPSERIES-NCS26-RBLA,1784088000,0.11,1990.73,2026-07-15
KXNASCARCUPSERIES-NCS26-RBLA,1784174400,0.12,633.77,2026-07-16
KXNASCARCUPSERIES-NCS26-RBLA,1784260800,0.12,362.75,2026-07-17
KXNASCARCUPSERIES-NCS26-RBLA,1784347200,0.12,401.49,2026-07-18
KXNASCARCUPSERIES-NCS26-RBLA,1784433600,0.13,470.5,2026-07-19
KXNASCARCUPSERIES-NCS26-RBLA,1784520000,0.12,3678.81,2026-07-20
KXNASCARCUPSERIES-NCS26-RBLA,1784606400,0.15,6745.4,2026-07-21
KXNASCARCUPSERIES-NCS26-RBLA,1784692800,0.16,197.27,2026-07-22
KXNASCARCUPSERIES-NCS26-RBLA,1784779200,0.15,163.11,2026-07-23
KXNASCARCUPSERIES-NCS26-RBLA,1784865600,0.16,73.13,2026-07-24
KXNASCARCUPSERIES-NCS26-RBLA,1784952000,0.14,301.53,2026-07-25
KXNASCARCUPSERIES-NCS26-RBLA,1785038400,0.15,206.87,2026-07-26
KXNASCARCUPSERIES-NCS26-RBLA,1785124800,0.14,3305.46,2026-07-27
KXNASCARCUPSERIES-NCS26-RBLA,1785211200,0.12,633.88,2026-07-28
KXNASCARCUPSERIES-NCS26-RBLA,1785297600,0.12,534.21,2026-07-29
KXNASCARCUPSERIES-NCS26-RBLA,1785384000,0.13,663.62,2026-07-30
KXNASCARCUPSERIES-NCS26-RBLA,1785470400,0.13,935.84,2026-07-31
KXNASCARCUPSERIES-NCS26-RBLA,1785556800,0.13,1080.07,2026-08-01
KXNASCARCUPSERIES-NCS26-RBLA,1785643200,0.12,918.89,2026-08-02
KXNASCARCUPSERIES-NCS26-RBLA,1785729600,0.13,2133.54,2026-08-03
KXNASCARCUPSERIES-NCS26-RBLA,1785816000,0.13,1012.58,2026-08-04
KXNASCARCUPSERIES-NCS26-RBLA,1785902400,0.12,177.07,2026-08-05
KXNASCARCUPSERIES-NCS26-RBLA,1785988800,0.09,994.43,2026-08-06
KXNASCARCUPSERIES-NCS26-RBLA,1786075200,0.1,710.0,2026-08-07
KXNASCARCUPSERIES-NCS26-RBLA,1786161600,0.09,127.34,2026-08-08
KXNASCARCUPSERIES-NCS26-RBLA,1786248000,0.12,1852.51,2026-08-09
KXNASCARCUPSERIES-NCS26-RBLA,1786334400,0.11,4554.32,2026-08-10
KXNASCARCUPSERIES-NCS26-RBLA,1786420800,0.12,2554.83,2026-08-11
KXNASCARCUPSERIES-NCS26-RBLA,1786507200,0.11,1283.15,2026-08-12
KXNASCARCUPSERIES-NCS26-RBLA,1786593600,0.12,2058.25,2026-08-13
KXNASCARCUPSERIES-NCS26-RBLA,1786680000,0.1,1094.04,2026-08-14
KXNASCARCUPSERIES-NCS26-RBLA,1786766400,0.11,136.9,2026-08-15
KXNASCARCUPSERIES-NCS26-RBLA,1786852800,0.14,6883.91,2026-08-16
KXNASCARCUPSERIES-NCS26-RBLA,1786939200,0.11,780.18,2026-08-17
KXNASCARCUPSERIES-NCS26-RBLA,1787025600,0.11,1520.71,2026-08-18
KXNASCARCUPSERIES-NCS26-RBLA,1787112000,0.11,436.65,2026-08-19
KXNASCARCUPSERIES-NCS26-RBLA,1787198400,0.1,1990.95,2026-08-20
KXNASCARCUPSERIES-NCS26-RBLA,1787284800,0.11,358.16,2026-08-21
KXNASCARCUPSERIES-NCS26-RBLA,1787371200,0.1,326.55,2026-08-22
KXNASCARCUPSERIES-NCS26-RBLA,1787457600,0.1,1259.49,2026-08-23
KXNASCARCUPSERIES-NCS26-RBLA,1787544000,0.12,7026.19,2026-08-24
KXNASCARCUPSERIES-NCS26-RBLA,1787630400,0.13,7612.15,2026-08-25
KXNASCARCUPSERIES-NCS26-RBLA,1787716800,0.13,2097.52,2026-08-26
KXNASCARCUPSERIES-NCS26-RBLA,1787803200,0.12,253.72,2026-08-27
KXNASCARCUPSERIES-NCS26-RBLA,1787889600,0.11,1084.08,2026-08-28
KXNASCARCUPSERIES-NCS26-RBLA,1787976000,0.09,1208.87,2026-08-29
KXNASCARCUPSERIES-NCS26-RBLA,1788062400,0.14,4203.12,2026-08-30
KXNASCARCUPSERIES-NCS26-RBLA,1788148800,0.15,5363.84,2026-08-31
KXNASCARCUPSERIES-NCS26-RBLA,1788235200,0.15,1698.33,2026-09-01
KXNASCARCUPSERIES-NCS26-RBLA,1788321600,0.14,1472.59,2026-09-02
KXNASCARCUPSERIES-NCS26-RBLA,1788408000,0.12,1336.75,2026-09-03
KXNASCARCUPSERIES-NCS26-RBLA,1788494400,0.13,1283.21,2026-09-04
KXNASCARCUPSERIES-NCS26-RBLA,1788580800,0.13,318.75,2026-09-05
KXNASCARCUPSERIES-NCS26-RBLA,1788667200,0.14,2830.82,2026-09-06
KXNASCARCUPSERIES-NCS26-RBLA,1788753600,0.15,5171.26,2026-09-07
KXNASCARCUPSERIES-NCS26-RBLA,1788840000,0.14,513.53,2026-09-08
KXNASCARCUPSERIES-NCS26-TGIB,1781150400,0.04,25.0,2026-06-11
KXNASCARCUPSERIES-NCS26-TGIB,1781236800,0.06,6.0,2026-06-12
KXNASCARCUPSERIES-NCS26-TGIB,1781323200,0.04,166.0,2026-06-13
KXNASCARCUPSERIES-NCS26-TGIB,1781409600,0.06,160.0,2026-06-14
KXNASCARCUPSERIES-NCS26-TGIB,1781496000,0.04,810.91,2026-06-15
KXNASCARCUPSERIES-NCS26-TGIB,1781582400,0.04,96.85,2026-06-16
KXNASCARCUPSERIES-NCS26-TGIB,1781668800,0.06,781.88,2026-06-17
KXNASCARCUPSERIES-NCS26-TGIB,1781841600,,0.0,2026-06-19
KXNASCARCUPSERIES-NCS26-TGIB,1781928000,0.05,253.0,2026-06-20
KXNASCARCUPSERIES-NCS26-TGIB,1782014400,,0.0,2026-06-21
KXNASCARCUPSERIES-NCS26-TGIB,1782100800,0.04,1908.74,2026-06-22
KXNASCARCUPSERIES-NCS26-TGIB,1782187200,0.05,214.33,2026-06-23
KXNASCARCUPSERIES-NCS26-TGIB,1782273600,,0.0,2026-06-24
KXNASCARCUPSERIES-NCS26-TGIB,1782360000,,0.0,2026-06-25
KXNASCARCUPSERIES-NCS26-TGIB,1782446400,,0.0,2026-06-26
KXNASCARCUPSERIES-NCS26-TGIB,1782532800,0.04,66.0,2026-06-27
KXNASCARCUPSERIES-NCS26-TGIB,1782619200,0.05,1353.5,2026-06-28
KXNASCARCUPSERIES-NCS26-TGIB,1782705600,0.04,1844.28,2026-06-29
KXNASCARCUPSERIES-NCS26-TGIB,1782792000,0.04,4835.28,2026-06-30
KXNASCARCUPSERIES-NCS26-TGIB,1782878400,0.05,400.04,2026-07-01
KXNASCARCUPSERIES-NCS26-TGIB,1782964800,0.05,187.8,2026-07-02
KXNASCARCUPSERIES-NCS26-TGIB,1783051200,,0.0,2026-07-03
KXNASCARCUPSERIES-NCS26-TGIB,1783137600,0.05,197.0,2026-07-04
KXNASCARCUPSERIES-NCS26-TGIB,1783224000,0.05,16.0,2026-07-05
KXNASCARCUPSERIES-NCS26-TGIB,1783310400,0.04,3044.64,2026-07-06
KXNASCARCUPSERIES-NCS26-TGIB,1783396800,0.02,1115.8,2026-07-07
KXNASCARCUPSERIES-NCS26-TGIB,1783483200,0.04,2148.59,2026-07-08
KXNASCARCUPSERIES-NCS26-TGIB,1783569600,0.03,31.0,2026-07-09
KXNASCARCUPSERIES-NCS26-TGIB,1783742400,0.04,954.0,2026-07-11
KXNASCARCUPSERIES-NCS26-TGIB,1783828800,0.04,70.27,2026-07-12
KXNASCARCUPSERIES-NCS26-TGIB,1783915200,0.04,151.86,2026-07-13
KXNASCARCUPSERIES-NCS26-TGIB,1784001600,0.03,5113.76,2026-07-14
KXNASCARCUPSERIES-NCS26-TGIB,1784088000,0.03,936.41,2026-07-15
KXNASCARCUPSERIES-NCS26-TGIB,1784174400,0.03,1436.11,2026-07-16
KXNASCARCUPSERIES-NCS26-TGIB,1784260800,,0.0,2026-07-17
KXNASCARCUPSERIES-NCS26-TGIB,1784347200,,0.0,2026-07-18
KXNASCARCUPSERIES-NCS26-TGIB,1784520000,0.06,6854.25,2026-07-20
KXNASCARCUPSERIES-NCS26-TGIB,1784606400,0.03,725.06,2026-07-21
KXNASCARCUPSERIES-NCS26-TGIB,1784692800,0.04,2209.12,2026-07-22
KXNASCARCUPSERIES-NCS26-TGIB,1784779200,0.04,1325.27,2026-07-23
KXNASCARCUPSERIES-NCS26-TGIB,1784865600,,0.0,2026-07-24
KXNASCARCUPSERIES-NCS26-TGIB,1784952000,0.04,5028.94,2026-07-25
KXNASCARCUPSERIES-NCS26-TGIB,1785038400,0.04,180.25,2026-07-26
KXNASCARCUPSERIES-NCS26-TGIB,1785124800,0.05,5766.62,2026-07-27
KXNASCARCUPSERIES-NCS26-TGIB,1785211200,0.06,372.44,2026-07-28
KXNASCARCUPSERIES-NCS26-TGIB,1785297600,0.03,1045.22,2026-07-29
KXNASCARCUPSERIES-NCS26-TGIB,1785384000,0.06,181.26,2026-07-30
KXNASCARCUPSERIES-NCS26-TGIB,1785470400,0.06,636.75,2026-07-31
KXNASCARCUPSERIES-NCS26-TGIB,1785556800,0.06,93.81,2026-08-01
KXNASCARCUPSERIES-NCS26-TGIB,1785643200,0.06,357.3,2026-08-02
KXNASCARCUPSERIES-NCS26-TGIB,1785729600,0.06,279.21,2026-08-03
KXNASCARCUPSERIES-NCS26-TGIB,1785816000,0.05,40.94,2026-08-04
KXNASCARCUPSERIES-NCS26-TGIB,1785902400,0.06,160.18,2026-08-05
KXNASCARCUPSERIES-NCS26-TGIB,1785988800,0.05,3750.58,2026-08-06
KXNASCARCUPSERIES-NCS26-TGIB,1786075200,0.06,4131.27,2026-08-07
KXNASCARCUPSERIES-NCS26-TGIB,1786161600,0.04,393.28,2026-08-08
KXNASCARCUPSERIES-NCS26-TGIB,1786248000,0.04,449.57,2026-08-09
KXNASCARCUPSERIES-NCS26-TGIB,1786334400,0.1,7713.18,2026-08-10
KXNASCARCUPSERIES-NCS26-TGIB,1786420800,0.11,504.87,2026-08-11
KXNASCARCUPSERIES-NCS26-TGIB,1786507200,0.1,2318.15,2026-08-12
KXNASCARCUPSERIES-NCS26-TGIB,1786593600,0.1,3285.35,2026-08-13
KXNASCARCUPSERIES-NCS26-TGIB,1786680000,0.1,180.85,2026-08-14
KXNASCARCUPSERIES-NCS26-TGIB,1786766400,0.09,471.91,2026-08-15
KXNASCARCUPSERIES-NCS26-TGIB,1786852800,0.09,703.2,2026-08-16
KXNASCARCUPSERIES-NCS26-TGIB,1786939200,0.1,1500.13,2026-08-17
KXNASCARCUPSERIES-NCS26-TGIB,1787025600,0.08,218.26,2026-08-18
KXNASCARCUPSERIES-NCS26-TGIB,1787112000,0.08,760.89,2026-08-19
KXNASCARCUPSERIES-NCS26-TGIB,1787198400,0.07,39.09,2026-08-20
KXNASCARCUPSERIES-NCS26-TGIB,1787284800,0.08,187.89,2026-08-21
KXNASCARCUPSERIES-NCS26-TGIB,1787371200,0.08,37.76,2026-08-22
KXNASCARCUPSERIES-NCS26-TGIB,1787457600,0.08,839.95,2026-08-23
KXNASCARCUPSERIES-NCS26-TGIB,1787544000,0.09,5365.59,2026-08-24
KXNASCARCUPSERIES-NCS26-TGIB,1787630400,0.08,115.96,2026-08-25
KXNASCARCUPSERIES-NCS26-TGIB,1787716800,0.08,156.0,2026-08-26
KXNASCARCUPSERIES-NCS26-TGIB,1787803200,0.09,156.67,2026-08-27
KXNASCARCUPSERIES-NCS26-TGIB,1787889600,0.07,137.27,2026-08-28
KXNASCARCUPSERIES-NCS26-TGIB,1787976000,0.07,336.0,2026-08-29
KXNASCARCUPSERIES-NCS26-TGIB,1788062400,0.06,4891.79,2026-08-30
KXNASCARCUPSERIES-NCS26-TGIB,1788148800,0.07,2210.98,2026-08-31
KXNASCARCUPSERIES-NCS26-TGIB,1788235200,0.06,356.58,2026-09-01
KXNASCARCUPSERIES-NCS26-TGIB,1788321600,0.06,1142.0,2026-09-02
KXNASCARCUPSERIES-NCS26-TGIB,1788408000,0.07,30.15,2026-09-03
KXNASCARCUPSERIES-NCS26-TGIB,1788494400,0.06,156.33,2026-09-04
KXNASCARCUPSERIES-NCS26-TGIB,1788580800,0.08,2431.62,2026-09-05
KXNASCARCUPSERIES-NCS26-TGIB,1788667200,0.09,139.09,2026-09-06
KXNASCARCUPSERIES-NCS26-TGIB,1788753600,0.04,1556.7,2026-09-07
KXNASCARCUPSERIES-NCS26-TGIB,1788840000,0.06,377.35,2026-09-08
KXNASCARCUPSERIES-NCS26-TRED,1781150400,0.18,292.72,2026-06-11
KXNASCARCUPSERIES-NCS26-TRED,1781236800,0.18,880.85,2026-06-12
KXNASCARCUPSERIES-NCS26-TRED,1781323200,0.21,606.7,2026-06-13
KXNASCARCUPSERIES-NCS26-TRED,1781409600,0.17,2033.6,2026-06-14
KXNASCARCUPSERIES-NCS26-TRED,1781496000,0.17,5287.31,2026-06-15
KXNASCARCUPSERIES-NCS26-TRED,1781582400,0.18,1162.91,2026-06-16
KXNASCARCUPSERIES-NCS26-TRED,1781668800,0.18,1447.09,2026-06-17
KXNASCARCUPSERIES-NCS26-TRED,1781755200,0.16,1018.49,2026-06-18
KXNASCARCUPSERIES-NCS26-TRED,1781841600,0.2,1247.61,2026-06-19
KXNASCARCUPSERIES-NCS26-TRED,1781928000,0.17,766.97,2026-06-20
KXNASCARCUPSERIES-NCS26-TRED,1782014400,0.17,1158.64,2026-06-21
KXNASCARCUPSERIES-NCS26-TRED,1782100800,0.19,12151.75,2026-06-22
KXNASCARCUPSERIES-NCS26-TRED,1782187200,0.2,1398.8,2026-06-23
KXNASCARCUPSERIES-NCS26-TRED,1782273600,0.2,5033.31,2026-06-24
KXNASCARCUPSERIES-NCS26-TRED,1782360000,0.2,646.77,2026-06-25
KXNASCARCUPSERIES-NCS26-TRED,1782446400,0.19,80.82,2026-06-26
KXNASCARCUPSERIES-NCS26-TRED,1782532800,0.2,515.36,2026-06-27
KXNASCARCUPSERIES-NCS26-TRED,1782619200,0.18,9622.06,2026-06-28
KXNASCARCUPSERIES-NCS26-TRED,1782705600,0.19,944.82,2026-06-29
KXNASCARCUPSERIES-NCS26-TRED,1782792000,0.16,450.22,2026-06-30
KXNASCARCUPSERIES-NCS26-TRED,1782878400,0.16,539.6,2026-07-01
KXNASCARCUPSERIES-NCS26-TRED,1782964800,0.17,490.08,2026-07-02
KXNASCARCUPSERIES-NCS26-TRED,1783051200,0.18,41.51,2026-07-03
KXNASCARCUPSERIES-NCS26-TRED,1783137600,0.19,1237.9,2026-07-04
KXNASCARCUPSERIES-NCS26-TRED,1783224000,0.19,123.53,2026-07-05
KXNASCARCUPSERIES-NCS26-TRED,1783310400,0.21,2951.58,2026-07-06
KXNASCARCUPSERIES-NCS26-TRED,1783396800,0.19,463.78,2026-07-07
KXNASCARCUPSERIES-NCS26-TRED,1783483200,0.17,888.05,2026-07-08
KXNASCARCUPSERIES-NCS26-TRED,1783569600,0.18,1161.26,2026-07-09
KXNASCARCUPSERIES-NCS26-TRED,1783656000,0.18,141.36,2026-07-10
KXNASCARCUPSERIES-NCS26-TRED,1783742400,0.18,550.24,2026-07-11
KXNASCARCUPSERIES-NCS26-TRED,1783828800,0.16,931.12,2026-07-12
KXNASCARCUPSERIES-NCS26-TRED,1783915200,0.14,3447.73,2026-07-13
KXNASCARCUPSERIES-NCS26-TRED,1784001600,0.13,2968.17,2026-07-14
KXNASCARCUPSERIES-NCS26-TRED,1784088000,0.13,2023.03,2026-07-15
KXNASCARCUPSERIES-NCS26-TRED,1784174400,0.13,666.92,2026-07-16
KXNASCARCUPSERIES-NCS26-TRED,1784260800,0.15,810.09,2026-07-17
KXNASCARCUPSERIES-NCS26-TRED,1784347200,0.15,113.3,2026-07-18
KXNASCARCUPSERIES-NCS26-TRED,1784433600,0.14,872.34,2026-07-19
KXNASCARCUPSERIES-NCS26-TRED,1784520000,0.17,6483.56,2026-07-20
KXNASCARCUPSERIES-NCS26-TRED,1784606400,0.15,1868.46,2026-07-21
KXNASCARCUPSERIES-NCS26-TRED,1784692800,0.14,561.14,2026-07-22
KXNASCARCUPSERIES-NCS26-TRED,1784779200,0.13,553.08,2026-07-23
KXNASCARCUPSERIES-NCS26-TRED,1784865600,0.14,374.83,2026-07-24
KXNASCARCUPSERIES-NCS26-TRED,1784952000,0.13,1170.39,2026-07-25
KXNASCARCUPSERIES-NCS26-TRED,1785038400,0.13,80.12,2026-07-26
KXNASCARCUPSERIES-NCS26-TRED,1785124800,0.12,2022.96,2026-07-27
KXNASCARCUPSERIES-NCS26-TRED,1785211200,0.13,6174.25,2026-07-28
KXNASCARCUPSERIES-NCS26-TRED,1785297600,0.13,679.04,2026-07-29
KXNASCARCUPSERIES-NCS26-TRED,1785384000,0.12,450.3,2026-07-30
KXNASCARCUPSERIES-NCS26-TRED,1785470400,0.12,345.82,2026-07-31
KXNASCARCUPSERIES-NCS26-TRED,1785556800,0.11,375.41,2026-08-01
KXNASCARCUPSERIES-NCS26-TRED,1785643200,0.12,502.47,2026-08-02
KXNASCARCUPSERIES-NCS26-TRED,1785729600,0.11,3967.85,2026-08-03
KXNASCARCUPSERIES-NCS26-TRED,1785816000,0.12,2415.88,2026-08-04
KXNASCARCUPSERIES-NCS26-TRED,1785902400,0.11,49.84,2026-08-05
KXNASCARCUPSERIES-NCS26-TRED,1785988800,0.11,479.55,2026-08-06
KXNASCARCUPSERIES-NCS26-TRED,1786075200,0.1,2849.47,2026-08-07
KXNASCARCUPSERIES-NCS26-TRED,1786161600,0.09,1314.82,2026-08-08
KXNASCARCUPSERIES-NCS26-TRED,1786248000,0.1,5224.09,2026-08-09
KXNASCARCUPSERIES-NCS26-TRED,1786334400,0.08,1545.26,2026-08-10
KXNASCARCUPSERIES-NCS26-TRED,1786420800,0.07,336.22,2026-08-11
KXNASCARCUPSERIES-NCS26-TRED,1786507200,0.06,511.97,2026-08-12
KXNASCARCUPSERIES-NCS26-TRED,1786593600,0.07,1723.47,2026-08-13
KXNASCARCUPSERIES-NCS26-TRED,1786680000,0.06,279.41,2026-08-14
KXNASCARCUPSERIES-NCS26-TRED,1786766400,0.07,4475.25,2026-08-15
KXNASCARCUPSERIES-NCS26-TRED,1786852800,0.08,1639.3,2026-08-16
KXNASCARCUPSERIES-NCS26-TRED,1786939200,0.06,2487.79,2026-08-17
KXNASCARCUPSERIES-NCS26-TRED,1787025600,0.06,420.01,2026-08-18
KXNASCARCUPSERIES-NCS26-TRED,1787112000,0.07,1041.73,2026-08-19
KXNASCARCUPSERIES-NCS26-TRED,1787198400,,0.0,2026-08-20
KXNASCARCUPSERIES-NCS26-TRED,1787284800,0.05,339.58,2026-08-21
KXNASCARCUPSERIES-NCS26-TRED,1787371200,0.07,866.92,2026-08-22
KXNASCARCUPSERIES-NCS26-TRED,1787457600,0.06,1259.95,2026-08-23
KXNASCARCUPSERIES-NCS26-TRED,1787544000,0.04,800.41,2026-08-24
KXNASCARCUPSERIES-NCS26-TRED,1787630400,0.05,1768.96,2026-08-25
KXNASCARCUPSERIES-NCS26-TRED,1787716800,0.06,1133.9,2026-08-26
KXNASCARCUPSERIES-NCS26-TRED,1787803200,0.06,176.48,2026-08-27
KXNASCARCUPSERIES-NCS26-TRED,1787889600,0.06,549.79,2026-08-28
KXNASCARCUPSERIES-NCS26-TRED,1787976000,0.06,416.42,2026-08-29
KXNASCARCUPSERIES-NCS26-TRED,1788062400,0.07,5952.59,2026-08-30
KXNASCARCUPSERIES-NCS26-TRED,1788148800,0.07,722.87,2026-08-31
KXNASCARCUPSERIES-NCS26-TRED,1788235200,0.08,474.46,2026-09-01
KXNASCARCUPSERIES-NCS26-TRED,1788321600,0.08,1714.33,2026-09-02
KXNASCARCUPSERIES-NCS26-TRED,1788408000,0.07,1275.12,2026-09-03
KXNASCARCUPSERIES-NCS26-TRED,1788494400,0.08,1049.6,2026-09-04
KXNASCARCUPSERIES-NCS26-TRED,1788580800,0.09,503.23,2026-09-05
KXNASCARCUPSERIES-NCS26-TRED,1788667200,0.09,3997.06,2026-09-06
KXNASCARCUPSERIES-NCS26-TRED,1788753600,0.09,6561.96,2026-09-07
KXNASCARCUPSERIES-NCS26-TRED,1788840000,0.07,1302.42,2026-09-08
KXWTA-26USO-AND,1781236800,,0.0,2026-06-12
KXWTA-26USO-AND,1781323200,,0.0,2026-06-13
KXWTA-26USO-AND,1781409600,,0.0,2026-06-14
KXWTA-26USO-AND,1781582400,,0.0,2026-06-16
KXWTA-26USO-AND,1781841600,,0.0,2026-06-19
KXWTA-26USO-AND,1781928000,,0.0,2026-06-20
KXWTA-26USO-AND,1782014400,,0.0,2026-06-21
KXWTA-26USO-AND,1782100800,,0.0,2026-06-22
KXWTA-26USO-AND,1782187200,,0.0,2026-06-23
KXWTA-26USO-AND,1782360000,0.07,33.53,2026-06-25
KXWTA-26USO-AND,1782705600,0.07,105.47,2026-06-29
KXWTA-26USO-AND,1782792000,,0.0,2026-06-30
KXWTA-26USO-AND,1782878400,0.19,256.0,2026-07-01
KXWTA-26USO-AND,1782964800,,0.0,2026-07-02
KXWTA-26USO-AND,1783051200,,0.0,2026-07-03
KXWTA-26USO-AND,1783137600,,0.0,2026-07-04
KXWTA-26USO-AND,1783224000,0.09,53.0,2026-07-05
KXWTA-26USO-AND,1783310400,,0.0,2026-07-06
KXWTA-26USO-AND,1783396800,0.08,65.23,2026-07-07
KXWTA-26USO-AND,1783483200,,0.0,2026-07-08
KXWTA-26USO-AND,1783569600,,0.0,2026-07-09
KXWTA-26USO-AND,1783656000,,0.0,2026-07-10
KXWTA-26USO-AND,1783742400,0.19,273.34,2026-07-11
KXWTA-26USO-AND,1783828800,0.06,21.47,2026-07-12
KXWTA-26USO-AND,1783915200,,0.0,2026-07-13
KXWTA-26USO-AND,1784001600,0.1,65.84,2026-07-14
KXWTA-26USO-AND,1784088000,,0.0,2026-07-15
KXWTA-26USO-AND,1784174400,,0.0,2026-07-16
KXWTA-26USO-AND,1784260800,,0.0,2026-07-17
KXWTA-26USO-AND,1784347200,,0.0,2026-07-18
KXWTA-26USO-AND,1784433600,,0.0,2026-07-19
KXWTA-26USO-AND,1784520000,0.07,267.0,2026-07-20
KXWTA-26USO-AND,1784606400,0.08,80.35,2026-07-21
KXWTA-26USO-AND,1784692800,0.07,11.76,2026-07-22
KXWTA-26USO-AND,1784779200,,0.0,2026-07-23
KXWTA-26USO-AND,1784865600,0.08,234.84,2026-07-24
KXWTA-26USO-AND,1784952000,0.08,234.84,2026-07-25
KXWTA-26USO-AND,1785038400,0.08,835.71,2026-07-26
KXWTA-26USO-AND,1785124800,0.12,3022.24,2026-07-27
KXWTA-26USO-AND,1785211200,,0.0,2026-07-28
KXWTA-26USO-AND,1785297600,0.1,259.4,2026-07-29
KXWTA-26USO-AND,1785384000,,0.0,2026-07-30
KXWTA-26USO-AND,1785470400,0.09,50.0,2026-07-31
KXWTA-26USO-AND,1785556800,0.08,401.36,2026-08-01
KXWTA-26USO-AND,1785643200,0.07,65.24,2026-08-02
KXWTA-26USO-AND,1785729600,,0.0,2026-08-03
KXWTA-26USO-AND,1785816000,,0.0,2026-08-04
KXWTA-26USO-AND,1785902400,0.08,293.57,2026-08-05
KXWTA-26USO-AND,1785988800,0.08,123.2,2026-08-06
KXWTA-26USO-AND,1786075200,,0.0,2026-08-07
KXWTA-26USO-AND,1786161600,0.07,354.7,2026-08-08
KXWTA-26USO-AND,1786248000,0.08,1011.43,2026-08-09
KXWTA-26USO-AND,1786334400,0.08,279.0,2026-08-10
KXWTA-26USO-AND,1786420800,0.07,25.0,2026-08-11
KXWTA-26USO-AND,1786507200,0.07,381.95,2026-08-12
KXWTA-26USO-AND,1786593600,0.07,56.64,2026-08-13
KXWTA-26USO-AND,1786680000,0.08,43.0,2026-08-14
KXWTA-26USO-AND,1786766400,0.08,117.43,2026-08-15
KXWTA-26USO-AND,1786852800,0.07,45.0,2026-08-16
KXWTA-26USO-AND,1786939200,0.08,71.56,2026-08-17
KXWTA-26USO-AND,1787025600,0.07,206.14,2026-08-18
KXWTA-26USO-AND,1787112000,0.08,305.33,2026-08-19
KXWTA-26USO-AND,1787198400,0.07,305.33,2026-08-20
KXWTA-26USO-AND,1787284800,0.07,814.49,2026-08-21
KXWTA-26USO-AND,1787371200,0.07,448.99,2026-08-22
KXWTA-26USO-AND,1787457600,0.07,38.0,2026-08-23
KXWTA-26USO-AND,1787544000,0.07,138.66,2026-08-24
KXWTA-26USO-AND,1787630400,0.06,275.93,2026-08-25
KXWTA-26USO-AND,1787716800,0.07,9.36,2026-08-26
KXWTA-26USO-AND,1787803200,0.07,545.45,2026-08-27
KXWTA-26USO-AND,1787889600,0.07,570.43,2026-08-28
KXWTA-26USO-AND,1787976000,0.05,337.86,2026-08-29
KXWTA-26USO-AND,1788062400,0.06,5155.29,2026-08-30
KXWTA-26USO-AND,1788148800,0.06,8061.09,2026-08-31
KXWTA-26USO-AND,1788235200,0.06,5497.72,2026-09-01
KXWTA-26USO-AND,1788321600,0.06,2616.28,2026-09-02
KXWTA-26USO-AND,1788408000,0.06,2027.03,2026-09-03
KXWTA-26USO-AND,1788494400,0.05,9491.63,2026-09-04
KXWTA-26USO-AND,1788580800,0.05,15970.05,2026-09-05
KXWTA-26USO-AND,1788667200,0.07,36140.52,2026-09-06
KXWTA-26USO-AND,1788753600,0.08,13184.5,2026-09-07
KXWTA-26USO-AND,1788840000,0.1,74711.16,2026-09-08
KXWTA-26USO-GAU,1781236800,,0.0,2026-06-12
KXWTA-26USO-GAU,1781323200,,0.0,2026-06-13
KXWTA-26USO-GAU,1781582400,,0.0,2026-06-16
KXWTA-26USO-GAU,1781755200,,0.0,2026-06-18
KXWTA-26USO-GAU,1781841600,0.23,124.78,2026-06-19
KXWTA-26USO-GAU,1781928000,0.22,21.55,2026-06-20
KXWTA-26USO-GAU,1782014400,0.23,124.78,2026-06-21
KXWTA-26USO-GAU,1782100800,0.23,91.66,2026-06-22
KXWTA-26USO-GAU,1782187200,0.21,9.24,2026-06-23
KXWTA-26USO-GAU,1782273600,,0.0,2026-06-24
KXWTA-26USO-GAU,1782360000,0.2,220.53,2026-06-25
KXWTA-26USO-GAU,1782446400,0.07,4.0,2026-06-26
KXWTA-26USO-GAU,1782532800,0.19,4.98,2026-06-27
KXWTA-26USO-GAU,1782619200,0.2,187.58,2026-06-28
KXWTA-26USO-GAU,1782705600,0.09,308.61,2026-06-29
KXWTA-26USO-GAU,1782792000,0.14,20.65,2026-06-30
KXWTA-26USO-GAU,1782878400,0.12,218.0,2026-07-01
KXWTA-26USO-GAU,1782964800,0.09,10.44,2026-07-02
KXWTA-26USO-GAU,1783051200,0.08,20.62,2026-07-03
KXWTA-26USO-GAU,1783137600,0.09,439.19,2026-07-04
KXWTA-26USO-GAU,1783224000,0.09,25.0,2026-07-05
KXWTA-26USO-GAU,1783310400,0.09,41.77,2026-07-06
KXWTA-26USO-GAU,1783396800,0.17,133.07,2026-07-07
KXWTA-26USO-GAU,1783483200,0.12,109.78,2026-07-08
KXWTA-26USO-GAU,1783569600,0.11,585.05,2026-07-09
KXWTA-26USO-GAU,1783656000,0.08,776.25,2026-07-10
KXWTA-26USO-GAU,1783742400,0.07,439.25,2026-07-11
KXWTA-26USO-GAU,1783828800,0.05,882.09,2026-07-12
KXWTA-26USO-GAU,1783915200,0.09,185.24,2026-07-13
KXWTA-26USO-GAU,1784001600,0.1,497.31,2026-07-14
KXWTA-26USO-GAU,1784088000,0.09,276.87,2026-07-15
KXWTA-26USO-GAU,1784174400,0.13,1135.65,2026-07-16
KXWTA-26USO-GAU,1784260800,0.11,844.24,2026-07-17
KXWTA-26USO-GAU,1784347200,0.12,472.59,2026-07-18
KXWTA-26USO-GAU,1784433600,0.11,171.15,2026-07-19
KXWTA-26USO-GAU,1784520000,0.14,961.3,2026-07-20
KXWTA-26USO-GAU,1784606400,0.11,1473.94,2026-07-21
KXWTA-26USO-GAU,1784692800,0.1,3783.89,2026-07-22
KXWTA-26USO-GAU,1784779200,0.09,304.23,2026-07-23
KXWTA-26USO-GAU,1784865600,0.12,891.41,2026-07-24
KXWTA-26USO-GAU,1784952000,0.1,511.85,2026-07-25
KXWTA-26USO-GAU,1785038400,0.1,616.96,2026-07-26
KXWTA-26USO-GAU,1785124800,0.09,511.9,2026-07-27
KXWTA-26USO-GAU,1785211200,0.07,969.33,2026-07-28
KXWTA-26USO-GAU,1785297600,0.08,665.19,2026-07-29
KXWTA-26USO-GAU,1785384000,0.09,26.36,2026-07-30
KXWTA-26USO-GAU,1785470400,0.09,255.94,2026-07-31
KXWTA-26USO-GAU,1785556800,0.09,740.46,2026-08-01
KXWTA-26USO-GAU,1785643200,0.09,197.22,2026-08-02
KXWTA-26USO-GAU,1785729600,0.09,843.76,2026-08-03
KXWTA-26USO-GAU,1785816000,0.1,3429.99,2026-08-04
KXWTA-26USO-GAU,1785902400,0.1,430.57,2026-08-05
KXWTA-26USO-GAU,1785988800,0.16,2468.23,2026-08-06
KXWTA-26USO-GAU,1786075200,0.13,1116.68,2026-08-07
KXWTA-26USO-GAU,1786161600,0.07,766.0,2026-08-08
KXWTA-26USO-GAU,1786248000,0.08,1268.94,2026-08-09
KXWTA-26USO-GAU,1786334400,0.13,5947.04,2026-08-10
KXWTA-26USO-GAU,1786420800,0.07,4806.91,2026-08-11
KXWTA-26USO-GAU,1786507200,0.13,824.56,2026-08-12
KXWTA-26USO-GAU,1786593600,0.13,2183.16,2026-08-13
KXWTA-26USO-GAU,1786680000,0.09,1114.91,2026-08-14
KXWTA-26USO-GAU,1786766400,0.08,209.59,2026-08-15
KXWTA-26USO-GAU,1786852800,0.08,390.98,2026-08-16
KXWTA-26USO-GAU,1786939200,0.08,209.69,2026-08-17
KXWTA-26USO-GAU,1787025600,0.09,1213.99,2026-08-18
KXWTA-26USO-GAU,1787112000,0.09,425.53,2026-08-19
KXWTA-26USO-GAU,1787198400,0.08,1372.49,2026-08-20
KXWTA-26USO-GAU,1787284800,0.11,3318.53,2026-08-21
KXWTA-26USO-GAU,1787371200,0.12,1469.76,2026-08-22
KXWTA-26USO-GAU,1787457600,0.12,4549.4,2026-08-23
KXWTA-26USO-GAU,1787544000,0.15,45528.27,2026-08-24
KXWTA-26USO-GAU,1787630400,0.15,24031.21,2026-08-25
KXWTA-26USO-GAU,1787716800,0.15,15428.6,2026-08-26
KXWTA-26USO-GAU,1787803200,0.15,18607.08,2026-08-27
KXWTA-26USO-GAU,1787889600,0.15,21919.76,2026-08-28
KXWTA-26USO-GAU,1787976000,0.16,27733.32,2026-08-29
KXWTA-26USO-GAU,1788062400,0.16,33353.59,2026-08-30
KXWTA-26USO-GAU,1788148800,0.16,33555.94,2026-08-31
KXWTA-26USO-GAU,1788235200,0.19,62698.24,2026-09-01
KXWTA-26USO-GAU,1788321600,0.19,52233.2,2026-09-02
KXWTA-26USO-GAU,1788408000,0.19,32353.83,2026-09-03
KXWTA-26USO-GAU,1788494400,0.19,32860.57,2026-09-04
KXWTA-26USO-GAU,1788580800,0.17,38956.21,2026-09-05
KXWTA-26USO-GAU,1788667200,0.2,56727.86,2026-09-06
KXWTA-26USO-GAU,1788753600,0.19,39265.92,2026-09-07
KXWTA-26USO-GAU,1788840000,0.24,65190.01,2026-09-08
KXWTA-26USO-NAV,1781582400,,0.0,2026-06-16
KXWTA-26USO-NAV,1782100800,,0.0,2026-06-22
KXWTA-26USO-NAV,1782187200,,0.0,2026-06-23
KXWTA-26USO-NAV,1782360000,,0.0,2026-06-25
KXWTA-26USO-NAV,1782705600,,0.0,2026-06-29
KXWTA-26USO-NAV,1782792000,,0.0,2026-06-30
KXWTA-26USO-NAV,1783137600,0.01,125.0,2026-07-04
KXWTA-26USO-NAV,1783224000,,0.0,2026-07-05
KXWTA-26USO-NAV,1783569600,,0.0,2026-07-09
KXWTA-26USO-NAV,1783656000,,0.0,2026-07-10
KXWTA-26USO-NAV,1783828800,0.01,6.0,2026-07-12
KXWTA-26USO-NAV,1783915200,,0.0,2026-07-13
KXWTA-26USO-NAV,1784001600,,0.0,2026-07-14
KXWTA-26USO-NAV,1784520000,,0.0,2026-07-20
KXWTA-26USO-NAV,1784606400,,0.0,2026-07-21
KXWTA-26USO-NAV,1784692800,0.01,863.0,2026-07-22
KXWTA-26USO-NAV,1784779200,,0.0,2026-07-23
KXWTA-26USO-NAV,1784865600,,0.0,2026-07-24
KXWTA-26USO-NAV,1785038400,0.02,46.79,2026-07-26
KXWTA-26USO-NAV,1785124800,0.02,46.79,2026-07-27
KXWTA-26USO-NAV,1785384000,0.02,46.79,2026-07-30
KXWTA-26USO-NAV,1785470400,,0.0,2026-07-31
KXWTA-26USO-NAV,1785643200,,0.0,2026-08-02
KXWTA-26USO-NAV,1785902400,0.02,467.9,2026-08-05
KXWTA-26USO-NAV,1785988800,0.01,467.59,2026-08-06
KXWTA-26USO-NAV,1786075200,,0.0,2026-08-07
KXWTA-26USO-NAV,1786161600,,0.0,2026-08-08
KXWTA-26USO-NAV,1786248000,,0.0,2026-08-09
KXWTA-26USO-NAV,1786420800,0.01,4114.83,2026-08-11
KXWTA-26USO-NAV,1786507200,0.02,58.99,2026-08-12
KXWTA-26USO-NAV,1786593600,,0.0,2026-08-13
KXWTA-26USO-NAV,1786680000,0.02,93.58,2026-08-14
KXWTA-26USO-NAV,1786852800,0.02,166.0,2026-08-16
KXWTA-26USO-NAV,1787025600,,0.0,2026-08-18
KXWTA-26USO-NAV,1787112000,0.01,17.0,2026-08-19
KXWTA-26USO-NAV,1787284800,,0.0,2026-08-21
KXWTA-26USO-NAV,1787371200,,0.0,2026-08-22
KXWTA-26USO-NAV,1787457600,,0.0,2026-08-23
KXWTA-26USO-NAV,1787544000,0.01,935.19,2026-08-24
KXWTA-26USO-NAV,1787630400,,0.0,2026-08-25
KXWTA-26USO-NAV,1787716800,,0.0,2026-08-26
KXWTA-26USO-NAV,1787803200,,0.0,2026-08-27
KXWTA-26USO-NAV,1787889600,0.01,3422.45,2026-08-28
KXWTA-26USO-NAV,1787976000,0.01,3276.9,2026-08-29
KXWTA-26USO-NAV,1788062400,0.01,10.0,2026-08-30
KXWTA-26USO-NAV,1788148800,0.01,968.19,2026-08-31
KXWTA-26USO-NAV,1788235200,0.01,1849.75,2026-09-01
KXWTA-26USO-NAV,1788321600,0.01,1667.13,2026-09-02
KXWTA-26USO-NAV,1788408000,0.01,20858.47,2026-09-03
KXWTA-26USO-NAV,1788494400,0.01,2010.65,2026-09-04
KXWTA-26USO-NAV,1788580800,0.01,30530.05,2026-09-05
KXWTA-26USO-NAV,1788667200,0.02,22448.17,2026-09-06
KXWTA-26USO-NAV,1788753600,0.04,93174.52,2026-09-07
KXWTA-26USO-NAV,1788840000,0.01,230213.5,2026-09-08
KXWTA-26USO-PEG,1781582400,,0.0,2026-06-16
KXWTA-26USO-PEG,1782100800,,0.0,2026-06-22
KXWTA-26USO-PEG,1782187200,,0.0,2026-06-23
KXWTA-26USO-PEG,1782273600,,0.0,2026-06-24
KXWTA-26USO-PEG,1782360000,,0.0,2026-06-25
KXWTA-26USO-PEG,1782705600,0.1,18.81,2026-06-29
KXWTA-26USO-PEG,1782792000,0.07,13.41,2026-06-30
KXWTA-26USO-PEG,1782878400,,0.0,2026-07-01
KXWTA-26USO-PEG,1782964800,,0.0,2026-07-02
KXWTA-26USO-PEG,1783051200,,0.0,2026-07-03
KXWTA-26USO-PEG,1783137600,0.05,93.76,2026-07-04
KXWTA-26USO-PEG,1783224000,,0.0,2026-07-05
KXWTA-26USO-PEG,1783310400,,0.0,2026-07-06
KXWTA-26USO-PEG,1783396800,,0.0,2026-07-07
KXWTA-26USO-PEG,1783483200,0.02,193.9,2026-07-08
KXWTA-26USO-PEG,1783569600,0.03,120.0,2026-07-09
KXWTA-26USO-PEG,1783656000,0.07,1438.59,2026-07-10
KXWTA-26USO-PEG,1783742400,0.08,59.25,2026-07-11
KXWTA-26USO-PEG,1783828800,,0.0,2026-07-12
KXWTA-26USO-PEG,1783915200,0.06,32.05,2026-07-13
KXWTA-26USO-PEG,1784001600,0.05,917.89,2026-07-14
KXWTA-26USO-PEG,1784088000,0.04,200.0,2026-07-15
KXWTA-26USO-PEG,1784174400,,0.0,2026-07-16
KXWTA-26USO-PEG,1784260800,0.04,124.15,2026-07-17
KXWTA-26USO-PEG,1784347200,0.04,46.85,2026-07-18
KXWTA-26USO-PEG,1784433600,0.05,1051.53,2026-07-19
KXWTA-26USO-PEG,1784520000,0.01,23.42,2026-07-20
KXWTA-26USO-PEG,1784606400,0.04,135.87,2026-07-21
KXWTA-26USO-PEG,1784692800,0.03,288.1,2026-07-22
KXWTA-26USO-PEG,1784779200,0.05,3085.0,2026-07-23
KXWTA-26USO-PEG,1784865600,0.07,329.29,2026-07-24
KXWTA-26USO-PEG,1784952000,0.06,351.45,2026-07-25
KXWTA-26USO-PEG,1785038400,0.09,304.46,2026-07-26
KXWTA-26USO-PEG,1785124800,,0.0,2026-07-27
KXWTA-26USO-PEG,1785211200,0.03,473.26,2026-07-28
KXWTA-26USO-PEG,1785297600,0.05,120.0,2026-07-29
KXWTA-26USO-PEG,1785384000,,0.0,2026-07-30
KXWTA-26USO-PEG,1785470400,0.05,56.25,2026-07-31
KXWTA-26USO-PEG,1785556800,,0.0,2026-08-01
KXWTA-26USO-PEG,1785643200,0.06,854.02,2026-08-02
KXWTA-26USO-PEG,1785729600,,0.0,2026-08-03
KXWTA-26USO-PEG,1785816000,,0.0,2026-08-04
KXWTA-26USO-PEG,1785902400,0.06,232.44,2026-08-05
KXWTA-26USO-PEG,1785988800,0.05,2089.16,2026-08-06
KXWTA-26USO-PEG,1786075200,0.07,564.0,2026-08-07
KXWTA-26USO-PEG,1786161600,0.07,134.12,2026-08-08
KXWTA-26USO-PEG,1786248000,0.06,2014.09,2026-08-09
KXWTA-26USO-PEG,1786334400,0.07,1143.63,2026-08-10
KXWTA-26USO-PEG,1786420800,0.06,125.1,2026-08-11
KXWTA-26USO-PEG,1786507200,0.05,353.33,2026-08-12
KXWTA-26USO-PEG,1786593600,0.06,440.94,2026-08-13
KXWTA-26USO-PEG,1786680000,0.05,13.33,2026-08-14
KXWTA-26USO-PEG,1786766400,0.05,100.0,2026-08-15
KXWTA-26USO-PEG,1786852800,0.05,40.0,2026-08-16
KXWTA-26USO-PEG,1786939200,0.06,86.5,2026-08-17
KXWTA-26USO-PEG,1787025600,0.05,967.1,2026-08-18
KXWTA-26USO-PEG,1787112000,0.05,1.0,2026-08-19
KXWTA-26USO-PEG,1787198400,0.05,77.0,2026-08-20
KXWTA-26USO-PEG,1787284800,0.06,703.99,2026-08-21
KXWTA-26USO-PEG,1787371200,0.06,3017.56,2026-08-22
KXWTA-26USO-PEG,1787457600,0.07,915.72,2026-08-23
KXWTA-26USO-PEG,1787544000,0.06,6967.18,2026-08-24
KXWTA-26USO-PEG,1787630400,0.06,1767.33,2026-08-25
KXWTA-26USO-PEG,1787716800,0.07,1949.91,2026-08-26
KXWTA-26USO-PEG,1787803200,0.07,3814.1,2026-08-27
KXWTA-26USO-PEG,1787889600,0.08,10039.3,2026-08-28
KXWTA-26USO-PEG,1787976000,0.08,6241.43,2026-08-29
KXWTA-26USO-PEG,1788062400,0.08,4479.73,2026-08-30
KXWTA-26USO-PEG,1788148800,0.09,39492.05,2026-08-31
KXWTA-26USO-PEG,1788235200,0.11,12927.89,2026-09-01
KXWTA-26USO-PEG,1788321600,0.1,9069.36,2026-09-02
KXWTA-26USO-PEG,1788408000,0.1,18077.25,2026-09-03
KXWTA-26USO-PEG,1788494400,0.09,16931.17,2026-09-04
KXWTA-26USO-PEG,1788580800,0.09,29681.68,2026-09-05
KXWTA-26USO-PEG,1788667200,0.09,21521.62,2026-09-06
KXWTA-26USO-PEG,1788753600,0.12,50844.67,2026-09-07
KXWTA-26USO-PEG,1788840000,0.12,23195.62,2026-09-08
KXWTA-26USO-RYB,1781150400,,0.0,2026-06-11
KXWTA-26USO-RYB,1781236800,,0.0,2026-06-12
KXWTA-26USO-RYB,1781323200,,0.0,2026-06-13
KXWTA-26USO-RYB,1781409600,,0.0,2026-06-14
KXWTA-26USO-RYB,1781496000,,0.0,2026-06-15
KXWTA-26USO-RYB,1781582400,,0.0,2026-06-16
KXWTA-26USO-RYB,1781668800,,0.0,2026-06-17
KXWTA-26USO-RYB,1781755200,,0.0,2026-06-18
KXWTA-26USO-RYB,1781841600,,0.0,2026-06-19
KXWTA-26USO-RYB,1782014400,,0.0,2026-06-21
KXWTA-26USO-RYB,1782100800,,0.0,2026-06-22
KXWTA-26USO-RYB,1782187200,,0.0,2026-06-23
KXWTA-26USO-RYB,1782360000,,0.0,2026-06-25
KXWTA-26USO-RYB,1782619200,,0.0,2026-06-28
KXWTA-26USO-RYB,1782705600,0.13,18.12,2026-06-29
KXWTA-26USO-RYB,1782878400,0.11,116.15,2026-07-01
KXWTA-26USO-RYB,1783051200,0.11,38.38,2026-07-03
KXWTA-26USO-RYB,1783137600,,0.0,2026-07-04
KXWTA-26USO-RYB,1783224000,0.1,155.68,2026-07-05
KXWTA-26USO-RYB,1783310400,0.09,39.0,2026-07-06
KXWTA-26USO-RYB,1783396800,0.07,15.0,2026-07-07
KXWTA-26USO-RYB,1783483200,,0.0,2026-07-08
KXWTA-26USO-RYB,1783569600,0.08,189.0,2026-07-09
KXWTA-26USO-RYB,1783656000,0.11,7.0,2026-07-10
KXWTA-26USO-RYB,1783742400,0.13,220.88,2026-07-11
KXWTA-26USO-RYB,1783828800,0.17,5.55,2026-07-12
KXWTA-26USO-RYB,1783915200,0.12,21.45,2026-07-13
KXWTA-26USO-RYB,1784001600,0.11,44.74,2026-07-14
KXWTA-26USO-RYB,1784088000,0.1,198.14,2026-07-15
KXWTA-26USO-RYB,1784174400,0.17,301.0,2026-07-16
KXWTA-26USO-RYB,1784260800,,0.0,2026-07-17
KXWTA-26USO-RYB,1784347200,0.11,30.0,2026-07-18
KXWTA-26USO-RYB,1784433600,0.1,145.68,2026-07-19
KXWTA-26USO-RYB,1784520000,0.12,1982.01,2026-07-20
KXWTA-26USO-RYB,1784606400,0.11,21.23,2026-07-21
KXWTA-26USO-RYB,1784692800,0.12,881.03,2026-07-22
KXWTA-26USO-RYB,1784779200,0.11,102.63,2026-07-23
KXWTA-26USO-RYB,1784865600,0.12,560.71,2026-07-24
KXWTA-26USO-RYB,1784952000,0.12,178.72,2026-07-25
KXWTA-26USO-RYB,1785038400,0.09,923.29,2026-07-26
KXWTA-26USO-RYB,1785124800,0.09,384.0,2026-07-27
KXWTA-26USO-RYB,1785211200,0.11,657.07,2026-07-28
KXWTA-26USO-RYB,1785297600,0.08,71.0,2026-07-29
KXWTA-26USO-RYB,1785384000,0.12,33.42,2026-07-30
KXWTA-26USO-RYB,1785470400,0.11,25.67,2026-07-31
KXWTA-26USO-RYB,1785556800,0.11,2035.59,2026-08-01
KXWTA-26USO-RYB,1785643200,0.11,478.0,2026-08-02
KXWTA-26USO-RYB,1785729600,0.09,66.0,2026-08-03
KXWTA-26USO-RYB,1785816000,,0.0,2026-08-04
KXWTA-26USO-RYB,1785902400,0.09,81.68,2026-08-05
KXWTA-26USO-RYB,1785988800,0.08,600.92,2026-08-06
KXWTA-26USO-RYB,1786075200,0.08,239.14,2026-08-07
KXWTA-26USO-RYB,1786161600,0.08,237.66,2026-08-08
KXWTA-26USO-RYB,1786248000,0.07,243.43,2026-08-09
KXWTA-26USO-RYB,1786334400,0.08,790.27,2026-08-10
KXWTA-26USO-RYB,1786420800,0.08,787.16,2026-08-11
KXWTA-26USO-RYB,1786507200,0.12,2843.73,2026-08-12
KXWTA-26USO-RYB,1786593600,0.11,371.96,2026-08-13
KXWTA-26USO-RYB,1786680000,0.12,2320.57,2026-08-14
KXWTA-26USO-RYB,1786766400,0.11,1372.94,2026-08-15
KXWTA-26USO-RYB,1786852800,0.12,587.67,2026-08-16
KXWTA-26USO-RYB,1786939200,0.13,2961.42,2026-08-17
KXWTA-26USO-RYB,1787025600,0.1,598.86,2026-08-18
KXWTA-26USO-RYB,1787112000,0.11,548.33,2026-08-19
KXWTA-26USO-RYB,1787198400,0.1,147.78,2026-08-20
KXWTA-26USO-RYB,1787284800,0.03,23253.0,2026-08-21
KXWTA-26USO-RYB,1787371200,0.03,477.61,2026-08-22
KXWTA-26USO-RYB,1787457600,0.04,3045.27,2026-08-23
KXWTA-26USO-RYB,1787544000,0.04,9484.39,2026-08-24
KXWTA-26USO-RYB,1787630400,0.07,14927.88,2026-08-25
KXWTA-26USO-RYB,1787716800,0.07,2350.82,2026-08-26
KXWTA-26USO-RYB,1787803200,0.07,11023.72,2026-08-27
KXWTA-26USO-RYB,1787889600,0.06,2849.98,2026-08-28
KXWTA-26USO-RYB,1787976000,0.06,7667.2,2026-08-29
KXWTA-26USO-RYB,1788062400,0.05,5951.97,2026-08-30
KXWTA-26USO-RYB,1788148800,0.05,12378.85,2026-08-31
KXWTA-26USO-RYB,1788235200,0.05,17434.27,2026-09-01
KXWTA-26USO-RYB,1788321600,0.08,22294.66,2026-09-02
KXWTA-26USO-RYB,1788408000,0.06,21393.99,2026-09-03
KXWTA-26USO-RYB,1788494400,0.07,21591.16,2026-09-04
KXWTA-26USO-RYB,1788580800,0.07,14210.94,2026-09-05
KXWTA-26USO-RYB,1788667200,0.08,23317.44,2026-09-06
KXWTA-26USO-RYB,1788753600,0.07,7719.57,2026-09-07
KXWTA-26USO-RYB,1788840000,0.2,107707.28,2026-09-08
KXWTA-26USO-SAB,1781236800,,0.0,2026-06-12
KXWTA-26USO-SAB,1781323200,,0.0,2026-06-13
KXWTA-26USO-SAB,1781409600,,0.0,2026-06-14
KXWTA-26USO-SAB,1781496000,,0.0,2026-06-15
KXWTA-26USO-SAB,1781582400,,0.0,2026-06-16
KXWTA-26USO-SAB,1781668800,,0.0,2026-06-17
KXWTA-26USO-SAB,1781755200,,0.0,2026-06-18
KXWTA-26USO-SAB,1781841600,0.37,51.77,2026-06-19
KXWTA-26USO-SAB,1781928000,,0.0,2026-06-20
KXWTA-26USO-SAB,1782014400,0.3,64.33,2026-06-21
KXWTA-26USO-SAB,1782100800,0.31,30.9,2026-06-22
KXWTA-26USO-SAB,1782187200,0.31,64.86,2026-06-23
KXWTA-26USO-SAB,1782273600,0.32,8.94,2026-06-24
KXWTA-26USO-SAB,1782360000,0.33,86.85,2026-06-25
KXWTA-26USO-SAB,1782446400,0.25,86.85,2026-06-26
KXWTA-26USO-SAB,1782532800,,0.0,2026-06-27
KXWTA-26USO-SAB,1782619200,,0.0,2026-06-28
KXWTA-26USO-SAB,1782705600,0.26,32.9,2026-06-29
KXWTA-26USO-SAB,1782792000,0.15,21.93,2026-06-30
KXWTA-26USO-SAB,1782878400,,0.0,2026-07-01
KXWTA-26USO-SAB,1782964800,0.23,4.12,2026-07-02
KXWTA-26USO-SAB,1783051200,0.23,170.35,2026-07-03
KXWTA-26USO-SAB,1783137600,0.22,10.0,2026-07-04
KXWTA-26USO-SAB,1783224000,0.25,11.4,2026-07-05
KXWTA-26USO-SAB,1783310400,0.28,527.38,2026-07-06
KXWTA-26USO-SAB,1783396800,0.29,216.34,2026-07-07
KXWTA-26USO-SAB,1783483200,0.25,124.65,2026-07-08
KXWTA-26USO-SAB,1783569600,0.21,43.76,2026-07-09
KXWTA-26USO-SAB,1783656000,0.29,146.55,2026-07-10
KXWTA-26USO-SAB,1783742400,0.3,169.58,2026-07-11
KXWTA-26USO-SAB,1783828800,0.23,283.86,2026-07-12
KXWTA-26USO-SAB,1783915200,0.23,162.4,2026-07-13
KXWTA-26USO-SAB,1784001600,0.27,123.04,2026-07-14
KXWTA-26USO-SAB,1784088000,0.26,126.68,2026-07-15
KXWTA-26USO-SAB,1784174400,0.27,190.04,2026-07-16
KXWTA-26USO-SAB,1784260800,,0.0,2026-07-17
KXWTA-26USO-SAB,1784347200,0.27,63.82,2026-07-18
KXWTA-26USO-SAB,1784433600,,0.0,2026-07-19
KXWTA-26USO-SAB,1784520000,0.29,1238.61,2026-07-20
KXWTA-26USO-SAB,1784606400,0.28,334.42,2026-07-21
KXWTA-26USO-SAB,1784692800,0.26,133.93,2026-07-22
KXWTA-26USO-SAB,1784779200,0.26,31.1,2026-07-23
KXWTA-26USO-SAB,1784865600,0.28,377.53,2026-07-24
KXWTA-26USO-SAB,1784952000,0.28,730.83,2026-07-25
KXWTA-26USO-SAB,1785038400,0.28,799.97,2026-07-26
KXWTA-26USO-SAB,1785124800,0.28,278.67,2026-07-27
KXWTA-26USO-SAB,1785211200,0.29,130.46,2026-07-28
KXWTA-26USO-SAB,1785297600,0.27,760.66,2026-07-29
KXWTA-26USO-SAB,1785384000,0.27,200.32,2026-07-30
KXWTA-26USO-SAB,1785470400,0.27,595.72,2026-07-31
KXWTA-26USO-SAB,1785556800,0.28,1066.79,2026-08-01
KXWTA-26USO-SAB,1785643200,0.26,1801.04,2026-08-02
KXWTA-26USO-SAB,1785729600,0.27,265.02,2026-08-03
KXWTA-26USO-SAB,1785816000,0.28,455.88,2026-08-04
KXWTA-26USO-SAB,1785902400,0.27,358.7,2026-08-05
KXWTA-26USO-SAB,1785988800,0.25,306.36,2026-08-06
KXWTA-26USO-SAB,1786075200,0.29,3123.47,2026-08-07
KXWTA-26USO-SAB,1786161600,0.27,1018.0,2026-08-08
KXWTA-26USO-SAB,1786248000,0.25,3523.91,2026-08-09
KXWTA-26USO-SAB,1786334400,0.29,1252.36,2026-08-10
KXWTA-26USO-SAB,1786420800,0.27,1092.77,2026-08-11
KXWTA-26USO-SAB,1786507200,0.26,264.06,2026-08-12
KXWTA-26USO-SAB,1786593600,0.26,867.99,2026-08-13
KXWTA-26USO-SAB,1786680000,0.26,4649.72,2026-08-14
KXWTA-26USO-SAB,1786766400,0.26,278.09,2026-08-15
KXWTA-26USO-SAB,1786852800,0.28,116.78,2026-08-16
KXWTA-26USO-SAB,1786939200,0.25,467.04,2026-08-17
KXWTA-26USO-SAB,1787025600,0.24,550.55,2026-08-18
KXWTA-26USO-SAB,1787112000,0.25,886.06,2026-08-19
KXWTA-26USO-SAB,1787198400,0.26,1179.01,2026-08-20
KXWTA-26USO-SAB,1787284800,0.24,2807.94,2026-08-21
KXWTA-26USO-SAB,1787371200,0.22,1511.47,2026-08-22
KXWTA-26USO-SAB,1787457600,0.22,1262.2,2026-08-23
KXWTA-26USO-SAB,1787544000,0.22,3015.8,2026-08-24
KXWTA-26USO-SAB,1787630400,0.22,4047.02,2026-08-25
KXWTA-26USO-SAB,1787716800,0.23,4604.93,2026-08-26
KXWTA-26USO-SAB,1787803200,0.22,4049.45,2026-08-27
KXWTA-26USO-SAB,1787889600,0.22,29887.16,2026-08-28
KXWTA-26USO-SAB,1787976000,0.24,22241.8,2026-08-29
KXWTA-26USO-SAB,1788062400,0.24,2636.55,2026-08-30
KXWTA-26USO-SAB,1788148800,0.23,10592.65,2026-08-31
KXWTA-26USO-SAB,1788235200,0.24,32772.33,2026-09-01
KXWTA-26USO-SAB,1788321600,0.23,8643.59,2026-09-02
KXWTA-26USO-SAB,1788408000,0.23,16329.32,2026-09-03
KXWTA-26USO-SAB,1788494400,0.22,50537.32,2026-09-04
KXWTA-26USO-SAB,1788580800,0.24,38062.52,2026-09-05
KXWTA-26USO-SAB,1788667200,0.26,25966.57,2026-09-06
KXWTA-26USO-SAB,1788753600,0.3,38992.93,2026-09-07
KXWTA-26USO-SAB,1788840000,0.3,27403.24,2026-09-08
KXWTA-26USO-SWI,1781236800,,0.0,2026-06-12
KXWTA-26USO-SWI,1781323200,,0.0,2026-06-13
KXWTA-26USO-SWI,1781409600,,0.0,2026-06-14
KXWTA-26USO-SWI,1781582400,,0.0,2026-06-16
KXWTA-26USO-SWI,1781668800,,0.0,2026-06-17
KXWTA-26USO-SWI,1781841600,,0.0,2026-06-19
KXWTA-26USO-SWI,1781928000,,0.0,2026-06-20
KXWTA-26USO-SWI,1782014400,,0.0,2026-06-21
KXWTA-26USO-SWI,1782100800,,0.0,2026-06-22
KXWTA-26USO-SWI,1782187200,,0.0,2026-06-23
KXWTA-26USO-SWI,1782273600,,0.0,2026-06-24
KXWTA-26USO-SWI,1782360000,,0.0,2026-06-25
KXWTA-26USO-SWI,1782446400,0.12,101.0,2026-06-26
KXWTA-26USO-SWI,1782705600,0.12,38.0,2026-06-29
KXWTA-26USO-SWI,1782792000,,0.0,2026-06-30
KXWTA-26USO-SWI,1782964800,0.12,30.0,2026-07-02
KXWTA-26USO-SWI,1783051200,0.23,82.5,2026-07-03
KXWTA-26USO-SWI,1783137600,,0.0,2026-07-04
KXWTA-26USO-SWI,1783224000,0.22,43.31,2026-07-05
KXWTA-26USO-SWI,1783310400,,0.0,2026-07-06
KXWTA-26USO-SWI,1783396800,0.13,17.0,2026-07-07
KXWTA-26USO-SWI,1783483200,0.1,21.0,2026-07-08
KXWTA-26USO-SWI,1783569600,0.1,67.24,2026-07-09
KXWTA-26USO-SWI,1783656000,,0.0,2026-07-10
KXWTA-26USO-SWI,1783742400,,0.0,2026-07-11
KXWTA-26USO-SWI,1783828800,0.12,70.64,2026-07-12
KXWTA-26USO-SWI,1783915200,0.09,6.0,2026-07-13
KXWTA-26USO-SWI,1784001600,,0.0,2026-07-14
KXWTA-26USO-SWI,1784174400,,0.0,2026-07-16
KXWTA-26USO-SWI,1784260800,0.06,2131.85,2026-07-17
KXWTA-26USO-SWI,1784347200,0.13,72.5,2026-07-18
KXWTA-26USO-SWI,1784433600,,0.0,2026-07-19
KXWTA-26USO-SWI,1784520000,0.08,17.24,2026-07-20
KXWTA-26USO-SWI,1784606400,0.1,56.43,2026-07-21
KXWTA-26USO-SWI,1784692800,0.1,14.4,2026-07-22
KXWTA-26USO-SWI,1784779200,0.09,1096.79,2026-07-23
KXWTA-26USO-SWI,1784865600,0.08,317.03,2026-07-24
KXWTA-26USO-SWI,1784952000,0.08,937.48,2026-07-25
KXWTA-26USO-SWI,1785038400,0.09,92.76,2026-07-26
KXWTA-26USO-SWI,1785124800,0.09,12.29,2026-07-27
KXWTA-26USO-SWI,1785211200,0.09,113.4,2026-07-28
KXWTA-26USO-SWI,1785297600,0.09,63.99,2026-07-29
KXWTA-26USO-SWI,1785384000,0.09,79.37,2026-07-30
KXWTA-26USO-SWI,1785470400,0.09,40.83,2026-07-31
KXWTA-26USO-SWI,1785556800,0.1,612.05,2026-08-01
KXWTA-26USO-SWI,1785643200,0.11,824.84,2026-08-02
KXWTA-26USO-SWI,1785729600,0.11,285.65,2026-08-03
KXWTA-26USO-SWI,1785816000,0.11,29.23,2026-08-04
KXWTA-26USO-SWI,1785902400,0.1,3249.79,2026-08-05
KXWTA-26USO-SWI,1785988800,0.1,414.45,2026-08-06
KXWTA-26USO-SWI,1786075200,0.1,1391.56,2026-08-07
KXWTA-26USO-SWI,1786161600,0.1,114.8,2026-08-08
KXWTA-26USO-SWI,1786248000,0.08,3368.6,2026-08-09
KXWTA-26USO-SWI,1786334400,0.1,1414.85,2026-08-10
KXWTA-26USO-SWI,1786420800,0.1,2094.72,2026-08-11
KXWTA-26USO-SWI,1786507200,0.11,4059.9,2026-08-12
KXWTA-26USO-SWI,1786593600,0.12,2976.76,2026-08-13
KXWTA-26USO-SWI,1786680000,0.16,7798.5,2026-08-14
KXWTA-26USO-SWI,1786766400,0.15,3906.53,2026-08-15
KXWTA-26USO-SWI,1786852800,0.12,2684.61,2026-08-16
KXWTA-26USO-SWI,1786939200,0.16,1761.88,2026-08-17
KXWTA-26USO-SWI,1787025600,0.13,2346.73,2026-08-18
KXWTA-26USO-SWI,1787112000,0.14,4366.85,2026-08-19
KXWTA-26USO-SWI,1787198400,0.13,3976.41,2026-08-20
KXWTA-26USO-SWI,1787284800,0.17,6486.15,2026-08-21
KXWTA-26USO-SWI,1787371200,0.19,6137.36,2026-08-22
KXWTA-26USO-SWI,1787457600,0.16,6593.59,2026-08-23
KXWTA-26USO-SWI,1787544000,0.17,2380.49,2026-08-24
KXWTA-26USO-SWI,1787630400,0.16,2860.47,2026-08-25
KXWTA-26USO-SWI,1787716800,0.15,2020.19,2026-08-26
KXWTA-26USO-SWI,1787803200,0.14,1546.72,2026-08-27
KXWTA-26USO-SWI,1787889600,0.14,2254.56,2026-08-28
KXWTA-26USO-SWI,1787976000,0.15,5325.97,2026-08-29
KXWTA-26USO-SWI,1788062400,0.15,1820.51,2026-08-30
KXWTA-26USO-SWI,1788148800,0.15,6826.38,2026-08-31
KXWTA-26USO-SWI,1788235200,0.16,15453.47,2026-09-01
KXWTA-26USO-SWI,1788321600,0.16,3163.39,2026-09-02
KXWTA-26USO-SWI,1788408000,0.16,1527.74,2026-09-03
KXWTA-26USO-SWI,1788494400,0.14,22713.55,2026-09-04
KXWTA-26USO-SWI,1788580800,0.14,6993.18,2026-09-05
KXWTA-26USO-SWI,1788667200,0.15,31141.17,2026-09-06
KXWTA-26USO-SWI,1788753600,0.16,12964.39,2026-09-07
KXWTA-26USO-SWI,1788840000,0.02,102848.03,2026-09-08
KXWTA-26USO-ZHE,1781150400,0.19,6.0,2026-06-11
KXWTA-26USO-ZHE,1781323200,,0.0,2026-06-13
KXWTA-26USO-ZHE,1781582400,,0.0,2026-06-16
KXWTA-26USO-ZHE,1781668800,,0.0,2026-06-17
KXWTA-26USO-ZHE,1782100800,,0.0,2026-06-22
KXWTA-26USO-ZHE,1782187200,,0.0,2026-06-23
KXWTA-26USO-ZHE,1782273600,,0.0,2026-06-24
KXWTA-26USO-ZHE,1782360000,0.14,19.44,2026-06-25
KXWTA-26USO-ZHE,1782446400,,0.0,2026-06-26
KXWTA-26USO-ZHE,1782705600,,0.0,2026-06-29
KXWTA-26USO-ZHE,1782964800,,0.0,2026-07-02
KXWTA-26USO-ZHE,1783137600,0.01,66.0,2026-07-04
KXWTA-26USO-ZHE,1783224000,,0.0,2026-07-05
KXWTA-26USO-ZHE,1783569600,0.01,44.0,2026-07-09
KXWTA-26USO-ZHE,1783656000,,0.0,2026-07-10
KXWTA-26USO-ZHE,1783828800,0.01,6.0,2026-07-12
KXWTA-26USO-ZHE,1783915200,,0.0,2026-07-13
KXWTA-26USO-ZHE,1784001600,,0.0,2026-07-14
KXWTA-26USO-ZHE,1784260800,,0.0,2026-07-17
KXWTA-26USO-ZHE,1784520000,,0.0,2026-07-20
KXWTA-26USO-ZHE,1784606400,,0.0,2026-07-21
KXWTA-26USO-ZHE,1784692800,0.01,350.0,2026-07-22
KXWTA-26USO-ZHE,1784865600,0.02,764.31,2026-07-24
KXWTA-26USO-ZHE,1785038400,,0.0,2026-07-26
KXWTA-26USO-ZHE,1785124800,0.02,66.0,2026-07-27
KXWTA-26USO-ZHE,1785211200,,0.0,2026-07-28
KXWTA-26USO-ZHE,1785384000,0.02,93.58,2026-07-30
KXWTA-26USO-ZHE,1785470400,,0.0,2026-07-31
KXWTA-26USO-ZHE,1785643200,,0.0,2026-08-02
KXWTA-26USO-ZHE,1785902400,,0.0,2026-08-05
KXWTA-26USO-ZHE,1785988800,,0.0,2026-08-06
KXWTA-26USO-ZHE,1786075200,0.01,157.1,2026-08-07
KXWTA-26USO-ZHE,1786161600,,0.0,2026-08-08
KXWTA-26USO-ZHE,1786248000,0.01,187.03,2026-08-09
KXWTA-26USO-ZHE,1786420800,,0.0,2026-08-11
KXWTA-26USO-ZHE,1786507200,0.01,93.0,2026-08-12
KXWTA-26USO-ZHE,1786593600,,0.0,2026-08-13
KXWTA-26USO-ZHE,1786680000,,0.0,2026-08-14
KXWTA-26USO-ZHE,1786766400,0.01,467.59,2026-08-15
KXWTA-26USO-ZHE,1786852800,,0.0,2026-08-16
KXWTA-26USO-ZHE,1787025600,0.01,26.0,2026-08-18
KXWTA-26USO-ZHE,1787112000,,0.0,2026-08-19
KXWTA-26USO-ZHE,1787284800,,0.0,2026-08-21
KXWTA-26USO-ZHE,1787371200,,0.0,2026-08-22
KXWTA-26USO-ZHE,1787544000,,0.0,2026-08-24
KXWTA-26USO-ZHE,1787630400,0.01,6229.47,2026-08-25
KXWTA-26USO-ZHE,1787716800,0.01,980.37,2026-08-26
KXWTA-26USO-ZHE,1787803200,0.01,1896.3,2026-08-27
KXWTA-26USO-ZHE,1787889600,0.01,58.0,2026-08-28
KXWTA-26USO-ZHE,1787976000,0.01,3829.66,2026-08-29
KXWTA-26USO-ZHE,1788062400,0.02,2150.6,2026-08-30
KXWTA-26USO-ZHE,1788148800,0.01,7929.93,2026-08-31
KXWTA-26USO-ZHE,1788235200,0.02,3420.8,2026-09-01
KXWTA-26USO-ZHE,1788321600,0.02,13714.01,2026-09-02
KXWTA-26USO-ZHE,1788408000,0.01,3931.67,2026-09-03
KXWTA-26USO-ZHE,1788494400,0.01,6847.75,2026-09-04
KXWTA-26USO-ZHE,1788580800,0.01,22235.19,2026-09-05
KXWTA-26USO-ZHE,1788667200,0.03,27621.46,2026-09-06
KXWTA-26USO-ZHE,1788753600,0.02,12528.68,2026-09-07
KXWTA-26USO-ZHE,1788840000,0.03,100552.26,2026-09-08
SENATEMI-26-D,1781150400,0.71,745.89,2026-06-11
SENATEMI-26-D,1781236800,0.7,8.98,2026-06-12
SENATEMI-26-D,1781323200,,0.0,2026-06-13
SENATEMI-26-D,1781409600,0.72,666.19,2026-06-14
SENATEMI-26-D,1781496000,,0.0,2026-06-15
SENATEMI-26-D,1781582400,0.7,7.33,2026-06-16
SENATEMI-26-D,1781668800,,0.0,2026-06-17
SENATEMI-26-D,1781755200,0.7,5.0,2026-06-18
SENATEMI-26-D,1781841600,,0.0,2026-06-19
SENATEMI-26-D,1781928000,0.71,28.28,2026-06-20
SENATEMI-26-D,1782014400,0.71,83.28,2026-06-21
SENATEMI-26-D,1782100800,0.71,196.44,2026-06-22
SENATEMI-26-D,1782187200,0.73,9.51,2026-06-23
SENATEMI-26-D,1782273600,0.73,713.41,2026-06-24
SENATEMI-26-D,1782360000,0.72,412.03,2026-06-25
SENATEMI-26-D,1782446400,0.7,176.39,2026-06-26
SENATEMI-26-D,1782532800,0.73,55.11,2026-06-27
SENATEMI-26-D,1782619200,0.73,620.37,2026-06-28
SENATEMI-26-D,1782705600,0.71,6.14,2026-06-29
SENATEMI-26-D,1782792000,0.71,10.52,2026-06-30
SENATEMI-26-D,1782878400,0.71,4.14,2026-07-01
SENATEMI-26-D,1782964800,0.71,82.39,2026-07-02
SENATEMI-26-D,1783051200,0.71,259.87,2026-07-03
SENATEMI-26-D,1783137600,,0.0,2026-07-04
SENATEMI-26-D,1783224000,0.69,2233.72,2026-07-05
SENATEMI-26-D,1783310400,0.71,242.63,2026-07-06
SENATEMI-26-D,1783396800,0.71,787.4,2026-07-07
SENATEMI-26-D,1783483200,0.71,93.13,2026-07-08
SENATEMI-26-D,1783569600,0.7,10089.16,2026-07-09
SENATEMI-26-D,1783656000,0.7,86.73,2026-07-10
SENATEMI-26-D,1783742400,0.69,5739.18,2026-07-11
SENATEMI-26-D,1783828800,0.7,8963.3,2026-07-12
SENATEMI-26-D,1783915200,0.71,1487.26,2026-07-13
SENATEMI-26-D,1784001600,0.71,58.38,2026-07-14
SENATEMI-26-D,1784088000,0.7,773.96,2026-07-15
SENATEMI-26-D,1784174400,0.71,166.42,2026-07-16
SENATEMI-26-D,1784260800,,0.0,2026-07-17
SENATEMI-26-D,1784347200,0.71,41.41,2026-07-18
SENATEMI-26-D,1784433600,0.7,110.49,2026-07-19
SENATEMI-26-D,1784520000,0.71,3191.55,2026-07-20
SENATEMI-26-D,1784606400,0.7,1769.69,2026-07-21
SENATEMI-26-D,1784692800,0.69,1001.47,2026-07-22
SENATEMI-26-D,1784779200,0.71,632.69,2026-07-23
SENATEMI-26-D,1784865600,0.7,5.59,2026-07-24
SENATEMI-26-D,1784952000,0.7,35.0,2026-07-25
SENATEMI-26-D,1785038400,0.7,2.0,2026-07-26
SENATEMI-26-D,1785124800,0.7,392.4,2026-07-27
SENATEMI-26-D,1785211200,0.71,277.7,2026-07-28
SENATEMI-26-D,1785297600,0.7,16502.48,2026-07-29
SENATEMI-26-D,1785384000,0.7,572.04,2026-07-30
SENATEMI-26-D,1785470400,0.7,3467.64,2026-07-31
SENATEMI-26-D,1785556800,0.68,8934.99,2026-08-01
SENATEMI-26-D,1785643200,0.67,253.25,2026-08-02
SENATEMI-26-D,1785729600,0.68,16132.52,2026-08-03
SENATEMI-26-D,1785816000,0.64,23363.82,2026-08-04
SENATEMI-26-D,1785902400,0.63,23017.22,2026-08-05
SENATEMI-26-D,1785988800,0.59,53992.93,2026-08-06
SENATEMI-26-D,1786075200,0.58,31521.29,2026-08-07
SENATEMI-26-D,1786161600,0.58,23378.35,2026-08-08
SENATEMI-26-D,1786248000,0.56,41767.84,2026-08-09
SENATEMI-26-D,1786334400,0.55,21886.27,2026-08-10
SENATEMI-26-D,1786420800,0.55,40276.88,2026-08-11
SENATEMI-26-D,1786507200,0.57,117405.77,2026-08-12
SENATEMI-26-D,1786593600,0.59,84302.02,2026-08-13
SENATEMI-26-D,1786680000,0.58,36490.19,2026-08-14
SENATEMI-26-D,1786766400,0.54,68495.01,2026-08-15
SENATEMI-26-D,1786852800,0.56,12867.22,2026-08-16
SENATEMI-26-D,1786939200,0.57,44691.89,2026-08-17
SENATEMI-26-D,1787025600,0.58,36202.46,2026-08-18
SENATEMI-26-D,1787112000,0.56,32122.0,2026-08-19
SENATEMI-26-D,1787198400,0.62,102537.13,2026-08-20
SENATEMI-26-D,1787284800,0.63,41610.44,2026-08-21
SENATEMI-26-D,1787371200,0.62,22237.13,2026-08-22
SENATEMI-26-D,1787457600,0.61,21671.3,2026-08-23
SENATEMI-26-D,1787544000,0.61,7950.98,2026-08-24
SENATEMI-26-D,1787630400,0.59,28996.16,2026-08-25
SENATEMI-26-D,1787716800,0.62,29442.43,2026-08-26
SENATEMI-26-D,1787803200,0.62,6990.11,2026-08-27
SENATEMI-26-D,1787889600,0.61,12162.45,2026-08-28
SENATEMI-26-D,1787976000,0.63,38847.12,2026-08-29
SENATEMI-26-D,1788062400,0.63,4261.3,2026-08-30
SENATEMI-26-D,1788148800,0.64,9856.54,2026-08-31
SENATEMI-26-D,1788235200,0.64,13130.97,2026-09-01
SENATEMI-26-D,1788321600,0.63,22404.19,2026-09-02
SENATEMI-26-D,1788408000,0.64,7917.41,2026-09-03
SENATEMI-26-D,1788494400,0.64,17583.41,2026-09-04
SENATEMI-26-D,1788580800,0.64,13520.54,2026-09-05
SENATEMI-26-D,1788667200,0.64,28461.41,2026-09-06
SENATEMI-26-D,1788753600,0.64,4675.56,2026-09-07
SENATEMI-26-D,1788840000,0.64,5499.46,2026-09-08
SENATEMI-26-R,1781150400,0.27,51.93,2026-06-11
SENATEMI-26-R,1781236800,0.27,2.0,2026-06-12
SENATEMI-26-R,1781323200,0.31,188.32,2026-06-13
SENATEMI-26-R,1781409600,0.31,738.5,2026-06-14
SENATEMI-26-R,1781496000,0.3,2.0,2026-06-15
SENATEMI-26-R,1781582400,0.32,1015.15,2026-06-16
SENATEMI-26-R,1781668800,0.32,402.86,2026-06-17
SENATEMI-26-R,1781755200,0.3,211.86,2026-06-18
SENATEMI-26-R,1781841600,0.33,674.53,2026-06-19
SENATEMI-26-R,1781928000,0.29,50.0,2026-06-20
SENATEMI-26-R,1782014400,0.27,120.73,2026-06-21
SENATEMI-26-R,1782100800,,0.0,2026-06-22
SENATEMI-26-R,1782187200,0.33,2757.76,2026-06-23
SENATEMI-26-R,1782273600,0.32,249.11,2026-06-24
SENATEMI-26-R,1782360000,0.27,494.82,2026-06-25
SENATEMI-26-R,1782446400,0.26,74.81,2026-06-26
SENATEMI-26-R,1782532800,0.31,3.07,2026-06-27
SENATEMI-26-R,1782619200,0.26,202.82,2026-06-28
SENATEMI-26-R,1782705600,0.31,3859.55,2026-06-29
SENATEMI-26-R,1782792000,0.3,81.76,2026-06-30
SENATEMI-26-R,1782878400,0.3,2.0,2026-07-01
SENATEMI-26-R,1782964800,0.31,226.95,2026-07-02
SENATEMI-26-R,1783051200,0.31,1804.2,2026-07-03
SENATEMI-26-R,1783137600,0.29,1895.01,2026-07-04
SENATEMI-26-R,1783224000,0.31,310.03,2026-07-05
SENATEMI-26-R,1783310400,0.31,73.37,2026-07-06
SENATEMI-26-R,1783396800,0.32,7052.21,2026-07-07
SENATEMI-26-R,1783483200,0.31,3048.31,2026-07-08
SENATEMI-26-R,1783569600,0.3,2859.44,2026-07-09
SENATEMI-26-R,1783656000,0.31,848.9,2026-07-10
SENATEMI-26-R,1783742400,0.32,5961.25,2026-07-11
SENATEMI-26-R,1783828800,0.31,4717.34,2026-07-12
SENATEMI-26-R,1783915200,0.3,2575.06,2026-07-13
SENATEMI-26-R,1784001600,0.3,649.76,2026-07-14
SENATEMI-26-R,1784088000,0.31,2552.16,2026-07-15
SENATEMI-26-R,1784174400,0.31,8079.06,2026-07-16
SENATEMI-26-R,1784260800,0.31,236.63,2026-07-17
SENATEMI-26-R,1784347200,0.28,8237.18,2026-07-18
SENATEMI-26-R,1784433600,0.29,483.64,2026-07-19
SENATEMI-26-R,1784520000,0.3,1106.97,2026-07-20
SENATEMI-26-R,1784606400,0.3,1362.82,2026-07-21
SENATEMI-26-R,1784692800,0.3,652.32,2026-07-22
SENATEMI-26-R,1784779200,0.3,1078.48,2026-07-23
SENATEMI-26-R,1784865600,0.3,1689.08,2026-07-24
SENATEMI-26-R,1784952000,0.29,282.1,2026-07-25
SENATEMI-26-R,1785038400,0.3,50.0,2026-07-26
SENATEMI-26-R,1785124800,0.3,2746.58,2026-07-27
SENATEMI-26-R,1785211200,0.3,874.11,2026-07-28
SENATEMI-26-R,1785297600,0.3,24366.44,2026-07-29
SENATEMI-26-R,1785384000,0.3,3946.12,2026-07-30
SENATEMI-26-R,1785470400,0.32,15306.82,2026-07-31
SENATEMI-26-R,1785556800,0.32,12783.19,2026-08-01
SENATEMI-26-R,1785643200,0.33,4039.69,2026-08-02
SENATEMI-26-R,1785729600,0.34,9734.62,2026-08-03
SENATEMI-26-R,1785816000,0.36,14706.13,2026-08-04
SENATEMI-26-R,1785902400,0.38,42230.62,2026-08-05
SENATEMI-26-R,1785988800,0.42,128138.02,2026-08-06
SENATEMI-26-R,1786075200,0.44,68809.72,2026-08-07
SENATEMI-26-R,1786161600,0.43,59336.08,2026-08-08
SENATEMI-26-R,1786248000,0.44,121865.75,2026-08-09
SENATEMI-26-R,1786334400,0.45,33260.33,2026-08-10
SENATEMI-26-R,1786420800,0.46,23932.57,2026-08-11
SENATEMI-26-R,1786507200,0.44,86332.0,2026-08-12
SENATEMI-26-R,1786593600,0.42,68990.24,2026-08-13
SENATEMI-26-R,1786680000,0.44,68794.79,2026-08-14
SENATEMI-26-R,1786766400,0.46,49245.13,2026-08-15
SENATEMI-26-R,1786852800,0.45,29243.82,2026-08-16
SENATEMI-26-R,1786939200,0.44,19175.84,2026-08-17
SENATEMI-26-R,1787025600,0.43,48348.85,2026-08-18
SENATEMI-26-R,1787112000,0.43,26522.66,2026-08-19
SENATEMI-26-R,1787198400,0.39,76845.06,2026-08-20
SENATEMI-26-R,1787284800,0.39,41950.95,2026-08-21
SENATEMI-26-R,1787371200,0.38,23767.52,2026-08-22
SENATEMI-26-R,1787457600,0.4,12546.06,2026-08-23
SENATEMI-26-R,1787544000,0.41,15506.93,2026-08-24
SENATEMI-26-R,1787630400,0.41,26861.64,2026-08-25
SENATEMI-26-R,1787716800,0.4,34841.44,2026-08-26
SENATEMI-26-R,1787803200,0.4,33344.78,2026-08-27
SENATEMI-26-R,1787889600,0.4,109877.56,2026-08-28
SENATEMI-26-R,1787976000,0.39,73186.05,2026-08-29
SENATEMI-26-R,1788062400,0.37,41232.74,2026-08-30
SENATEMI-26-R,1788148800,0.37,57608.27,2026-08-31
SENATEMI-26-R,1788235200,0.37,51906.76,2026-09-01
SENATEMI-26-R,1788321600,0.37,58998.7,2026-09-02
SENATEMI-26-R,1788408000,0.37,18092.17,2026-09-03
SENATEMI-26-R,1788494400,0.38,29575.48,2026-09-04
SENATEMI-26-R,1788580800,0.38,6317.68,2026-09-05
SENATEMI-26-R,1788667200,0.37,5535.11,2026-09-06
SENATEMI-26-R,1788753600,0.36,7367.31,2026-09-07
SENATEMI-26-R,1788840000,0.36,4253.03,2026-09-08
SENATEOHS-26-D,1781150400,0.59,212.03,2026-06-11
SENATEOHS-26-D,1781236800,0.59,1615.92,2026-06-12
SENATEOHS-26-D,1781323200,0.59,181.21,2026-06-13
SENATEOHS-26-D,1781409600,0.57,19.55,2026-06-14
SENATEOHS-26-D,1781496000,0.59,312.8,2026-06-15
SENATEOHS-26-D,1781582400,0.58,30.0,2026-06-16
SENATEOHS-26-D,1781668800,0.59,199.59,2026-06-17
SENATEOHS-26-D,1781755200,0.57,7.0,2026-06-18
SENATEOHS-26-D,1781841600,0.6,4088.49,2026-06-19
SENATEOHS-26-D,1781928000,0.59,177.28,2026-06-20
SENATEOHS-26-D,1782014400,0.58,106.59,2026-06-21
SENATEOHS-26-D,1782100800,0.59,365.84,2026-06-22
SENATEOHS-26-D,1782187200,0.57,1914.94,2026-06-23
SENATEOHS-26-D,1782273600,0.57,1005.1,2026-06-24
SENATEOHS-26-D,1782360000,0.56,69.32,2026-06-25
SENATEOHS-26-D,1782446400,0.57,481.61,2026-06-26
SENATEOHS-26-D,1782532800,0.56,93.25,2026-06-27
SENATEOHS-26-D,1782619200,0.56,40.7,2026-06-28
SENATEOHS-26-D,1782705600,0.56,867.64,2026-06-29
SENATEOHS-26-D,1782792000,0.55,1.0,2026-06-30
SENATEOHS-26-D,1782878400,0.56,745.89,2026-07-01
SENATEOHS-26-D,1782964800,0.53,5124.28,2026-07-02
SENATEOHS-26-D,1783051200,0.53,376.58,2026-07-03
SENATEOHS-26-D,1783137600,0.51,2256.9,2026-07-04
SENATEOHS-26-D,1783224000,0.52,951.26,2026-07-05
SENATEOHS-26-D,1783310400,0.52,873.14,2026-07-06
SENATEOHS-26-D,1783396800,0.53,3635.72,2026-07-07
SENATEOHS-26-D,1783483200,0.54,548.49,2026-07-08
SENATEOHS-26-D,1783569600,0.54,61.07,2026-07-09
SENATEOHS-26-D,1783656000,0.52,7.75,2026-07-10
SENATEOHS-26-D,1783742400,0.52,375.9,2026-07-11
SENATEOHS-26-D,1783828800,0.52,236.9,2026-07-12
SENATEOHS-26-D,1783915200,0.52,557.0,2026-07-13
SENATEOHS-26-D,1784001600,0.5,2901.03,2026-07-14
SENATEOHS-26-D,1784088000,0.51,1121.72,2026-07-15
SENATEOHS-26-D,1784174400,0.52,2947.51,2026-07-16
SENATEOHS-26-D,1784260800,0.51,5260.16,2026-07-17
SENATEOHS-26-D,1784347200,0.51,76.18,2026-07-18
SENATEOHS-26-D,1784433600,0.5,213.01,2026-07-19
SENATEOHS-26-D,1784520000,0.5,746.73,2026-07-20
SENATEOHS-26-D,1784606400,0.51,248.68,2026-07-21
SENATEOHS-26-D,1784692800,0.51,60.34,2026-07-22
SENATEOHS-26-D,1784779200,0.51,680.72,2026-07-23
SENATEOHS-26-D,1784865600,0.51,120.82,2026-07-24
SENATEOHS-26-D,1784952000,0.51,250.75,2026-07-25
SENATEOHS-26-D,1785038400,0.51,572.45,2026-07-26
SENATEOHS-26-D,1785124800,0.51,1155.47,2026-07-27
SENATEOHS-26-D,1785211200,0.5,147.46,2026-07-28
SENATEOHS-26-D,1785297600,0.51,10804.56,2026-07-29
SENATEOHS-26-D,1785384000,0.52,10490.29,2026-07-30
SENATEOHS-26-D,1785470400,0.53,5475.78,2026-07-31
SENATEOHS-26-D,1785556800,0.53,1612.54,2026-08-01
SENATEOHS-26-D,1785643200,0.54,511.61,2026-08-02
SENATEOHS-26-D,1785729600,0.53,252.87,2026-08-03
SENATEOHS-26-D,1785816000,0.54,1472.59,2026-08-04
SENATEOHS-26-D,1785902400,0.52,1425.24,2026-08-05
SENATEOHS-26-D,1785988800,0.52,1218.38,2026-08-06
SENATEOHS-26-D,1786075200,0.53,2244.16,2026-08-07
SENATEOHS-26-D,1786161600,0.5,31128.01,2026-08-08
SENATEOHS-26-D,1786248000,0.49,271250.85,2026-08-09
SENATEOHS-26-D,1786334400,0.49,1903.65,2026-08-10
SENATEOHS-26-D,1786420800,0.5,40548.28,2026-08-11
SENATEOHS-26-D,1786507200,0.5,13359.28,2026-08-12
SENATEOHS-26-D,1786593600,0.51,9066.37,2026-08-13
SENATEOHS-26-D,1786680000,0.51,10615.51,2026-08-14
SENATEOHS-26-D,1786766400,0.53,21225.35,2026-08-15
SENATEOHS-26-D,1786852800,0.51,20278.96,2026-08-16
SENATEOHS-26-D,1786939200,0.51,4211.06,2026-08-17
SENATEOHS-26-D,1787025600,0.52,100036.73,2026-08-18
SENATEOHS-26-D,1787112000,0.52,6036.46,2026-08-19
SENATEOHS-26-D,1787198400,0.52,795.56,2026-08-20
SENATEOHS-26-D,1787284800,0.52,31935.79,2026-08-21
SENATEOHS-26-D,1787371200,0.52,1056.82,2026-08-22
SENATEOHS-26-D,1787457600,0.52,1503.32,2026-08-23
SENATEOHS-26-D,1787544000,0.51,7132.15,2026-08-24
SENATEOHS-26-D,1787630400,0.52,3610.86,2026-08-25
SENATEOHS-26-D,1787716800,0.55,23062.66,2026-08-26
SENATEOHS-26-D,1787803200,0.55,40563.52,2026-08-27
SENATEOHS-26-D,1787889600,0.54,40013.72,2026-08-28
SENATEOHS-26-D,1787976000,0.55,58186.95,2026-08-29
SENATEOHS-26-D,1788062400,0.56,31217.64,2026-08-30
SENATEOHS-26-D,1788148800,0.55,535.88,2026-08-31
SENATEOHS-26-D,1788235200,0.55,1205.89,2026-09-01
SENATEOHS-26-D,1788321600,0.54,10452.84,2026-09-02
SENATEOHS-26-D,1788408000,0.54,48088.71,2026-09-03
SENATEOHS-26-D,1788494400,0.53,17839.56,2026-09-04
SENATEOHS-26-D,1788580800,0.54,9500.04,2026-09-05
SENATEOHS-26-D,1788667200,0.53,6367.43,2026-09-06
SENATEOHS-26-D,1788753600,0.54,2700.35,2026-09-07
SENATEOHS-26-D,1788840000,0.54,9378.93,2026-09-08
SENATEOHS-26-R,1781150400,0.42,698.8,2026-06-11
SENATEOHS-26-R,1781236800,0.44,452.07,2026-06-12
SENATEOHS-26-R,1781323200,0.44,794.02,2026-06-13
SENATEOHS-26-R,1781409600,0.43,546.64,2026-06-14
SENATEOHS-26-R,1781496000,0.42,784.82,2026-06-15
SENATEOHS-26-R,1781582400,0.43,964.73,2026-06-16
SENATEOHS-26-R,1781668800,0.44,829.7,2026-06-17
SENATEOHS-26-R,1781755200,0.43,783.74,2026-06-18
SENATEOHS-26-R,1781841600,0.45,6441.01,2026-06-19
SENATEOHS-26-R,1781928000,0.44,202.92,2026-06-20
SENATEOHS-26-R,1782014400,0.44,79.85,2026-06-21
SENATEOHS-26-R,1782100800,0.44,17.48,2026-06-22
SENATEOHS-26-R,1782187200,0.43,3241.82,2026-06-23
SENATEOHS-26-R,1782273600,0.43,362.48,2026-06-24
SENATEOHS-26-R,1782360000,0.46,53.25,2026-06-25
SENATEOHS-26-R,1782446400,0.46,222.81,2026-06-26
SENATEOHS-26-R,1782532800,0.47,11658.04,2026-06-27
SENATEOHS-26-R,1782619200,0.44,222.34,2026-06-28
SENATEOHS-26-R,1782705600,0.46,104.0,2026-06-29
SENATEOHS-26-R,1782792000,0.47,2094.24,2026-06-30
SENATEOHS-26-R,1782878400,0.46,695.17,2026-07-01
SENATEOHS-26-R,1782964800,0.49,8642.05,2026-07-02
SENATEOHS-26-R,1783051200,0.51,5357.36,2026-07-03
SENATEOHS-26-R,1783137600,0.51,94.8,2026-07-04
SENATEOHS-26-R,1783224000,0.49,76.99,2026-07-05
SENATEOHS-26-R,1783310400,0.47,1691.51,2026-07-06
SENATEOHS-26-R,1783396800,0.47,10121.95,2026-07-07
SENATEOHS-26-R,1783483200,0.48,171.71,2026-07-08
SENATEOHS-26-R,1783569600,0.45,487.08,2026-07-09
SENATEOHS-26-R,1783656000,0.5,6640.34,2026-07-10
SENATEOHS-26-R,1783742400,0.47,1096.69,2026-07-11
SENATEOHS-26-R,1783828800,0.48,40.82,2026-07-12
SENATEOHS-26-R,1783915200,0.5,330.01,2026-07-13
SENATEOHS-26-R,1784001600,0.52,30920.26,2026-07-14
SENATEOHS-26-R,1784088000,0.51,4151.97,2026-07-15
SENATEOHS-26-R,1784174400,0.5,41689.12,2026-07-16
SENATEOHS-26-R,1784260800,0.5,373.84,2026-07-17
SENATEOHS-26-R,1784347200,0.49,245.14,2026-07-18
SENATEOHS-26-R,1784433600,0.5,2141.73,2026-07-19
SENATEOHS-26-R,1784520000,0.5,1064.39,2026-07-20
SENATEOHS-26-R,1784606400,0.5,1126.42,2026-07-21
SENATEOHS-26-R,1784692800,0.49,3250.94,2026-07-22
SENATEOHS-26-R,1784779200,,0.0,2026-07-23
SENATEOHS-26-R,1784865600,0.49,156.36,2026-07-24
SENATEOHS-26-R,1784952000,0.5,3918.68,2026-07-25
SENATEOHS-26-R,1785038400,0.5,33.98,2026-07-26
SENATEOHS-26-R,1785124800,0.53,11529.76,2026-07-27
SENATEOHS-26-R,1785211200,0.5,503.23,2026-07-28
SENATEOHS-26-R,1785297600,0.5,2803.85,2026-07-29
SENATEOHS-26-R,1785384000,0.48,7861.19,2026-07-30
SENATEOHS-26-R,1785470400,0.47,3769.58,2026-07-31
SENATEOHS-26-R,1785556800,0.48,1029.2,2026-08-01
SENATEOHS-26-R,1785643200,0.48,4736.21,2026-08-02
SENATEOHS-26-R,1785729600,0.47,282.2,2026-08-03
SENATEOHS-26-R,1785816000,0.48,2552.82,2026-08-04
SENATEOHS-26-R,1785902400,0.48,1313.88,2026-08-05
SENATEOHS-26-R,1785988800,0.48,1303.89,2026-08-06
SENATEOHS-26-R,1786075200,0.48,2158.65,2026-08-07
SENATEOHS-26-R,1786161600,0.5,17057.42,2026-08-08
SENATEOHS-26-R,1786248000,0.52,51162.37,2026-08-09
SENATEOHS-26-R,1786334400,0.51,1302.19,2026-08-10
SENATEOHS-26-R,1786420800,0.51,2586.63,2026-08-11
SENATEOHS-26-R,1786507200,0.51,2008.2,2026-08-12
SENATEOHS-26-R,1786593600,0.51,267555.08,2026-08-13
SENATEOHS-26-R,1786680000,0.49,4011.11,2026-08-14
SENATEOHS-26-R,1786766400,0.48,259957.47,2026-08-15
SENATEOHS-26-R,1786852800,0.49,16609.97,2026-08-16
SENATEOHS-26-R,1786939200,0.5,2790.58,2026-08-17
SENATEOHS-26-R,1787025600,0.49,301147.2,2026-08-18
SENATEOHS-26-R,1787112000,0.49,11100.36,2026-08-19
SENATEOHS-26-R,1787198400,0.49,8433.42,2026-08-20
SENATEOHS-26-R,1787284800,0.49,26816.24,2026-08-21
SENATEOHS-26-R,1787371200,0.49,799.44,2026-08-22
SENATEOHS-26-R,1787457600,0.49,2033.76,2026-08-23
SENATEOHS-26-R,1787544000,0.49,148.12,2026-08-24
SENATEOHS-26-R,1787630400,0.49,664.14,2026-08-25
SENATEOHS-26-R,1787716800,0.47,32770.77,2026-08-26
SENATEOHS-26-R,1787803200,0.47,714.23,2026-08-27
SENATEOHS-26-R,1787889600,0.47,17313.3,2026-08-28
SENATEOHS-26-R,1787976000,0.47,275.98,2026-08-29
SENATEOHS-26-R,1788062400,0.46,23780.21,2026-08-30
SENATEOHS-26-R,1788148800,0.46,205.47,2026-08-31
SENATEOHS-26-R,1788235200,0.46,220.7,2026-09-01
SENATEOHS-26-R,1788321600,0.47,6131.74,2026-09-02
SENATEOHS-26-R,1788408000,0.48,17612.93,2026-09-03
SENATEOHS-26-R,1788494400,0.48,19279.98,2026-09-04
SENATEOHS-26-R,1788580800,0.47,607.25,2026-09-05
SENATEOHS-26-R,1788667200,0.47,831.6,2026-09-06
SENATEOHS-26-R,1788753600,0.47,1977.48,2026-09-07
SENATEOHS-26-R,1788840000,0.48,454.97,2026-09-08
KXWTIMAX-26DEC31-T115,1781150400,0.6,14107.25,2026-06-11
KXWTIMAX-26DEC31-T115,1781236800,0.443,12447.24,2026-06-12
KXWTIMAX-26DEC31-T115,1781323200,0.52,8137.07,2026-06-13
KXWTIMAX-26DEC31-T115,1781409600,0.44,10382.29,2026-06-14
KXWTIMAX-26DEC31-T115,1781496000,0.377,9553.1,2026-06-15
KXWTIMAX-26DEC31-T115,1781582400,0.32,16309.98,2026-06-16
KXWTIMAX-26DEC31-T115,1781668800,0.28,10334.03,2026-06-17
KXWTIMAX-26DEC31-T115,1781755200,0.342,4784.06,2026-06-18
KXWTIMAX-26DEC31-T115,1781841600,0.357,6086.72,2026-06-19
KXWTIMAX-26DEC31-T115,1781928000,0.363,4323.65,2026-06-20
KXWTIMAX-26DEC31-T115,1782014400,0.374,7373.08,2026-06-21
KXWTIMAX-26DEC31-T115,1782100800,0.368,3438.18,2026-06-22
KXWTIMAX-26DEC31-T115,1782187200,0.35,2484.47,2026-06-23
KXWTIMAX-26DEC31-T115,1782273600,0.317,3034.21,2026-06-24
KXWTIMAX-26DEC31-T115,1782360000,0.284,10280.28,2026-06-25
KXWTIMAX-26DEC31-T115,1782446400,0.286,4470.37,2026-06-26
KXWTIMAX-26DEC31-T115,1782532800,0.288,6444.81,2026-06-27
KXWTIMAX-26DEC31-T115,1782619200,0.294,7037.73,2026-06-28
KXWTIMAX-26DEC31-T115,1782705600,0.31,1697.14,2026-06-29
KXWTIMAX-26DEC31-T115,1782792000,0.303,11747.99,2026-06-30
KXWTIMAX-26DEC31-T115,1782878400,0.32,12173.17,2026-07-01
KXWTIMAX-26DEC31-T115,1782964800,0.256,26853.99,2026-07-02
KXWTIMAX-26DEC31-T115,1783051200,0.259,8545.76,2026-07-03
KXWTIMAX-26DEC31-T115,1783137600,0.252,2785.22,2026-07-04
KXWTIMAX-26DEC31-T115,1783224000,0.269,1583.13,2026-07-05
KXWTIMAX-26DEC31-T115,1783310400,0.29,1472.62,2026-07-06
KXWTIMAX-26DEC31-T115,1783396800,0.275,1210.52,2026-07-07
KXWTIMAX-26DEC31-T115,1783483200,0.295,16490.29,2026-07-08
KXWTIMAX-26DEC31-T115,1783569600,0.32,21315.75,2026-07-09
KXWTIMAX-26DEC31-T115,1783656000,0.318,3231.32,2026-07-10
KXWTIMAX-26DEC31-T115,1783742400,0.3,3016.99,2026-07-11
KXWTIMAX-26DEC31-T115,1783828800,0.319,4362.34,2026-07-12
KXWTIMAX-26DEC31-T115,1783915200,0.33,1482.57,2026-07-13
KXWTIMAX-26DEC31-T115,1784001600,0.38,10857.85,2026-07-14
KXWTIMAX-26DEC31-T115,1784088000,0.319,4150.66,2026-07-15
KXWTIMAX-26DEC31-T115,1784174400,0.31,17226.11,2026-07-16
KXWTIMAX-26DEC31-T115,1784260800,0.309,13962.63,2026-07-17
KXWTIMAX-26DEC31-T115,1784347200,0.341,9611.61,2026-07-18
KXWTIMAX-26DEC31-T115,1784433600,0.357,11890.85,2026-07-19
KXWTIMAX-26DEC31-T115,1784520000,0.359,33575.91,2026-07-20
KXWTIMAX-26DEC31-T115,1784606400,0.344,24894.71,2026-07-21
KXWTIMAX-26DEC31-T115,1784692800,0.39,8694.16,2026-07-22
KXWTIMAX-26DEC31-T115,1784779200,0.42,9345.19,2026-07-23
KXWTIMAX-26DEC31-T115,1784865600,0.48,6441.35,2026-07-24
KXWTIMAX-26DEC31-T115,1784952000,0.459,6869.13,2026-07-25
KXWTIMAX-26DEC31-T115,1785038400,0.425,3509.15,2026-07-26
KXWTIMAX-26DEC31-T115,1785124800,0.384,11423.5,2026-07-27
KXWTIMAX-26DEC31-T115,1785211200,0.347,1252.28,2026-07-28
KXWTIMAX-26DEC31-T115,1785297600,0.363,5191.31,2026-07-29
KXWTIMAX-26DEC31-T115,1785384000,0.399,6247.91,2026-07-30
KXWTIMAX-26DEC31-T115,1785470400,0.39,1146.75,2026-07-31
KXWTIMAX-26DEC31-T115,1785556800,0.395,12568.31,2026-08-01
KXWTIMAX-26DEC31-T115,1785643200,0.381,47883.89,2026-08-02
KXWTIMAX-26DEC31-T115,1785729600,0.38,8111.48,2026-08-03
KXWTIMAX-26DEC31-T115,1785816000,0.343,25478.7,2026-08-04
KXWTIMAX-26DEC31-T115,1785902400,0.267,27988.31,2026-08-05
KXWTIMAX-26DEC31-T115,1785988800,0.25,13338.94,2026-08-06
KXWTIMAX-26DEC31-T115,1786075200,0.261,16490.0,2026-08-07
KXWTIMAX-26DEC31-T115,1786161600,0.227,5929.06,2026-08-08
KXWTIMAX-26DEC31-T115,1786248000,0.273,18087.48,2026-08-09
KXWTIMAX-26DEC31-T115,1786334400,0.305,8982.14,2026-08-10
KXWTIMAX-26DEC31-T115,1786420800,0.307,51218.57,2026-08-11
KXWTIMAX-26DEC31-T115,1786507200,0.329,10624.92,2026-08-12
KXWTIMAX-26DEC31-T115,1786593600,0.323,3983.34,2026-08-13
KXWTIMAX-26DEC31-T115,1786680000,0.32,2619.24,2026-08-14
KXWTIMAX-26DEC31-T115,1786766400,0.284,9127.52,2026-08-15
KXWTIMAX-26DEC31-T115,1786852800,0.29,1794.75,2026-08-16
KXWTIMAX-26DEC31-T115,1786939200,0.286,1983.5,2026-08-17
KXWTIMAX-26DEC31-T115,1787025600,0.305,6211.76,2026-08-18
KXWTIMAX-26DEC31-T115,1787112000,0.31,3317.94,2026-08-19
KXWTIMAX-26DEC31-T115,1787198400,0.338,3678.94,2026-08-20
KXWTIMAX-26DEC31-T115,1787284800,0.369,26072.57,2026-08-21
KXWTIMAX-26DEC31-T115,1787371200,0.335,3477.98,2026-08-22
KXWTIMAX-26DEC31-T115,1787457600,0.346,821.35,2026-08-23
KXWTIMAX-26DEC31-T115,1787544000,0.339,196.39,2026-08-24
KXWTIMAX-26DEC31-T115,1787630400,0.327,1354.41,2026-08-25
KXWTIMAX-26DEC31-T115,1787716800,0.268,15496.43,2026-08-26
KXWTIMAX-26DEC31-T115,1787803200,0.254,12644.91,2026-08-27
KXWTIMAX-26DEC31-T115,1787889600,0.268,5104.2,2026-08-28
KXWTIMAX-26DEC31-T115,1787976000,0.289,10223.47,2026-08-29
KXWTIMAX-26DEC31-T115,1788062400,0.284,730.05,2026-08-30
KXWTIMAX-26DEC31-T115,1788148800,0.278,3726.34,2026-08-31
KXWTIMAX-26DEC31-T115,1788235200,0.297,3238.66,2026-09-01
KXWTIMAX-26DEC31-T115,1788321600,0.315,4178.65,2026-09-02
KXWTIMAX-26DEC31-T115,1788408000,0.31,3458.11,2026-09-03
KXWTIMAX-26DEC31-T115,1788494400,0.316,3047.97,2026-09-04
KXWTIMAX-26DEC31-T115,1788580800,0.263,4664.5,2026-09-05
KXWTIMAX-26DEC31-T115,1788667200,0.316,2677.7,2026-09-06
KXWTIMAX-26DEC31-T115,1788753600,0.316,3484.31,2026-09-07
KXWTIMAX-26DEC31-T115,1788840000,0.26,12731.93,2026-09-08
KXWTIMAX-26DEC31-T120,1781150400,0.505,9268.57,2026-06-11
KXWTIMAX-26DEC31-T120,1781236800,0.385,10817.84,2026-06-12
KXWTIMAX-26DEC31-T120,1781323200,0.404,5239.67,2026-06-13
KXWTIMAX-26DEC31-T120,1781409600,0.386,3454.24,2026-06-14
KXWTIMAX-26DEC31-T120,1781496000,0.299,4451.22,2026-06-15
KXWTIMAX-26DEC31-T120,1781582400,0.29,4093.33,2026-06-16
KXWTIMAX-26DEC31-T120,1781668800,0.241,6076.56,2026-06-17
KXWTIMAX-26DEC31-T120,1781755200,0.251,2176.22,2026-06-18
KXWTIMAX-26DEC31-T120,1781841600,0.276,6050.54,2026-06-19
KXWTIMAX-26DEC31-T120,1781928000,0.302,2349.9,2026-06-20
KXWTIMAX-26DEC31-T120,1782014400,0.334,1282.19,2026-06-21
KXWTIMAX-26DEC31-T120,1782100800,0.363,698.0,2026-06-22
KXWTIMAX-26DEC31-T120,1782187200,0.295,208.1,2026-06-23
KXWTIMAX-26DEC31-T120,1782273600,0.262,1688.87,2026-06-24
KXWTIMAX-26DEC31-T120,1782360000,0.236,2676.1,2026-06-25
KXWTIMAX-26DEC31-T120,1782446400,0.274,2413.75,2026-06-26
KXWTIMAX-26DEC31-T120,1782532800,0.266,7160.48,2026-06-27
KXWTIMAX-26DEC31-T120,1782619200,0.242,4985.51,2026-06-28
KXWTIMAX-26DEC31-T120,1782705600,0.266,162.08,2026-06-29
KXWTIMAX-26DEC31-T120,1782792000,0.27,5469.64,2026-06-30
KXWTIMAX-26DEC31-T120,1782878400,0.272,5195.15,2026-07-01
KXWTIMAX-26DEC31-T120,1782964800,0.24,8760.36,2026-07-02
KXWTIMAX-26DEC31-T120,1783051200,0.225,1393.86,2026-07-03
KXWTIMAX-26DEC31-T120,1783137600,0.257,882.5,2026-07-04
KXWTIMAX-26DEC31-T120,1783224000,0.21,761.01,2026-07-05
KXWTIMAX-26DEC31-T120,1783310400,0.211,631.64,2026-07-06
KXWTIMAX-26DEC31-T120,1783396800,0.2,785.39,2026-07-07
KXWTIMAX-26DEC31-T120,1783483200,0.23,2869.15,2026-07-08
KXWTIMAX-26DEC31-T120,1783569600,0.275,9769.77,2026-07-09
KXWTIMAX-26DEC31-T120,1783656000,0.273,1693.45,2026-07-10
KXWTIMAX-26DEC31-T120,1783742400,0.223,1309.53,2026-07-11
KXWTIMAX-26DEC31-T120,1783828800,0.213,2332.76,2026-07-12
KXWTIMAX-26DEC31-T120,1783915200,0.246,463.48,2026-07-13
KXWTIMAX-26DEC31-T120,1784001600,0.319,6496.47,2026-07-14
KXWTIMAX-26DEC31-T120,1784088000,0.299,999.22,2026-07-15
KXWTIMAX-26DEC31-T120,1784174400,0.3,4299.25,2026-07-16
KXWTIMAX-26DEC31-T120,1784260800,0.281,1543.88,2026-07-17
KXWTIMAX-26DEC31-T120,1784347200,0.319,4814.83,2026-07-18
KXWTIMAX-26DEC31-T120,1784433600,0.33,3169.43,2026-07-19
KXWTIMAX-26DEC31-T120,1784520000,0.369,4051.3,2026-07-20
KXWTIMAX-26DEC31-T120,1784606400,0.324,13734.29,2026-07-21
KXWTIMAX-26DEC31-T120,1784692800,0.325,1065.37,2026-07-22
KXWTIMAX-26DEC31-T120,1784779200,0.36,3775.23,2026-07-23
KXWTIMAX-26DEC31-T120,1784865600,0.39,5257.74,2026-07-24
KXWTIMAX-26DEC31-T120,1784952000,0.369,8128.81,2026-07-25
KXWTIMAX-26DEC31-T120,1785038400,0.359,583.07,2026-07-26
KXWTIMAX-26DEC31-T120,1785124800,0.34,622.38,2026-07-27
KXWTIMAX-26DEC31-T120,1785211200,0.34,1431.57,2026-07-28
KXWTIMAX-26DEC31-T120,1785297600,0.297,5928.4,2026-07-29
KXWTIMAX-26DEC31-T120,1785384000,0.361,2274.55,2026-07-30
KXWTIMAX-26DEC31-T120,1785470400,0.358,1032.8,2026-07-31
KXWTIMAX-26DEC31-T120,1785556800,0.359,6064.07,2026-08-01
KXWTIMAX-26DEC31-T120,1785643200,0.373,1447.91,2026-08-02
KXWTIMAX-26DEC31-T120,1785729600,0.324,1398.13,2026-08-03
KXWTIMAX-26DEC31-T120,1785816000,0.297,7684.18,2026-08-04
KXWTIMAX-26DEC31-T120,1785902400,0.191,10405.53,2026-08-05
KXWTIMAX-26DEC31-T120,1785988800,0.209,5794.8,2026-08-06
KXWTIMAX-26DEC31-T120,1786075200,0.214,6635.93,2026-08-07
KXWTIMAX-26DEC31-T120,1786161600,0.224,2374.67,2026-08-08
KXWTIMAX-26DEC31-T120,1786248000,0.214,7876.36,2026-08-09
KXWTIMAX-26DEC31-T120,1786334400,0.219,1291.16,2026-08-10
KXWTIMAX-26DEC31-T120,1786420800,0.272,7221.49,2026-08-11
KXWTIMAX-26DEC31-T120,1786507200,0.269,1092.88,2026-08-12
KXWTIMAX-26DEC31-T120,1786593600,0.267,762.91,2026-08-13
KXWTIMAX-26DEC31-T120,1786680000,0.259,5251.82,2026-08-14
KXWTIMAX-26DEC31-T120,1786766400,0.233,708.71,2026-08-15
KXWTIMAX-26DEC31-T120,1786852800,0.227,607.87,2026-08-16
KXWTIMAX-26DEC31-T120,1786939200,0.249,4327.54,2026-08-17
KXWTIMAX-26DEC31-T120,1787025600,0.246,2091.53,2026-08-18
KXWTIMAX-26DEC31-T120,1787112000,0.269,1418.48,2026-08-19
KXWTIMAX-26DEC31-T120,1787198400,0.275,4045.01,2026-08-20
KXWTIMAX-26DEC31-T120,1787284800,0.292,10464.77,2026-08-21
KXWTIMAX-26DEC31-T120,1787371200,0.279,1107.36,2026-08-22
KXWTIMAX-26DEC31-T120,1787457600,0.295,152.26,2026-08-23
KXWTIMAX-26DEC31-T120,1787544000,0.281,287.36,2026-08-24
KXWTIMAX-26DEC31-T120,1787630400,0.263,3689.24,2026-08-25
KXWTIMAX-26DEC31-T120,1787716800,0.229,1478.69,2026-08-26
KXWTIMAX-26DEC31-T120,1787803200,0.218,4987.91,2026-08-27
KXWTIMAX-26DEC31-T120,1787889600,0.24,1753.29,2026-08-28
KXWTIMAX-26DEC31-T120,1787976000,0.224,1912.64,2026-08-29
KXWTIMAX-26DEC31-T120,1788062400,0.233,92.28,2026-08-30
KXWTIMAX-26DEC31-T120,1788148800,0.248,99.05,2026-08-31
KXWTIMAX-26DEC31-T120,1788235200,0.249,1681.57,2026-09-01
KXWTIMAX-26DEC31-T120,1788321600,0.3,2295.68,2026-09-02
KXWTIMAX-26DEC31-T120,1788408000,0.264,3101.46,2026-09-03
KXWTIMAX-26DEC31-T120,1788494400,0.275,1701.86,2026-09-04
KXWTIMAX-26DEC31-T120,1788580800,0.26,1528.77,2026-09-05
KXWTIMAX-26DEC31-T120,1788667200,0.248,1855.24,2026-09-06
KXWTIMAX-26DEC31-T120,1788753600,0.261,2085.17,2026-09-07
KXWTIMAX-26DEC31-T120,1788840000,0.246,1328.51,2026-09-08
KXWTIMAX-26DEC31-T125,1781150400,0.428,3432.75,2026-06-11
KXWTIMAX-26DEC31-T125,1781236800,0.359,14224.11,2026-06-12
KXWTIMAX-26DEC31-T125,1781323200,0.358,716.96,2026-06-13
KXWTIMAX-26DEC31-T125,1781409600,0.338,1976.71,2026-06-14
KXWTIMAX-26DEC31-T125,1781496000,0.293,2091.86,2026-06-15
KXWTIMAX-26DEC31-T125,1781582400,0.277,987.21,2026-06-16
KXWTIMAX-26DEC31-T125,1781668800,0.242,5501.3,2026-06-17
KXWTIMAX-26DEC31-T125,1781755200,0.223,843.41,2026-06-18
KXWTIMAX-26DEC31-T125,1781841600,0.27,2560.84,2026-06-19
KXWTIMAX-26DEC31-T125,1781928000,0.285,701.9,2026-06-20
KXWTIMAX-26DEC31-T125,1782014400,0.303,505.84,2026-06-21
KXWTIMAX-26DEC31-T125,1782100800,0.305,2599.19,2026-06-22
KXWTIMAX-26DEC31-T125,1782187200,0.276,2414.2,2026-06-23
KXWTIMAX-26DEC31-T125,1782273600,0.25,1995.45,2026-06-24
KXWTIMAX-26DEC31-T125,1782360000,0.253,4452.42,2026-06-25
KXWTIMAX-26DEC31-T125,1782446400,0.272,1791.77,2026-06-26
KXWTIMAX-26DEC31-T125,1782532800,0.239,3631.36,2026-06-27
KXWTIMAX-26DEC31-T125,1782619200,0.197,8191.35,2026-06-28
KXWTIMAX-26DEC31-T125,1782705600,0.223,1848.58,2026-06-29
KXWTIMAX-26DEC31-T125,1782792000,0.257,1834.08,2026-06-30
KXWTIMAX-26DEC31-T125,1782878400,0.237,4473.62,2026-07-01
KXWTIMAX-26DEC31-T125,1782964800,0.202,5478.71,2026-07-02
KXWTIMAX-26DEC31-T125,1783051200,0.21,647.83,2026-07-03
KXWTIMAX-26DEC31-T125,1783137600,0.192,1303.84,2026-07-04
KXWTIMAX-26DEC31-T125,1783224000,0.187,341.99,2026-07-05
KXWTIMAX-26DEC31-T125,1783310400,0.209,893.3,2026-07-06
KXWTIMAX-26DEC31-T125,1783396800,0.185,603.92,2026-07-07
KXWTIMAX-26DEC31-T125,1783483200,0.205,2424.2,2026-07-08
KXWTIMAX-26DEC31-T125,1783569600,0.265,8303.93,2026-07-09
KXWTIMAX-26DEC31-T125,1783656000,0.207,765.59,2026-07-10
KXWTIMAX-26DEC31-T125,1783742400,0.245,2506.67,2026-07-11
KXWTIMAX-26DEC31-T125,1783828800,0.25,3007.49,2026-07-12
KXWTIMAX-26DEC31-T125,1783915200,0.214,382.29,2026-07-13
KXWTIMAX-26DEC31-T125,1784001600,0.269,4695.1,2026-07-14
KXWTIMAX-26DEC31-T125,1784088000,0.238,658.17,2026-07-15
KXWTIMAX-26DEC31-T125,1784174400,0.279,665.25,2026-07-16
KXWTIMAX-26DEC31-T125,1784260800,0.274,575.66,2026-07-17
KXWTIMAX-26DEC31-T125,1784347200,0.275,4921.22,2026-07-18
KXWTIMAX-26DEC31-T125,1784433600,0.29,1172.32,2026-07-19
KXWTIMAX-26DEC31-T125,1784520000,0.337,6361.25,2026-07-20
KXWTIMAX-26DEC31-T125,1784606400,0.34,6531.68,2026-07-21
KXWTIMAX-26DEC31-T125,1784692800,0.295,2426.42,2026-07-22
KXWTIMAX-26DEC31-T125,1784779200,0.328,3703.8,2026-07-23
KXWTIMAX-26DEC31-T125,1784865600,0.32,7333.69,2026-07-24
KXWTIMAX-26DEC31-T125,1784952000,0.318,282.7,2026-07-25
KXWTIMAX-26DEC31-T125,1785038400,0.321,1336.18,2026-07-26
KXWTIMAX-26DEC31-T125,1785124800,0.283,1731.85,2026-07-27
KXWTIMAX-26DEC31-T125,1785211200,0.249,2870.92,2026-07-28
KXWTIMAX-26DEC31-T125,1785297600,0.275,1819.92,2026-07-29
KXWTIMAX-26DEC31-T125,1785384000,0.29,592.59,2026-07-30
KXWTIMAX-26DEC31-T125,1785470400,0.298,427.47,2026-07-31
KXWTIMAX-26DEC31-T125,1785556800,0.304,1600.26,2026-08-01
KXWTIMAX-26DEC31-T125,1785643200,0.296,2680.95,2026-08-02
KXWTIMAX-26DEC31-T125,1785729600,0.242,3261.61,2026-08-03
KXWTIMAX-26DEC31-T125,1785816000,0.235,2605.07,2026-08-04
KXWTIMAX-26DEC31-T125,1785902400,0.184,5517.25,2026-08-05
KXWTIMAX-26DEC31-T125,1785988800,0.157,6938.87,2026-08-06
KXWTIMAX-26DEC31-T125,1786075200,0.178,289.14,2026-08-07
KXWTIMAX-26DEC31-T125,1786161600,0.179,1795.56,2026-08-08
KXWTIMAX-26DEC31-T125,1786248000,0.209,15966.61,2026-08-09
KXWTIMAX-26DEC31-T125,1786334400,0.205,4332.23,2026-08-10
KXWTIMAX-26DEC31-T125,1786420800,0.22,4677.36,2026-08-11
KXWTIMAX-26DEC31-T125,1786507200,0.229,52.9,2026-08-12
KXWTIMAX-26DEC31-T125,1786593600,0.224,3538.59,2026-08-13
KXWTIMAX-26DEC31-T125,1786680000,0.2,1838.93,2026-08-14
KXWTIMAX-26DEC31-T125,1786766400,0.186,254.03,2026-08-15
KXWTIMAX-26DEC31-T125,1786852800,0.199,749.36,2026-08-16
KXWTIMAX-26DEC31-T125,1786939200,0.201,1756.14,2026-08-17
KXWTIMAX-26DEC31-T125,1787025600,0.215,1223.96,2026-08-18
KXWTIMAX-26DEC31-T125,1787112000,0.234,212.45,2026-08-19
KXWTIMAX-26DEC31-T125,1787198400,0.219,228.24,2026-08-20
KXWTIMAX-26DEC31-T125,1787284800,0.237,4180.33,2026-08-21
KXWTIMAX-26DEC31-T125,1787371200,0.213,254.65,2026-08-22
KXWTIMAX-26DEC31-T125,1787457600,0.237,1418.79,2026-08-23
KXWTIMAX-26DEC31-T125,1787544000,0.214,187.06,2026-08-24
KXWTIMAX-26DEC31-T125,1787630400,0.214,368.27,2026-08-25
KXWTIMAX-26DEC31-T125,1787716800,0.184,1206.93,2026-08-26
KXWTIMAX-26DEC31-T125,1787803200,0.179,379.33,2026-08-27
KXWTIMAX-26DEC31-T125,1787889600,0.179,3.46,2026-08-28
KXWTIMAX-26DEC31-T125,1787976000,0.186,683.8,2026-08-29
KXWTIMAX-26DEC31-T125,1788062400,0.186,510.61,2026-08-30
KXWTIMAX-26DEC31-T125,1788148800,0.2,3087.32,2026-08-31
KXWTIMAX-26DEC31-T125,1788235200,0.203,225.77,2026-09-01
KXWTIMAX-26DEC31-T125,1788321600,0.254,2300.8,2026-09-02
KXWTIMAX-26DEC31-T125,1788408000,0.213,527.59,2026-09-03
KXWTIMAX-26DEC31-T125,1788494400,0.228,112.08,2026-09-04
KXWTIMAX-26DEC31-T125,1788580800,0.23,2088.14,2026-09-05
KXWTIMAX-26DEC31-T125,1788667200,0.225,450.3,2026-09-06
KXWTIMAX-26DEC31-T125,1788753600,0.238,2377.24,2026-09-07
KXWTIMAX-26DEC31-T125,1788840000,0.211,2813.14,2026-09-08
KXWTIMAX-26DEC31-T130,1781150400,0.38,750.02,2026-06-11
KXWTIMAX-26DEC31-T130,1781236800,0.322,11282.07,2026-06-12
KXWTIMAX-26DEC31-T130,1781323200,0.323,3203.06,2026-06-13
KXWTIMAX-26DEC31-T130,1781409600,0.302,760.2,2026-06-14
KXWTIMAX-26DEC31-T130,1781496000,0.25,1647.35,2026-06-15
KXWTIMAX-26DEC31-T130,1781582400,0.24,1704.84,2026-06-16
KXWTIMAX-26DEC31-T130,1781668800,0.222,9549.67,2026-06-17
KXWTIMAX-26DEC31-T130,1781755200,0.236,613.5,2026-06-18
KXWTIMAX-26DEC31-T130,1781841600,0.248,3138.27,2026-06-19
KXWTIMAX-26DEC31-T130,1781928000,0.222,437.39,2026-06-20
KXWTIMAX-26DEC31-T130,1782014400,0.271,2102.42,2026-06-21
KXWTIMAX-26DEC31-T130,1782100800,0.231,416.26,2026-06-22
KXWTIMAX-26DEC31-T130,1782187200,0.269,1432.33,2026-06-23
KXWTIMAX-26DEC31-T130,1782273600,0.22,684.72,2026-06-24
KXWTIMAX-26DEC31-T130,1782360000,0.229,1440.71,2026-06-25
KXWTIMAX-26DEC31-T130,1782446400,0.207,154.6,2026-06-26
KXWTIMAX-26DEC31-T130,1782532800,0.189,1030.16,2026-06-27
KXWTIMAX-26DEC31-T130,1782619200,0.187,6379.46,2026-06-28
KXWTIMAX-26DEC31-T130,1782705600,0.21,573.53,2026-06-29
KXWTIMAX-26DEC31-T130,1782792000,0.243,1421.45,2026-06-30
KXWTIMAX-26DEC31-T130,1782878400,0.199,11194.95,2026-07-01
KXWTIMAX-26DEC31-T130,1782964800,0.19,7693.39,2026-07-02
KXWTIMAX-26DEC31-T130,1783051200,0.182,3537.13,2026-07-03
KXWTIMAX-26DEC31-T130,1783137600,0.185,656.77,2026-07-04
KXWTIMAX-26DEC31-T130,1783224000,0.215,2621.1,2026-07-05
KXWTIMAX-26DEC31-T130,1783310400,0.176,1488.85,2026-07-06
KXWTIMAX-26DEC31-T130,1783396800,0.168,202.81,2026-07-07
KXWTIMAX-26DEC31-T130,1783483200,0.19,2848.04,2026-07-08
KXWTIMAX-26DEC31-T130,1783569600,0.25,7532.98,2026-07-09
KXWTIMAX-26DEC31-T130,1783656000,0.228,4256.72,2026-07-10
KXWTIMAX-26DEC31-T130,1783742400,0.23,1205.6,2026-07-11
KXWTIMAX-26DEC31-T130,1783828800,0.186,390.71,2026-07-12
KXWTIMAX-26DEC31-T130,1783915200,0.191,261.35,2026-07-13
KXWTIMAX-26DEC31-T130,1784001600,0.24,1997.43,2026-07-14
KXWTIMAX-26DEC31-T130,1784088000,0.24,1734.61,2026-07-15
KXWTIMAX-26DEC31-T130,1784174400,0.24,987.71,2026-07-16
KXWTIMAX-26DEC31-T130,1784260800,0.241,150.1,2026-07-17
KXWTIMAX-26DEC31-T130,1784347200,0.275,4032.66,2026-07-18
KXWTIMAX-26DEC31-T130,1784433600,0.26,848.46,2026-07-19
KXWTIMAX-26DEC31-T130,1784520000,0.29,2059.63,2026-07-20
KXWTIMAX-26DEC31-T130,1784606400,0.255,1819.39,2026-07-21
KXWTIMAX-26DEC31-T130,1784692800,0.29,2470.0,2026-07-22
KXWTIMAX-26DEC31-T130,1784779200,0.285,903.15,2026-07-23
KXWTIMAX-26DEC31-T130,1784865600,0.288,3874.95,2026-07-24
KXWTIMAX-26DEC31-T130,1784952000,0.29,406.79,2026-07-25
KXWTIMAX-26DEC31-T130,1785038400,0.271,1694.32,2026-07-26
KXWTIMAX-26DEC31-T130,1785124800,0.247,1574.89,2026-07-27
KXWTIMAX-26DEC31-T130,1785211200,0.232,1140.15,2026-07-28
KXWTIMAX-26DEC31-T130,1785297600,0.228,427.38,2026-07-29
KXWTIMAX-26DEC31-T130,1785384000,0.269,1593.35,2026-07-30
KXWTIMAX-26DEC31-T130,1785470400,0.269,750.91,2026-07-31
KXWTIMAX-26DEC31-T130,1785556800,0.27,479.43,2026-08-01
KXWTIMAX-26DEC31-T130,1785643200,0.254,2527.69,2026-08-02
KXWTIMAX-26DEC31-T130,1785729600,0.206,492.25,2026-08-03
KXWTIMAX-26DEC31-T130,1785816000,0.208,660.34,2026-08-04
KXWTIMAX-26DEC31-T130,1785902400,0.16,4781.36,2026-08-05
KXWTIMAX-26DEC31-T130,1785988800,0.155,1169.4,2026-08-06
KXWTIMAX-26DEC31-T130,1786075200,0.165,1651.04,2026-08-07
KXWTIMAX-26DEC31-T130,1786161600,0.093,4963.33,2026-08-08
KXWTIMAX-26DEC31-T130,1786248000,0.196,7674.31,2026-08-09
KXWTIMAX-26DEC31-T130,1786334400,0.177,52652.76,2026-08-10
KXWTIMAX-26DEC31-T130,1786420800,0.174,790.68,2026-08-11
KXWTIMAX-26DEC31-T130,1786507200,0.19,593.63,2026-08-12
KXWTIMAX-26DEC31-T130,1786593600,0.19,1639.39,2026-08-13
KXWTIMAX-26DEC31-T130,1786680000,0.171,6554.38,2026-08-14
KXWTIMAX-26DEC31-T130,1786766400,0.174,904.24,2026-08-15
KXWTIMAX-26DEC31-T130,1786852800,0.175,1094.43,2026-08-16
KXWTIMAX-26DEC31-T130,1786939200,0.189,9797.82,2026-08-17
KXWTIMAX-26DEC31-T130,1787025600,0.189,1922.26,2026-08-18
KXWTIMAX-26DEC31-T130,1787112000,0.213,602.92,2026-08-19
KXWTIMAX-26DEC31-T130,1787198400,0.21,1967.65,2026-08-20
KXWTIMAX-26DEC31-T130,1787284800,0.219,4207.74,2026-08-21
KXWTIMAX-26DEC31-T130,1787371200,0.205,675.44,2026-08-22
KXWTIMAX-26DEC31-T130,1787457600,0.22,3478.49,2026-08-23
KXWTIMAX-26DEC31-T130,1787544000,0.177,713.73,2026-08-24
KXWTIMAX-26DEC31-T130,1787630400,0.198,364.78,2026-08-25
KXWTIMAX-26DEC31-T130,1787716800,0.13,1771.76,2026-08-26
KXWTIMAX-26DEC31-T130,1787803200,0.141,6104.45,2026-08-27
KXWTIMAX-26DEC31-T130,1787889600,0.159,283.57,2026-08-28
KXWTIMAX-26DEC31-T130,1787976000,0.156,643.27,2026-08-29
KXWTIMAX-26DEC31-T130,1788062400,0.157,261.7,2026-08-30
KXWTIMAX-26DEC31-T130,1788148800,0.161,5.26,2026-08-31
KXWTIMAX-26DEC31-T130,1788235200,0.189,1519.45,2026-09-01
KXWTIMAX-26DEC31-T130,1788321600,0.229,4596.32,2026-09-02
KXWTIMAX-26DEC31-T130,1788408000,0.17,1948.27,2026-09-03
KXWTIMAX-26DEC31-T130,1788494400,0.17,3962.99,2026-09-04
KXWTIMAX-26DEC31-T130,1788580800,0.19,2024.58,2026-09-05
KXWTIMAX-26DEC31-T130,1788667200,0.189,361.22,2026-09-06
KXWTIMAX-26DEC31-T130,1788753600,0.179,264.01,2026-09-07
KXWTIMAX-26DEC31-T130,1788840000,0.179,1615.99,2026-09-08
KXWTIMAX-26DEC31-T135,1781150400,0.389,528.08,2026-06-11
KXWTIMAX-26DEC31-T135,1781236800,0.281,6110.79,2026-06-12
KXWTIMAX-26DEC31-T135,1781323200,0.312,3316.54,2026-06-13
KXWTIMAX-26DEC31-T135,1781409600,0.278,914.05,2026-06-14
KXWTIMAX-26DEC31-T135,1781496000,0.199,3633.26,2026-06-15
KXWTIMAX-26DEC31-T135,1781582400,0.222,2076.45,2026-06-16
KXWTIMAX-26DEC31-T135,1781668800,0.209,3465.28,2026-06-17
KXWTIMAX-26DEC31-T135,1781755200,0.184,431.73,2026-06-18
KXWTIMAX-26DEC31-T135,1781841600,0.218,2469.14,2026-06-19
KXWTIMAX-26DEC31-T135,1781928000,0.215,2367.5,2026-06-20
KXWTIMAX-26DEC31-T135,1782014400,0.26,413.41,2026-06-21
KXWTIMAX-26DEC31-T135,1782100800,0.256,2235.64,2026-06-22
KXWTIMAX-26DEC31-T135,1782187200,0.253,328.31,2026-06-23
KXWTIMAX-26DEC31-T135,1782273600,0.206,756.15,2026-06-24
KXWTIMAX-26DEC31-T135,1782360000,0.204,775.66,2026-06-25
KXWTIMAX-26DEC31-T135,1782446400,0.191,798.7,2026-06-26
KXWTIMAX-26DEC31-T135,1782532800,0.18,2970.38,2026-06-27
KXWTIMAX-26DEC31-T135,1782619200,0.169,2354.3,2026-06-28
KXWTIMAX-26DEC31-T135,1782705600,0.205,622.75,2026-06-29
KXWTIMAX-26DEC31-T135,1782792000,0.259,750.95,2026-06-30
KXWTIMAX-26DEC31-T135,1782878400,0.19,4155.74,2026-07-01
KXWTIMAX-26DEC31-T135,1782964800,0.166,5548.98,2026-07-02
KXWTIMAX-26DEC31-T135,1783051200,0.207,2541.36,2026-07-03
KXWTIMAX-26DEC31-T135,1783137600,0.168,212.41,2026-07-04
KXWTIMAX-26DEC31-T135,1783224000,0.17,324.72,2026-07-05
KXWTIMAX-26DEC31-T135,1783310400,0.147,275.79,2026-07-06
KXWTIMAX-26DEC31-T135,1783396800,0.153,259.33,2026-07-07
KXWTIMAX-26DEC31-T135,1783483200,0.203,875.35,2026-07-08
KXWTIMAX-26DEC31-T135,1783569600,0.23,5571.44,2026-07-09
KXWTIMAX-26DEC31-T135,1783656000,0.19,6362.44,2026-07-10
KXWTIMAX-26DEC31-T135,1783742400,0.172,2675.9,2026-07-11
KXWTIMAX-26DEC31-T135,1783828800,0.249,476.42,2026-07-12
KXWTIMAX-26DEC31-T135,1783915200,0.208,30.0,2026-07-13
KXWTIMAX-26DEC31-T135,1784001600,0.25,1692.49,2026-07-14
KXWTIMAX-26DEC31-T135,1784088000,0.2,1570.62,2026-07-15
KXWTIMAX-26DEC31-T135,1784174400,0.23,1221.11,2026-07-16
KXWTIMAX-26DEC31-T135,1784260800,0.194,230.15,2026-07-17
KXWTIMAX-26DEC31-T135,1784347200,0.229,1343.26,2026-07-18
KXWTIMAX-26DEC31-T135,1784433600,0.26,1392.89,2026-07-19
KXWTIMAX-26DEC31-T135,1784520000,0.259,384.28,2026-07-20
KXWTIMAX-26DEC31-T135,1784606400,0.213,930.36,2026-07-21
KXWTIMAX-26DEC31-T135,1784692800,0.218,504.07,2026-07-22
KXWTIMAX-26DEC31-T135,1784779200,0.259,718.73,2026-07-23
KXWTIMAX-26DEC31-T135,1784865600,0.237,4663.52,2026-07-24
KXWTIMAX-26DEC31-T135,1784952000,0.248,2097.23,2026-07-25
KXWTIMAX-26DEC31-T135,1785038400,0.24,364.4,2026-07-26
KXWTIMAX-26DEC31-T135,1785124800,0.227,276.49,2026-07-27
KXWTIMAX-26DEC31-T135,1785211200,0.201,878.6,2026-07-28
KXWTIMAX-26DEC31-T135,1785297600,0.204,732.19,2026-07-29
KXWTIMAX-26DEC31-T135,1785384000,0.213,192.49,2026-07-30
KXWTIMAX-26DEC31-T135,1785470400,0.219,759.94,2026-07-31
KXWTIMAX-26DEC31-T135,1785556800,0.236,1281.85,2026-08-01
KXWTIMAX-26DEC31-T135,1785643200,0.241,3330.41,2026-08-02
KXWTIMAX-26DEC31-T135,1785729600,0.205,516.96,2026-08-03
KXWTIMAX-26DEC31-T135,1785816000,0.172,1199.35,2026-08-04
KXWTIMAX-26DEC31-T135,1785902400,0.121,2694.92,2026-08-05
KXWTIMAX-26DEC31-T135,1785988800,0.121,118.84,2026-08-06
KXWTIMAX-26DEC31-T135,1786075200,0.153,1888.65,2026-08-07
KXWTIMAX-26DEC31-T135,1786161600,0.131,3016.16,2026-08-08
KXWTIMAX-26DEC31-T135,1786248000,0.169,3240.7,2026-08-09
KXWTIMAX-26DEC31-T135,1786334400,0.162,9493.3,2026-08-10
KXWTIMAX-26DEC31-T135,1786420800,0.149,361.61,2026-08-11
KXWTIMAX-26DEC31-T135,1786507200,0.183,697.38,2026-08-12
KXWTIMAX-26DEC31-T135,1786593600,0.17,721.07,2026-08-13
KXWTIMAX-26DEC31-T135,1786680000,0.147,6748.63,2026-08-14
KXWTIMAX-26DEC31-T135,1786766400,0.129,1496.54,2026-08-15
KXWTIMAX-26DEC31-T135,1786852800,0.148,2046.24,2026-08-16
KXWTIMAX-26DEC31-T135,1786939200,0.162,1985.15,2026-08-17
KXWTIMAX-26DEC31-T135,1787025600,0.157,718.43,2026-08-18
KXWTIMAX-26DEC31-T135,1787112000,0.181,3189.58,2026-08-19
KXWTIMAX-26DEC31-T135,1787198400,0.158,890.94,2026-08-20
KXWTIMAX-26DEC31-T135,1787284800,0.198,4952.15,2026-08-21
KXWTIMAX-26DEC31-T135,1787371200,0.148,6479.49,2026-08-22
KXWTIMAX-26DEC31-T135,1787457600,0.175,787.61,2026-08-23
KXWTIMAX-26DEC31-T135,1787544000,0.17,2795.4,2026-08-24
KXWTIMAX-26DEC31-T135,1787630400,0.159,493.42,2026-08-25
KXWTIMAX-26DEC31-T135,1787716800,0.144,2016.83,2026-08-26
KXWTIMAX-26DEC31-T135,1787803200,0.126,743.37,2026-08-27
KXWTIMAX-26DEC31-T135,1787889600,0.143,315.23,2026-08-28
KXWTIMAX-26DEC31-T135,1787976000,0.147,1323.64,2026-08-29
KXWTIMAX-26DEC31-T135,1788062400,0.133,169.51,2026-08-30
KXWTIMAX-26DEC31-T135,1788148800,0.142,124.22,2026-08-31
KXWTIMAX-26DEC31-T135,1788235200,0.142,2.3,2026-09-01
KXWTIMAX-26DEC31-T135,1788321600,0.154,149.1,2026-09-02
KXWTIMAX-26DEC31-T135,1788408000,0.159,591.24,2026-09-03
KXWTIMAX-26DEC31-T135,1788494400,0.155,83.9,2026-09-04
KXWTIMAX-26DEC31-T135,1788580800,0.139,148.94,2026-09-05
KXWTIMAX-26DEC31-T135,1788667200,0.15,466.76,2026-09-06
KXWTIMAX-26DEC31-T135,1788753600,0.118,1401.57,2026-09-07
KXWTIMAX-26DEC31-T135,1788840000,0.135,308.42,2026-09-08
KXWTIMAX-26DEC31-T150,1781150400,0.28,3293.54,2026-06-11
KXWTIMAX-26DEC31-T150,1781236800,0.248,7356.82,2026-06-12
KXWTIMAX-26DEC31-T150,1781323200,0.239,9948.36,2026-06-13
KXWTIMAX-26DEC31-T150,1781409600,0.236,357.22,2026-06-14
KXWTIMAX-26DEC31-T150,1781496000,0.172,4338.25,2026-06-15
KXWTIMAX-26DEC31-T150,1781582400,0.178,7305.17,2026-06-16
KXWTIMAX-26DEC31-T150,1781668800,0.159,4741.8,2026-06-17
KXWTIMAX-26DEC31-T150,1781755200,0.165,525.75,2026-06-18
KXWTIMAX-26DEC31-T150,1781841600,0.195,4436.76,2026-06-19
KXWTIMAX-26DEC31-T150,1781928000,0.208,553.28,2026-06-20
KXWTIMAX-26DEC31-T150,1782014400,0.23,3615.14,2026-06-21
KXWTIMAX-26DEC31-T150,1782100800,0.181,19572.91,2026-06-22
KXWTIMAX-26DEC31-T150,1782187200,0.178,1366.72,2026-06-23
KXWTIMAX-26DEC31-T150,1782273600,0.119,4165.99,2026-06-24
KXWTIMAX-26DEC31-T150,1782360000,0.114,4101.64,2026-06-25
KXWTIMAX-26DEC31-T150,1782446400,0.116,542.24,2026-06-26
KXWTIMAX-26DEC31-T150,1782532800,0.166,2566.55,2026-06-27
KXWTIMAX-26DEC31-T150,1782619200,0.168,1633.81,2026-06-28
KXWTIMAX-26DEC31-T150,1782705600,0.169,510.05,2026-06-29
KXWTIMAX-26DEC31-T150,1782792000,0.14,6041.84,2026-06-30
KXWTIMAX-26DEC31-T150,1782878400,0.14,5092.53,2026-07-01
KXWTIMAX-26DEC31-T150,1782964800,0.14,9940.45,2026-07-02
KXWTIMAX-26DEC31-T150,1783051200,0.153,3184.78,2026-07-03
KXWTIMAX-26DEC31-T150,1783137600,0.14,6107.66,2026-07-04
KXWTIMAX-26DEC31-T150,1783224000,0.139,5163.78,2026-07-05
KXWTIMAX-26DEC31-T150,1783310400,0.125,941.38,2026-07-06
KXWTIMAX-26DEC31-T150,1783396800,0.13,1439.96,2026-07-07
KXWTIMAX-26DEC31-T150,1783483200,0.188,1871.11,2026-07-08
KXWTIMAX-26DEC31-T150,1783569600,0.167,2413.49,2026-07-09
KXWTIMAX-26DEC31-T150,1783656000,0.181,2062.95,2026-07-10
KXWTIMAX-26DEC31-T150,1783742400,0.178,653.02,2026-07-11
KXWTIMAX-26DEC31-T150,1783828800,0.18,1094.44,2026-07-12
KXWTIMAX-26DEC31-T150,1783915200,0.18,900.75,2026-07-13
KXWTIMAX-26DEC31-T150,1784001600,0.18,1046.47,2026-07-14
KXWTIMAX-26DEC31-T150,1784088000,0.176,1327.42,2026-07-15
KXWTIMAX-26DEC31-T150,1784174400,0.147,1891.72,2026-07-16
KXWTIMAX-26DEC31-T150,1784260800,0.179,737.14,2026-07-17
KXWTIMAX-26DEC31-T150,1784347200,0.156,2164.17,2026-07-18
KXWTIMAX-26DEC31-T150,1784433600,0.187,1764.12,2026-07-19
KXWTIMAX-26DEC31-T150,1784520000,0.195,3952.37,2026-07-20
KXWTIMAX-26DEC31-T150,1784606400,0.188,4856.78,2026-07-21
KXWTIMAX-26DEC31-T150,1784692800,0.155,382.95,2026-07-22
KXWTIMAX-26DEC31-T150,1784779200,0.219,2543.55,2026-07-23
KXWTIMAX-26DEC31-T150,1784865600,0.218,8406.49,2026-07-24
KXWTIMAX-26DEC31-T150,1784952000,0.187,1802.86,2026-07-25
KXWTIMAX-26DEC31-T150,1785038400,0.186,454.41,2026-07-26
KXWTIMAX-26DEC31-T150,1785124800,0.162,197.1,2026-07-27
KXWTIMAX-26DEC31-T150,1785211200,0.16,221.99,2026-07-28
KXWTIMAX-26DEC31-T150,1785297600,0.16,4684.06,2026-07-29
KXWTIMAX-26DEC31-T150,1785384000,0.175,1363.36,2026-07-30
KXWTIMAX-26DEC31-T150,1785470400,0.19,17434.08,2026-07-31
KXWTIMAX-26DEC31-T150,1785556800,0.19,7677.83,2026-08-01
KXWTIMAX-26DEC31-T150,1785643200,0.151,1726.68,2026-08-02
KXWTIMAX-26DEC31-T150,1785729600,0.144,263.84,2026-08-03
KXWTIMAX-26DEC31-T150,1785816000,0.134,2957.2,2026-08-04
KXWTIMAX-26DEC31-T150,1785902400,0.106,1419.34,2026-08-05
KXWTIMAX-26DEC31-T150,1785988800,0.1,1763.38,2026-08-06
KXWTIMAX-26DEC31-T150,1786075200,0.119,5902.15,2026-08-07
KXWTIMAX-26DEC31-T150,1786161600,0.115,2032.83,2026-08-08
KXWTIMAX-26DEC31-T150,1786248000,0.14,10591.13,2026-08-09
KXWTIMAX-26DEC31-T150,1786334400,0.1,9452.25,2026-08-10
KXWTIMAX-26DEC31-T150,1786420800,0.149,11811.19,2026-08-11
KXWTIMAX-26DEC31-T150,1786507200,0.14,1085.47,2026-08-12
KXWTIMAX-26DEC31-T150,1786593600,0.123,3020.9,2026-08-13
KXWTIMAX-26DEC31-T150,1786680000,0.105,7258.64,2026-08-14
KXWTIMAX-26DEC31-T150,1786766400,0.119,1510.09,2026-08-15
KXWTIMAX-26DEC31-T150,1786852800,0.131,602.47,2026-08-16
KXWTIMAX-26DEC31-T150,1786939200,0.111,49.4,2026-08-17
KXWTIMAX-26DEC31-T150,1787025600,0.11,1535.93,2026-08-18
KXWTIMAX-26DEC31-T150,1787112000,0.121,1748.15,2026-08-19
KXWTIMAX-26DEC31-T150,1787198400,0.118,2092.37,2026-08-20
KXWTIMAX-26DEC31-T150,1787284800,0.139,307.59,2026-08-21
KXWTIMAX-26DEC31-T150,1787371200,0.134,125.44,2026-08-22
KXWTIMAX-26DEC31-T150,1787457600,0.124,1566.08,2026-08-23
KXWTIMAX-26DEC31-T150,1787544000,0.121,2855.76,2026-08-24
KXWTIMAX-26DEC31-T150,1787630400,0.121,1634.35,2026-08-25
KXWTIMAX-26DEC31-T150,1787716800,0.122,6152.41,2026-08-26
KXWTIMAX-26DEC31-T150,1787803200,0.101,14187.97,2026-08-27
KXWTIMAX-26DEC31-T150,1787889600,0.128,216.0,2026-08-28
KXWTIMAX-26DEC31-T150,1787976000,0.1,10285.95,2026-08-29
KXWTIMAX-26DEC31-T150,1788062400,0.102,5505.91,2026-08-30
KXWTIMAX-26DEC31-T150,1788148800,0.1,18402.02,2026-08-31
KXWTIMAX-26DEC31-T150,1788235200,0.1,1069.82,2026-09-01
KXWTIMAX-26DEC31-T150,1788321600,0.1,39.39,2026-09-02
KXWTIMAX-26DEC31-T150,1788408000,0.032,1800.36,2026-09-03
KXWTIMAX-26DEC31-T150,1788494400,0.096,1068.54,2026-09-04
KXWTIMAX-26DEC31-T150,1788580800,0.091,138.59,2026-09-05
KXWTIMAX-26DEC31-T150,1788667200,0.1,688.79,2026-09-06
KXWTIMAX-26DEC31-T150,1788753600,0.104,644.29,2026-09-07
KXWTIMAX-26DEC31-T150,1788840000,0.098,1792.53,2026-09-08
KXWTIMAX-26DEC31-T160,1781150400,0.3,3262.5,2026-06-11
KXWTIMAX-26DEC31-T160,1781236800,0.232,4557.13,2026-06-12
KXWTIMAX-26DEC31-T160,1781323200,0.21,6829.68,2026-06-13
KXWTIMAX-26DEC31-T160,1781409600,0.196,169.0,2026-06-14
KXWTIMAX-26DEC31-T160,1781496000,0.121,7405.47,2026-06-15
KXWTIMAX-26DEC31-T160,1781582400,0.176,5489.7,2026-06-16
KXWTIMAX-26DEC31-T160,1781668800,0.166,2623.91,2026-06-17
KXWTIMAX-26DEC31-T160,1781755200,0.141,334.27,2026-06-18
KXWTIMAX-26DEC31-T160,1781841600,0.119,9869.28,2026-06-19
KXWTIMAX-26DEC31-T160,1781928000,0.128,512.83,2026-06-20
KXWTIMAX-26DEC31-T160,1782014400,0.168,907.8,2026-06-21
KXWTIMAX-26DEC31-T160,1782100800,0.141,3938.29,2026-06-22
KXWTIMAX-26DEC31-T160,1782187200,0.149,934.97,2026-06-23
KXWTIMAX-26DEC31-T160,1782273600,0.096,2152.85,2026-06-24
KXWTIMAX-26DEC31-T160,1782360000,0.103,272.76,2026-06-25
KXWTIMAX-26DEC31-T160,1782446400,0.128,1424.64,2026-06-26
KXWTIMAX-26DEC31-T160,1782532800,0.124,276.63,2026-06-27
KXWTIMAX-26DEC31-T160,1782619200,0.119,40.0,2026-06-28
KXWTIMAX-26DEC31-T160,1782705600,0.112,17.0,2026-06-29
KXWTIMAX-26DEC31-T160,1782792000,0.153,242.6,2026-06-30
KXWTIMAX-26DEC31-T160,1782878400,0.162,1650.19,2026-07-01
KXWTIMAX-26DEC31-T160,1782964800,0.138,42.6,2026-07-02
KXWTIMAX-26DEC31-T160,1783051200,0.156,1888.42,2026-07-03
KXWTIMAX-26DEC31-T160,1783137600,0.125,1582.59,2026-07-04
KXWTIMAX-26DEC31-T160,1783224000,0.113,479.0,2026-07-05
KXWTIMAX-26DEC31-T160,1783310400,0.114,321.0,2026-07-06
KXWTIMAX-26DEC31-T160,1783396800,0.141,301.7,2026-07-07
KXWTIMAX-26DEC31-T160,1783483200,0.119,1419.56,2026-07-08
KXWTIMAX-26DEC31-T160,1783569600,0.153,3024.25,2026-07-09
KXWTIMAX-26DEC31-T160,1783656000,0.147,314.41,2026-07-10
KXWTIMAX-26DEC31-T160,1783742400,0.119,55.9,2026-07-11
KXWTIMAX-26DEC31-T160,1783828800,0.13,1852.64,2026-07-12
KXWTIMAX-26DEC31-T160,1783915200,,0.0,2026-07-13
KXWTIMAX-26DEC31-T160,1784001600,0.174,1326.18,2026-07-14
KXWTIMAX-26DEC31-T160,1784088000,0.16,2188.3,2026-07-15
KXWTIMAX-26DEC31-T160,1784174400,0.14,1596.41,2026-07-16
KXWTIMAX-26DEC31-T160,1784260800,0.114,250.47,2026-07-17
KXWTIMAX-26DEC31-T160,1784347200,0.147,266.22,2026-07-18
KXWTIMAX-26DEC31-T160,1784433600,0.16,352.74,2026-07-19
KXWTIMAX-26DEC31-T160,1784520000,0.199,599.7,2026-07-20
KXWTIMAX-26DEC31-T160,1784606400,0.134,111.93,2026-07-21
KXWTIMAX-26DEC31-T160,1784692800,0.142,347.67,2026-07-22
KXWTIMAX-26DEC31-T160,1784779200,0.158,2201.66,2026-07-23
KXWTIMAX-26DEC31-T160,1784865600,0.168,2843.92,2026-07-24
KXWTIMAX-26DEC31-T160,1784952000,0.16,1422.76,2026-07-25
KXWTIMAX-26DEC31-T160,1785038400,0.15,172.98,2026-07-26
KXWTIMAX-26DEC31-T160,1785124800,0.142,558.88,2026-07-27
KXWTIMAX-26DEC31-T160,1785211200,0.14,863.21,2026-07-28
KXWTIMAX-26DEC31-T160,1785297600,0.134,328.56,2026-07-29
KXWTIMAX-26DEC31-T160,1785384000,,0.0,2026-07-30
KXWTIMAX-26DEC31-T160,1785470400,0.14,555.61,2026-07-31
KXWTIMAX-26DEC31-T160,1785556800,0.138,5012.84,2026-08-01
KXWTIMAX-26DEC31-T160,1785643200,0.137,45.54,2026-08-02
KXWTIMAX-26DEC31-T160,1785729600,0.12,163.7,2026-08-03
KXWTIMAX-26DEC31-T160,1785816000,0.112,1146.59,2026-08-04
KXWTIMAX-26DEC31-T160,1785902400,0.095,3986.51,2026-08-05
KXWTIMAX-26DEC31-T160,1785988800,0.087,1003.09,2026-08-06
KXWTIMAX-26DEC31-T160,1786075200,0.075,7998.05,2026-08-07
KXWTIMAX-26DEC31-T160,1786161600,0.076,2000.22,2026-08-08
KXWTIMAX-26DEC31-T160,1786248000,0.109,9111.21,2026-08-09
KXWTIMAX-26DEC31-T160,1786334400,0.108,8618.11,2026-08-10
KXWTIMAX-26DEC31-T160,1786420800,0.105,1288.17,2026-08-11
KXWTIMAX-26DEC31-T160,1786507200,0.111,1391.37,2026-08-12
KXWTIMAX-26DEC31-T160,1786593600,0.115,1518.08,2026-08-13
KXWTIMAX-26DEC31-T160,1786680000,0.113,4478.84,2026-08-14
KXWTIMAX-26DEC31-T160,1786766400,0.112,727.47,2026-08-15
KXWTIMAX-26DEC31-T160,1786852800,0.116,234.78,2026-08-16
KXWTIMAX-26DEC31-T160,1786939200,0.121,2140.32,2026-08-17
KXWTIMAX-26DEC31-T160,1787025600,0.125,6155.96,2026-08-18
KXWTIMAX-26DEC31-T160,1787112000,0.104,5186.84,2026-08-19
KXWTIMAX-26DEC31-T160,1787198400,0.115,1348.64,2026-08-20
KXWTIMAX-26DEC31-T160,1787284800,0.121,9068.38,2026-08-21
KXWTIMAX-26DEC31-T160,1787371200,0.12,511.67,2026-08-22
KXWTIMAX-26DEC31-T160,1787457600,0.122,690.08,2026-08-23
KXWTIMAX-26DEC31-T160,1787544000,0.113,1382.44,2026-08-24
KXWTIMAX-26DEC31-T160,1787630400,0.132,187.32,2026-08-25
KXWTIMAX-26DEC31-T160,1787716800,0.111,5480.52,2026-08-26
KXWTIMAX-26DEC31-T160,1787803200,0.097,5933.63,2026-08-27
KXWTIMAX-26DEC31-T160,1787889600,0.104,1522.65,2026-08-28
KXWTIMAX-26DEC31-T160,1787976000,0.113,166.85,2026-08-29
KXWTIMAX-26DEC31-T160,1788062400,0.099,459.9,2026-08-30
KXWTIMAX-26DEC31-T160,1788148800,0.105,189.14,2026-08-31
KXWTIMAX-26DEC31-T160,1788235200,0.086,725.29,2026-09-01
KXWTIMAX-26DEC31-T160,1788321600,,0.0,2026-09-02
KXWTIMAX-26DEC31-T160,1788408000,0.081,390.28,2026-09-03
KXWTIMAX-26DEC31-T160,1788494400,0.088,458.56,2026-09-04
KXWTIMAX-26DEC31-T160,1788580800,0.096,468.73,2026-09-05
KXWTIMAX-26DEC31-T160,1788667200,0.092,103.31,2026-09-06
KXWTIMAX-26DEC31-T160,1788753600,0.079,460.65,2026-09-07
KXWTIMAX-26DEC31-T160,1788840000,,0.0,2026-09-08
KXWTIMAX-26DEC31-T180,1781150400,0.215,938.33,2026-06-11
KXWTIMAX-26DEC31-T180,1781236800,0.16,8989.75,2026-06-12
KXWTIMAX-26DEC31-T180,1781323200,0.164,2452.78,2026-06-13
KXWTIMAX-26DEC31-T180,1781409600,0.149,594.78,2026-06-14
KXWTIMAX-26DEC31-T180,1781496000,0.11,8444.43,2026-06-15
KXWTIMAX-26DEC31-T180,1781582400,0.135,11112.96,2026-06-16
KXWTIMAX-26DEC31-T180,1781668800,0.117,2907.63,2026-06-17
KXWTIMAX-26DEC31-T180,1781755200,0.118,542.42,2026-06-18
KXWTIMAX-26DEC31-T180,1781841600,0.128,12890.66,2026-06-19
KXWTIMAX-26DEC31-T180,1781928000,0.101,1011.42,2026-06-20
KXWTIMAX-26DEC31-T180,1782014400,0.123,3186.14,2026-06-21
KXWTIMAX-26DEC31-T180,1782100800,0.129,9771.6,2026-06-22
KXWTIMAX-26DEC31-T180,1782187200,0.138,279.32,2026-06-23
KXWTIMAX-26DEC31-T180,1782273600,0.115,1123.12,2026-06-24
KXWTIMAX-26DEC31-T180,1782360000,0.108,3112.3,2026-06-25
KXWTIMAX-26DEC31-T180,1782446400,0.106,4226.56,2026-06-26
KXWTIMAX-26DEC31-T180,1782532800,0.108,346.02,2026-06-27
KXWTIMAX-26DEC31-T180,1782619200,0.117,813.98,2026-06-28
KXWTIMAX-26DEC31-T180,1782705600,0.118,656.93,2026-06-29
KXWTIMAX-26DEC31-T180,1782792000,0.119,110.41,2026-06-30
KXWTIMAX-26DEC31-T180,1782878400,0.129,1461.95,2026-07-01
KXWTIMAX-26DEC31-T180,1782964800,0.113,2016.45,2026-07-02
KXWTIMAX-26DEC31-T180,1783051200,0.106,2129.26,2026-07-03
KXWTIMAX-26DEC31-T180,1783137600,0.108,389.09,2026-07-04
KXWTIMAX-26DEC31-T180,1783224000,0.107,3983.01,2026-07-05
KXWTIMAX-26DEC31-T180,1783310400,0.108,1170.1,2026-07-06
KXWTIMAX-26DEC31-T180,1783396800,0.107,333.1,2026-07-07
KXWTIMAX-26DEC31-T180,1783483200,0.107,1471.0,2026-07-08
KXWTIMAX-26DEC31-T180,1783569600,0.129,5266.52,2026-07-09
KXWTIMAX-26DEC31-T180,1783656000,0.129,1393.99,2026-07-10
KXWTIMAX-26DEC31-T180,1783742400,0.129,216.65,2026-07-11
KXWTIMAX-26DEC31-T180,1783828800,0.12,1979.0,2026-07-12
KXWTIMAX-26DEC31-T180,1783915200,0.127,6.73,2026-07-13
KXWTIMAX-26DEC31-T180,1784001600,0.135,397.36,2026-07-14
KXWTIMAX-26DEC31-T180,1784088000,0.107,859.02,2026-07-15
KXWTIMAX-26DEC31-T180,1784174400,0.111,3283.92,2026-07-16
KXWTIMAX-26DEC31-T180,1784260800,0.122,3964.61,2026-07-17
KXWTIMAX-26DEC31-T180,1784347200,0.13,4636.13,2026-07-18
KXWTIMAX-26DEC31-T180,1784433600,0.13,331.77,2026-07-19
KXWTIMAX-26DEC31-T180,1784520000,0.125,5666.22,2026-07-20
KXWTIMAX-26DEC31-T180,1784606400,0.12,1289.01,2026-07-21
KXWTIMAX-26DEC31-T180,1784692800,0.115,4105.81,2026-07-22
KXWTIMAX-26DEC31-T180,1784779200,0.149,3243.52,2026-07-23
KXWTIMAX-26DEC31-T180,1784865600,0.123,2972.27,2026-07-24
KXWTIMAX-26DEC31-T180,1784952000,0.123,718.0,2026-07-25
KXWTIMAX-26DEC31-T180,1785038400,0.122,1693.67,2026-07-26
KXWTIMAX-26DEC31-T180,1785124800,0.12,4434.0,2026-07-27
KXWTIMAX-26DEC31-T180,1785211200,0.114,953.17,2026-07-28
KXWTIMAX-26DEC31-T180,1785297600,0.113,2953.64,2026-07-29
KXWTIMAX-26DEC31-T180,1785384000,0.115,2094.1,2026-07-30
KXWTIMAX-26DEC31-T180,1785470400,0.119,266.51,2026-07-31
KXWTIMAX-26DEC31-T180,1785556800,0.123,88.56,2026-08-01
KXWTIMAX-26DEC31-T180,1785643200,0.105,6121.51,2026-08-02
KXWTIMAX-26DEC31-T180,1785729600,0.094,988.82,2026-08-03
KXWTIMAX-26DEC31-T180,1785816000,0.093,4396.28,2026-08-04
KXWTIMAX-26DEC31-T180,1785902400,0.081,1456.86,2026-08-05
KXWTIMAX-26DEC31-T180,1785988800,0.065,4855.19,2026-08-06
KXWTIMAX-26DEC31-T180,1786075200,0.066,9604.06,2026-08-07
KXWTIMAX-26DEC31-T180,1786161600,0.051,9682.16,2026-08-08
KXWTIMAX-26DEC31-T180,1786248000,0.089,11094.14,2026-08-09
KXWTIMAX-26DEC31-T180,1786334400,0.081,1692.15,2026-08-10
KXWTIMAX-26DEC31-T180,1786420800,0.099,1233.42,2026-08-11
KXWTIMAX-26DEC31-T180,1786507200,0.082,3001.4,2026-08-12
KXWTIMAX-26DEC31-T180,1786593600,0.089,76.29,2026-08-13
KXWTIMAX-26DEC31-T180,1786680000,0.08,10736.32,2026-08-14
KXWTIMAX-26DEC31-T180,1786766400,0.088,1068.76,2026-08-15
KXWTIMAX-26DEC31-T180,1786852800,0.101,1952.36,2026-08-16
KXWTIMAX-26DEC31-T180,1786939200,0.105,8294.77,2026-08-17
KXWTIMAX-26DEC31-T180,1787025600,0.104,460.87,2026-08-18
KXWTIMAX-26DEC31-T180,1787112000,0.102,1133.07,2026-08-19
KXWTIMAX-26DEC31-T180,1787198400,0.1,10538.73,2026-08-20
KXWTIMAX-26DEC31-T180,1787284800,0.101,2978.8,2026-08-21
KXWTIMAX-26DEC31-T180,1787371200,0.101,158.34,2026-08-22
KXWTIMAX-26DEC31-T180,1787457600,0.103,852.86,2026-08-23
KXWTIMAX-26DEC31-T180,1787544000,0.109,921.64,2026-08-24
KXWTIMAX-26DEC31-T180,1787630400,0.097,608.13,2026-08-25
KXWTIMAX-26DEC31-T180,1787716800,0.089,502.12,2026-08-26
KXWTIMAX-26DEC31-T180,1787803200,0.099,3337.67,2026-08-27
KXWTIMAX-26DEC31-T180,1787889600,0.1,1066.52,2026-08-28
KXWTIMAX-26DEC31-T180,1787976000,0.089,5499.92,2026-08-29
KXWTIMAX-26DEC31-T180,1788062400,0.107,42.0,2026-08-30
KXWTIMAX-26DEC31-T180,1788148800,0.094,863.55,2026-08-31
KXWTIMAX-26DEC31-T180,1788235200,0.106,1751.71,2026-09-01
KXWTIMAX-26DEC31-T180,1788321600,0.083,1150.06,2026-09-02
KXWTIMAX-26DEC31-T180,1788408000,0.086,817.33,2026-09-03
KXWTIMAX-26DEC31-T180,1788494400,0.086,559.34,2026-09-04
KXWTIMAX-26DEC31-T180,1788580800,0.071,293.83,2026-09-05
KXWTIMAX-26DEC31-T180,1788667200,0.069,299.83,2026-09-06
KXWTIMAX-26DEC31-T180,1788753600,0.08,1090.78,2026-09-07
KXWTIMAX-26DEC31-T180,1788840000,0.08,257.99,2026-09-08
KXALIENS-26DEC,1782792000,0.09,544.1,2026-06-30
KXALIENS-26DEC,1782878400,0.05,657.34,2026-07-01
KXALIENS-26DEC,1782964800,0.05,1321.9,2026-07-02
KXALIENS-26DEC,1783051200,0.06,1208.84,2026-07-03
KXALIENS-26DEC,1783137600,0.05,1879.54,2026-07-04
KXALIENS-26DEC,1783224000,,0.0,2026-07-05
KXALIENS-26DEC,1783310400,0.05,502.95,2026-07-06
KXALIENS-26DEC,1783396800,0.06,269.06,2026-07-07
KXALIENS-26DEC,1783483200,0.05,490.53,2026-07-08
KXALIENS-26DEC,1783569600,0.04,8583.58,2026-07-09
KXALIENS-26DEC,1783656000,0.04,2782.66,2026-07-10
KXALIENS-26DEC,1783742400,0.04,592.93,2026-07-11
KXALIENS-26DEC,1783828800,0.05,4689.4,2026-07-12
KXALIENS-26DEC,1783915200,0.04,3303.98,2026-07-13
KXALIENS-26DEC,1784001600,0.04,2440.11,2026-07-14
KXALIENS-26DEC,1784088000,0.05,613.0,2026-07-15
KXALIENS-26DEC,1784174400,0.06,6599.85,2026-07-16
KXALIENS-26DEC,1784260800,0.06,825.64,2026-07-17
KXALIENS-26DEC,1784347200,0.05,227.18,2026-07-18
KXALIENS-26DEC,1784433600,0.05,350.61,2026-07-19
KXALIENS-26DEC,1784520000,0.06,2694.08,2026-07-20
KXALIENS-26DEC,1784606400,0.05,145.22,2026-07-21
KXALIENS-26DEC,1784692800,0.06,3393.15,2026-07-22
KXALIENS-26DEC,1784779200,0.05,1108.45,2026-07-23
KXALIENS-26DEC,1784865600,0.04,5438.52,2026-07-24
KXALIENS-26DEC,1784952000,0.04,444.0,2026-07-25
KXALIENS-26DEC,1785038400,0.04,186.0,2026-07-26
KXALIENS-26DEC,1785124800,0.04,419.94,2026-07-27
KXALIENS-26DEC,1785211200,0.05,2373.17,2026-07-28
KXALIENS-26DEC,1785297600,0.04,1019.62,2026-07-29
KXALIENS-26DEC,1785384000,0.05,77.0,2026-07-30
KXALIENS-26DEC,1785470400,0.05,6172.45,2026-07-31
KXALIENS-26DEC,1785556800,0.04,8012.48,2026-08-01
KXALIENS-26DEC,1785643200,0.04,11791.18,2026-08-02
KXALIENS-26DEC,1785729600,0.03,24774.69,2026-08-03
KXALIENS-26DEC,1785816000,0.03,146.99,2026-08-04
KXALIENS-26DEC,1785902400,0.05,10627.9,2026-08-05
KXALIENS-26DEC,1785988800,0.05,6129.14,2026-08-06
KXALIENS-26DEC,1786075200,0.05,1410.45,2026-08-07
KXALIENS-26DEC,1786161600,0.06,455.37,2026-08-08
KXALIENS-26DEC,1786248000,0.05,4537.61,2026-08-09
KXALIENS-26DEC,1786334400,0.04,140.15,2026-08-10
KXALIENS-26DEC,1786420800,0.05,19.75,2026-08-11
KXALIENS-26DEC,1786507200,0.04,2.0,2026-08-12
KXALIENS-26DEC,1786593600,0.05,100.0,2026-08-13
KXALIENS-26DEC,1786680000,0.04,4.16,2026-08-14
KXALIENS-26DEC,1786766400,0.03,5734.67,2026-08-15
KXALIENS-26DEC,1786852800,0.03,3305.43,2026-08-16
KXALIENS-26DEC,1786939200,0.03,836.51,2026-08-17
KXALIENS-26DEC,1787025600,0.04,556.48,2026-08-18
KXALIENS-26DEC,1787112000,0.05,2395.55,2026-08-19
KXALIENS-26DEC,1787198400,0.04,496.33,2026-08-20
KXALIENS-26DEC,1787284800,0.05,3264.0,2026-08-21
KXALIENS-26DEC,1787371200,0.04,14.0,2026-08-22
KXALIENS-26DEC,1787457600,0.04,3934.01,2026-08-23
KXALIENS-26DEC,1787544000,0.04,306.16,2026-08-24
KXALIENS-26DEC,1787630400,0.04,805.51,2026-08-25
KXALIENS-26DEC,1787716800,0.04,62.0,2026-08-26
KXALIENS-26DEC,1787803200,0.04,518.41,2026-08-27
KXALIENS-26DEC,1787889600,0.04,2.0,2026-08-28
KXALIENS-26DEC,1787976000,0.03,1317.41,2026-08-29
KXALIENS-26DEC,1788062400,0.03,207.8,2026-08-30
KXALIENS-26DEC,1788148800,0.04,1658.08,2026-08-31
KXALIENS-26DEC,1788235200,0.04,306.9,2026-09-01
KXALIENS-26DEC,1788321600,0.03,2352.19,2026-09-02
KXALIENS-26DEC,1788408000,0.03,857.35,2026-09-03
KXALIENS-26DEC,1788494400,0.02,5535.17,2026-09-04
KXALIENS-26DEC,1788580800,0.03,566.11,2026-09-05
KXALIENS-26DEC,1788667200,0.03,1183.15,2026-09-06
KXALIENS-26DEC,1788753600,0.03,591.3,2026-09-07
KXALIENS-26DEC,1788840000,0.03,241.01,2026-09-08
KXALIENS-26NOV,1782792000,,0.0,2026-06-30
KXALIENS-26NOV,1782878400,0.07,140.0,2026-07-01
KXALIENS-26NOV,1782964800,0.04,257.88,2026-07-02
KXALIENS-26NOV,1783051200,0.03,2029.59,2026-07-03
KXALIENS-26NOV,1783137600,0.04,93.92,2026-07-04
KXALIENS-26NOV,1783224000,0.04,349.8,2026-07-05
KXALIENS-26NOV,1783310400,0.04,584.82,2026-07-06
KXALIENS-26NOV,1783396800,0.03,1203.87,2026-07-07
KXALIENS-26NOV,1783483200,0.05,433.02,2026-07-08
KXALIENS-26NOV,1783569600,0.04,8222.38,2026-07-09
KXALIENS-26NOV,1783656000,0.03,1433.34,2026-07-10
KXALIENS-26NOV,1783742400,0.03,70.29,2026-07-11
KXALIENS-26NOV,1783828800,0.04,110.0,2026-07-12
KXALIENS-26NOV,1783915200,0.05,147.39,2026-07-13
KXALIENS-26NOV,1784001600,0.04,39.92,2026-07-14
KXALIENS-26NOV,1784088000,0.05,2167.79,2026-07-15
KXALIENS-26NOV,1784174400,0.04,3497.86,2026-07-16
KXALIENS-26NOV,1784260800,0.04,824.12,2026-07-17
KXALIENS-26NOV,1784347200,0.03,42.5,2026-07-18
KXALIENS-26NOV,1784433600,0.03,326.5,2026-07-19
KXALIENS-26NOV,1784520000,0.04,4499.11,2026-07-20
KXALIENS-26NOV,1784606400,0.03,1704.14,2026-07-21
KXALIENS-26NOV,1784692800,0.04,10841.45,2026-07-22
KXALIENS-26NOV,1784779200,0.04,1518.51,2026-07-23
KXALIENS-26NOV,1784865600,0.03,6099.56,2026-07-24
KXALIENS-26NOV,1784952000,0.03,150.0,2026-07-25
KXALIENS-26NOV,1785038400,0.02,748.33,2026-07-26
KXALIENS-26NOV,1785124800,0.03,374.53,2026-07-27
KXALIENS-26NOV,1785211200,0.02,1201.23,2026-07-28
KXALIENS-26NOV,1785297600,0.02,23.42,2026-07-29
KXALIENS-26NOV,1785384000,0.03,114.42,2026-07-30
KXALIENS-26NOV,1785470400,0.02,1241.35,2026-07-31
KXALIENS-26NOV,1785556800,,0.0,2026-08-01
KXALIENS-26NOV,1785643200,0.03,494.55,2026-08-02
KXALIENS-26NOV,1785729600,0.04,45585.02,2026-08-03
KXALIENS-26NOV,1785816000,0.03,13597.45,2026-08-04
KXALIENS-26NOV,1785902400,0.05,7042.72,2026-08-05
KXALIENS-26NOV,1785988800,0.05,12694.38,2026-08-06
KXALIENS-26NOV,1786075200,0.05,4102.2,2026-08-07
KXALIENS-26NOV,1786161600,0.05,26218.35,2026-08-08
KXALIENS-26NOV,1786248000,0.05,2060.86,2026-08-09
KXALIENS-26NOV,1786334400,0.03,5117.62,2026-08-10
KXALIENS-26NOV,1786420800,0.04,314.41,2026-08-11
KXALIENS-26NOV,1786507200,0.04,1380.76,2026-08-12
KXALIENS-26NOV,1786593600,0.04,2342.57,2026-08-13
KXALIENS-26NOV,1786680000,0.04,3936.21,2026-08-14
KXALIENS-26NOV,1786766400,0.03,26.16,2026-08-15
KXALIENS-26NOV,1786852800,0.04,13110.8,2026-08-16
KXALIENS-26NOV,1786939200,0.03,4301.29,2026-08-17
KXALIENS-26NOV,1787025600,0.04,1191.82,2026-08-18
KXALIENS-26NOV,1787112000,0.05,3692.16,2026-08-19
KXALIENS-26NOV,1787198400,0.04,11753.68,2026-08-20
KXALIENS-26NOV,1787284800,0.05,69390.92,2026-08-21
KXALIENS-26NOV,1787371200,0.03,8921.2,2026-08-22
KXALIENS-26NOV,1787457600,0.04,80.42,2026-08-23
KXALIENS-26NOV,1787544000,0.04,2615.43,2026-08-24
KXALIENS-26NOV,1787630400,0.03,68.75,2026-08-25
KXALIENS-26NOV,1787716800,0.03,169.17,2026-08-26
KXALIENS-26NOV,1787803200,0.03,832.37,2026-08-27
KXALIENS-26NOV,1787889600,0.03,2057.69,2026-08-28
KXALIENS-26NOV,1787976000,0.02,150.0,2026-08-29
KXALIENS-26NOV,1788062400,0.03,1147.95,2026-08-30
KXALIENS-26NOV,1788148800,0.03,3555.7,2026-08-31
KXALIENS-26NOV,1788235200,0.03,299.71,2026-09-01
KXALIENS-26NOV,1788321600,0.03,46.33,2026-09-02
KXALIENS-26NOV,1788408000,0.02,12853.6,2026-09-03
KXALIENS-26NOV,1788494400,0.03,3005.84,2026-09-04
KXALIENS-26NOV,1788580800,0.02,9028.96,2026-09-05
KXALIENS-26NOV,1788667200,0.03,356.37,2026-09-06
KXALIENS-26NOV,1788753600,0.03,1070.96,2026-09-07
KXALIENS-26NOV,1788840000,0.02,228.78,2026-09-08
KXALIENS-27,1781150400,0.136,65107.14,2026-06-11
KXALIENS-27,1781236800,0.134,47327.21,2026-06-12
KXALIENS-27,1781323200,0.124,147609.83,2026-06-13
KXALIENS-27,1781409600,0.124,77312.04,2026-06-14
KXALIENS-27,1781496000,0.12,47464.14,2026-06-15
KXALIENS-27,1781582400,0.125,139552.31,2026-06-16
KXALIENS-27,1781668800,0.114,57023.8,2026-06-17
KXALIENS-27,1781755200,0.107,41244.47,2026-06-18
KXALIENS-27,1781841600,0.105,77871.8,2026-06-19
KXALIENS-27,1781928000,0.109,33539.85,2026-06-20
KXALIENS-27,1782014400,0.109,47498.25,2026-06-21
KXALIENS-27,1782100800,0.107,54656.46,2026-06-22
KXALIENS-27,1782187200,0.107,42927.92,2026-06-23
KXALIENS-27,1782273600,0.111,96375.25,2026-06-24
KXALIENS-27,1782360000,0.109,203733.25,2026-06-25
KXALIENS-27,1782446400,0.104,31003.96,2026-06-26
KXALIENS-27,1782532800,0.101,56626.97,2026-06-27
KXALIENS-27,1782619200,0.105,57689.65,2026-06-28
KXALIENS-27,1782705600,0.111,121926.3,2026-06-29
KXALIENS-27,1782792000,0.116,47287.33,2026-06-30
KXALIENS-27,1782878400,0.1,151064.59,2026-07-01
KXALIENS-27,1782964800,0.088,45718.88,2026-07-02
KXALIENS-27,1783051200,0.074,95857.56,2026-07-03
KXALIENS-27,1783137600,0.08,57854.81,2026-07-04
KXALIENS-27,1783224000,0.073,45626.07,2026-07-05
KXALIENS-27,1783310400,0.076,79474.48,2026-07-06
KXALIENS-27,1783396800,0.082,71589.74,2026-07-07
KXALIENS-27,1783483200,0.075,61462.35,2026-07-08
KXALIENS-27,1783569600,0.079,86111.34,2026-07-09
KXALIENS-27,1783656000,0.07,35209.57,2026-07-10
KXALIENS-27,1783742400,0.081,65911.94,2026-07-11
KXALIENS-27,1783828800,0.075,95354.9,2026-07-12
KXALIENS-27,1783915200,0.078,35342.79,2026-07-13
KXALIENS-27,1784001600,0.076,55078.42,2026-07-14
KXALIENS-27,1784088000,0.081,26439.45,2026-07-15
KXALIENS-27,1784174400,0.08,119746.82,2026-07-16
KXALIENS-27,1784260800,0.085,64029.18,2026-07-17
KXALIENS-27,1784347200,0.081,60564.48,2026-07-18
KXALIENS-27,1784433600,0.076,40475.74,2026-07-19
KXALIENS-27,1784520000,0.078,34355.94,2026-07-20
KXALIENS-27,1784606400,0.073,40687.24,2026-07-21
KXALIENS-27,1784692800,0.074,54226.2,2026-07-22
KXALIENS-27,1784779200,0.071,49313.66,2026-07-23
KXALIENS-27,1784865600,0.076,92861.74,2026-07-24
KXALIENS-27,1784952000,0.072,42677.56,2026-07-25
KXALIENS-27,1785038400,0.072,35169.11,2026-07-26
KXALIENS-27,1785124800,0.071,21025.72,2026-07-27
KXALIENS-27,1785211200,0.074,38567.77,2026-07-28
KXALIENS-27,1785297600,0.072,14604.29,2026-07-29
KXALIENS-27,1785384000,0.073,11724.49,2026-07-30
KXALIENS-27,1785470400,0.072,19963.92,2026-07-31
KXALIENS-27,1785556800,0.068,23045.14,2026-08-01
KXALIENS-27,1785643200,0.061,45494.93,2026-08-02
KXALIENS-27,1785729600,0.061,24723.12,2026-08-03
KXALIENS-27,1785816000,0.056,40108.72,2026-08-04
KXALIENS-27,1785902400,0.059,51352.18,2026-08-05
KXALIENS-27,1785988800,0.06,56278.73,2026-08-06
KXALIENS-27,1786075200,0.066,73596.52,2026-08-07
KXALIENS-27,1786161600,0.066,48618.39,2026-08-08
KXALIENS-27,1786248000,0.072,40401.86,2026-08-09
KXALIENS-27,1786334400,0.062,19215.67,2026-08-10
KXALIENS-27,1786420800,0.063,48142.62,2026-08-11
KXALIENS-27,1786507200,0.062,16404.15,2026-08-12
KXALIENS-27,1786593600,0.064,35360.46,2026-08-13
KXALIENS-27,1786680000,0.062,29103.92,2026-08-14
KXALIENS-27,1786766400,0.062,35030.19,2026-08-15
KXALIENS-27,1786852800,0.061,14747.79,2026-08-16
KXALIENS-27,1786939200,0.063,3071.83,2026-08-17
KXALIENS-27,1787025600,0.063,22190.1,2026-08-18
KXALIENS-27,1787112000,0.062,31653.7,2026-08-19
KXALIENS-27,1787198400,0.057,34326.74,2026-08-20
KXALIENS-27,1787284800,0.056,29128.01,2026-08-21
KXALIENS-27,1787371200,0.057,15152.2,2026-08-22
KXALIENS-27,1787457600,0.056,13437.82,2026-08-23
KXALIENS-27,1787544000,0.056,19874.07,2026-08-24
KXALIENS-27,1787630400,0.054,33650.45,2026-08-25
KXALIENS-27,1787716800,0.052,13730.76,2026-08-26
KXALIENS-27,1787803200,0.055,15937.36,2026-08-27
KXALIENS-27,1787889600,0.052,9261.88,2026-08-28
KXALIENS-27,1787976000,0.053,19660.79,2026-08-29
KXALIENS-27,1788062400,0.054,20249.32,2026-08-30
KXALIENS-27,1788148800,0.055,15209.19,2026-08-31
KXALIENS-27,1788235200,0.051,36361.63,2026-09-01
KXALIENS-27,1788321600,0.055,9874.9,2026-09-02
KXALIENS-27,1788408000,0.04,196271.26,2026-09-03
KXALIENS-27,1788494400,0.041,27191.66,2026-09-04
KXALIENS-27,1788580800,0.045,44351.28,2026-09-05
KXALIENS-27,1788667200,0.046,16040.57,2026-09-06
KXALIENS-27,1788753600,0.049,19147.11,2026-09-07
KXALIENS-27,1788840000,0.048,11253.07,2026-09-08
KXALIENS-27-29,1781150400,0.27,4639.03,2026-06-11
KXALIENS-27-29,1781236800,0.28,6895.58,2026-06-12
KXALIENS-27-29,1781323200,0.29,5698.66,2026-06-13
KXALIENS-27-29,1781409600,0.29,13268.65,2026-06-14
KXALIENS-27-29,1781496000,0.31,6665.23,2026-06-15
KXALIENS-27-29,1781582400,0.29,3053.29,2026-06-16
KXALIENS-27-29,1781668800,0.29,5668.84,2026-06-17
KXALIENS-27-29,1781755200,0.3,4407.66,2026-06-18
KXALIENS-27-29,1781841600,0.32,4295.41,2026-06-19
KXALIENS-27-29,1781928000,0.31,2017.96,2026-06-20
KXALIENS-27-29,1782014400,0.31,5702.03,2026-06-21
KXALIENS-27-29,1782100800,0.31,1568.81,2026-06-22
KXALIENS-27-29,1782187200,0.3,4024.74,2026-06-23
KXALIENS-27-29,1782273600,0.3,8338.5,2026-06-24
KXALIENS-27-29,1782360000,0.31,4177.93,2026-06-25
KXALIENS-27-29,1782446400,0.31,39323.12,2026-06-26
KXALIENS-27-29,1782532800,0.3,8020.68,2026-06-27
KXALIENS-27-29,1782619200,0.29,1351.62,2026-06-28
KXALIENS-27-29,1782705600,0.3,1751.19,2026-06-29
KXALIENS-27-29,1782792000,0.31,2589.42,2026-06-30
KXALIENS-27-29,1782878400,0.29,46413.94,2026-07-01
KXALIENS-27-29,1782964800,0.28,5632.15,2026-07-02
KXALIENS-27-29,1783051200,0.26,13391.21,2026-07-03
KXALIENS-27-29,1783137600,0.26,4158.76,2026-07-04
KXALIENS-27-29,1783224000,0.25,4026.28,2026-07-05
KXALIENS-27-29,1783310400,0.26,5700.3,2026-07-06
KXALIENS-27-29,1783396800,0.24,4292.9,2026-07-07
KXALIENS-27-29,1783483200,0.23,3727.55,2026-07-08
KXALIENS-27-29,1783569600,0.24,3270.1,2026-07-09
KXALIENS-27-29,1783656000,0.24,3251.26,2026-07-10
KXALIENS-27-29,1783742400,0.23,1753.85,2026-07-11
KXALIENS-27-29,1783828800,0.23,2924.17,2026-07-12
KXALIENS-27-29,1783915200,0.24,3288.2,2026-07-13
KXALIENS-27-29,1784001600,0.25,1682.52,2026-07-14
KXALIENS-27-29,1784088000,0.26,2479.45,2026-07-15
KXALIENS-27-29,1784174400,0.24,3248.65,2026-07-16
KXALIENS-27-29,1784260800,0.24,1735.58,2026-07-17
KXALIENS-27-29,1784347200,0.23,1202.29,2026-07-18
KXALIENS-27-29,1784433600,0.23,1113.22,2026-07-19
KXALIENS-27-29,1784520000,0.24,2985.69,2026-07-20
KXALIENS-27-29,1784606400,0.24,1301.37,2026-07-21
KXALIENS-27-29,1784692800,0.25,6677.9,2026-07-22
KXALIENS-27-29,1784779200,0.24,3286.59,2026-07-23
KXALIENS-27-29,1784865600,0.23,2455.82,2026-07-24
KXALIENS-27-29,1784952000,0.23,5188.45,2026-07-25
KXALIENS-27-29,1785038400,0.23,2639.99,2026-07-26
KXALIENS-27-29,1785124800,0.24,1965.01,2026-07-27
KXALIENS-27-29,1785211200,0.24,1385.08,2026-07-28
KXALIENS-27-29,1785297600,0.23,4506.06,2026-07-29
KXALIENS-27-29,1785384000,0.22,4210.07,2026-07-30
KXALIENS-27-29,1785470400,0.23,1445.8,2026-07-31
KXALIENS-27-29,1785556800,0.22,1418.11,2026-08-01
KXALIENS-27-29,1785643200,0.22,7051.65,2026-08-02
KXALIENS-27-29,1785729600,0.23,2155.52,2026-08-03
KXALIENS-27-29,1785816000,0.23,2247.58,2026-08-04
KXALIENS-27-29,1785902400,0.22,5692.27,2026-08-05
KXALIENS-27-29,1785988800,0.22,1222.38,2026-08-06
KXALIENS-27-29,1786075200,0.22,2255.55,2026-08-07
KXALIENS-27-29,1786161600,0.22,5188.36,2026-08-08
KXALIENS-27-29,1786248000,0.23,1072.88,2026-08-09
KXALIENS-27-29,1786334400,0.25,13530.84,2026-08-10
KXALIENS-27-29,1786420800,0.23,636.62,2026-08-11
KXALIENS-27-29,1786507200,0.23,1065.09,2026-08-12
KXALIENS-27-29,1786593600,0.24,426.38,2026-08-13
KXALIENS-27-29,1786680000,0.23,1466.54,2026-08-14
KXALIENS-27-29,1786766400,0.24,1443.68,2026-08-15
KXALIENS-27-29,1786852800,0.23,959.03,2026-08-16
KXALIENS-27-29,1786939200,0.23,312.58,2026-08-17
KXALIENS-27-29,1787025600,0.24,1975.45,2026-08-18
KXALIENS-27-29,1787112000,0.24,4560.35,2026-08-19
KXALIENS-27-29,1787198400,0.24,492.31,2026-08-20
KXALIENS-27-29,1787284800,0.23,889.19,2026-08-21
KXALIENS-27-29,1787371200,0.24,249.73,2026-08-22
KXALIENS-27-29,1787457600,0.24,1253.24,2026-08-23
KXALIENS-27-29,1787544000,0.24,8647.38,2026-08-24
KXALIENS-27-29,1787630400,0.24,4417.24,2026-08-25
KXALIENS-27-29,1787716800,0.24,2577.1,2026-08-26
KXALIENS-27-29,1787803200,0.24,1474.36,2026-08-27
KXALIENS-27-29,1787889600,0.24,1318.7,2026-08-28
KXALIENS-27-29,1787976000,0.24,6988.44,2026-08-29
KXALIENS-27-29,1788062400,0.24,1366.64,2026-08-30
KXALIENS-27-29,1788148800,0.24,1136.18,2026-08-31
KXALIENS-27-29,1788235200,0.25,1252.85,2026-09-01
KXALIENS-27-29,1788321600,0.23,1266.74,2026-09-02
KXALIENS-27-29,1788408000,0.22,11831.91,2026-09-03
KXALIENS-27-29,1788494400,0.2,11775.61,2026-09-04
KXALIENS-27-29,1788580800,0.21,4496.9,2026-09-05
KXALIENS-27-29,1788667200,0.21,966.43,2026-09-06
KXALIENS-27-29,1788753600,0.21,907.07,2026-09-07
KXALIENS-27-29,1788840000,0.2,963.94,2026-09-08
KXTRUMPOUT27-27-28,1781150400,0.22,361.28,2026-06-11
KXTRUMPOUT27-27-28,1781236800,0.22,145.0,2026-06-12
KXTRUMPOUT27-27-28,1781323200,0.2,14400.18,2026-06-13
KXTRUMPOUT27-27-28,1781409600,0.2,689.18,2026-06-14
KXTRUMPOUT27-27-28,1781496000,0.2,347.55,2026-06-15
KXTRUMPOUT27-27-28,1781582400,0.23,6702.56,2026-06-16
KXTRUMPOUT27-27-28,1781668800,0.22,673.54,2026-06-17
KXTRUMPOUT27-27-28,1781755200,0.22,2002.17,2026-06-18
KXTRUMPOUT27-27-28,1781841600,0.2,1547.95,2026-06-19
KXTRUMPOUT27-27-28,1781928000,0.2,333.46,2026-06-20
KXTRUMPOUT27-27-28,1782014400,0.2,37.13,2026-06-21
KXTRUMPOUT27-27-28,1782100800,0.21,442.36,2026-06-22
KXTRUMPOUT27-27-28,1782187200,0.2,550.14,2026-06-23
KXTRUMPOUT27-27-28,1782273600,0.23,809.55,2026-06-24
KXTRUMPOUT27-27-28,1782360000,0.22,89.47,2026-06-25
KXTRUMPOUT27-27-28,1782446400,0.2,405.45,2026-06-26
KXTRUMPOUT27-27-28,1782532800,0.2,601.91,2026-06-27
KXTRUMPOUT27-27-28,1782619200,0.21,38.85,2026-06-28
KXTRUMPOUT27-27-28,1782705600,0.21,1081.83,2026-06-29
KXTRUMPOUT27-27-28,1782792000,0.2,831.23,2026-06-30
KXTRUMPOUT27-27-28,1782878400,0.2,7068.35,2026-07-01
KXTRUMPOUT27-27-28,1782964800,0.2,227.84,2026-07-02
KXTRUMPOUT27-27-28,1783051200,0.19,80.73,2026-07-03
KXTRUMPOUT27-27-28,1783137600,0.18,341.37,2026-07-04
KXTRUMPOUT27-27-28,1783224000,0.18,103.98,2026-07-05
KXTRUMPOUT27-27-28,1783310400,0.19,427.11,2026-07-06
KXTRUMPOUT27-27-28,1783396800,0.18,216.29,2026-07-07
KXTRUMPOUT27-27-28,1783483200,0.19,371.7,2026-07-08
KXTRUMPOUT27-27-28,1783569600,0.2,294.34,2026-07-09
KXTRUMPOUT27-27-28,1783656000,0.18,127.16,2026-07-10
KXTRUMPOUT27-27-28,1783742400,0.2,50.87,2026-07-11
KXTRUMPOUT27-27-28,1783828800,0.18,2296.0,2026-07-12
KXTRUMPOUT27-27-28,1783915200,0.17,3720.92,2026-07-13
KXTRUMPOUT27-27-28,1784001600,0.17,8.32,2026-07-14
KXTRUMPOUT27-27-28,1784088000,0.17,793.05,2026-07-15
KXTRUMPOUT27-27-28,1784174400,0.18,373.74,2026-07-16
KXTRUMPOUT27-27-28,1784260800,0.19,1442.45,2026-07-17
KXTRUMPOUT27-27-28,1784347200,0.19,1048.86,2026-07-18
KXTRUMPOUT27-27-28,1784433600,0.17,1150.37,2026-07-19
KXTRUMPOUT27-27-28,1784520000,0.17,97.75,2026-07-20
KXTRUMPOUT27-27-28,1784606400,0.18,956.3,2026-07-21
KXTRUMPOUT27-27-28,1784692800,0.17,929.71,2026-07-22
KXTRUMPOUT27-27-28,1784779200,0.17,2262.18,2026-07-23
KXTRUMPOUT27-27-28,1784865600,0.17,5074.52,2026-07-24
KXTRUMPOUT27-27-28,1784952000,0.15,6014.91,2026-07-25
KXTRUMPOUT27-27-28,1785038400,0.15,2310.78,2026-07-26
KXTRUMPOUT27-27-28,1785124800,0.15,6429.02,2026-07-27
KXTRUMPOUT27-27-28,1785211200,0.15,136.02,2026-07-28
KXTRUMPOUT27-27-28,1785297600,0.16,82.91,2026-07-29
KXTRUMPOUT27-27-28,1785384000,0.15,40.9,2026-07-30
KXTRUMPOUT27-27-28,1785470400,0.14,445.56,2026-07-31
KXTRUMPOUT27-27-28,1785556800,0.16,10392.93,2026-08-01
KXTRUMPOUT27-27-28,1785643200,0.16,690.89,2026-08-02
KXTRUMPOUT27-27-28,1785729600,0.16,594.78,2026-08-03
KXTRUMPOUT27-27-28,1785816000,0.16,522.19,2026-08-04
KXTRUMPOUT27-27-28,1785902400,0.15,307.87,2026-08-05
KXTRUMPOUT27-27-28,1785988800,0.16,142.75,2026-08-06
KXTRUMPOUT27-27-28,1786075200,0.16,78.45,2026-08-07
KXTRUMPOUT27-27-28,1786161600,0.15,13020.19,2026-08-08
KXTRUMPOUT27-27-28,1786248000,0.16,948.52,2026-08-09
KXTRUMPOUT27-27-28,1786334400,0.14,2784.67,2026-08-10
KXTRUMPOUT27-27-28,1786420800,0.14,3248.04,2026-08-11
KXTRUMPOUT27-27-28,1786507200,0.15,2241.64,2026-08-12
KXTRUMPOUT27-27-28,1786593600,0.15,8975.61,2026-08-13
KXTRUMPOUT27-27-28,1786680000,0.15,22.29,2026-08-14
KXTRUMPOUT27-27-28,1786766400,0.15,917.14,2026-08-15
KXTRUMPOUT27-27-28,1786852800,0.15,166.65,2026-08-16
KXTRUMPOUT27-27-28,1786939200,0.16,494.27,2026-08-17
KXTRUMPOUT27-27-28,1787025600,0.17,2056.87,2026-08-18
KXTRUMPOUT27-27-28,1787112000,0.17,1156.0,2026-08-19
KXTRUMPOUT27-27-28,1787198400,0.14,3500.02,2026-08-20
KXTRUMPOUT27-27-28,1787284800,0.15,1615.0,2026-08-21
KXTRUMPOUT27-27-28,1787371200,,0.0,2026-08-22
KXTRUMPOUT27-27-28,1787457600,,0.0,2026-08-23
KXTRUMPOUT27-27-28,1787544000,0.17,4104.4,2026-08-24
KXTRUMPOUT27-27-28,1787630400,0.16,511.95,2026-08-25
KXTRUMPOUT27-27-28,1787716800,0.19,1108.02,2026-08-26
KXTRUMPOUT27-27-28,1787803200,0.16,1335.83,2026-08-27
KXTRUMPOUT27-27-28,1787889600,0.19,100.0,2026-08-28
KXTRUMPOUT27-27-28,1787976000,0.17,311.52,2026-08-29
KXTRUMPOUT27-27-28,1788062400,0.17,1644.37,2026-08-30
KXTRUMPOUT27-27-28,1788148800,0.19,50.0,2026-08-31
KXTRUMPOUT27-27-28,1788235200,0.17,321.81,2026-09-01
KXTRUMPOUT27-27-28,1788321600,0.19,5909.87,2026-09-02
KXTRUMPOUT27-27-28,1788408000,0.17,5265.55,2026-09-03
KXTRUMPOUT27-27-28,1788494400,0.19,83.01,2026-09-04
KXTRUMPOUT27-27-28,1788580800,0.17,551.13,2026-09-05
KXTRUMPOUT27-27-28,1788667200,0.18,15.0,2026-09-06
KXTRUMPOUT27-27-28,1788753600,0.18,304.3,2026-09-07
KXTRUMPOUT27-27-28,1788840000,0.17,43.0,2026-09-08
KXTRUMPOUT27-27-DJT,1781150400,0.084,9295.82,2026-06-11
KXTRUMPOUT27-27-DJT,1781236800,0.085,8359.85,2026-06-12
KXTRUMPOUT27-27-DJT,1781323200,0.084,7031.94,2026-06-13
KXTRUMPOUT27-27-DJT,1781409600,0.077,28076.17,2026-06-14
KXTRUMPOUT27-27-DJT,1781496000,0.079,3314.31,2026-06-15
KXTRUMPOUT27-27-DJT,1781582400,0.077,3632.34,2026-06-16
KXTRUMPOUT27-27-DJT,1781668800,0.081,13907.79,2026-06-17
KXTRUMPOUT27-27-DJT,1781755200,0.076,136104.33,2026-06-18
KXTRUMPOUT27-27-DJT,1781841600,0.074,7809.04,2026-06-19
KXTRUMPOUT27-27-DJT,1781928000,0.074,1514.07,2026-06-20
KXTRUMPOUT27-27-DJT,1782014400,0.085,24839.5,2026-06-21
KXTRUMPOUT27-27-DJT,1782100800,0.077,3880.29,2026-06-22
KXTRUMPOUT27-27-DJT,1782187200,0.076,1732.79,2026-06-23
KXTRUMPOUT27-27-DJT,1782273600,0.073,10589.47,2026-06-24
KXTRUMPOUT27-27-DJT,1782360000,0.078,11300.37,2026-06-25
KXTRUMPOUT27-27-DJT,1782446400,0.084,1990.04,2026-06-26
KXTRUMPOUT27-27-DJT,1782532800,0.083,4386.93,2026-06-27
KXTRUMPOUT27-27-DJT,1782619200,0.071,5100.64,2026-06-28
KXTRUMPOUT27-27-DJT,1782705600,0.074,4328.27,2026-06-29
KXTRUMPOUT27-27-DJT,1782792000,0.075,2081.0,2026-06-30
KXTRUMPOUT27-27-DJT,1782878400,0.073,3339.46,2026-07-01
KXTRUMPOUT27-27-DJT,1782964800,0.072,9188.76,2026-07-02
KXTRUMPOUT27-27-DJT,1783051200,0.076,7059.69,2026-07-03
KXTRUMPOUT27-27-DJT,1783137600,0.065,8176.92,2026-07-04
KXTRUMPOUT27-27-DJT,1783224000,0.065,19360.81,2026-07-05
KXTRUMPOUT27-27-DJT,1783310400,0.06,9042.24,2026-07-06
KXTRUMPOUT27-27-DJT,1783396800,0.059,1326.96,2026-07-07
KXTRUMPOUT27-27-DJT,1783483200,0.06,6370.79,2026-07-08
KXTRUMPOUT27-27-DJT,1783569600,0.064,20228.04,2026-07-09
KXTRUMPOUT27-27-DJT,1783656000,0.065,1161.0,2026-07-10
KXTRUMPOUT27-27-DJT,1783742400,0.062,7248.03,2026-07-11
KXTRUMPOUT27-27-DJT,1783828800,0.061,4979.14,2026-07-12
KXTRUMPOUT27-27-DJT,1783915200,0.061,3723.02,2026-07-13
KXTRUMPOUT27-27-DJT,1784001600,0.061,19.6,2026-07-14
KXTRUMPOUT27-27-DJT,1784088000,0.06,1400.13,2026-07-15
KXTRUMPOUT27-27-DJT,1784174400,0.06,2689.96,2026-07-16
KXTRUMPOUT27-27-DJT,1784260800,0.06,3058.81,2026-07-17
KXTRUMPOUT27-27-DJT,1784347200,0.059,3810.7,2026-07-18
KXTRUMPOUT27-27-DJT,1784433600,0.06,6746.93,2026-07-19
KXTRUMPOUT27-27-DJT,1784520000,0.058,13114.09,2026-07-20
KXTRUMPOUT27-27-DJT,1784606400,0.057,3965.78,2026-07-21
KXTRUMPOUT27-27-DJT,1784692800,0.055,3398.73,2026-07-22
KXTRUMPOUT27-27-DJT,1784779200,0.054,1822.69,2026-07-23
KXTRUMPOUT27-27-DJT,1784865600,0.055,2171.37,2026-07-24
KXTRUMPOUT27-27-DJT,1784952000,0.061,36052.4,2026-07-25
KXTRUMPOUT27-27-DJT,1785038400,0.054,9512.29,2026-07-26
KXTRUMPOUT27-27-DJT,1785124800,0.055,10798.85,2026-07-27
KXTRUMPOUT27-27-DJT,1785211200,0.062,1940.89,2026-07-28
KXTRUMPOUT27-27-DJT,1785297600,0.057,1872.16,2026-07-29
KXTRUMPOUT27-27-DJT,1785384000,0.059,1410.68,2026-07-30
KXTRUMPOUT27-27-DJT,1785470400,0.065,19590.43,2026-07-31
KXTRUMPOUT27-27-DJT,1785556800,0.069,47964.79,2026-08-01
KXTRUMPOUT27-27-DJT,1785643200,0.07,16152.34,2026-08-02
KXTRUMPOUT27-27-DJT,1785729600,0.055,6344.7,2026-08-03
KXTRUMPOUT27-27-DJT,1785816000,0.06,31737.33,2026-08-04
KXTRUMPOUT27-27-DJT,1785902400,0.055,6316.65,2026-08-05
KXTRUMPOUT27-27-DJT,1785988800,0.054,1196.83,2026-08-06
KXTRUMPOUT27-27-DJT,1786075200,0.055,9591.59,2026-08-07
KXTRUMPOUT27-27-DJT,1786161600,0.065,16365.8,2026-08-08
KXTRUMPOUT27-27-DJT,1786248000,0.059,5719.09,2026-08-09
KXTRUMPOUT27-27-DJT,1786334400,0.055,3780.75,2026-08-10
KXTRUMPOUT27-27-DJT,1786420800,0.05,14797.38,2026-08-11
KXTRUMPOUT27-27-DJT,1786507200,0.05,11250.9,2026-08-12
KXTRUMPOUT27-27-DJT,1786593600,0.052,12766.98,2026-08-13
KXTRUMPOUT27-27-DJT,1786680000,0.052,4979.83,2026-08-14
KXTRUMPOUT27-27-DJT,1786766400,0.05,11634.45,2026-08-15
KXTRUMPOUT27-27-DJT,1786852800,0.049,3719.81,2026-08-16
KXTRUMPOUT27-27-DJT,1786939200,0.051,14596.69,2026-08-17
KXTRUMPOUT27-27-DJT,1787025600,0.07,5416.52,2026-08-18
KXTRUMPOUT27-27-DJT,1787112000,0.064,791.38,2026-08-19
KXTRUMPOUT27-27-DJT,1787198400,0.054,9890.57,2026-08-20
KXTRUMPOUT27-27-DJT,1787284800,0.055,7480.26,2026-08-21
KXTRUMPOUT27-27-DJT,1787371200,0.05,5882.38,2026-08-22
KXTRUMPOUT27-27-DJT,1787457600,0.049,12545.71,2026-08-23
KXTRUMPOUT27-27-DJT,1787544000,0.049,10901.2,2026-08-24
KXTRUMPOUT27-27-DJT,1787630400,0.049,711.17,2026-08-25
KXTRUMPOUT27-27-DJT,1787716800,0.051,1423.97,2026-08-26
KXTRUMPOUT27-27-DJT,1787803200,0.051,11139.36,2026-08-27
KXTRUMPOUT27-27-DJT,1787889600,0.055,13100.27,2026-08-28
KXTRUMPOUT27-27-DJT,1787976000,0.05,2949.82,2026-08-29
KXTRUMPOUT27-27-DJT,1788062400,0.056,5689.34,2026-08-30
KXTRUMPOUT27-27-DJT,1788148800,0.055,2024.88,2026-08-31
KXTRUMPOUT27-27-DJT,1788235200,0.051,4859.73,2026-09-01
KXTRUMPOUT27-27-DJT,1788321600,0.056,5738.25,2026-09-02
KXTRUMPOUT27-27-DJT,1788408000,0.053,1857.96,2026-09-03
KXTRUMPOUT27-27-DJT,1788494400,0.054,11437.3,2026-09-04
KXTRUMPOUT27-27-DJT,1788580800,0.054,2089.01,2026-09-05
KXTRUMPOUT27-27-DJT,1788667200,0.051,1182.73,2026-09-06
KXTRUMPOUT27-27-DJT,1788753600,0.05,1507.76,2026-09-07
KXTRUMPOUT27-27-DJT,1788840000,0.054,1344.47,2026-09-08
KXGREENLAND-29,1781150400,0.22,170.9,2026-06-11
KXGREENLAND-29,1781236800,0.21,800.13,2026-06-12
KXGREENLAND-29,1781323200,0.22,249.05,2026-06-13
KXGREENLAND-29,1781409600,0.23,742.49,2026-06-14
KXGREENLAND-29,1781496000,0.23,468.19,2026-06-15
KXGREENLAND-29,1781582400,0.22,800.4,2026-06-16
KXGREENLAND-29,1781668800,0.22,787.66,2026-06-17
KXGREENLAND-29,1781755200,0.24,576.02,2026-06-18
KXGREENLAND-29,1781841600,0.24,674.59,2026-06-19
KXGREENLAND-29,1781928000,0.25,656.02,2026-06-20
KXGREENLAND-29,1782014400,0.23,814.77,2026-06-21
KXGREENLAND-29,1782100800,0.21,462.41,2026-06-22
KXGREENLAND-29,1782187200,0.23,1154.41,2026-06-23
KXGREENLAND-29,1782273600,0.2,332.77,2026-06-24
KXGREENLAND-29,1782360000,0.2,961.39,2026-06-25
KXGREENLAND-29,1782446400,0.22,484.31,2026-06-26
KXGREENLAND-29,1782532800,0.18,308.43,2026-06-27
KXGREENLAND-29,1782619200,0.21,789.26,2026-06-28
KXGREENLAND-29,1782705600,0.2,64.74,2026-06-29
KXGREENLAND-29,1782792000,0.21,1782.46,2026-06-30
KXGREENLAND-29,1782878400,0.19,3171.7,2026-07-01
KXGREENLAND-29,1782964800,0.16,802.51,2026-07-02
KXGREENLAND-29,1783051200,0.17,1372.51,2026-07-03
KXGREENLAND-29,1783137600,0.18,599.5,2026-07-04
KXGREENLAND-29,1783224000,0.16,297.38,2026-07-05
KXGREENLAND-29,1783310400,0.18,523.27,2026-07-06
KXGREENLAND-29,1783396800,0.18,750.35,2026-07-07
KXGREENLAND-29,1783483200,0.19,994.72,2026-07-08
KXGREENLAND-29,1783569600,0.2,822.24,2026-07-09
KXGREENLAND-29,1783656000,0.2,4733.66,2026-07-10
KXGREENLAND-29,1783742400,0.17,2785.47,2026-07-11
KXGREENLAND-29,1783828800,0.18,1133.73,2026-07-12
KXGREENLAND-29,1783915200,0.19,522.63,2026-07-13
KXGREENLAND-29,1784001600,0.18,2206.0,2026-07-14
KXGREENLAND-29,1784088000,0.16,2694.87,2026-07-15
KXGREENLAND-29,1784174400,0.18,925.32,2026-07-16
KXGREENLAND-29,1784260800,0.2,966.75,2026-07-17
KXGREENLAND-29,1784347200,0.19,198.34,2026-07-18
KXGREENLAND-29,1784433600,0.18,276.0,2026-07-19
KXGREENLAND-29,1784520000,0.19,1275.44,2026-07-20
KXGREENLAND-29,1784606400,0.18,307.95,2026-07-21
KXGREENLAND-29,1784692800,0.17,429.55,2026-07-22
KXGREENLAND-29,1784779200,0.17,240.02,2026-07-23
KXGREENLAND-29,1784865600,0.19,408.73,2026-07-24
KXGREENLAND-29,1784952000,0.16,153.57,2026-07-25
KXGREENLAND-29,1785038400,0.19,22.69,2026-07-26
KXGREENLAND-29,1785124800,0.16,90.64,2026-07-27
KXGREENLAND-29,1785211200,0.16,485.08,2026-07-28
KXGREENLAND-29,1785297600,0.15,258.07,2026-07-29
KXGREENLAND-29,1785384000,0.16,254.95,2026-07-30
KXGREENLAND-29,1785470400,0.17,69.04,2026-07-31
KXGREENLAND-29,1785556800,0.17,344.34,2026-08-01
KXGREENLAND-29,1785643200,0.17,7674.44,2026-08-02
KXGREENLAND-29,1785729600,0.17,759.64,2026-08-03
KXGREENLAND-29,1785816000,0.16,276.34,2026-08-04
KXGREENLAND-29,1785902400,0.17,3150.88,2026-08-05
KXGREENLAND-29,1785988800,0.18,307.19,2026-08-06
KXGREENLAND-29,1786075200,0.19,196.59,2026-08-07
KXGREENLAND-29,1786161600,0.16,149.26,2026-08-08
KXGREENLAND-29,1786248000,0.19,24.91,2026-08-09
KXGREENLAND-29,1786334400,0.19,151.6,2026-08-10
KXGREENLAND-29,1786420800,0.17,140.81,2026-08-11
KXGREENLAND-29,1786507200,0.18,626.48,2026-08-12
KXGREENLAND-29,1786593600,0.18,281.85,2026-08-13
KXGREENLAND-29,1786680000,0.16,2910.49,2026-08-14
KXGREENLAND-29,1786766400,0.17,825.34,2026-08-15
KXGREENLAND-29,1786852800,0.16,293.96,2026-08-16
KXGREENLAND-29,1786939200,0.17,322.55,2026-08-17
KXGREENLAND-29,1787025600,0.17,276.93,2026-08-18
KXGREENLAND-29,1787112000,0.2,162.28,2026-08-19
KXGREENLAND-29,1787198400,0.21,670.81,2026-08-20
KXGREENLAND-29,1787284800,0.19,142.58,2026-08-21
KXGREENLAND-29,1787371200,0.19,1282.3,2026-08-22
KXGREENLAND-29,1787457600,0.18,230.74,2026-08-23
KXGREENLAND-29,1787544000,0.17,562.14,2026-08-24
KXGREENLAND-29,1787630400,0.16,79.32,2026-08-25
KXGREENLAND-29,1787716800,0.16,294.05,2026-08-26
KXGREENLAND-29,1787803200,,0.0,2026-08-27
KXGREENLAND-29,1787889600,0.18,66.25,2026-08-28
KXGREENLAND-29,1787976000,0.19,2835.42,2026-08-29
KXGREENLAND-29,1788062400,0.19,398.57,2026-08-30
KXGREENLAND-29,1788148800,0.19,72.9,2026-08-31
KXGREENLAND-29,1788235200,0.2,61.66,2026-09-01
KXGREENLAND-29,1788321600,0.18,247.32,2026-09-02
KXGREENLAND-29,1788408000,0.18,82.11,2026-09-03
KXGREENLAND-29,1788494400,0.18,146.92,2026-09-04
KXGREENLAND-29,1788580800,0.19,39.0,2026-09-05
KXGREENLAND-29,1788667200,0.17,260.0,2026-09-06
KXGREENLAND-29,1788753600,0.17,106.66,2026-09-07
KXGREENLAND-29,1788840000,0.23,173.13,2026-09-08
KXGREENLAND-29-27,1781150400,0.07,1135.56,2026-06-11
KXGREENLAND-29-27,1781236800,0.074,2396.56,2026-06-12
KXGREENLAND-29-27,1781323200,0.072,3947.11,2026-06-13
KXGREENLAND-29-27,1781409600,0.071,1165.99,2026-06-14
KXGREENLAND-29-27,1781496000,0.072,2548.33,2026-06-15
KXGREENLAND-29-27,1781582400,0.074,2484.7,2026-06-16
KXGREENLAND-29-27,1781668800,0.073,2174.2,2026-06-17
KXGREENLAND-29-27,1781755200,0.069,3048.76,2026-06-18
KXGREENLAND-29-27,1781841600,0.071,352.07,2026-06-19
KXGREENLAND-29-27,1781928000,0.069,551.84,2026-06-20
KXGREENLAND-29-27,1782014400,0.068,1151.78,2026-06-21
KXGREENLAND-29-27,1782100800,0.068,1057.29,2026-06-22
KXGREENLAND-29-27,1782187200,0.065,1167.02,2026-06-23
KXGREENLAND-29-27,1782273600,0.063,1451.04,2026-06-24
KXGREENLAND-29-27,1782360000,0.073,348.49,2026-06-25
KXGREENLAND-29-27,1782446400,0.073,169.31,2026-06-26
KXGREENLAND-29-27,1782532800,0.07,1222.61,2026-06-27
KXGREENLAND-29-27,1782619200,0.071,5586.51,2026-06-28
KXGREENLAND-29-27,1782705600,0.071,1787.98,2026-06-29
KXGREENLAND-29-27,1782792000,0.072,1543.37,2026-06-30
KXGREENLAND-29-27,1782878400,0.07,1716.14,2026-07-01
KXGREENLAND-29-27,1782964800,0.051,6205.46,2026-07-02
KXGREENLAND-29-27,1783051200,0.051,6255.38,2026-07-03
KXGREENLAND-29-27,1783137600,0.054,352.74,2026-07-04
KXGREENLAND-29-27,1783224000,0.062,2129.57,2026-07-05
KXGREENLAND-29-27,1783310400,0.061,1039.3,2026-07-06
KXGREENLAND-29-27,1783396800,0.054,5172.6,2026-07-07
KXGREENLAND-29-27,1783483200,0.058,3722.45,2026-07-08
KXGREENLAND-29-27,1783569600,0.065,800.7,2026-07-09
KXGREENLAND-29-27,1783656000,0.06,337.42,2026-07-10
KXGREENLAND-29-27,1783742400,0.06,73.06,2026-07-11
KXGREENLAND-29-27,1783828800,0.061,2087.3,2026-07-12
KXGREENLAND-29-27,1783915200,0.06,121.31,2026-07-13
KXGREENLAND-29-27,1784001600,0.06,2269.56,2026-07-14
KXGREENLAND-29-27,1784088000,0.062,3857.1,2026-07-15
KXGREENLAND-29-27,1784174400,0.059,1147.8,2026-07-16
KXGREENLAND-29-27,1784260800,0.06,372.03,2026-07-17
KXGREENLAND-29-27,1784347200,0.059,1671.11,2026-07-18
KXGREENLAND-29-27,1784433600,0.058,2211.46,2026-07-19
KXGREENLAND-29-27,1784520000,0.058,842.55,2026-07-20
KXGREENLAND-29-27,1784606400,0.06,3519.69,2026-07-21
KXGREENLAND-29-27,1784692800,0.057,566.42,2026-07-22
KXGREENLAND-29-27,1784779200,0.06,38.52,2026-07-23
KXGREENLAND-29-27,1784865600,0.059,165.68,2026-07-24
KXGREENLAND-29-27,1784952000,0.057,650.3,2026-07-25
KXGREENLAND-29-27,1785038400,0.058,196.9,2026-07-26
KXGREENLAND-29-27,1785124800,0.057,2476.03,2026-07-27
KXGREENLAND-29-27,1785211200,0.058,391.6,2026-07-28
KXGREENLAND-29-27,1785297600,0.054,10267.5,2026-07-29
KXGREENLAND-29-27,1785384000,0.049,41930.53,2026-07-30
KXGREENLAND-29-27,1785470400,0.049,3635.82,2026-07-31
KXGREENLAND-29-27,1785556800,0.05,505.43,2026-08-01
KXGREENLAND-29-27,1785643200,0.044,598.49,2026-08-02
KXGREENLAND-29-27,1785729600,0.044,1487.55,2026-08-03
KXGREENLAND-29-27,1785816000,0.046,478.8,2026-08-04
KXGREENLAND-29-27,1785902400,0.048,222.52,2026-08-05
KXGREENLAND-29-27,1785988800,0.048,606.46,2026-08-06
KXGREENLAND-29-27,1786075200,0.048,105.23,2026-08-07
KXGREENLAND-29-27,1786161600,0.044,274.02,2026-08-08
KXGREENLAND-29-27,1786248000,0.046,417.64,2026-08-09
KXGREENLAND-29-27,1786334400,0.044,86.26,2026-08-10
KXGREENLAND-29-27,1786420800,0.046,3541.87,2026-08-11
KXGREENLAND-29-27,1786507200,0.044,19.07,2026-08-12
KXGREENLAND-29-27,1786593600,0.045,856.5,2026-08-13
KXGREENLAND-29-27,1786680000,0.045,389.24,2026-08-14
KXGREENLAND-29-27,1786766400,0.044,3246.27,2026-08-15
KXGREENLAND-29-27,1786852800,0.047,169.02,2026-08-16
KXGREENLAND-29-27,1786939200,0.046,173.93,2026-08-17
KXGREENLAND-29-27,1787025600,0.047,1482.81,2026-08-18
KXGREENLAND-29-27,1787112000,0.046,1861.56,2026-08-19
KXGREENLAND-29-27,1787198400,0.043,261.65,2026-08-20
KXGREENLAND-29-27,1787284800,0.046,818.4,2026-08-21
KXGREENLAND-29-27,1787371200,0.044,401.82,2026-08-22
KXGREENLAND-29-27,1787457600,0.044,292.78,2026-08-23
KXGREENLAND-29-27,1787544000,0.044,349.16,2026-08-24
KXGREENLAND-29-27,1787630400,0.041,3285.17,2026-08-25
KXGREENLAND-29-27,1787716800,0.043,465.97,2026-08-26
KXGREENLAND-29-27,1787803200,0.041,354.27,2026-08-27
KXGREENLAND-29-27,1787889600,0.043,106.08,2026-08-28
KXGREENLAND-29-27,1787976000,0.043,421.73,2026-08-29
KXGREENLAND-29-27,1788062400,0.041,1190.96,2026-08-30
KXGREENLAND-29-27,1788148800,0.037,680.62,2026-08-31
KXGREENLAND-29-27,1788235200,0.042,47.61,2026-09-01
KXGREENLAND-29-27,1788321600,0.04,167.39,2026-09-02
KXGREENLAND-29-27,1788408000,0.04,2142.7,2026-09-03
KXGREENLAND-29-27,1788494400,0.043,448.02,2026-09-04
KXGREENLAND-29-27,1788580800,0.042,280.07,2026-09-05
KXGREENLAND-29-27,1788667200,0.039,337.87,2026-09-06
KXGREENLAND-29-27,1788753600,0.034,302.63,2026-09-07
KXGREENLAND-29-27,1788840000,0.035,198.47,2026-09-08
KXBTCMINY-27JAN01-45000.00,1781150400,0.48,785.68,2026-06-11
KXBTCMINY-27JAN01-45000.00,1781236800,0.41,7883.68,2026-06-12
KXBTCMINY-27JAN01-45000.00,1781323200,0.42,2669.44,2026-06-13
KXBTCMINY-27JAN01-45000.00,1781409600,0.4,429.65,2026-06-14
KXBTCMINY-27JAN01-45000.00,1781496000,0.4,1788.05,2026-06-15
KXBTCMINY-27JAN01-45000.00,1781582400,0.39,9064.8,2026-06-16
KXBTCMINY-27JAN01-45000.00,1781668800,0.39,3408.1,2026-06-17
KXBTCMINY-27JAN01-45000.00,1781755200,0.36,2425.09,2026-06-18
KXBTCMINY-27JAN01-45000.00,1781841600,0.41,1469.29,2026-06-19
KXBTCMINY-27JAN01-45000.00,1781928000,0.39,2125.41,2026-06-20
KXBTCMINY-27JAN01-45000.00,1782014400,0.4,1121.07,2026-06-21
KXBTCMINY-27JAN01-45000.00,1782100800,0.4,1419.76,2026-06-22
KXBTCMINY-27JAN01-45000.00,1782187200,0.39,299.29,2026-06-23
KXBTCMINY-27JAN01-45000.00,1782273600,0.4,143.45,2026-06-24
KXBTCMINY-27JAN01-45000.00,1782360000,0.44,2915.8,2026-06-25
KXBTCMINY-27JAN01-45000.00,1782446400,0.48,7738.82,2026-06-26
KXBTCMINY-27JAN01-45000.00,1782532800,0.48,3005.98,2026-06-27
KXBTCMINY-27JAN01-45000.00,1782619200,0.46,1092.49,2026-06-28
KXBTCMINY-27JAN01-45000.00,1782705600,0.51,8799.8,2026-06-29
KXBTCMINY-27JAN01-45000.00,1782792000,0.48,874.71,2026-06-30
KXBTCMINY-27JAN01-45000.00,1782878400,0.49,1013.95,2026-07-01
KXBTCMINY-27JAN01-45000.00,1782964800,0.43,6633.21,2026-07-02
KXBTCMINY-27JAN01-45000.00,1783051200,0.4,5078.51,2026-07-03
KXBTCMINY-27JAN01-45000.00,1783137600,0.39,4627.14,2026-07-04
KXBTCMINY-27JAN01-45000.00,1783224000,0.4,3859.98,2026-07-05
KXBTCMINY-27JAN01-45000.00,1783310400,0.38,5103.88,2026-07-06
KXBTCMINY-27JAN01-45000.00,1783396800,0.41,1226.39,2026-07-07
KXBTCMINY-27JAN01-45000.00,1783483200,0.42,2872.14,2026-07-08
KXBTCMINY-27JAN01-45000.00,1783569600,0.42,1059.68,2026-07-09
KXBTCMINY-27JAN01-45000.00,1783656000,0.42,4104.94,2026-07-10
KXBTCMINY-27JAN01-45000.00,1783742400,0.4,2539.04,2026-07-11
KXBTCMINY-27JAN01-45000.00,1783828800,0.4,1037.22,2026-07-12
KXBTCMINY-27JAN01-45000.00,1783915200,0.39,4119.33,2026-07-13
KXBTCMINY-27JAN01-45000.00,1784001600,0.4,209.64,2026-07-14
KXBTCMINY-27JAN01-45000.00,1784088000,0.38,2911.21,2026-07-15
KXBTCMINY-27JAN01-45000.00,1784174400,0.38,9303.35,2026-07-16
KXBTCMINY-27JAN01-45000.00,1784260800,0.4,13638.14,2026-07-17
KXBTCMINY-27JAN01-45000.00,1784347200,0.39,248.41,2026-07-18
KXBTCMINY-27JAN01-45000.00,1784433600,0.33,1722.42,2026-07-19
KXBTCMINY-27JAN01-45000.00,1784520000,0.39,6920.89,2026-07-20
KXBTCMINY-27JAN01-45000.00,1784606400,0.37,11851.79,2026-07-21
KXBTCMINY-27JAN01-45000.00,1784692800,0.36,16692.79,2026-07-22
KXBTCMINY-27JAN01-45000.00,1784779200,0.3,7733.25,2026-07-23
KXBTCMINY-27JAN01-45000.00,1784865600,0.33,395.26,2026-07-24
KXBTCMINY-27JAN01-45000.00,1784952000,0.32,1743.69,2026-07-25
KXBTCMINY-27JAN01-45000.00,1785038400,0.38,11805.31,2026-07-26
KXBTCMINY-27JAN01-45000.00,1785124800,0.32,2457.52,2026-07-27
KXBTCMINY-27JAN01-45000.00,1785211200,0.32,2511.28,2026-07-28
KXBTCMINY-27JAN01-45000.00,1785297600,0.36,3508.24,2026-07-29
KXBTCMINY-27JAN01-45000.00,1785384000,0.34,1155.14,2026-07-30
KXBTCMINY-27JAN01-45000.00,1785470400,0.34,1282.52,2026-07-31
KXBTCMINY-27JAN01-45000.00,1785556800,0.33,810.38,2026-08-01
KXBTCMINY-27JAN01-45000.00,1785643200,0.33,603.36,2026-08-02
KXBTCMINY-27JAN01-45000.00,1785729600,0.32,1768.1,2026-08-03
KXBTCMINY-27JAN01-45000.00,1785816000,0.32,324.18,2026-08-04
KXBTCMINY-27JAN01-45000.00,1785902400,0.32,9113.66,2026-08-05
KXBTCMINY-27JAN01-45000.00,1785988800,0.32,2412.62,2026-08-06
KXBTCMINY-27JAN01-45000.00,1786075200,0.31,466.9,2026-08-07
KXBTCMINY-27JAN01-45000.00,1786161600,0.29,4317.85,2026-08-08
KXBTCMINY-27JAN01-45000.00,1786248000,0.3,2715.56,2026-08-09
KXBTCMINY-27JAN01-45000.00,1786334400,0.28,364.61,2026-08-10
KXBTCMINY-27JAN01-45000.00,1786420800,0.3,2223.12,2026-08-11
KXBTCMINY-27JAN01-45000.00,1786507200,0.35,3859.86,2026-08-12
KXBTCMINY-27JAN01-45000.00,1786593600,0.3,6141.52,2026-08-13
KXBTCMINY-27JAN01-45000.00,1786680000,0.34,1303.6,2026-08-14
KXBTCMINY-27JAN01-45000.00,1786766400,0.36,1768.0,2026-08-15
KXBTCMINY-27JAN01-45000.00,1786852800,0.31,1217.78,2026-08-16
KXBTCMINY-27JAN01-45000.00,1786939200,0.3,1853.02,2026-08-17
KXBTCMINY-27JAN01-45000.00,1787025600,0.27,3977.4,2026-08-18
KXBTCMINY-27JAN01-45000.00,1787112000,0.29,3682.21,2026-08-19
KXBTCMINY-27JAN01-45000.00,1787198400,0.26,7136.48,2026-08-20
KXBTCMINY-27JAN01-45000.00,1787284800,0.19,14668.25,2026-08-21
KXBTCMINY-27JAN01-45000.00,1787371200,0.21,17931.44,2026-08-22
KXBTCMINY-27JAN01-45000.00,1787457600,0.21,2693.4,2026-08-23
KXBTCMINY-27JAN01-45000.00,1787544000,0.21,12039.38,2026-08-24
KXBTCMINY-27JAN01-45000.00,1787630400,0.17,11420.66,2026-08-25
KXBTCMINY-27JAN01-45000.00,1787716800,0.14,7820.05,2026-08-26
KXBTCMINY-27JAN01-45000.00,1787803200,0.16,3925.72,2026-08-27
KXBTCMINY-27JAN01-45000.00,1787889600,0.13,6219.56,2026-08-28
KXBTCMINY-27JAN01-45000.00,1787976000,0.15,4324.32,2026-08-29
KXBTCMINY-27JAN01-45000.00,1788062400,0.15,2854.1,2026-08-30
KXBTCMINY-27JAN01-45000.00,1788148800,0.16,2380.7,2026-08-31
KXBTCMINY-27JAN01-45000.00,1788235200,0.14,609.83,2026-09-01
KXBTCMINY-27JAN01-45000.00,1788321600,0.15,1085.0,2026-09-02
KXBTCMINY-27JAN01-45000.00,1788408000,0.14,2438.25,2026-09-03
KXBTCMINY-27JAN01-45000.00,1788494400,0.13,6650.86,2026-09-04
KXBTCMINY-27JAN01-45000.00,1788580800,0.12,253.68,2026-09-05
KXBTCMINY-27JAN01-45000.00,1788667200,0.13,244.9,2026-09-06
KXBTCMINY-27JAN01-45000.00,1788753600,0.13,4537.72,2026-09-07
KXBTCMINY-27JAN01-45000.00,1788840000,0.14,1123.25,2026-09-08
KXBTCMINY-27JAN01-50000.00,1781150400,0.59,1503.32,2026-06-11
KXBTCMINY-27JAN01-50000.00,1781236800,0.52,15583.39,2026-06-12
KXBTCMINY-27JAN01-50000.00,1781323200,0.53,4362.77,2026-06-13
KXBTCMINY-27JAN01-50000.00,1781409600,0.49,236.48,2026-06-14
KXBTCMINY-27JAN01-50000.00,1781496000,0.48,2852.05,2026-06-15
KXBTCMINY-27JAN01-50000.00,1781582400,0.51,4573.85,2026-06-16
KXBTCMINY-27JAN01-50000.00,1781668800,0.48,5633.19,2026-06-17
KXBTCMINY-27JAN01-50000.00,1781755200,0.51,2933.92,2026-06-18
KXBTCMINY-27JAN01-50000.00,1781841600,0.55,368.62,2026-06-19
KXBTCMINY-27JAN01-50000.00,1781928000,0.56,1521.97,2026-06-20
KXBTCMINY-27JAN01-50000.00,1782014400,0.56,948.16,2026-06-21
KXBTCMINY-27JAN01-50000.00,1782100800,0.56,5418.09,2026-06-22
KXBTCMINY-27JAN01-50000.00,1782187200,0.56,3600.57,2026-06-23
KXBTCMINY-27JAN01-50000.00,1782273600,0.57,3701.97,2026-06-24
KXBTCMINY-27JAN01-50000.00,1782360000,0.63,3485.67,2026-06-25
KXBTCMINY-27JAN01-50000.00,1782446400,0.67,3307.74,2026-06-26
KXBTCMINY-27JAN01-50000.00,1782532800,0.61,8564.92,2026-06-27
KXBTCMINY-27JAN01-50000.00,1782619200,0.61,307.69,2026-06-28
KXBTCMINY-27JAN01-50000.00,1782705600,0.65,5685.69,2026-06-29
KXBTCMINY-27JAN01-50000.00,1782792000,0.66,6831.45,2026-06-30
KXBTCMINY-27JAN01-50000.00,1782878400,0.64,29837.84,2026-07-01
KXBTCMINY-27JAN01-50000.00,1782964800,0.6,30193.8,2026-07-02
KXBTCMINY-27JAN01-50000.00,1783051200,0.58,1478.99,2026-07-03
KXBTCMINY-27JAN01-50000.00,1783137600,0.58,3398.97,2026-07-04
KXBTCMINY-27JAN01-50000.00,1783224000,0.56,4866.89,2026-07-05
KXBTCMINY-27JAN01-50000.00,1783310400,0.48,7111.74,2026-07-06
KXBTCMINY-27JAN01-50000.00,1783396800,0.48,3740.37,2026-07-07
KXBTCMINY-27JAN01-50000.00,1783483200,0.53,2012.55,2026-07-08
KXBTCMINY-27JAN01-50000.00,1783569600,0.52,1642.56,2026-07-09
KXBTCMINY-27JAN01-50000.00,1783656000,0.53,2692.52,2026-07-10
KXBTCMINY-27JAN01-50000.00,1783742400,0.51,6443.16,2026-07-11
KXBTCMINY-27JAN01-50000.00,1783828800,0.52,1679.46,2026-07-12
KXBTCMINY-27JAN01-50000.00,1783915200,0.49,7800.72,2026-07-13
KXBTCMINY-27JAN01-50000.00,1784001600,0.54,1870.33,2026-07-14
KXBTCMINY-27JAN01-50000.00,1784088000,0.51,2062.54,2026-07-15
KXBTCMINY-27JAN01-50000.00,1784174400,0.51,13377.06,2026-07-16
KXBTCMINY-27JAN01-50000.00,1784260800,0.51,7022.91,2026-07-17
KXBTCMINY-27JAN01-50000.00,1784347200,0.49,4359.42,2026-07-18
KXBTCMINY-27JAN01-50000.00,1784433600,0.41,23408.29,2026-07-19
KXBTCMINY-27JAN01-50000.00,1784520000,0.4,8803.86,2026-07-20
KXBTCMINY-27JAN01-50000.00,1784606400,0.45,21399.28,2026-07-21
KXBTCMINY-27JAN01-50000.00,1784692800,0.42,4422.75,2026-07-22
KXBTCMINY-27JAN01-50000.00,1784779200,0.4,1296.8,2026-07-23
KXBTCMINY-27JAN01-50000.00,1784865600,0.4,1268.12,2026-07-24
KXBTCMINY-27JAN01-50000.00,1784952000,0.43,8741.19,2026-07-25
KXBTCMINY-27JAN01-50000.00,1785038400,0.49,9945.16,2026-07-26
KXBTCMINY-27JAN01-50000.00,1785124800,0.41,459.58,2026-07-27
KXBTCMINY-27JAN01-50000.00,1785211200,0.43,5256.78,2026-07-28
KXBTCMINY-27JAN01-50000.00,1785297600,0.44,1738.24,2026-07-29
KXBTCMINY-27JAN01-50000.00,1785384000,0.44,4081.17,2026-07-30
KXBTCMINY-27JAN01-50000.00,1785470400,0.44,2768.93,2026-07-31
KXBTCMINY-27JAN01-50000.00,1785556800,0.45,1975.17,2026-08-01
KXBTCMINY-27JAN01-50000.00,1785643200,0.46,4290.19,2026-08-02
KXBTCMINY-27JAN01-50000.00,1785729600,0.46,5090.94,2026-08-03
KXBTCMINY-27JAN01-50000.00,1785816000,0.47,4643.99,2026-08-04
KXBTCMINY-27JAN01-50000.00,1785902400,0.42,10912.02,2026-08-05
KXBTCMINY-27JAN01-50000.00,1785988800,0.43,2727.74,2026-08-06
KXBTCMINY-27JAN01-50000.00,1786075200,0.43,3413.54,2026-08-07
KXBTCMINY-27JAN01-50000.00,1786161600,0.41,7255.86,2026-08-08
KXBTCMINY-27JAN01-50000.00,1786248000,0.44,7157.36,2026-08-09
KXBTCMINY-27JAN01-50000.00,1786334400,0.43,2514.01,2026-08-10
KXBTCMINY-27JAN01-50000.00,1786420800,0.42,1945.29,2026-08-11
KXBTCMINY-27JAN01-50000.00,1786507200,0.47,10223.26,2026-08-12
KXBTCMINY-27JAN01-50000.00,1786593600,0.41,6758.27,2026-08-13
KXBTCMINY-27JAN01-50000.00,1786680000,0.45,4749.72,2026-08-14
KXBTCMINY-27JAN01-50000.00,1786766400,0.45,1449.3,2026-08-15
KXBTCMINY-27JAN01-50000.00,1786852800,0.46,3192.09,2026-08-16
KXBTCMINY-27JAN01-50000.00,1786939200,0.45,1155.91,2026-08-17
KXBTCMINY-27JAN01-50000.00,1787025600,0.45,9025.81,2026-08-18
KXBTCMINY-27JAN01-50000.00,1787112000,0.44,3350.41,2026-08-19
KXBTCMINY-27JAN01-50000.00,1787198400,0.33,17881.8,2026-08-20
KXBTCMINY-27JAN01-50000.00,1787284800,0.3,27922.56,2026-08-21
KXBTCMINY-27JAN01-50000.00,1787371200,0.27,63825.85,2026-08-22
KXBTCMINY-27JAN01-50000.00,1787457600,0.25,6200.56,2026-08-23
KXBTCMINY-27JAN01-50000.00,1787544000,0.24,8759.04,2026-08-24
KXBTCMINY-27JAN01-50000.00,1787630400,0.24,25297.99,2026-08-25
KXBTCMINY-27JAN01-50000.00,1787716800,0.22,15260.97,2026-08-26
KXBTCMINY-27JAN01-50000.00,1787803200,0.23,13658.08,2026-08-27
KXBTCMINY-27JAN01-50000.00,1787889600,0.21,7885.03,2026-08-28
KXBTCMINY-27JAN01-50000.00,1787976000,0.21,12417.97,2026-08-29
KXBTCMINY-27JAN01-50000.00,1788062400,0.21,2706.9,2026-08-30
KXBTCMINY-27JAN01-50000.00,1788148800,0.21,2755.43,2026-08-31
KXBTCMINY-27JAN01-50000.00,1788235200,0.19,25124.15,2026-09-01
KXBTCMINY-27JAN01-50000.00,1788321600,0.21,5491.6,2026-09-02
KXBTCMINY-27JAN01-50000.00,1788408000,0.19,3528.31,2026-09-03
KXBTCMINY-27JAN01-50000.00,1788494400,0.16,22688.66,2026-09-04
KXBTCMINY-27JAN01-50000.00,1788580800,0.16,12809.9,2026-09-05
KXBTCMINY-27JAN01-50000.00,1788667200,0.18,362.07,2026-09-06
KXBTCMINY-27JAN01-50000.00,1788753600,0.17,3119.52,2026-09-07
KXBTCMINY-27JAN01-50000.00,1788840000,0.15,420.15,2026-09-08
KXBTCMINY-27JAN01-55000.00,1781150400,0.75,1516.21,2026-06-11
KXBTCMINY-27JAN01-55000.00,1781236800,0.68,5404.58,2026-06-12
KXBTCMINY-27JAN01-55000.00,1781323200,0.7,7228.88,2026-06-13
KXBTCMINY-27JAN01-55000.00,1781409600,0.65,7073.65,2026-06-14
KXBTCMINY-27JAN01-55000.00,1781496000,0.59,18699.02,2026-06-15
KXBTCMINY-27JAN01-55000.00,1781582400,0.64,9480.01,2026-06-16
KXBTCMINY-27JAN01-55000.00,1781668800,0.65,22204.04,2026-06-17
KXBTCMINY-27JAN01-55000.00,1781755200,0.67,1872.93,2026-06-18
KXBTCMINY-27JAN01-55000.00,1781841600,0.71,939.59,2026-06-19
KXBTCMINY-27JAN01-55000.00,1781928000,0.69,879.92,2026-06-20
KXBTCMINY-27JAN01-55000.00,1782014400,0.7,854.24,2026-06-21
KXBTCMINY-27JAN01-55000.00,1782100800,0.7,2235.72,2026-06-22
KXBTCMINY-27JAN01-55000.00,1782187200,0.68,6605.69,2026-06-23
KXBTCMINY-27JAN01-55000.00,1782273600,0.73,1928.71,2026-06-24
KXBTCMINY-27JAN01-55000.00,1782360000,0.77,22492.73,2026-06-25
KXBTCMINY-27JAN01-55000.00,1782446400,0.83,13895.38,2026-06-26
KXBTCMINY-27JAN01-55000.00,1782532800,0.8,1329.69,2026-06-27
KXBTCMINY-27JAN01-55000.00,1782619200,0.79,3254.67,2026-06-28
KXBTCMINY-27JAN01-55000.00,1782705600,0.81,2383.34,2026-06-29
KXBTCMINY-27JAN01-55000.00,1782792000,0.79,1065.05,2026-06-30
KXBTCMINY-27JAN01-55000.00,1782878400,0.8,25210.41,2026-07-01
KXBTCMINY-27JAN01-55000.00,1782964800,0.76,7857.84,2026-07-02
KXBTCMINY-27JAN01-55000.00,1783051200,0.71,1743.37,2026-07-03
KXBTCMINY-27JAN01-55000.00,1783137600,0.7,2755.17,2026-07-04
KXBTCMINY-27JAN01-55000.00,1783224000,0.66,22792.5,2026-07-05
KXBTCMINY-27JAN01-55000.00,1783310400,0.59,13010.87,2026-07-06
KXBTCMINY-27JAN01-55000.00,1783396800,0.6,5894.41,2026-07-07
KXBTCMINY-27JAN01-55000.00,1783483200,0.66,6201.55,2026-07-08
KXBTCMINY-27JAN01-55000.00,1783569600,0.7,229.1,2026-07-09
KXBTCMINY-27JAN01-55000.00,1783656000,0.65,1635.63,2026-07-10
KXBTCMINY-27JAN01-55000.00,1783742400,0.61,1233.06,2026-07-11
KXBTCMINY-27JAN01-55000.00,1783828800,0.65,3449.88,2026-07-12
KXBTCMINY-27JAN01-55000.00,1783915200,0.67,4121.12,2026-07-13
KXBTCMINY-27JAN01-55000.00,1784001600,0.71,8313.06,2026-07-14
KXBTCMINY-27JAN01-55000.00,1784088000,0.61,3544.15,2026-07-15
KXBTCMINY-27JAN01-55000.00,1784174400,0.6,1645.78,2026-07-16
KXBTCMINY-27JAN01-55000.00,1784260800,0.62,1104.79,2026-07-17
KXBTCMINY-27JAN01-55000.00,1784347200,0.64,1120.18,2026-07-18
KXBTCMINY-27JAN01-55000.00,1784433600,0.58,42081.47,2026-07-19
KXBTCMINY-27JAN01-55000.00,1784520000,0.56,1655.23,2026-07-20
KXBTCMINY-27JAN01-55000.00,1784606400,0.52,2783.11,2026-07-21
KXBTCMINY-27JAN01-55000.00,1784692800,0.52,14701.46,2026-07-22
KXBTCMINY-27JAN01-55000.00,1784779200,0.52,8771.36,2026-07-23
KXBTCMINY-27JAN01-55000.00,1784865600,0.56,3042.49,2026-07-24
KXBTCMINY-27JAN01-55000.00,1784952000,0.56,1011.38,2026-07-25
KXBTCMINY-27JAN01-55000.00,1785038400,0.56,4045.33,2026-07-26
KXBTCMINY-27JAN01-55000.00,1785124800,0.53,3276.2,2026-07-27
KXBTCMINY-27JAN01-55000.00,1785211200,0.61,24975.38,2026-07-28
KXBTCMINY-27JAN01-55000.00,1785297600,0.62,7154.47,2026-07-29
KXBTCMINY-27JAN01-55000.00,1785384000,0.62,11500.16,2026-07-30
KXBTCMINY-27JAN01-55000.00,1785470400,0.6,4925.73,2026-07-31
KXBTCMINY-27JAN01-55000.00,1785556800,0.62,3389.6,2026-08-01
KXBTCMINY-27JAN01-55000.00,1785643200,0.64,16965.89,2026-08-02
KXBTCMINY-27JAN01-55000.00,1785729600,0.61,2535.27,2026-08-03
KXBTCMINY-27JAN01-55000.00,1785816000,0.62,2704.29,2026-08-04
KXBTCMINY-27JAN01-55000.00,1785902400,0.52,23284.83,2026-08-05
KXBTCMINY-27JAN01-55000.00,1785988800,0.57,7959.76,2026-08-06
KXBTCMINY-27JAN01-55000.00,1786075200,0.57,3299.06,2026-08-07
KXBTCMINY-27JAN01-55000.00,1786161600,0.56,3736.65,2026-08-08
KXBTCMINY-27JAN01-55000.00,1786248000,0.57,4776.63,2026-08-09
KXBTCMINY-27JAN01-55000.00,1786334400,0.55,8159.18,2026-08-10
KXBTCMINY-27JAN01-55000.00,1786420800,0.57,3354.91,2026-08-11
KXBTCMINY-27JAN01-55000.00,1786507200,0.55,2773.65,2026-08-12
KXBTCMINY-27JAN01-55000.00,1786593600,0.6,1428.8,2026-08-13
KXBTCMINY-27JAN01-55000.00,1786680000,0.59,1441.46,2026-08-14
KXBTCMINY-27JAN01-55000.00,1786766400,0.58,2494.21,2026-08-15
KXBTCMINY-27JAN01-55000.00,1786852800,0.57,1882.03,2026-08-16
KXBTCMINY-27JAN01-55000.00,1786939200,0.55,4687.32,2026-08-17
KXBTCMINY-27JAN01-55000.00,1787025600,0.55,7500.85,2026-08-18
KXBTCMINY-27JAN01-55000.00,1787112000,0.56,11629.75,2026-08-19
KXBTCMINY-27JAN01-55000.00,1787198400,0.45,47417.53,2026-08-20
KXBTCMINY-27JAN01-55000.00,1787284800,0.34,29615.33,2026-08-21
KXBTCMINY-27JAN01-55000.00,1787371200,0.27,125205.89,2026-08-22
KXBTCMINY-27JAN01-55000.00,1787457600,0.36,16697.04,2026-08-23
KXBTCMINY-27JAN01-55000.00,1787544000,0.32,13011.18,2026-08-24
KXBTCMINY-27JAN01-55000.00,1787630400,0.3,14625.14,2026-08-25
KXBTCMINY-27JAN01-55000.00,1787716800,0.3,20641.78,2026-08-26
KXBTCMINY-27JAN01-55000.00,1787803200,0.31,6315.7,2026-08-27
KXBTCMINY-27JAN01-55000.00,1787889600,0.27,22173.65,2026-08-28
KXBTCMINY-27JAN01-55000.00,1787976000,0.27,23074.08,2026-08-29
KXBTCMINY-27JAN01-55000.00,1788062400,0.28,3636.17,2026-08-30
KXBTCMINY-27JAN01-55000.00,1788148800,0.28,1120.45,2026-08-31
KXBTCMINY-27JAN01-55000.00,1788235200,0.27,14946.28,2026-09-01
KXBTCMINY-27JAN01-55000.00,1788321600,0.27,15220.94,2026-09-02
KXBTCMINY-27JAN01-55000.00,1788408000,0.27,4540.51,2026-09-03
KXBTCMINY-27JAN01-55000.00,1788494400,0.22,25278.9,2026-09-04
KXBTCMINY-27JAN01-55000.00,1788580800,0.24,11265.94,2026-09-05
KXBTCMINY-27JAN01-55000.00,1788667200,0.23,6341.83,2026-09-06
KXBTCMINY-27JAN01-55000.00,1788753600,0.22,3301.95,2026-09-07
KXBTCMINY-27JAN01-55000.00,1788840000,0.25,7579.11,2026-09-08
KXBTCMAXY-26DEC31-119999.99,1781150400,0.1,1084.12,2026-06-11
KXBTCMAXY-26DEC31-119999.99,1781236800,0.1,403.99,2026-06-12
KXBTCMAXY-26DEC31-119999.99,1781323200,0.09,233.6,2026-06-13
KXBTCMAXY-26DEC31-119999.99,1781409600,0.09,10.0,2026-06-14
KXBTCMAXY-26DEC31-119999.99,1781496000,0.1,600.0,2026-06-15
KXBTCMAXY-26DEC31-119999.99,1781582400,0.1,432.4,2026-06-16
KXBTCMAXY-26DEC31-119999.99,1781668800,0.1,94.07,2026-06-17
KXBTCMAXY-26DEC31-119999.99,1781755200,0.1,94.07,2026-06-18
KXBTCMAXY-26DEC31-119999.99,1781841600,0.1,748.4,2026-06-19
KXBTCMAXY-26DEC31-119999.99,1781928000,0.09,8.0,2026-06-20
KXBTCMAXY-26DEC31-119999.99,1782014400,0.1,113.03,2026-06-21
KXBTCMAXY-26DEC31-119999.99,1782100800,0.1,21.0,2026-06-22
KXBTCMAXY-26DEC31-119999.99,1782187200,0.09,364.38,2026-06-23
KXBTCMAXY-26DEC31-119999.99,1782273600,0.09,4.0,2026-06-24
KXBTCMAXY-26DEC31-119999.99,1782360000,0.09,21.84,2026-06-25
KXBTCMAXY-26DEC31-119999.99,1782446400,0.1,13510.73,2026-06-26
KXBTCMAXY-26DEC31-119999.99,1782532800,0.07,1671.4,2026-06-27
KXBTCMAXY-26DEC31-119999.99,1782619200,0.09,4099.15,2026-06-28
KXBTCMAXY-26DEC31-119999.99,1782705600,,0.0,2026-06-29
KXBTCMAXY-26DEC31-119999.99,1782792000,0.09,6479.08,2026-06-30
KXBTCMAXY-26DEC31-119999.99,1782878400,,0.0,2026-07-01
KXBTCMAXY-26DEC31-119999.99,1782964800,0.07,1173.79,2026-07-02
KXBTCMAXY-26DEC31-119999.99,1783051200,0.08,1228.98,2026-07-03
KXBTCMAXY-26DEC31-119999.99,1783137600,0.08,117.43,2026-07-04
KXBTCMAXY-26DEC31-119999.99,1783224000,0.08,1.4,2026-07-05
KXBTCMAXY-26DEC31-119999.99,1783310400,0.07,269.86,2026-07-06
KXBTCMAXY-26DEC31-119999.99,1783396800,,0.0,2026-07-07
KXBTCMAXY-26DEC31-119999.99,1783483200,0.07,28.56,2026-07-08
KXBTCMAXY-26DEC31-119999.99,1783569600,,0.0,2026-07-09
KXBTCMAXY-26DEC31-119999.99,1783656000,0.08,834.6,2026-07-10
KXBTCMAXY-26DEC31-119999.99,1783742400,0.07,488.97,2026-07-11
KXBTCMAXY-26DEC31-119999.99,1783828800,0.08,1450.9,2026-07-12
KXBTCMAXY-26DEC31-119999.99,1783915200,0.08,58.71,2026-07-13
KXBTCMAXY-26DEC31-119999.99,1784001600,0.07,469.74,2026-07-14
KXBTCMAXY-26DEC31-119999.99,1784088000,0.08,55.0,2026-07-15
KXBTCMAXY-26DEC31-119999.99,1784174400,0.08,1186.53,2026-07-16
KXBTCMAXY-26DEC31-119999.99,1784260800,0.07,420.54,2026-07-17
KXBTCMAXY-26DEC31-119999.99,1784347200,0.06,4.0,2026-07-18
KXBTCMAXY-26DEC31-119999.99,1784433600,0.07,567.91,2026-07-19
KXBTCMAXY-26DEC31-119999.99,1784520000,0.07,479.48,2026-07-20
KXBTCMAXY-26DEC31-119999.99,1784606400,0.07,526.0,2026-07-21
KXBTCMAXY-26DEC31-119999.99,1784692800,0.06,34.55,2026-07-22
KXBTCMAXY-26DEC31-119999.99,1784779200,0.07,1853.0,2026-07-23
KXBTCMAXY-26DEC31-119999.99,1784865600,0.07,1000.0,2026-07-24
KXBTCMAXY-26DEC31-119999.99,1784952000,0.07,111.11,2026-07-25
KXBTCMAXY-26DEC31-119999.99,1785038400,0.06,1077.0,2026-07-26
KXBTCMAXY-26DEC31-119999.99,1785124800,0.06,312.37,2026-07-27
KXBTCMAXY-26DEC31-119999.99,1785211200,0.06,15.5,2026-07-28
KXBTCMAXY-26DEC31-119999.99,1785297600,,0.0,2026-07-29
KXBTCMAXY-26DEC31-119999.99,1785384000,,0.0,2026-07-30
KXBTCMAXY-26DEC31-119999.99,1785470400,0.06,577.13,2026-07-31
KXBTCMAXY-26DEC31-119999.99,1785556800,0.06,50.0,2026-08-01
KXBTCMAXY-26DEC31-119999.99,1785643200,0.06,176.0,2026-08-02
KXBTCMAXY-26DEC31-119999.99,1785729600,0.05,1022.0,2026-08-03
KXBTCMAXY-26DEC31-119999.99,1785816000,0.05,200.0,2026-08-04
KXBTCMAXY-26DEC31-119999.99,1785902400,0.05,40.0,2026-08-05
KXBTCMAXY-26DEC31-119999.99,1785988800,0.09,10419.61,2026-08-06
KXBTCMAXY-26DEC31-119999.99,1786075200,0.06,37.84,2026-08-07
KXBTCMAXY-26DEC31-119999.99,1786161600,0.06,10.0,2026-08-08
KXBTCMAXY-26DEC31-119999.99,1786248000,0.07,6.0,2026-08-09
KXBTCMAXY-26DEC31-119999.99,1786334400,0.07,172.29,2026-08-10
KXBTCMAXY-26DEC31-119999.99,1786420800,0.06,23.0,2026-08-11
KXBTCMAXY-26DEC31-119999.99,1786507200,,0.0,2026-08-12
KXBTCMAXY-26DEC31-119999.99,1786593600,,0.0,2026-08-13
KXBTCMAXY-26DEC31-119999.99,1786680000,,0.0,2026-08-14
KXBTCMAXY-26DEC31-119999.99,1786766400,,0.0,2026-08-15
KXBTCMAXY-26DEC31-119999.99,1786852800,0.06,1085.67,2026-08-16
KXBTCMAXY-26DEC31-119999.99,1786939200,0.07,1021.1,2026-08-17
KXBTCMAXY-26DEC31-119999.99,1787025600,,0.0,2026-08-18
KXBTCMAXY-26DEC31-119999.99,1787112000,0.07,277.66,2026-08-19
KXBTCMAXY-26DEC31-119999.99,1787198400,0.08,6908.73,2026-08-20
KXBTCMAXY-26DEC31-119999.99,1787284800,0.1,7621.57,2026-08-21
KXBTCMAXY-26DEC31-119999.99,1787371200,0.11,2328.63,2026-08-22
KXBTCMAXY-26DEC31-119999.99,1787457600,0.1,98.06,2026-08-23
KXBTCMAXY-26DEC31-119999.99,1787544000,0.13,2309.89,2026-08-24
KXBTCMAXY-26DEC31-119999.99,1787630400,0.15,2708.99,2026-08-25
KXBTCMAXY-26DEC31-119999.99,1787716800,0.17,6631.73,2026-08-26
KXBTCMAXY-26DEC31-119999.99,1787803200,0.17,308.75,2026-08-27
KXBTCMAXY-26DEC31-119999.99,1787889600,0.12,262.23,2026-08-28
KXBTCMAXY-26DEC31-119999.99,1787976000,0.13,14.24,2026-08-29
KXBTCMAXY-26DEC31-119999.99,1788062400,0.12,14.74,2026-08-30
KXBTCMAXY-26DEC31-119999.99,1788148800,0.12,105.22,2026-08-31
KXBTCMAXY-26DEC31-119999.99,1788235200,0.11,999.67,2026-09-01
KXBTCMAXY-26DEC31-119999.99,1788321600,0.1,321.0,2026-09-02
KXBTCMAXY-26DEC31-119999.99,1788408000,0.1,547.0,2026-09-03
KXBTCMAXY-26DEC31-119999.99,1788494400,0.12,1326.39,2026-09-04
KXBTCMAXY-26DEC31-119999.99,1788580800,0.13,1915.82,2026-09-05
KXBTCMAXY-26DEC31-119999.99,1788667200,0.14,60.33,2026-09-06
KXBTCMAXY-26DEC31-119999.99,1788753600,0.11,544.29,2026-09-07
KXBTCMAXY-26DEC31-119999.99,1788840000,0.11,229.51,2026-09-08
KXBTCMAXY-26DEC31-129999.99,1781150400,0.08,293.59,2026-06-11
KXBTCMAXY-26DEC31-129999.99,1781236800,0.06,200.0,2026-06-12
KXBTCMAXY-26DEC31-129999.99,1781323200,0.07,40.14,2026-06-13
KXBTCMAXY-26DEC31-129999.99,1781409600,0.07,268.25,2026-06-14
KXBTCMAXY-26DEC31-129999.99,1781496000,0.07,100.0,2026-06-15
KXBTCMAXY-26DEC31-129999.99,1781582400,0.07,134.12,2026-06-16
KXBTCMAXY-26DEC31-129999.99,1781668800,0.07,1678.9,2026-06-17
KXBTCMAXY-26DEC31-129999.99,1781755200,,0.0,2026-06-18
KXBTCMAXY-26DEC31-129999.99,1781841600,0.06,627.0,2026-06-19
KXBTCMAXY-26DEC31-129999.99,1781928000,0.06,10.0,2026-06-20
KXBTCMAXY-26DEC31-129999.99,1782014400,0.06,9.0,2026-06-21
KXBTCMAXY-26DEC31-129999.99,1782187200,0.08,300.0,2026-06-23
KXBTCMAXY-26DEC31-129999.99,1782273600,0.07,11.0,2026-06-24
KXBTCMAXY-26DEC31-129999.99,1782360000,0.07,314.0,2026-06-25
KXBTCMAXY-26DEC31-129999.99,1782446400,0.08,1.0,2026-06-26
KXBTCMAXY-26DEC31-129999.99,1782532800,0.03,997.0,2026-06-27
KXBTCMAXY-26DEC31-129999.99,1782619200,0.08,2332.24,2026-06-28
KXBTCMAXY-26DEC31-129999.99,1782705600,,0.0,2026-06-29
KXBTCMAXY-26DEC31-129999.99,1782792000,0.07,1000.0,2026-06-30
KXBTCMAXY-26DEC31-129999.99,1782878400,0.06,1052.0,2026-07-01
KXBTCMAXY-26DEC31-129999.99,1782964800,0.04,321.0,2026-07-02
KXBTCMAXY-26DEC31-129999.99,1783051200,0.06,157.0,2026-07-03
KXBTCMAXY-26DEC31-129999.99,1783137600,0.06,340.0,2026-07-04
KXBTCMAXY-26DEC31-129999.99,1783224000,,0.0,2026-07-05
KXBTCMAXY-26DEC31-129999.99,1783310400,,0.0,2026-07-06
KXBTCMAXY-26DEC31-129999.99,1783396800,0.05,236.0,2026-07-07
KXBTCMAXY-26DEC31-129999.99,1783483200,0.05,313.81,2026-07-08
KXBTCMAXY-26DEC31-129999.99,1783569600,0.07,4358.0,2026-07-09
KXBTCMAXY-26DEC31-129999.99,1783656000,0.06,334.0,2026-07-10
KXBTCMAXY-26DEC31-129999.99,1783742400,0.05,6083.4,2026-07-11
KXBTCMAXY-26DEC31-129999.99,1783828800,0.06,1052.37,2026-07-12
KXBTCMAXY-26DEC31-129999.99,1783915200,0.06,269.83,2026-07-13
KXBTCMAXY-26DEC31-129999.99,1784001600,0.05,205.0,2026-07-14
KXBTCMAXY-26DEC31-129999.99,1784088000,0.06,499.31,2026-07-15
KXBTCMAXY-26DEC31-129999.99,1784174400,0.07,3186.5,2026-07-16
KXBTCMAXY-26DEC31-129999.99,1784260800,,0.0,2026-07-17
KXBTCMAXY-26DEC31-129999.99,1784347200,0.06,361.86,2026-07-18
KXBTCMAXY-26DEC31-129999.99,1784433600,0.06,105.93,2026-07-19
KXBTCMAXY-26DEC31-129999.99,1784520000,0.05,11.0,2026-07-20
KXBTCMAXY-26DEC31-129999.99,1784606400,0.06,51.0,2026-07-21
KXBTCMAXY-26DEC31-129999.99,1784692800,,0.0,2026-07-22
KXBTCMAXY-26DEC31-129999.99,1784779200,0.05,196.0,2026-07-23
KXBTCMAXY-26DEC31-129999.99,1784865600,0.06,50.0,2026-07-24
KXBTCMAXY-26DEC31-129999.99,1784952000,0.06,111.0,2026-07-25
KXBTCMAXY-26DEC31-129999.99,1785038400,0.06,113.0,2026-07-26
KXBTCMAXY-26DEC31-129999.99,1785124800,,0.0,2026-07-27
KXBTCMAXY-26DEC31-129999.99,1785211200,0.06,15.5,2026-07-28
KXBTCMAXY-26DEC31-129999.99,1785297600,0.05,52.0,2026-07-29
KXBTCMAXY-26DEC31-129999.99,1785384000,,0.0,2026-07-30
KXBTCMAXY-26DEC31-129999.99,1785470400,,0.0,2026-07-31
KXBTCMAXY-26DEC31-129999.99,1785556800,0.05,1103.86,2026-08-01
KXBTCMAXY-26DEC31-129999.99,1785643200,0.06,206.18,2026-08-02
KXBTCMAXY-26DEC31-129999.99,1785729600,0.05,301.18,2026-08-03
KXBTCMAXY-26DEC31-129999.99,1785816000,,0.0,2026-08-04
KXBTCMAXY-26DEC31-129999.99,1785902400,,0.0,2026-08-05
KXBTCMAXY-26DEC31-129999.99,1785988800,0.05,78.18,2026-08-06
KXBTCMAXY-26DEC31-129999.99,1786075200,,0.0,2026-08-07
KXBTCMAXY-26DEC31-129999.99,1786161600,0.06,104.46,2026-08-08
KXBTCMAXY-26DEC31-129999.99,1786248000,0.05,11.66,2026-08-09
KXBTCMAXY-26DEC31-129999.99,1786334400,0.05,34.22,2026-08-10
KXBTCMAXY-26DEC31-129999.99,1786420800,0.06,26.77,2026-08-11
KXBTCMAXY-26DEC31-129999.99,1786507200,0.05,16.0,2026-08-12
KXBTCMAXY-26DEC31-129999.99,1786593600,,0.0,2026-08-13
KXBTCMAXY-26DEC31-129999.99,1786680000,,0.0,2026-08-14
KXBTCMAXY-26DEC31-129999.99,1786766400,,0.0,2026-08-15
KXBTCMAXY-26DEC31-129999.99,1786852800,0.05,5.24,2026-08-16
KXBTCMAXY-26DEC31-129999.99,1786939200,0.06,8.0,2026-08-17
KXBTCMAXY-26DEC31-129999.99,1787025600,0.06,1.0,2026-08-18
KXBTCMAXY-26DEC31-129999.99,1787112000,0.06,312.37,2026-08-19
KXBTCMAXY-26DEC31-129999.99,1787198400,0.08,13956.53,2026-08-20
KXBTCMAXY-26DEC31-129999.99,1787284800,0.08,117.0,2026-08-21
KXBTCMAXY-26DEC31-129999.99,1787371200,0.09,305.61,2026-08-22
KXBTCMAXY-26DEC31-129999.99,1787457600,0.09,127.46,2026-08-23
KXBTCMAXY-26DEC31-129999.99,1787544000,0.09,1070.89,2026-08-24
KXBTCMAXY-26DEC31-129999.99,1787630400,0.09,627.84,2026-08-25
KXBTCMAXY-26DEC31-129999.99,1787716800,0.1,485.05,2026-08-26
KXBTCMAXY-26DEC31-129999.99,1787803200,,0.0,2026-08-27
KXBTCMAXY-26DEC31-129999.99,1787889600,0.09,245.23,2026-08-28
KXBTCMAXY-26DEC31-129999.99,1787976000,0.1,597.23,2026-08-29
KXBTCMAXY-26DEC31-129999.99,1788062400,0.08,199.07,2026-08-30
KXBTCMAXY-26DEC31-129999.99,1788148800,,0.0,2026-08-31
KXBTCMAXY-26DEC31-129999.99,1788235200,0.05,297.0,2026-09-01
KXBTCMAXY-26DEC31-129999.99,1788321600,0.07,44.12,2026-09-02
KXBTCMAXY-26DEC31-129999.99,1788408000,0.05,8.0,2026-09-03
KXBTCMAXY-26DEC31-129999.99,1788494400,0.07,1230.16,2026-09-04
KXBTCMAXY-26DEC31-129999.99,1788580800,0.08,1821.29,2026-09-05
KXBTCMAXY-26DEC31-129999.99,1788667200,0.08,4600.62,2026-09-06
KXBTCMAXY-26DEC31-129999.99,1788753600,0.07,52.0,2026-09-07
KXBTCMAXY-26DEC31-129999.99,1788840000,,0.0,2026-09-08
KXBTCMAXY-26DEC31-139999.99,1781150400,0.06,78.18,2026-06-11
KXBTCMAXY-26DEC31-139999.99,1781236800,0.06,8.0,2026-06-12
KXBTCMAXY-26DEC31-139999.99,1781323200,0.06,31.16,2026-06-13
KXBTCMAXY-26DEC31-139999.99,1781409600,,0.0,2026-06-14
KXBTCMAXY-26DEC31-139999.99,1781496000,,0.0,2026-06-15
KXBTCMAXY-26DEC31-139999.99,1781582400,,0.0,2026-06-16
KXBTCMAXY-26DEC31-139999.99,1781668800,,0.0,2026-06-17
KXBTCMAXY-26DEC31-139999.99,1781755200,0.06,814.37,2026-06-18
KXBTCMAXY-26DEC31-139999.99,1781841600,0.05,191.0,2026-06-19
KXBTCMAXY-26DEC31-139999.99,1781928000,,0.0,2026-06-20
KXBTCMAXY-26DEC31-139999.99,1782014400,0.06,6.0,2026-06-21
KXBTCMAXY-26DEC31-139999.99,1782100800,,0.0,2026-06-22
KXBTCMAXY-26DEC31-139999.99,1782187200,,0.0,2026-06-23
KXBTCMAXY-26DEC31-139999.99,1782273600,0.07,11.26,2026-06-24
KXBTCMAXY-26DEC31-139999.99,1782360000,0.03,6636.0,2026-06-25
KXBTCMAXY-26DEC31-139999.99,1782446400,0.03,633.07,2026-06-26
KXBTCMAXY-26DEC31-139999.99,1782532800,0.03,156.06,2026-06-27
KXBTCMAXY-26DEC31-139999.99,1782619200,0.04,1156.15,2026-06-28
KXBTCMAXY-26DEC31-139999.99,1782705600,,0.0,2026-06-29
KXBTCMAXY-26DEC31-139999.99,1782792000,0.04,1500.0,2026-06-30
KXBTCMAXY-26DEC31-139999.99,1782878400,,0.0,2026-07-01
KXBTCMAXY-26DEC31-139999.99,1782964800,,0.0,2026-07-02
KXBTCMAXY-26DEC31-139999.99,1783051200,,0.0,2026-07-03
KXBTCMAXY-26DEC31-139999.99,1783137600,0.05,300.09,2026-07-04
KXBTCMAXY-26DEC31-139999.99,1783224000,,0.0,2026-07-05
KXBTCMAXY-26DEC31-139999.99,1783310400,0.04,209.74,2026-07-06
KXBTCMAXY-26DEC31-139999.99,1783396800,0.04,311.62,2026-07-07
KXBTCMAXY-26DEC31-139999.99,1783483200,0.04,230.6,2026-07-08
KXBTCMAXY-26DEC31-139999.99,1783569600,,0.0,2026-07-09
KXBTCMAXY-26DEC31-139999.99,1783656000,0.04,2035.62,2026-07-10
KXBTCMAXY-26DEC31-139999.99,1783742400,0.04,1.03,2026-07-11
KXBTCMAXY-26DEC31-139999.99,1783828800,0.04,1172.36,2026-07-12
KXBTCMAXY-26DEC31-139999.99,1783915200,0.07,1378.75,2026-07-13
KXBTCMAXY-26DEC31-139999.99,1784001600,,0.0,2026-07-14
KXBTCMAXY-26DEC31-139999.99,1784088000,0.06,5353.0,2026-07-15
KXBTCMAXY-26DEC31-139999.99,1784174400,0.05,2000.0,2026-07-16
KXBTCMAXY-26DEC31-139999.99,1784260800,0.06,124.87,2026-07-17
KXBTCMAXY-26DEC31-139999.99,1784347200,0.05,100.0,2026-07-18
KXBTCMAXY-26DEC31-139999.99,1784520000,0.05,156.89,2026-07-20
KXBTCMAXY-26DEC31-139999.99,1784606400,0.05,575.47,2026-07-21
KXBTCMAXY-26DEC31-139999.99,1784692800,0.06,1121.34,2026-07-22
KXBTCMAXY-26DEC31-139999.99,1784779200,0.05,157.33,2026-07-23
KXBTCMAXY-26DEC31-139999.99,1784865600,0.05,104.89,2026-07-24
KXBTCMAXY-26DEC31-139999.99,1784952000,0.06,100.0,2026-07-25
KXBTCMAXY-26DEC31-139999.99,1785038400,0.06,78.0,2026-07-26
KXBTCMAXY-26DEC31-139999.99,1785124800,0.06,317.37,2026-07-27
KXBTCMAXY-26DEC31-139999.99,1785211200,0.06,15.5,2026-07-28
KXBTCMAXY-26DEC31-139999.99,1785297600,0.06,50.0,2026-07-29
KXBTCMAXY-26DEC31-139999.99,1785384000,0.05,314.68,2026-07-30
KXBTCMAXY-26DEC31-139999.99,1785470400,0.05,104.89,2026-07-31
KXBTCMAXY-26DEC31-139999.99,1785556800,0.04,20.0,2026-08-01
KXBTCMAXY-26DEC31-139999.99,1785643200,,0.0,2026-08-02
KXBTCMAXY-26DEC31-139999.99,1785729600,0.04,317.0,2026-08-03
KXBTCMAXY-26DEC31-139999.99,1785816000,,0.0,2026-08-04
KXBTCMAXY-26DEC31-139999.99,1785902400,,0.0,2026-08-05
KXBTCMAXY-26DEC31-139999.99,1785988800,,0.0,2026-08-06
KXBTCMAXY-26DEC31-139999.99,1786075200,,0.0,2026-08-07
KXBTCMAXY-26DEC31-139999.99,1786161600,,0.0,2026-08-08
KXBTCMAXY-26DEC31-139999.99,1786248000,,0.0,2026-08-09
KXBTCMAXY-26DEC31-139999.99,1786334400,0.04,102.51,2026-08-10
KXBTCMAXY-26DEC31-139999.99,1786420800,,0.0,2026-08-11
KXBTCMAXY-26DEC31-139999.99,1786507200,,0.0,2026-08-12
KXBTCMAXY-26DEC31-139999.99,1786593600,,0.0,2026-08-13
KXBTCMAXY-26DEC31-139999.99,1786680000,,0.0,2026-08-14
KXBTCMAXY-26DEC31-139999.99,1786766400,,0.0,2026-08-15
KXBTCMAXY-26DEC31-139999.99,1786852800,0.04,113.33,2026-08-16
KXBTCMAXY-26DEC31-139999.99,1786939200,0.04,9.0,2026-08-17
KXBTCMAXY-26DEC31-139999.99,1787025600,0.04,157.33,2026-08-18
KXBTCMAXY-26DEC31-139999.99,1787112000,0.04,427.52,2026-08-19
KXBTCMAXY-26DEC31-139999.99,1787198400,0.08,12284.63,2026-08-20
KXBTCMAXY-26DEC31-139999.99,1787284800,0.05,12.69,2026-08-21
KXBTCMAXY-26DEC31-139999.99,1787371200,0.06,106.99,2026-08-22
KXBTCMAXY-26DEC31-139999.99,1787457600,0.05,1809.95,2026-08-23
KXBTCMAXY-26DEC31-139999.99,1787544000,0.08,35.0,2026-08-24
KXBTCMAXY-26DEC31-139999.99,1787630400,0.08,2524.32,2026-08-25
KXBTCMAXY-26DEC31-139999.99,1787716800,0.08,587.18,2026-08-26
KXBTCMAXY-26DEC31-139999.99,1787803200,,0.0,2026-08-27
KXBTCMAXY-26DEC31-139999.99,1787889600,,0.0,2026-08-28
KXBTCMAXY-26DEC31-139999.99,1787976000,0.07,108.0,2026-08-29
KXBTCMAXY-26DEC31-139999.99,1788062400,0.07,124.0,2026-08-30
KXBTCMAXY-26DEC31-139999.99,1788148800,0.07,5.0,2026-08-31
KXBTCMAXY-26DEC31-139999.99,1788235200,,0.0,2026-09-01
KXBTCMAXY-26DEC31-139999.99,1788321600,0.04,1.0,2026-09-02
KXBTCMAXY-26DEC31-139999.99,1788408000,0.05,1000.0,2026-09-03
KXBTCMAXY-26DEC31-139999.99,1788494400,0.05,23154.41,2026-09-04
KXBTCMAXY-26DEC31-139999.99,1788580800,,0.0,2026-09-05
KXBTCMAXY-26DEC31-139999.99,1788667200,0.05,8790.38,2026-09-06
KXBTCMAXY-26DEC31-139999.99,1788753600,0.06,66.0,2026-09-07
KXBTCMAXY-26DEC31-139999.99,1788840000,0.06,85.84,2026-09-08
KXBTCMAXY-26DEC31-199999.99,1781150400,0.04,70.27,2026-06-11
KXBTCMAXY-26DEC31-199999.99,1781236800,,0.0,2026-06-12
KXBTCMAXY-26DEC31-199999.99,1781323200,0.04,101.0,2026-06-13
KXBTCMAXY-26DEC31-199999.99,1781409600,0.04,2710.0,2026-06-14
KXBTCMAXY-26DEC31-199999.99,1781496000,,0.0,2026-06-15
KXBTCMAXY-26DEC31-199999.99,1781582400,0.04,2415.88,2026-06-16
KXBTCMAXY-26DEC31-199999.99,1781668800,0.04,29660.63,2026-06-17
KXBTCMAXY-26DEC31-199999.99,1781755200,0.04,74.5,2026-06-18
KXBTCMAXY-26DEC31-199999.99,1781928000,,0.0,2026-06-20
KXBTCMAXY-26DEC31-199999.99,1782014400,0.03,189.02,2026-06-21
KXBTCMAXY-26DEC31-199999.99,1782100800,0.03,308.63,2026-06-22
KXBTCMAXY-26DEC31-199999.99,1782187200,0.04,83.16,2026-06-23
KXBTCMAXY-26DEC31-199999.99,1782273600,,0.0,2026-06-24
KXBTCMAXY-26DEC31-199999.99,1782360000,,0.0,2026-06-25
KXBTCMAXY-26DEC31-199999.99,1782446400,0.04,5216.09,2026-06-26
KXBTCMAXY-26DEC31-199999.99,1782532800,0.04,25.0,2026-06-27
KXBTCMAXY-26DEC31-199999.99,1782619200,,0.0,2026-06-28
KXBTCMAXY-26DEC31-199999.99,1782705600,0.04,1000.0,2026-06-29
KXBTCMAXY-26DEC31-199999.99,1782792000,,0.0,2026-06-30
KXBTCMAXY-26DEC31-199999.99,1782878400,0.03,3806.43,2026-07-01
KXBTCMAXY-26DEC31-199999.99,1782964800,0.04,2027.4,2026-07-02
KXBTCMAXY-26DEC31-199999.99,1783051200,0.03,410.0,2026-07-03
KXBTCMAXY-26DEC31-199999.99,1783137600,0.05,13118.46,2026-07-04
KXBTCMAXY-26DEC31-199999.99,1783224000,0.05,2221.76,2026-07-05
KXBTCMAXY-26DEC31-199999.99,1783310400,0.04,789.41,2026-07-06
KXBTCMAXY-26DEC31-199999.99,1783396800,,0.0,2026-07-07
KXBTCMAXY-26DEC31-199999.99,1783483200,0.03,2.0,2026-07-08
KXBTCMAXY-26DEC31-199999.99,1783569600,0.03,10.0,2026-07-09
KXBTCMAXY-26DEC31-199999.99,1783656000,0.04,117.12,2026-07-10
KXBTCMAXY-26DEC31-199999.99,1783742400,0.02,1.01,2026-07-11
KXBTCMAXY-26DEC31-199999.99,1783828800,0.04,940.09,2026-07-12
KXBTCMAXY-26DEC31-199999.99,1783915200,,0.0,2026-07-13
KXBTCMAXY-26DEC31-199999.99,1784088000,0.02,504.0,2026-07-15
KXBTCMAXY-26DEC31-199999.99,1784174400,0.03,8617.88,2026-07-16
KXBTCMAXY-26DEC31-199999.99,1784260800,,0.0,2026-07-17
KXBTCMAXY-26DEC31-199999.99,1784347200,0.03,2.0,2026-07-18
KXBTCMAXY-26DEC31-199999.99,1784433600,,0.0,2026-07-19
KXBTCMAXY-26DEC31-199999.99,1784520000,0.03,23.33,2026-07-20
KXBTCMAXY-26DEC31-199999.99,1784606400,,0.0,2026-07-21
KXBTCMAXY-26DEC31-199999.99,1784692800,0.03,12.0,2026-07-22
KXBTCMAXY-26DEC31-199999.99,1784779200,,0.0,2026-07-23
KXBTCMAXY-26DEC31-199999.99,1784865600,0.03,2008.0,2026-07-24
KXBTCMAXY-26DEC31-199999.99,1784952000,0.03,23.0,2026-07-25
KXBTCMAXY-26DEC31-199999.99,1785038400,0.02,7.13,2026-07-26
KXBTCMAXY-26DEC31-199999.99,1785124800,0.03,499.8,2026-07-27
KXBTCMAXY-26DEC31-199999.99,1785211200,0.03,156.06,2026-07-28
KXBTCMAXY-26DEC31-199999.99,1785297600,0.02,13.18,2026-07-29
KXBTCMAXY-26DEC31-199999.99,1785384000,0.02,1.0,2026-07-30
KXBTCMAXY-26DEC31-199999.99,1785470400,0.03,31.21,2026-07-31
KXBTCMAXY-26DEC31-199999.99,1785556800,,0.0,2026-08-01
KXBTCMAXY-26DEC31-199999.99,1785643200,,0.0,2026-08-02
KXBTCMAXY-26DEC31-199999.99,1785729600,0.02,272.0,2026-08-03
KXBTCMAXY-26DEC31-199999.99,1785816000,,0.0,2026-08-04
KXBTCMAXY-26DEC31-199999.99,1785902400,0.03,5.0,2026-08-05
KXBTCMAXY-26DEC31-199999.99,1785988800,0.03,615.0,2026-08-06
KXBTCMAXY-26DEC31-199999.99,1786075200,0.02,336.31,2026-08-07
KXBTCMAXY-26DEC31-199999.99,1786161600,0.03,131.96,2026-08-08
KXBTCMAXY-26DEC31-199999.99,1786248000,0.03,50.0,2026-08-09
KXBTCMAXY-26DEC31-199999.99,1786334400,0.02,25325.12,2026-08-10
KXBTCMAXY-26DEC31-199999.99,1786420800,,0.0,2026-08-11
KXBTCMAXY-26DEC31-199999.99,1786507200,0.02,1021.91,2026-08-12
KXBTCMAXY-26DEC31-199999.99,1786593600,0.03,1.0,2026-08-13
KXBTCMAXY-26DEC31-199999.99,1786680000,0.02,12.48,2026-08-14
KXBTCMAXY-26DEC31-199999.99,1786766400,0.03,31.21,2026-08-15
KXBTCMAXY-26DEC31-199999.99,1786852800,0.03,45.0,2026-08-16
KXBTCMAXY-26DEC31-199999.99,1786939200,0.03,8.0,2026-08-17
KXBTCMAXY-26DEC31-199999.99,1787025600,0.02,427.0,2026-08-18
KXBTCMAXY-26DEC31-199999.99,1787112000,0.02,19.79,2026-08-19
KXBTCMAXY-26DEC31-199999.99,1787198400,0.03,3330.3,2026-08-20
KXBTCMAXY-26DEC31-199999.99,1787284800,0.02,162.42,2026-08-21
KXBTCMAXY-26DEC31-199999.99,1787371200,0.03,8680.25,2026-08-22
KXBTCMAXY-26DEC31-199999.99,1787457600,0.03,472.18,2026-08-23
KXBTCMAXY-26DEC31-199999.99,1787544000,0.05,190.52,2026-08-24
KXBTCMAXY-26DEC31-199999.99,1787630400,,0.0,2026-08-25
KXBTCMAXY-26DEC31-199999.99,1787716800,0.03,165.15,2026-08-26
KXBTCMAXY-26DEC31-199999.99,1787803200,0.04,2459.7,2026-08-27
KXBTCMAXY-26DEC31-199999.99,1787889600,0.03,763.0,2026-08-28
KXBTCMAXY-26DEC31-199999.99,1787976000,0.03,4.32,2026-08-29
KXBTCMAXY-26DEC31-199999.99,1788062400,,0.0,2026-08-30
KXBTCMAXY-26DEC31-199999.99,1788148800,,0.0,2026-08-31
KXBTCMAXY-26DEC31-199999.99,1788235200,0.04,4118.66,2026-09-01
KXBTCMAXY-26DEC31-199999.99,1788321600,,0.0,2026-09-02
KXBTCMAXY-26DEC31-199999.99,1788408000,0.03,9.0,2026-09-03
KXBTCMAXY-26DEC31-199999.99,1788494400,0.04,1284.76,2026-09-04
KXBTCMAXY-26DEC31-199999.99,1788580800,,0.0,2026-09-05
KXBTCMAXY-26DEC31-199999.99,1788667200,0.03,179.0,2026-09-06
KXBTCMAXY-26DEC31-199999.99,1788753600,0.04,10.0,2026-09-07
KXBTCMAXY-26DEC31-199999.99,1788840000,0.03,45.43,2026-09-08
KXBTCMAXY-26DEC31-99999.99,1781150400,0.19,301.66,2026-06-11
KXBTCMAXY-26DEC31-99999.99,1781236800,0.19,362.21,2026-06-12
KXBTCMAXY-26DEC31-99999.99,1781323200,0.19,2757.27,2026-06-13
KXBTCMAXY-26DEC31-99999.99,1781409600,0.2,1792.69,2026-06-14
KXBTCMAXY-26DEC31-99999.99,1781496000,0.24,17861.32,2026-06-15
KXBTCMAXY-26DEC31-99999.99,1781582400,0.24,4005.33,2026-06-16
KXBTCMAXY-26DEC31-99999.99,1781668800,0.21,1967.87,2026-06-17
KXBTCMAXY-26DEC31-99999.99,1781755200,0.21,2191.04,2026-06-18
KXBTCMAXY-26DEC31-99999.99,1781841600,0.2,6260.2,2026-06-19
KXBTCMAXY-26DEC31-99999.99,1781928000,0.18,1676.47,2026-06-20
KXBTCMAXY-26DEC31-99999.99,1782014400,0.19,3195.75,2026-06-21
KXBTCMAXY-26DEC31-99999.99,1782100800,0.19,758.92,2026-06-22
KXBTCMAXY-26DEC31-99999.99,1782187200,0.19,375.48,2026-06-23
KXBTCMAXY-26DEC31-99999.99,1782273600,0.17,1195.14,2026-06-24
KXBTCMAXY-26DEC31-99999.99,1782360000,0.16,1951.79,2026-06-25
KXBTCMAXY-26DEC31-99999.99,1782446400,0.17,14045.4,2026-06-26
KXBTCMAXY-26DEC31-99999.99,1782532800,0.15,5624.7,2026-06-27
KXBTCMAXY-26DEC31-99999.99,1782619200,0.15,185.05,2026-06-28
KXBTCMAXY-26DEC31-99999.99,1782705600,0.14,2794.93,2026-06-29
KXBTCMAXY-26DEC31-99999.99,1782792000,0.15,876.51,2026-06-30
KXBTCMAXY-26DEC31-99999.99,1782878400,0.15,2725.67,2026-07-01
KXBTCMAXY-26DEC31-99999.99,1782964800,0.14,21289.95,2026-07-02
KXBTCMAXY-26DEC31-99999.99,1783051200,0.15,28131.75,2026-07-03
KXBTCMAXY-26DEC31-99999.99,1783137600,0.14,1891.43,2026-07-04
KXBTCMAXY-26DEC31-99999.99,1783224000,0.13,30751.29,2026-07-05
KXBTCMAXY-26DEC31-99999.99,1783310400,0.12,1427.26,2026-07-06
KXBTCMAXY-26DEC31-99999.99,1783396800,0.13,547.32,2026-07-07
KXBTCMAXY-26DEC31-99999.99,1783483200,0.12,2092.78,2026-07-08
KXBTCMAXY-26DEC31-99999.99,1783569600,0.13,1025.08,2026-07-09
KXBTCMAXY-26DEC31-99999.99,1783656000,0.13,4868.32,2026-07-10
KXBTCMAXY-26DEC31-99999.99,1783742400,0.15,7542.42,2026-07-11
KXBTCMAXY-26DEC31-99999.99,1783828800,0.15,4079.88,2026-07-12
KXBTCMAXY-26DEC31-99999.99,1783915200,0.14,1733.96,2026-07-13
KXBTCMAXY-26DEC31-99999.99,1784001600,0.15,1779.85,2026-07-14
KXBTCMAXY-26DEC31-99999.99,1784088000,0.14,1412.9,2026-07-15
KXBTCMAXY-26DEC31-99999.99,1784174400,0.15,1302.57,2026-07-16
KXBTCMAXY-26DEC31-99999.99,1784260800,0.14,2937.6,2026-07-17
KXBTCMAXY-26DEC31-99999.99,1784347200,0.12,2433.16,2026-07-18
KXBTCMAXY-26DEC31-99999.99,1784433600,0.14,2666.52,2026-07-19
KXBTCMAXY-26DEC31-99999.99,1784520000,0.15,2324.38,2026-07-20
KXBTCMAXY-26DEC31-99999.99,1784606400,0.16,9462.43,2026-07-21
KXBTCMAXY-26DEC31-99999.99,1784692800,0.17,6471.92,2026-07-22
KXBTCMAXY-26DEC31-99999.99,1784779200,0.15,2376.58,2026-07-23
KXBTCMAXY-26DEC31-99999.99,1784865600,0.14,675.49,2026-07-24
KXBTCMAXY-26DEC31-99999.99,1784952000,0.14,1680.56,2026-07-25
KXBTCMAXY-26DEC31-99999.99,1785038400,0.13,5254.0,2026-07-26
KXBTCMAXY-26DEC31-99999.99,1785124800,0.15,6270.84,2026-07-27
KXBTCMAXY-26DEC31-99999.99,1785211200,0.15,2264.73,2026-07-28
KXBTCMAXY-26DEC31-99999.99,1785297600,0.15,1884.65,2026-07-29
KXBTCMAXY-26DEC31-99999.99,1785384000,0.15,6264.0,2026-07-30
KXBTCMAXY-26DEC31-99999.99,1785470400,0.17,14283.82,2026-07-31
KXBTCMAXY-26DEC31-99999.99,1785556800,0.13,4742.14,2026-08-01
KXBTCMAXY-26DEC31-99999.99,1785643200,0.13,1070.58,2026-08-02
KXBTCMAXY-26DEC31-99999.99,1785729600,0.13,1180.8,2026-08-03
KXBTCMAXY-26DEC31-99999.99,1785816000,0.13,2189.79,2026-08-04
KXBTCMAXY-26DEC31-99999.99,1785902400,0.12,1208.45,2026-08-05
KXBTCMAXY-26DEC31-99999.99,1785988800,0.15,4866.6,2026-08-06
KXBTCMAXY-26DEC31-99999.99,1786075200,0.13,8955.87,2026-08-07
KXBTCMAXY-26DEC31-99999.99,1786161600,0.12,2903.87,2026-08-08
KXBTCMAXY-26DEC31-99999.99,1786248000,0.13,2895.59,2026-08-09
KXBTCMAXY-26DEC31-99999.99,1786334400,0.14,1079.41,2026-08-10
KXBTCMAXY-26DEC31-99999.99,1786420800,0.13,1743.62,2026-08-11
KXBTCMAXY-26DEC31-99999.99,1786507200,0.12,3185.96,2026-08-12
KXBTCMAXY-26DEC31-99999.99,1786593600,0.12,1229.22,2026-08-13
KXBTCMAXY-26DEC31-99999.99,1786680000,0.11,697.61,2026-08-14
KXBTCMAXY-26DEC31-99999.99,1786766400,0.11,1340.2,2026-08-15
KXBTCMAXY-26DEC31-99999.99,1786852800,0.13,835.55,2026-08-16
KXBTCMAXY-26DEC31-99999.99,1786939200,0.13,148.24,2026-08-17
KXBTCMAXY-26DEC31-99999.99,1787025600,0.12,482.69,2026-08-18
KXBTCMAXY-26DEC31-99999.99,1787112000,0.1,2980.76,2026-08-19
KXBTCMAXY-26DEC31-99999.99,1787198400,0.13,23900.47,2026-08-20
KXBTCMAXY-26DEC31-99999.99,1787284800,0.23,17350.66,2026-08-21
KXBTCMAXY-26DEC31-99999.99,1787371200,0.3,16238.52,2026-08-22
KXBTCMAXY-26DEC31-99999.99,1787457600,0.25,7546.73,2026-08-23
KXBTCMAXY-26DEC31-99999.99,1787544000,0.26,2744.55,2026-08-24
KXBTCMAXY-26DEC31-99999.99,1787630400,0.38,9084.08,2026-08-25
KXBTCMAXY-26DEC31-99999.99,1787716800,0.3,5483.92,2026-08-26
KXBTCMAXY-26DEC31-99999.99,1787803200,0.31,8408.67,2026-08-27
KXBTCMAXY-26DEC31-99999.99,1787889600,0.34,1349.55,2026-08-28
KXBTCMAXY-26DEC31-99999.99,1787976000,0.26,983.21,2026-08-29
KXBTCMAXY-26DEC31-99999.99,1788062400,0.25,844.66,2026-08-30
KXBTCMAXY-26DEC31-99999.99,1788148800,0.26,474.81,2026-08-31
KXBTCMAXY-26DEC31-99999.99,1788235200,0.26,2413.83,2026-09-01
KXBTCMAXY-26DEC31-99999.99,1788321600,0.23,6795.27,2026-09-02
KXBTCMAXY-26DEC31-99999.99,1788408000,0.23,959.88,2026-09-03
KXBTCMAXY-26DEC31-99999.99,1788494400,0.29,12261.22,2026-09-04
KXBTCMAXY-26DEC31-99999.99,1788580800,0.28,3213.31,2026-09-05
KXBTCMAXY-26DEC31-99999.99,1788667200,0.27,4163.82,2026-09-06
KXBTCMAXY-26DEC31-99999.99,1788753600,0.26,1016.78,2026-09-07
KXBTCMAXY-26DEC31-99999.99,1788840000,0.27,186.13,2026-09-08
KXVENEZUELALEADER-26DEC31-DFIG,1781496000,0.004,187.0,2026-06-15
KXVENEZUELALEADER-26DEC31-DFIG,1781582400,,0.0,2026-06-16
KXVENEZUELALEADER-26DEC31-DFIG,1781668800,,0.0,2026-06-17
KXVENEZUELALEADER-26DEC31-DFIG,1781755200,,0.0,2026-06-18
KXVENEZUELALEADER-26DEC31-DFIG,1781841600,,0.0,2026-06-19
KXVENEZUELALEADER-26DEC31-DFIG,1782014400,,0.0,2026-06-21
KXVENEZUELALEADER-26DEC31-DFIG,1782100800,0.034,109.92,2026-06-22
KXVENEZUELALEADER-26DEC31-DFIG,1782187200,,0.0,2026-06-23
KXVENEZUELALEADER-26DEC31-DFIG,1782273600,,0.0,2026-06-24
KXVENEZUELALEADER-26DEC31-DFIG,1782360000,,0.0,2026-06-25
KXVENEZUELALEADER-26DEC31-DFIG,1782619200,,0.0,2026-06-28
KXVENEZUELALEADER-26DEC31-DFIG,1782705600,0.049,3.0,2026-06-29
KXVENEZUELALEADER-26DEC31-DFIG,1782792000,0.039,10.0,2026-06-30
KXVENEZUELALEADER-26DEC31-DFIG,1782878400,,0.0,2026-07-01
KXVENEZUELALEADER-26DEC31-DFIG,1782964800,,0.0,2026-07-02
KXVENEZUELALEADER-26DEC31-DFIG,1783051200,,0.0,2026-07-03
KXVENEZUELALEADER-26DEC31-DFIG,1783137600,0.019,492.46,2026-07-04
KXVENEZUELALEADER-26DEC31-DFIG,1783224000,,0.0,2026-07-05
KXVENEZUELALEADER-26DEC31-DFIG,1783310400,,0.0,2026-07-06
KXVENEZUELALEADER-26DEC31-DFIG,1783396800,,0.0,2026-07-07
KXVENEZUELALEADER-26DEC31-DFIG,1783483200,0.011,492.46,2026-07-08
KXVENEZUELALEADER-26DEC31-DFIG,1783569600,,0.0,2026-07-09
KXVENEZUELALEADER-26DEC31-DFIG,1783656000,,0.0,2026-07-10
KXVENEZUELALEADER-26DEC31-DFIG,1783742400,,0.0,2026-07-11
KXVENEZUELALEADER-26DEC31-DFIG,1783915200,,0.0,2026-07-13
KXVENEZUELALEADER-26DEC31-DFIG,1784001600,,0.0,2026-07-14
KXVENEZUELALEADER-26DEC31-DFIG,1784088000,0.019,99.35,2026-07-15
KXVENEZUELALEADER-26DEC31-DFIG,1784174400,0.04,1133.69,2026-07-16
KXVENEZUELALEADER-26DEC31-DFIG,1784260800,,0.0,2026-07-17
KXVENEZUELALEADER-26DEC31-DFIG,1784347200,,0.0,2026-07-18
KXVENEZUELALEADER-26DEC31-DFIG,1784433600,,0.0,2026-07-19
KXVENEZUELALEADER-26DEC31-DFIG,1784520000,,0.0,2026-07-20
KXVENEZUELALEADER-26DEC31-DFIG,1784606400,,0.0,2026-07-21
KXVENEZUELALEADER-26DEC31-DFIG,1784692800,,0.0,2026-07-22
KXVENEZUELALEADER-26DEC31-DFIG,1784779200,,0.0,2026-07-23
KXVENEZUELALEADER-26DEC31-DFIG,1784865600,,0.0,2026-07-24
KXVENEZUELALEADER-26DEC31-DFIG,1784952000,0.018,50.0,2026-07-25
KXVENEZUELALEADER-26DEC31-DFIG,1785038400,,0.0,2026-07-26
KXVENEZUELALEADER-26DEC31-DFIG,1785124800,,0.0,2026-07-27
KXVENEZUELALEADER-26DEC31-DFIG,1785211200,,0.0,2026-07-28
KXVENEZUELALEADER-26DEC31-DFIG,1785297600,,0.0,2026-07-29
KXVENEZUELALEADER-26DEC31-DFIG,1785384000,,0.0,2026-07-30
KXVENEZUELALEADER-26DEC31-DFIG,1785470400,,0.0,2026-07-31
KXVENEZUELALEADER-26DEC31-DFIG,1785556800,0.019,10.0,2026-08-01
KXVENEZUELALEADER-26DEC31-DFIG,1785643200,,0.0,2026-08-02
KXVENEZUELALEADER-26DEC31-DFIG,1785729600,,0.0,2026-08-03
KXVENEZUELALEADER-26DEC31-DFIG,1785816000,,0.0,2026-08-04
KXVENEZUELALEADER-26DEC31-DFIG,1785902400,,0.0,2026-08-05
KXVENEZUELALEADER-26DEC31-DFIG,1785988800,,0.0,2026-08-06
KXVENEZUELALEADER-26DEC31-DFIG,1786075200,,0.0,2026-08-07
KXVENEZUELALEADER-26DEC31-DFIG,1786161600,,0.0,2026-08-08
KXVENEZUELALEADER-26DEC31-DFIG,1786248000,,0.0,2026-08-09
KXVENEZUELALEADER-26DEC31-DFIG,1786334400,,0.0,2026-08-10
KXVENEZUELALEADER-26DEC31-DFIG,1786420800,,0.0,2026-08-11
KXVENEZUELALEADER-26DEC31-DFIG,1786507200,,0.0,2026-08-12
KXVENEZUELALEADER-26DEC31-DFIG,1786593600,,0.0,2026-08-13
KXVENEZUELALEADER-26DEC31-DFIG,1786680000,,0.0,2026-08-14
KXVENEZUELALEADER-26DEC31-DFIG,1786766400,,0.0,2026-08-15
KXVENEZUELALEADER-26DEC31-DFIG,1786852800,,0.0,2026-08-16
KXVENEZUELALEADER-26DEC31-DFIG,1786939200,,0.0,2026-08-17
KXVENEZUELALEADER-26DEC31-DFIG,1787025600,,0.0,2026-08-18
KXVENEZUELALEADER-26DEC31-DFIG,1787112000,,0.0,2026-08-19
KXVENEZUELALEADER-26DEC31-DFIG,1787198400,,0.0,2026-08-20
KXVENEZUELALEADER-26DEC31-DFIG,1787284800,,0.0,2026-08-21
KXVENEZUELALEADER-26DEC31-DFIG,1787371200,,0.0,2026-08-22
KXVENEZUELALEADER-26DEC31-DFIG,1787457600,,0.0,2026-08-23
KXVENEZUELALEADER-26DEC31-DFIG,1787544000,,0.0,2026-08-24
KXVENEZUELALEADER-26DEC31-DFIG,1787716800,0.023,1064.26,2026-08-26
KXVENEZUELALEADER-26DEC31-DFIG,1787803200,,0.0,2026-08-27
KXVENEZUELALEADER-26DEC31-DFIG,1787889600,,0.0,2026-08-28
KXVENEZUELALEADER-26DEC31-DFIG,1788062400,,0.0,2026-08-30
KXVENEZUELALEADER-26DEC31-DFIG,1788148800,,0.0,2026-08-31
KXVENEZUELALEADER-26DEC31-DFIG,1788235200,,0.0,2026-09-01
KXVENEZUELALEADER-26DEC31-DFIG,1788321600,,0.0,2026-09-02
KXVENEZUELALEADER-26DEC31-DFIG,1788408000,,0.0,2026-09-03
KXVENEZUELALEADER-26DEC31-DFIG,1788494400,,0.0,2026-09-04
KXVENEZUELALEADER-26DEC31-DFIG,1788580800,,0.0,2026-09-05
KXVENEZUELALEADER-26DEC31-DFIG,1788667200,,0.0,2026-09-06
KXVENEZUELALEADER-26DEC31-DFIG,1788753600,,0.0,2026-09-07
KXVENEZUELALEADER-26DEC31-DFIG,1788840000,,0.0,2026-09-08
KXVENEZUELALEADER-26DEC31-DROD,1781150400,0.19,1806.33,2026-06-11
KXVENEZUELALEADER-26DEC31-DROD,1781236800,0.24,1486.28,2026-06-12
KXVENEZUELALEADER-26DEC31-DROD,1781323200,0.23,10291.32,2026-06-13
KXVENEZUELALEADER-26DEC31-DROD,1781409600,0.22,1468.81,2026-06-14
KXVENEZUELALEADER-26DEC31-DROD,1781496000,0.31,8192.38,2026-06-15
KXVENEZUELALEADER-26DEC31-DROD,1781582400,0.27,2388.09,2026-06-16
KXVENEZUELALEADER-26DEC31-DROD,1781668800,0.3,793.27,2026-06-17
KXVENEZUELALEADER-26DEC31-DROD,1781755200,0.28,1225.41,2026-06-18
KXVENEZUELALEADER-26DEC31-DROD,1781841600,0.29,823.41,2026-06-19
KXVENEZUELALEADER-26DEC31-DROD,1781928000,0.22,682.91,2026-06-20
KXVENEZUELALEADER-26DEC31-DROD,1782014400,0.22,808.15,2026-06-21
KXVENEZUELALEADER-26DEC31-DROD,1782100800,0.25,1139.97,2026-06-22
KXVENEZUELALEADER-26DEC31-DROD,1782187200,0.22,826.25,2026-06-23
KXVENEZUELALEADER-26DEC31-DROD,1782273600,0.21,932.76,2026-06-24
KXVENEZUELALEADER-26DEC31-DROD,1782360000,0.26,299.37,2026-06-25
KXVENEZUELALEADER-26DEC31-DROD,1782446400,0.25,524.01,2026-06-26
KXVENEZUELALEADER-26DEC31-DROD,1782532800,0.25,3680.5,2026-06-27
KXVENEZUELALEADER-26DEC31-DROD,1782619200,0.21,722.43,2026-06-28
KXVENEZUELALEADER-26DEC31-DROD,1782705600,0.23,1465.42,2026-06-29
KXVENEZUELALEADER-26DEC31-DROD,1782792000,0.21,1743.97,2026-06-30
KXVENEZUELALEADER-26DEC31-DROD,1782878400,0.27,1349.13,2026-07-01
KXVENEZUELALEADER-26DEC31-DROD,1782964800,0.2,1005.78,2026-07-02
KXVENEZUELALEADER-26DEC31-DROD,1783051200,0.17,1136.03,2026-07-03
KXVENEZUELALEADER-26DEC31-DROD,1783137600,0.18,153.58,2026-07-04
KXVENEZUELALEADER-26DEC31-DROD,1783224000,0.2,507.36,2026-07-05
KXVENEZUELALEADER-26DEC31-DROD,1783310400,0.18,182.94,2026-07-06
KXVENEZUELALEADER-26DEC31-DROD,1783396800,0.18,147.51,2026-07-07
KXVENEZUELALEADER-26DEC31-DROD,1783483200,0.21,653.98,2026-07-08
KXVENEZUELALEADER-26DEC31-DROD,1783569600,0.21,2901.91,2026-07-09
KXVENEZUELALEADER-26DEC31-DROD,1783656000,0.26,3433.95,2026-07-10
KXVENEZUELALEADER-26DEC31-DROD,1783742400,0.19,10761.21,2026-07-11
KXVENEZUELALEADER-26DEC31-DROD,1783828800,0.2,89.0,2026-07-12
KXVENEZUELALEADER-26DEC31-DROD,1783915200,0.19,315.93,2026-07-13
KXVENEZUELALEADER-26DEC31-DROD,1784001600,0.17,1745.92,2026-07-14
KXVENEZUELALEADER-26DEC31-DROD,1784088000,0.16,5613.86,2026-07-15
KXVENEZUELALEADER-26DEC31-DROD,1784174400,0.17,3628.18,2026-07-16
KXVENEZUELALEADER-26DEC31-DROD,1784260800,0.21,2759.68,2026-07-17
KXVENEZUELALEADER-26DEC31-DROD,1784347200,0.16,3556.8,2026-07-18
KXVENEZUELALEADER-26DEC31-DROD,1784433600,0.22,157.23,2026-07-19
KXVENEZUELALEADER-26DEC31-DROD,1784520000,0.14,3622.44,2026-07-20
KXVENEZUELALEADER-26DEC31-DROD,1784606400,0.15,1741.99,2026-07-21
KXVENEZUELALEADER-26DEC31-DROD,1784692800,0.16,1344.48,2026-07-22
KXVENEZUELALEADER-26DEC31-DROD,1784779200,0.15,3615.64,2026-07-23
KXVENEZUELALEADER-26DEC31-DROD,1784865600,0.12,3412.36,2026-07-24
KXVENEZUELALEADER-26DEC31-DROD,1784952000,0.15,505.03,2026-07-25
KXVENEZUELALEADER-26DEC31-DROD,1785038400,0.15,714.16,2026-07-26
KXVENEZUELALEADER-26DEC31-DROD,1785124800,0.12,370.26,2026-07-27
KXVENEZUELALEADER-26DEC31-DROD,1785211200,0.19,2147.81,2026-07-28
KXVENEZUELALEADER-26DEC31-DROD,1785297600,0.12,1618.0,2026-07-29
KXVENEZUELALEADER-26DEC31-DROD,1785384000,0.15,1024.64,2026-07-30
KXVENEZUELALEADER-26DEC31-DROD,1785470400,0.13,125.6,2026-07-31
KXVENEZUELALEADER-26DEC31-DROD,1785556800,0.15,376.96,2026-08-01
KXVENEZUELALEADER-26DEC31-DROD,1785643200,0.16,1721.18,2026-08-02
KXVENEZUELALEADER-26DEC31-DROD,1785729600,0.17,575.63,2026-08-03
KXVENEZUELALEADER-26DEC31-DROD,1785816000,0.16,643.6,2026-08-04
KXVENEZUELALEADER-26DEC31-DROD,1785902400,0.16,432.93,2026-08-05
KXVENEZUELALEADER-26DEC31-DROD,1785988800,0.15,666.13,2026-08-06
KXVENEZUELALEADER-26DEC31-DROD,1786075200,0.15,2153.71,2026-08-07
KXVENEZUELALEADER-26DEC31-DROD,1786161600,0.11,2820.82,2026-08-08
KXVENEZUELALEADER-26DEC31-DROD,1786248000,0.14,937.28,2026-08-09
KXVENEZUELALEADER-26DEC31-DROD,1786334400,0.15,1211.75,2026-08-10
KXVENEZUELALEADER-26DEC31-DROD,1786420800,0.15,6069.77,2026-08-11
KXVENEZUELALEADER-26DEC31-DROD,1786507200,0.13,705.24,2026-08-12
KXVENEZUELALEADER-26DEC31-DROD,1786593600,0.15,2605.86,2026-08-13
KXVENEZUELALEADER-26DEC31-DROD,1786680000,0.15,3169.71,2026-08-14
KXVENEZUELALEADER-26DEC31-DROD,1786766400,0.16,3290.2,2026-08-15
KXVENEZUELALEADER-26DEC31-DROD,1786852800,0.14,1538.85,2026-08-16
KXVENEZUELALEADER-26DEC31-DROD,1786939200,0.16,858.05,2026-08-17
KXVENEZUELALEADER-26DEC31-DROD,1787025600,0.17,947.51,2026-08-18
KXVENEZUELALEADER-26DEC31-DROD,1787112000,0.17,3916.72,2026-08-19
KXVENEZUELALEADER-26DEC31-DROD,1787198400,0.16,677.13,2026-08-20
KXVENEZUELALEADER-26DEC31-DROD,1787284800,0.15,1572.24,2026-08-21
KXVENEZUELALEADER-26DEC31-DROD,1787371200,0.16,790.29,2026-08-22
KXVENEZUELALEADER-26DEC31-DROD,1787457600,0.15,5138.52,2026-08-23
KXVENEZUELALEADER-26DEC31-DROD,1787544000,0.19,1391.67,2026-08-24
KXVENEZUELALEADER-26DEC31-DROD,1787630400,0.17,945.28,2026-08-25
KXVENEZUELALEADER-26DEC31-DROD,1787716800,0.18,1148.37,2026-08-26
KXVENEZUELALEADER-26DEC31-DROD,1787803200,0.15,1313.8,2026-08-27
KXVENEZUELALEADER-26DEC31-DROD,1787889600,0.17,2052.48,2026-08-28
KXVENEZUELALEADER-26DEC31-DROD,1787976000,0.17,149.61,2026-08-29
KXVENEZUELALEADER-26DEC31-DROD,1788062400,0.13,401.0,2026-08-30
KXVENEZUELALEADER-26DEC31-DROD,1788148800,0.18,1238.24,2026-08-31
KXVENEZUELALEADER-26DEC31-DROD,1788235200,0.17,3541.3,2026-09-01
KXVENEZUELALEADER-26DEC31-DROD,1788321600,0.13,2195.05,2026-09-02
KXVENEZUELALEADER-26DEC31-DROD,1788408000,0.16,1926.61,2026-09-03
KXVENEZUELALEADER-26DEC31-DROD,1788494400,0.17,1177.22,2026-09-04
KXVENEZUELALEADER-26DEC31-DROD,1788580800,0.11,694.91,2026-09-05
KXVENEZUELALEADER-26DEC31-DROD,1788667200,0.12,568.85,2026-09-06
KXVENEZUELALEADER-26DEC31-DROD,1788753600,0.14,3654.4,2026-09-07
KXVENEZUELALEADER-26DEC31-DROD,1788840000,0.15,2571.27,2026-09-08
KXVENEZUELALEADER-26DEC31-DRON,1781150400,,0.0,2026-06-11
KXVENEZUELALEADER-26DEC31-DRON,1781236800,,0.0,2026-06-12
KXVENEZUELALEADER-26DEC31-DRON,1781323200,,0.0,2026-06-13
KXVENEZUELALEADER-26DEC31-DRON,1781409600,0.02,25.24,2026-06-14
KXVENEZUELALEADER-26DEC31-DRON,1781496000,0.021,55.4,2026-06-15
KXVENEZUELALEADER-26DEC31-DRON,1781582400,,0.0,2026-06-16
KXVENEZUELALEADER-26DEC31-DRON,1781668800,,0.0,2026-06-17
KXVENEZUELALEADER-26DEC31-DRON,1781755200,,0.0,2026-06-18
KXVENEZUELALEADER-26DEC31-DRON,1781841600,0.031,10.0,2026-06-19
KXVENEZUELALEADER-26DEC31-DRON,1781928000,,0.0,2026-06-20
KXVENEZUELALEADER-26DEC31-DRON,1782014400,0.02,42.0,2026-06-21
KXVENEZUELALEADER-26DEC31-DRON,1782100800,,0.0,2026-06-22
KXVENEZUELALEADER-26DEC31-DRON,1782187200,,0.0,2026-06-23
KXVENEZUELALEADER-26DEC31-DRON,1782273600,0.031,11.0,2026-06-24
KXVENEZUELALEADER-26DEC31-DRON,1782360000,,0.0,2026-06-25
KXVENEZUELALEADER-26DEC31-DRON,1782446400,,0.0,2026-06-26
KXVENEZUELALEADER-26DEC31-DRON,1782532800,,0.0,2026-06-27
KXVENEZUELALEADER-26DEC31-DRON,1782619200,,0.0,2026-06-28
KXVENEZUELALEADER-26DEC31-DRON,1782705600,0.028,4.0,2026-06-29
KXVENEZUELALEADER-26DEC31-DRON,1782792000,0.013,500.0,2026-06-30
KXVENEZUELALEADER-26DEC31-DRON,1782878400,,0.0,2026-07-01
KXVENEZUELALEADER-26DEC31-DRON,1782964800,,0.0,2026-07-02
KXVENEZUELALEADER-26DEC31-DRON,1783051200,,0.0,2026-07-03
KXVENEZUELALEADER-26DEC31-DRON,1783137600,,0.0,2026-07-04
KXVENEZUELALEADER-26DEC31-DRON,1783224000,,0.0,2026-07-05
KXVENEZUELALEADER-26DEC31-DRON,1783310400,0.01,504.0,2026-07-06
KXVENEZUELALEADER-26DEC31-DRON,1783396800,,0.0,2026-07-07
KXVENEZUELALEADER-26DEC31-DRON,1783483200,0.011,10.0,2026-07-08
KXVENEZUELALEADER-26DEC31-DRON,1783569600,0.012,5.0,2026-07-09
KXVENEZUELALEADER-26DEC31-DRON,1783656000,,0.0,2026-07-10
KXVENEZUELALEADER-26DEC31-DRON,1783742400,,0.0,2026-07-11
KXVENEZUELALEADER-26DEC31-DRON,1783828800,,0.0,2026-07-12
KXVENEZUELALEADER-26DEC31-DRON,1783915200,,0.0,2026-07-13
KXVENEZUELALEADER-26DEC31-DRON,1784001600,,0.0,2026-07-14
KXVENEZUELALEADER-26DEC31-DRON,1784088000,,0.0,2026-07-15
KXVENEZUELALEADER-26DEC31-DRON,1784174400,,0.0,2026-07-16
KXVENEZUELALEADER-26DEC31-DRON,1784260800,,0.0,2026-07-17
KXVENEZUELALEADER-26DEC31-DRON,1784347200,,0.0,2026-07-18
KXVENEZUELALEADER-26DEC31-DRON,1784433600,,0.0,2026-07-19
KXVENEZUELALEADER-26DEC31-DRON,1784520000,0.045,2175.0,2026-07-20
KXVENEZUELALEADER-26DEC31-DRON,1784606400,0.068,178.0,2026-07-21
KXVENEZUELALEADER-26DEC31-DRON,1784692800,0.048,590.51,2026-07-22
KXVENEZUELALEADER-26DEC31-DRON,1784779200,0.04,103.0,2026-07-23
KXVENEZUELALEADER-26DEC31-DRON,1784865600,,0.0,2026-07-24
KXVENEZUELALEADER-26DEC31-DRON,1784952000,0.04,308.2,2026-07-25
KXVENEZUELALEADER-26DEC31-DRON,1785038400,,0.0,2026-07-26
KXVENEZUELALEADER-26DEC31-DRON,1785124800,,0.0,2026-07-27
KXVENEZUELALEADER-26DEC31-DRON,1785211200,,0.0,2026-07-28
KXVENEZUELALEADER-26DEC31-DRON,1785297600,,0.0,2026-07-29
KXVENEZUELALEADER-26DEC31-DRON,1785384000,,0.0,2026-07-30
KXVENEZUELALEADER-26DEC31-DRON,1785470400,,0.0,2026-07-31
KXVENEZUELALEADER-26DEC31-DRON,1785556800,,0.0,2026-08-01
KXVENEZUELALEADER-26DEC31-DRON,1785643200,,0.0,2026-08-02
KXVENEZUELALEADER-26DEC31-DRON,1785729600,,0.0,2026-08-03
KXVENEZUELALEADER-26DEC31-DRON,1785816000,,0.0,2026-08-04
KXVENEZUELALEADER-26DEC31-DRON,1785902400,,0.0,2026-08-05
KXVENEZUELALEADER-26DEC31-DRON,1785988800,,0.0,2026-08-06
KXVENEZUELALEADER-26DEC31-DRON,1786075200,,0.0,2026-08-07
KXVENEZUELALEADER-26DEC31-DRON,1786161600,,0.0,2026-08-08
KXVENEZUELALEADER-26DEC31-DRON,1786248000,,0.0,2026-08-09
KXVENEZUELALEADER-26DEC31-DRON,1786334400,,0.0,2026-08-10
KXVENEZUELALEADER-26DEC31-DRON,1786420800,,0.0,2026-08-11
KXVENEZUELALEADER-26DEC31-DRON,1786507200,,0.0,2026-08-12
KXVENEZUELALEADER-26DEC31-DRON,1786593600,,0.0,2026-08-13
KXVENEZUELALEADER-26DEC31-DRON,1786680000,,0.0,2026-08-14
KXVENEZUELALEADER-26DEC31-DRON,1786766400,,0.0,2026-08-15
KXVENEZUELALEADER-26DEC31-DRON,1786852800,,0.0,2026-08-16
KXVENEZUELALEADER-26DEC31-DRON,1786939200,,0.0,2026-08-17
KXVENEZUELALEADER-26DEC31-DRON,1787025600,,0.0,2026-08-18
KXVENEZUELALEADER-26DEC31-DRON,1787112000,0.04,0.01,2026-08-19
KXVENEZUELALEADER-26DEC31-DRON,1787198400,,0.0,2026-08-20
KXVENEZUELALEADER-26DEC31-DRON,1787284800,,0.0,2026-08-21
KXVENEZUELALEADER-26DEC31-DRON,1787371200,,0.0,2026-08-22
KXVENEZUELALEADER-26DEC31-DRON,1787457600,,0.0,2026-08-23
KXVENEZUELALEADER-26DEC31-DRON,1787544000,0.039,20.0,2026-08-24
KXVENEZUELALEADER-26DEC31-DRON,1787630400,,0.0,2026-08-25
KXVENEZUELALEADER-26DEC31-DRON,1787716800,,0.0,2026-08-26
KXVENEZUELALEADER-26DEC31-DRON,1787803200,,0.0,2026-08-27
KXVENEZUELALEADER-26DEC31-DRON,1787889600,,0.0,2026-08-28
KXVENEZUELALEADER-26DEC31-DRON,1787976000,,0.0,2026-08-29
KXVENEZUELALEADER-26DEC31-DRON,1788062400,,0.0,2026-08-30
KXVENEZUELALEADER-26DEC31-DRON,1788148800,,0.0,2026-08-31
KXVENEZUELALEADER-26DEC31-DRON,1788235200,,0.0,2026-09-01
KXVENEZUELALEADER-26DEC31-DRON,1788321600,0.037,200.0,2026-09-02
KXVENEZUELALEADER-26DEC31-DRON,1788408000,,0.0,2026-09-03
KXVENEZUELALEADER-26DEC31-DRON,1788494400,,0.0,2026-09-04
KXVENEZUELALEADER-26DEC31-DRON,1788580800,,0.0,2026-09-05
KXVENEZUELALEADER-26DEC31-DRON,1788667200,,0.0,2026-09-06
KXVENEZUELALEADER-26DEC31-DRON,1788753600,,0.0,2026-09-07
KXVENEZUELALEADER-26DEC31-DRON,1788840000,,0.0,2026-09-08
KXVENEZUELALEADER-26DEC31-JROD,1781150400,,0.0,2026-06-11
KXVENEZUELALEADER-26DEC31-JROD,1781236800,,0.0,2026-06-12
KXVENEZUELALEADER-26DEC31-JROD,1781323200,,0.0,2026-06-13
KXVENEZUELALEADER-26DEC31-JROD,1781409600,,0.0,2026-06-14
KXVENEZUELALEADER-26DEC31-JROD,1781496000,0.029,169.21,2026-06-15
KXVENEZUELALEADER-26DEC31-JROD,1781582400,0.034,10.0,2026-06-16
KXVENEZUELALEADER-26DEC31-JROD,1781668800,,0.0,2026-06-17
KXVENEZUELALEADER-26DEC31-JROD,1781755200,,0.0,2026-06-18
KXVENEZUELALEADER-26DEC31-JROD,1781841600,0.037,30.0,2026-06-19
KXVENEZUELALEADER-26DEC31-JROD,1781928000,,0.0,2026-06-20
KXVENEZUELALEADER-26DEC31-JROD,1782014400,,0.0,2026-06-21
KXVENEZUELALEADER-26DEC31-JROD,1782100800,,0.0,2026-06-22
KXVENEZUELALEADER-26DEC31-JROD,1782187200,,0.0,2026-06-23
KXVENEZUELALEADER-26DEC31-JROD,1782273600,,0.0,2026-06-24
KXVENEZUELALEADER-26DEC31-JROD,1782446400,,0.0,2026-06-26
KXVENEZUELALEADER-26DEC31-JROD,1782532800,,0.0,2026-06-27
KXVENEZUELALEADER-26DEC31-JROD,1782619200,,0.0,2026-06-28
KXVENEZUELALEADER-26DEC31-JROD,1782705600,,0.0,2026-06-29
KXVENEZUELALEADER-26DEC31-JROD,1782792000,,0.0,2026-06-30
KXVENEZUELALEADER-26DEC31-JROD,1782878400,,0.0,2026-07-01
KXVENEZUELALEADER-26DEC31-JROD,1782964800,0.029,458.49,2026-07-02
KXVENEZUELALEADER-26DEC31-JROD,1783051200,,0.0,2026-07-03
KXVENEZUELALEADER-26DEC31-JROD,1783137600,,0.0,2026-07-04
KXVENEZUELALEADER-26DEC31-JROD,1783224000,,0.0,2026-07-05
KXVENEZUELALEADER-26DEC31-JROD,1783310400,,0.0,2026-07-06
KXVENEZUELALEADER-26DEC31-JROD,1783396800,,0.0,2026-07-07
KXVENEZUELALEADER-26DEC31-JROD,1783483200,,0.0,2026-07-08
KXVENEZUELALEADER-26DEC31-JROD,1783569600,,0.0,2026-07-09
KXVENEZUELALEADER-26DEC31-JROD,1783656000,0.01,40.0,2026-07-10
KXVENEZUELALEADER-26DEC31-JROD,1783742400,,0.0,2026-07-11
KXVENEZUELALEADER-26DEC31-JROD,1783828800,,0.0,2026-07-12
KXVENEZUELALEADER-26DEC31-JROD,1783915200,,0.0,2026-07-13
KXVENEZUELALEADER-26DEC31-JROD,1784001600,,0.0,2026-07-14
KXVENEZUELALEADER-26DEC31-JROD,1784088000,,0.0,2026-07-15
KXVENEZUELALEADER-26DEC31-JROD,1784174400,,0.0,2026-07-16
KXVENEZUELALEADER-26DEC31-JROD,1784260800,0.005,81.0,2026-07-17
KXVENEZUELALEADER-26DEC31-JROD,1784347200,,0.0,2026-07-18
KXVENEZUELALEADER-26DEC31-JROD,1784520000,,0.0,2026-07-20
KXVENEZUELALEADER-26DEC31-JROD,1784606400,,0.0,2026-07-21
KXVENEZUELALEADER-26DEC31-JROD,1784692800,,0.0,2026-07-22
KXVENEZUELALEADER-26DEC31-JROD,1784779200,,0.0,2026-07-23
KXVENEZUELALEADER-26DEC31-JROD,1784865600,,0.0,2026-07-24
KXVENEZUELALEADER-26DEC31-JROD,1784952000,,0.0,2026-07-25
KXVENEZUELALEADER-26DEC31-JROD,1785038400,,0.0,2026-07-26
KXVENEZUELALEADER-26DEC31-JROD,1785124800,,0.0,2026-07-27
KXVENEZUELALEADER-26DEC31-JROD,1785211200,0.005,50.0,2026-07-28
KXVENEZUELALEADER-26DEC31-JROD,1785297600,,0.0,2026-07-29
KXVENEZUELALEADER-26DEC31-JROD,1785384000,,0.0,2026-07-30
KXVENEZUELALEADER-26DEC31-JROD,1785470400,,0.0,2026-07-31
KXVENEZUELALEADER-26DEC31-JROD,1785556800,,0.0,2026-08-01
KXVENEZUELALEADER-26DEC31-JROD,1785643200,,0.0,2026-08-02
KXVENEZUELALEADER-26DEC31-JROD,1785729600,0.008,473.0,2026-08-03
KXVENEZUELALEADER-26DEC31-JROD,1785816000,,0.0,2026-08-04
KXVENEZUELALEADER-26DEC31-JROD,1785902400,,0.0,2026-08-05
KXVENEZUELALEADER-26DEC31-JROD,1785988800,,0.0,2026-08-06
KXVENEZUELALEADER-26DEC31-JROD,1786075200,,0.0,2026-08-07
KXVENEZUELALEADER-26DEC31-JROD,1786161600,,0.0,2026-08-08
KXVENEZUELALEADER-26DEC31-JROD,1786248000,,0.0,2026-08-09
KXVENEZUELALEADER-26DEC31-JROD,1786334400,,0.0,2026-08-10
KXVENEZUELALEADER-26DEC31-JROD,1786420800,,0.0,2026-08-11
KXVENEZUELALEADER-26DEC31-JROD,1786507200,,0.0,2026-08-12
KXVENEZUELALEADER-26DEC31-JROD,1786593600,,0.0,2026-08-13
KXVENEZUELALEADER-26DEC31-JROD,1786680000,,0.0,2026-08-14
KXVENEZUELALEADER-26DEC31-JROD,1786766400,,0.0,2026-08-15
KXVENEZUELALEADER-26DEC31-JROD,1786852800,,0.0,2026-08-16
KXVENEZUELALEADER-26DEC31-JROD,1786939200,,0.0,2026-08-17
KXVENEZUELALEADER-26DEC31-JROD,1787025600,,0.0,2026-08-18
KXVENEZUELALEADER-26DEC31-JROD,1787112000,,0.0,2026-08-19
KXVENEZUELALEADER-26DEC31-JROD,1787198400,,0.0,2026-08-20
KXVENEZUELALEADER-26DEC31-JROD,1787284800,,0.0,2026-08-21
KXVENEZUELALEADER-26DEC31-JROD,1787371200,,0.0,2026-08-22
KXVENEZUELALEADER-26DEC31-JROD,1787457600,,0.0,2026-08-23
KXVENEZUELALEADER-26DEC31-JROD,1787544000,,0.0,2026-08-24
KXVENEZUELALEADER-26DEC31-JROD,1787630400,0.012,1.02,2026-08-25
KXVENEZUELALEADER-26DEC31-JROD,1787716800,,0.0,2026-08-26
KXVENEZUELALEADER-26DEC31-JROD,1787803200,,0.0,2026-08-27
KXVENEZUELALEADER-26DEC31-JROD,1787889600,,0.0,2026-08-28
KXVENEZUELALEADER-26DEC31-JROD,1787976000,,0.0,2026-08-29
KXVENEZUELALEADER-26DEC31-JROD,1788062400,,0.0,2026-08-30
KXVENEZUELALEADER-26DEC31-JROD,1788148800,,0.0,2026-08-31
KXVENEZUELALEADER-26DEC31-JROD,1788235200,,0.0,2026-09-01
KXVENEZUELALEADER-26DEC31-JROD,1788321600,,0.0,2026-09-02
KXVENEZUELALEADER-26DEC31-JROD,1788408000,,0.0,2026-09-03
KXVENEZUELALEADER-26DEC31-JROD,1788494400,,0.0,2026-09-04
KXVENEZUELALEADER-26DEC31-JROD,1788580800,,0.0,2026-09-05
KXVENEZUELALEADER-26DEC31-JROD,1788667200,,0.0,2026-09-06
KXVENEZUELALEADER-26DEC31-JROD,1788753600,0.06,9168.0,2026-09-07
KXVENEZUELALEADER-26DEC31-JROD,1788840000,,0.0,2026-09-08
KXVENEZUELALEADER-26DEC31-MRT,1782705600,0.02,6.0,2026-06-29
KXVENEZUELALEADER-26DEC31-MRT,1782792000,,0.0,2026-06-30
KXVENEZUELALEADER-26DEC31-MRT,1782878400,,0.0,2026-07-01
KXVENEZUELALEADER-26DEC31-MRT,1782964800,,0.0,2026-07-02
KXVENEZUELALEADER-26DEC31-MRT,1783051200,,0.0,2026-07-03
KXVENEZUELALEADER-26DEC31-MRT,1783137600,,0.0,2026-07-04
KXVENEZUELALEADER-26DEC31-MRT,1783224000,,0.0,2026-07-05
KXVENEZUELALEADER-26DEC31-MRT,1783310400,,0.0,2026-07-06
KXVENEZUELALEADER-26DEC31-MRT,1783396800,,0.0,2026-07-07
KXVENEZUELALEADER-26DEC31-MRT,1783483200,,0.0,2026-07-08
KXVENEZUELALEADER-26DEC31-MRT,1783569600,,0.0,2026-07-09
KXVENEZUELALEADER-26DEC31-MRT,1783656000,,0.0,2026-07-10
KXVENEZUELALEADER-26DEC31-MRT,1783742400,,0.0,2026-07-11
KXVENEZUELALEADER-26DEC31-MRT,1783828800,,0.0,2026-07-12
KXVENEZUELALEADER-26DEC31-MRT,1783915200,,0.0,2026-07-13
KXVENEZUELALEADER-26DEC31-MRT,1784001600,,0.0,2026-07-14
KXVENEZUELALEADER-26DEC31-MRT,1784088000,,0.0,2026-07-15
KXVENEZUELALEADER-26DEC31-MRT,1784174400,,0.0,2026-07-16
KXVENEZUELALEADER-26DEC31-MRT,1784260800,,0.0,2026-07-17
KXVENEZUELALEADER-26DEC31-MRT,1784347200,,0.0,2026-07-18
KXVENEZUELALEADER-26DEC31-MRT,1784433600,,0.0,2026-07-19
KXVENEZUELALEADER-26DEC31-MRT,1784520000,,0.0,2026-07-20
KXVENEZUELALEADER-26DEC31-MRT,1784606400,,0.0,2026-07-21
KXVENEZUELALEADER-26DEC31-MRT,1784692800,,0.0,2026-07-22
KXVENEZUELALEADER-26DEC31-MRT,1784779200,,0.0,2026-07-23
KXVENEZUELALEADER-26DEC31-MRT,1784865600,,0.0,2026-07-24
KXVENEZUELALEADER-26DEC31-MRT,1784952000,,0.0,2026-07-25
KXVENEZUELALEADER-26DEC31-MRT,1785038400,,0.0,2026-07-26
KXVENEZUELALEADER-26DEC31-MRT,1785124800,,0.0,2026-07-27
KXVENEZUELALEADER-26DEC31-MRT,1785211200,,0.0,2026-07-28
KXVENEZUELALEADER-26DEC31-MRT,1785297600,,0.0,2026-07-29
KXVENEZUELALEADER-26DEC31-MRT,1785384000,,0.0,2026-07-30
KXVENEZUELALEADER-26DEC31-MRT,1785470400,,0.0,2026-07-31
KXVENEZUELALEADER-26DEC31-MRT,1785556800,,0.0,2026-08-01
KXVENEZUELALEADER-26DEC31-MRT,1785643200,,0.0,2026-08-02
KXVENEZUELALEADER-26DEC31-MRT,1785729600,,0.0,2026-08-03
KXVENEZUELALEADER-26DEC31-MRT,1785816000,,0.0,2026-08-04
KXVENEZUELALEADER-26DEC31-MRT,1785902400,,0.0,2026-08-05
KXVENEZUELALEADER-26DEC31-MRT,1785988800,,0.0,2026-08-06
KXVENEZUELALEADER-26DEC31-MRT,1786075200,,0.0,2026-08-07
KXVENEZUELALEADER-26DEC31-MRT,1786161600,,0.0,2026-08-08
KXVENEZUELALEADER-26DEC31-MRT,1786248000,,0.0,2026-08-09
KXVENEZUELALEADER-26DEC31-MRT,1786334400,,0.0,2026-08-10
KXVENEZUELALEADER-26DEC31-MRT,1786507200,,0.0,2026-08-12
KXVENEZUELALEADER-26DEC31-MRT,1786593600,,0.0,2026-08-13
KXVENEZUELALEADER-26DEC31-MRT,1786680000,,0.0,2026-08-14
KXVENEZUELALEADER-26DEC31-MRT,1786766400,,0.0,2026-08-15
KXVENEZUELALEADER-26DEC31-MRT,1786939200,,0.0,2026-08-17
KXVENEZUELALEADER-26DEC31-MRT,1787112000,,0.0,2026-08-19
KXVENEZUELALEADER-26DEC31-MRT,1787198400,,0.0,2026-08-20
KXVENEZUELALEADER-26DEC31-MRT,1787284800,,0.0,2026-08-21
KXVENEZUELALEADER-26DEC31-MRT,1787371200,,0.0,2026-08-22
KXVENEZUELALEADER-26DEC31-MRT,1787457600,,0.0,2026-08-23
KXVENEZUELALEADER-26DEC31-MRT,1787716800,,0.0,2026-08-26
KXVENEZUELALEADER-26DEC31-MRT,1787803200,,0.0,2026-08-27
KXVENEZUELALEADER-26DEC31-MRT,1787889600,,0.0,2026-08-28
KXVENEZUELALEADER-26DEC31-MRT,1787976000,,0.0,2026-08-29
KXVENEZUELALEADER-26DEC31-MRT,1788062400,,0.0,2026-08-30
KXVENEZUELALEADER-26DEC31-MRT,1788235200,,0.0,2026-09-01
KXVENEZUELALEADER-26DEC31-MRT,1788321600,,0.0,2026-09-02
KXVENEZUELALEADER-26DEC31-MRT,1788408000,,0.0,2026-09-03
KXVENEZUELALEADER-26DEC31-MRT,1788494400,,0.0,2026-09-04
KXVENEZUELALEADER-26DEC31-MRT,1788580800,,0.0,2026-09-05
KXVENEZUELALEADER-26DEC31-MRT,1788667200,,0.0,2026-09-06
KXVENEZUELALEADER-26DEC31-NMAD,1781150400,0.73,1558.75,2026-06-11
KXVENEZUELALEADER-26DEC31-NMAD,1781236800,0.75,4839.94,2026-06-12
KXVENEZUELALEADER-26DEC31-NMAD,1781323200,0.67,2875.59,2026-06-13
KXVENEZUELALEADER-26DEC31-NMAD,1781409600,0.73,2229.06,2026-06-14
KXVENEZUELALEADER-26DEC31-NMAD,1781496000,0.6,1653.03,2026-06-15
KXVENEZUELALEADER-26DEC31-NMAD,1781582400,0.61,2911.26,2026-06-16
KXVENEZUELALEADER-26DEC31-NMAD,1781668800,0.65,599.34,2026-06-17
KXVENEZUELALEADER-26DEC31-NMAD,1781755200,0.71,996.28,2026-06-18
KXVENEZUELALEADER-26DEC31-NMAD,1781841600,0.63,958.62,2026-06-19
KXVENEZUELALEADER-26DEC31-NMAD,1781928000,0.68,102.9,2026-06-20
KXVENEZUELALEADER-26DEC31-NMAD,1782014400,0.67,84.98,2026-06-21
KXVENEZUELALEADER-26DEC31-NMAD,1782100800,0.69,202.31,2026-06-22
KXVENEZUELALEADER-26DEC31-NMAD,1782187200,0.69,424.98,2026-06-23
KXVENEZUELALEADER-26DEC31-NMAD,1782273600,0.75,203.5,2026-06-24
KXVENEZUELALEADER-26DEC31-NMAD,1782360000,0.75,2693.05,2026-06-25
KXVENEZUELALEADER-26DEC31-NMAD,1782446400,0.76,1944.06,2026-06-26
KXVENEZUELALEADER-26DEC31-NMAD,1782532800,0.67,4745.82,2026-06-27
KXVENEZUELALEADER-26DEC31-NMAD,1782619200,0.7,1776.49,2026-06-28
KXVENEZUELALEADER-26DEC31-NMAD,1782705600,0.75,2315.49,2026-06-29
KXVENEZUELALEADER-26DEC31-NMAD,1782792000,0.73,1724.28,2026-06-30
KXVENEZUELALEADER-26DEC31-NMAD,1782878400,0.76,2255.36,2026-07-01
KXVENEZUELALEADER-26DEC31-NMAD,1782964800,0.76,1236.97,2026-07-02
KXVENEZUELALEADER-26DEC31-NMAD,1783051200,0.78,1635.16,2026-07-03
KXVENEZUELALEADER-26DEC31-NMAD,1783137600,0.78,724.08,2026-07-04
KXVENEZUELALEADER-26DEC31-NMAD,1783224000,0.79,106.62,2026-07-05
KXVENEZUELALEADER-26DEC31-NMAD,1783310400,0.77,151.54,2026-07-06
KXVENEZUELALEADER-26DEC31-NMAD,1783396800,0.79,545.74,2026-07-07
KXVENEZUELALEADER-26DEC31-NMAD,1783483200,0.77,1827.08,2026-07-08
KXVENEZUELALEADER-26DEC31-NMAD,1783569600,0.73,3268.71,2026-07-09
KXVENEZUELALEADER-26DEC31-NMAD,1783656000,0.76,1760.14,2026-07-10
KXVENEZUELALEADER-26DEC31-NMAD,1783742400,0.8,6928.25,2026-07-11
KXVENEZUELALEADER-26DEC31-NMAD,1783828800,0.8,264.05,2026-07-12
KXVENEZUELALEADER-26DEC31-NMAD,1783915200,0.75,1055.07,2026-07-13
KXVENEZUELALEADER-26DEC31-NMAD,1784001600,0.79,552.3,2026-07-14
KXVENEZUELALEADER-26DEC31-NMAD,1784088000,0.75,1357.19,2026-07-15
KXVENEZUELALEADER-26DEC31-NMAD,1784174400,0.74,3973.06,2026-07-16
KXVENEZUELALEADER-26DEC31-NMAD,1784260800,0.72,256.49,2026-07-17
KXVENEZUELALEADER-26DEC31-NMAD,1784347200,0.77,1641.84,2026-07-18
KXVENEZUELALEADER-26DEC31-NMAD,1784433600,0.78,491.08,2026-07-19
KXVENEZUELALEADER-26DEC31-NMAD,1784520000,0.75,1935.77,2026-07-20
KXVENEZUELALEADER-26DEC31-NMAD,1784606400,0.75,1332.01,2026-07-21
KXVENEZUELALEADER-26DEC31-NMAD,1784692800,0.67,3539.41,2026-07-22
KXVENEZUELALEADER-26DEC31-NMAD,1784779200,0.76,2028.78,2026-07-23
KXVENEZUELALEADER-26DEC31-NMAD,1784865600,0.74,851.96,2026-07-24
KXVENEZUELALEADER-26DEC31-NMAD,1784952000,0.79,401.36,2026-07-25
KXVENEZUELALEADER-26DEC31-NMAD,1785038400,0.8,4756.95,2026-07-26
KXVENEZUELALEADER-26DEC31-NMAD,1785124800,0.79,124.91,2026-07-27
KXVENEZUELALEADER-26DEC31-NMAD,1785211200,0.79,807.39,2026-07-28
KXVENEZUELALEADER-26DEC31-NMAD,1785297600,0.81,4558.92,2026-07-29
KXVENEZUELALEADER-26DEC31-NMAD,1785384000,0.8,812.41,2026-07-30
KXVENEZUELALEADER-26DEC31-NMAD,1785470400,0.82,12.85,2026-07-31
KXVENEZUELALEADER-26DEC31-NMAD,1785556800,0.79,5117.63,2026-08-01
KXVENEZUELALEADER-26DEC31-NMAD,1785643200,0.78,141.12,2026-08-02
KXVENEZUELALEADER-26DEC31-NMAD,1785729600,0.8,279.23,2026-08-03
KXVENEZUELALEADER-26DEC31-NMAD,1785816000,0.82,1888.77,2026-08-04
KXVENEZUELALEADER-26DEC31-NMAD,1785902400,0.81,1015.93,2026-08-05
KXVENEZUELALEADER-26DEC31-NMAD,1785988800,0.76,5808.62,2026-08-06
KXVENEZUELALEADER-26DEC31-NMAD,1786075200,0.77,2713.73,2026-08-07
KXVENEZUELALEADER-26DEC31-NMAD,1786161600,0.75,6520.76,2026-08-08
KXVENEZUELALEADER-26DEC31-NMAD,1786248000,0.77,530.13,2026-08-09
KXVENEZUELALEADER-26DEC31-NMAD,1786334400,0.83,1449.74,2026-08-10
KXVENEZUELALEADER-26DEC31-NMAD,1786420800,0.82,1995.61,2026-08-11
KXVENEZUELALEADER-26DEC31-NMAD,1786507200,0.77,118.49,2026-08-12
KXVENEZUELALEADER-26DEC31-NMAD,1786593600,0.82,686.38,2026-08-13
KXVENEZUELALEADER-26DEC31-NMAD,1786680000,0.85,7596.22,2026-08-14
KXVENEZUELALEADER-26DEC31-NMAD,1786766400,0.75,3282.56,2026-08-15
KXVENEZUELALEADER-26DEC31-NMAD,1786852800,0.82,928.76,2026-08-16
KXVENEZUELALEADER-26DEC31-NMAD,1786939200,0.85,422.27,2026-08-17
KXVENEZUELALEADER-26DEC31-NMAD,1787025600,0.82,865.04,2026-08-18
KXVENEZUELALEADER-26DEC31-NMAD,1787112000,0.8,638.5,2026-08-19
KXVENEZUELALEADER-26DEC31-NMAD,1787198400,0.75,669.1,2026-08-20
KXVENEZUELALEADER-26DEC31-NMAD,1787284800,0.78,2814.72,2026-08-21
KXVENEZUELALEADER-26DEC31-NMAD,1787371200,0.81,246.17,2026-08-22
KXVENEZUELALEADER-26DEC31-NMAD,1787457600,0.75,54.95,2026-08-23
KXVENEZUELALEADER-26DEC31-NMAD,1787544000,0.81,359.21,2026-08-24
KXVENEZUELALEADER-26DEC31-NMAD,1787630400,0.79,1551.5,2026-08-25
KXVENEZUELALEADER-26DEC31-NMAD,1787716800,0.8,521.0,2026-08-26
KXVENEZUELALEADER-26DEC31-NMAD,1787803200,0.84,1436.54,2026-08-27
KXVENEZUELALEADER-26DEC31-NMAD,1787889600,0.8,1888.1,2026-08-28
KXVENEZUELALEADER-26DEC31-NMAD,1787976000,0.81,10.0,2026-08-29
KXVENEZUELALEADER-26DEC31-NMAD,1788062400,0.85,684.87,2026-08-30
KXVENEZUELALEADER-26DEC31-NMAD,1788148800,0.82,8151.4,2026-08-31
KXVENEZUELALEADER-26DEC31-NMAD,1788235200,0.81,1353.48,2026-09-01
KXVENEZUELALEADER-26DEC31-NMAD,1788321600,0.83,1916.76,2026-09-02
KXVENEZUELALEADER-26DEC31-NMAD,1788408000,0.84,3301.83,2026-09-03
KXVENEZUELALEADER-26DEC31-NMAD,1788494400,0.82,884.87,2026-09-04
KXVENEZUELALEADER-26DEC31-NMAD,1788580800,0.86,748.28,2026-09-05
KXVENEZUELALEADER-26DEC31-NMAD,1788667200,0.88,821.66,2026-09-06
KXVENEZUELALEADER-26DEC31-NMAD,1788753600,0.84,583.12,2026-09-07
KXVENEZUELALEADER-26DEC31-NMAD,1788840000,0.89,1257.63,2026-09-08
KXVENEZUELALEADER-26DEC31-VLOP,1781150400,0.017,44.0,2026-06-11
KXVENEZUELALEADER-26DEC31-VLOP,1781409600,,0.0,2026-06-14
KXVENEZUELALEADER-26DEC31-VLOP,1781496000,,0.0,2026-06-15
KXVENEZUELALEADER-26DEC31-VLOP,1781582400,,0.0,2026-06-16
KXVENEZUELALEADER-26DEC31-VLOP,1781668800,,0.0,2026-06-17
KXVENEZUELALEADER-26DEC31-VLOP,1781755200,,0.0,2026-06-18
KXVENEZUELALEADER-26DEC31-VLOP,1781841600,0.021,10.0,2026-06-19
KXVENEZUELALEADER-26DEC31-VLOP,1781928000,,0.0,2026-06-20
KXVENEZUELALEADER-26DEC31-VLOP,1782014400,,0.0,2026-06-21
KXVENEZUELALEADER-26DEC31-VLOP,1782100800,,0.0,2026-06-22
KXVENEZUELALEADER-26DEC31-VLOP,1782187200,,0.0,2026-06-23
KXVENEZUELALEADER-26DEC31-VLOP,1782273600,0.02,500.0,2026-06-24
KXVENEZUELALEADER-26DEC31-VLOP,1782360000,,0.0,2026-06-25
KXVENEZUELALEADER-26DEC31-VLOP,1782446400,,0.0,2026-06-26
KXVENEZUELALEADER-26DEC31-VLOP,1782532800,,0.0,2026-06-27
KXVENEZUELALEADER-26DEC31-VLOP,1782619200,,0.0,2026-06-28
KXVENEZUELALEADER-26DEC31-VLOP,1782705600,0.034,4.0,2026-06-29
KXVENEZUELALEADER-26DEC31-VLOP,1782792000,0.015,1000.0,2026-06-30
KXVENEZUELALEADER-26DEC31-VLOP,1782878400,,0.0,2026-07-01
KXVENEZUELALEADER-26DEC31-VLOP,1782964800,,0.0,2026-07-02
KXVENEZUELALEADER-26DEC31-VLOP,1783051200,,0.0,2026-07-03
KXVENEZUELALEADER-26DEC31-VLOP,1783137600,,0.0,2026-07-04
KXVENEZUELALEADER-26DEC31-VLOP,1783224000,,0.0,2026-07-05
KXVENEZUELALEADER-26DEC31-VLOP,1783310400,0.017,1.0,2026-07-06
KXVENEZUELALEADER-26DEC31-VLOP,1783396800,0.015,986.0,2026-07-07
KXVENEZUELALEADER-26DEC31-VLOP,1783483200,,0.0,2026-07-08
KXVENEZUELALEADER-26DEC31-VLOP,1783569600,,0.0,2026-07-09
KXVENEZUELALEADER-26DEC31-VLOP,1783656000,,0.0,2026-07-10
KXVENEZUELALEADER-26DEC31-VLOP,1783742400,,0.0,2026-07-11
KXVENEZUELALEADER-26DEC31-VLOP,1783828800,,0.0,2026-07-12
KXVENEZUELALEADER-26DEC31-VLOP,1783915200,,0.0,2026-07-13
KXVENEZUELALEADER-26DEC31-VLOP,1784001600,,0.0,2026-07-14
KXVENEZUELALEADER-26DEC31-VLOP,1784088000,,0.0,2026-07-15
KXVENEZUELALEADER-26DEC31-VLOP,1784174400,0.023,1.0,2026-07-16
KXVENEZUELALEADER-26DEC31-VLOP,1784260800,,0.0,2026-07-17
KXVENEZUELALEADER-26DEC31-VLOP,1784347200,,0.0,2026-07-18
KXVENEZUELALEADER-26DEC31-VLOP,1784433600,,0.0,2026-07-19
KXVENEZUELALEADER-26DEC31-VLOP,1784520000,,0.0,2026-07-20
KXVENEZUELALEADER-26DEC31-VLOP,1784606400,,0.0,2026-07-21
KXVENEZUELALEADER-26DEC31-VLOP,1784692800,,0.0,2026-07-22
KXVENEZUELALEADER-26DEC31-VLOP,1784779200,,0.0,2026-07-23
KXVENEZUELALEADER-26DEC31-VLOP,1784865600,,0.0,2026-07-24
KXVENEZUELALEADER-26DEC31-VLOP,1784952000,,0.0,2026-07-25
KXVENEZUELALEADER-26DEC31-VLOP,1785038400,,0.0,2026-07-26
KXVENEZUELALEADER-26DEC31-VLOP,1785124800,,0.0,2026-07-27
KXVENEZUELALEADER-26DEC31-VLOP,1785211200,0.037,5.0,2026-07-28
KXVENEZUELALEADER-26DEC31-VLOP,1785297600,,0.0,2026-07-29
KXVENEZUELALEADER-26DEC31-VLOP,1785384000,,0.0,2026-07-30
KXVENEZUELALEADER-26DEC31-VLOP,1785470400,,0.0,2026-07-31
KXVENEZUELALEADER-26DEC31-VLOP,1785556800,,0.0,2026-08-01
KXVENEZUELALEADER-26DEC31-VLOP,1785643200,,0.0,2026-08-02
KXVENEZUELALEADER-26DEC31-VLOP,1785729600,,0.0,2026-08-03
KXVENEZUELALEADER-26DEC31-VLOP,1785816000,,0.0,2026-08-04
KXVENEZUELALEADER-26DEC31-VLOP,1785902400,,0.0,2026-08-05
KXVENEZUELALEADER-26DEC31-VLOP,1785988800,,0.0,2026-08-06
KXVENEZUELALEADER-26DEC31-VLOP,1786075200,,0.0,2026-08-07
KXVENEZUELALEADER-26DEC31-VLOP,1786161600,,0.0,2026-08-08
KXVENEZUELALEADER-26DEC31-VLOP,1786248000,,0.0,2026-08-09
KXVENEZUELALEADER-26DEC31-VLOP,1786334400,,0.0,2026-08-10
KXVENEZUELALEADER-26DEC31-VLOP,1786420800,,0.0,2026-08-11
KXVENEZUELALEADER-26DEC31-VLOP,1786507200,,0.0,2026-08-12
KXVENEZUELALEADER-26DEC31-VLOP,1786593600,,0.0,2026-08-13
KXVENEZUELALEADER-26DEC31-VLOP,1786680000,,0.0,2026-08-14
KXVENEZUELALEADER-26DEC31-VLOP,1786766400,,0.0,2026-08-15
KXVENEZUELALEADER-26DEC31-VLOP,1786852800,,0.0,2026-08-16
KXVENEZUELALEADER-26DEC31-VLOP,1786939200,,0.0,2026-08-17
KXVENEZUELALEADER-26DEC31-VLOP,1787025600,,0.0,2026-08-18
KXVENEZUELALEADER-26DEC31-VLOP,1787112000,0.016,1.0,2026-08-19
KXVENEZUELALEADER-26DEC31-VLOP,1787198400,,0.0,2026-08-20
KXVENEZUELALEADER-26DEC31-VLOP,1787284800,,0.0,2026-08-21
KXVENEZUELALEADER-26DEC31-VLOP,1787371200,,0.0,2026-08-22
KXVENEZUELALEADER-26DEC31-VLOP,1787457600,,0.0,2026-08-23
KXVENEZUELALEADER-26DEC31-VLOP,1787544000,,0.0,2026-08-24
KXVENEZUELALEADER-26DEC31-VLOP,1787630400,,0.0,2026-08-25
KXVENEZUELALEADER-26DEC31-VLOP,1787716800,,0.0,2026-08-26
KXVENEZUELALEADER-26DEC31-VLOP,1787803200,,0.0,2026-08-27
KXVENEZUELALEADER-26DEC31-VLOP,1787889600,,0.0,2026-08-28
KXVENEZUELALEADER-26DEC31-VLOP,1787976000,,0.0,2026-08-29
KXVENEZUELALEADER-26DEC31-VLOP,1788062400,,0.0,2026-08-30
KXVENEZUELALEADER-26DEC31-VLOP,1788148800,0.021,187.0,2026-08-31
KXVENEZUELALEADER-26DEC31-VLOP,1788235200,0.029,174.0,2026-09-01
KXVENEZUELALEADER-26DEC31-VLOP,1788321600,,0.0,2026-09-02
KXVENEZUELALEADER-26DEC31-VLOP,1788408000,,0.0,2026-09-03
KXVENEZUELALEADER-26DEC31-VLOP,1788494400,,0.0,2026-09-04
KXVENEZUELALEADER-26DEC31-VLOP,1788580800,,0.0,2026-09-05
KXVENEZUELALEADER-26DEC31-VLOP,1788667200,,0.0,2026-09-06
KXVENEZUELALEADER-26DEC31-VLOP,1788753600,,0.0,2026-09-07
KXGREENTERRITORY-29-27,1781150400,0.095,2257.49,2026-06-11
KXGREENTERRITORY-29-27,1781236800,0.084,70.0,2026-06-12
KXGREENTERRITORY-29-27,1781323200,0.075,6169.99,2026-06-13
KXGREENTERRITORY-29-27,1781409600,0.085,351.34,2026-06-14
KXGREENTERRITORY-29-27,1781496000,0.085,2834.11,2026-06-15
KXGREENTERRITORY-29-27,1781582400,0.085,955.76,2026-06-16
KXGREENTERRITORY-29-27,1781668800,0.075,1132.0,2026-06-17
KXGREENTERRITORY-29-27,1781755200,0.071,3097.24,2026-06-18
KXGREENTERRITORY-29-27,1781841600,0.088,427.75,2026-06-19
KXGREENTERRITORY-29-27,1781928000,0.062,82.0,2026-06-20
KXGREENTERRITORY-29-27,1782014400,0.064,123.07,2026-06-21
KXGREENTERRITORY-29-27,1782100800,0.069,85.1,2026-06-22
KXGREENTERRITORY-29-27,1782187200,0.063,56.0,2026-06-23
KXGREENTERRITORY-29-27,1782273600,0.074,92.0,2026-06-24
KXGREENTERRITORY-29-27,1782360000,0.066,1187.62,2026-06-25
KXGREENTERRITORY-29-27,1782446400,0.066,24.0,2026-06-26
KXGREENTERRITORY-29-27,1782532800,0.067,322.0,2026-06-27
KXGREENTERRITORY-29-27,1782619200,0.087,270.11,2026-06-28
KXGREENTERRITORY-29-27,1782705600,0.075,14.41,2026-06-29
KXGREENTERRITORY-29-27,1782792000,0.067,9.0,2026-06-30
KXGREENTERRITORY-29-27,1782878400,0.066,77.05,2026-07-01
KXGREENTERRITORY-29-27,1782964800,0.07,15.07,2026-07-02
KXGREENTERRITORY-29-27,1783051200,0.07,10.0,2026-07-03
KXGREENTERRITORY-29-27,1783137600,0.067,177.93,2026-07-04
KXGREENTERRITORY-29-27,1783224000,,0.0,2026-07-05
KXGREENTERRITORY-29-27,1783310400,0.067,362.0,2026-07-06
KXGREENTERRITORY-29-27,1783396800,0.066,778.2,2026-07-07
KXGREENTERRITORY-29-27,1783483200,0.078,129.82,2026-07-08
KXGREENTERRITORY-29-27,1783569600,0.067,25.31,2026-07-09
KXGREENTERRITORY-29-27,1783656000,0.067,1180.0,2026-07-10
KXGREENTERRITORY-29-27,1783742400,0.066,156.93,2026-07-11
KXGREENTERRITORY-29-27,1783828800,0.066,102.0,2026-07-12
KXGREENTERRITORY-29-27,1783915200,0.065,798.05,2026-07-13
KXGREENTERRITORY-29-27,1784001600,0.093,2722.46,2026-07-14
KXGREENTERRITORY-29-27,1784088000,0.065,1074.17,2026-07-15
KXGREENTERRITORY-29-27,1784174400,0.065,42.0,2026-07-16
KXGREENTERRITORY-29-27,1784260800,0.063,1502.0,2026-07-17
KXGREENTERRITORY-29-27,1784347200,0.063,6.08,2026-07-18
KXGREENTERRITORY-29-27,1784433600,0.063,358.0,2026-07-19
KXGREENTERRITORY-29-27,1784520000,0.064,1300.0,2026-07-20
KXGREENTERRITORY-29-27,1784606400,,0.0,2026-07-21
KXGREENTERRITORY-29-27,1784692800,0.061,33.0,2026-07-22
KXGREENTERRITORY-29-27,1784779200,0.059,193.26,2026-07-23
KXGREENTERRITORY-29-27,1784865600,,0.0,2026-07-24
KXGREENTERRITORY-29-27,1784952000,0.058,166.0,2026-07-25
KXGREENTERRITORY-29-27,1785038400,0.063,1037.87,2026-07-26
KXGREENTERRITORY-29-27,1785124800,0.055,1357.0,2026-07-27
KXGREENTERRITORY-29-27,1785211200,0.054,12.55,2026-07-28
KXGREENTERRITORY-29-27,1785297600,0.054,151.0,2026-07-29
KXGREENTERRITORY-29-27,1785384000,0.054,47.0,2026-07-30
KXGREENTERRITORY-29-27,1785470400,0.054,16.73,2026-07-31
KXGREENTERRITORY-29-27,1785556800,0.054,2.0,2026-08-01
KXGREENTERRITORY-29-27,1785643200,0.053,300.05,2026-08-02
KXGREENTERRITORY-29-27,1785729600,0.053,1011.94,2026-08-03
KXGREENTERRITORY-29-27,1785816000,,0.0,2026-08-04
KXGREENTERRITORY-29-27,1785902400,0.051,78.15,2026-08-05
KXGREENTERRITORY-29-27,1785988800,0.041,245.0,2026-08-06
KXGREENTERRITORY-29-27,1786075200,0.043,5.27,2026-08-07
KXGREENTERRITORY-29-27,1786161600,0.041,36.27,2026-08-08
KXGREENTERRITORY-29-27,1786248000,0.045,39.53,2026-08-09
KXGREENTERRITORY-29-27,1786334400,,0.0,2026-08-10
KXGREENTERRITORY-29-27,1786420800,0.04,45.54,2026-08-11
KXGREENTERRITORY-29-27,1786507200,,0.0,2026-08-12
KXGREENTERRITORY-29-27,1786593600,0.04,3.11,2026-08-13
KXGREENTERRITORY-29-27,1786680000,0.04,410.0,2026-08-14
KXGREENTERRITORY-29-27,1786766400,,0.0,2026-08-15
KXGREENTERRITORY-29-27,1786852800,0.04,3.0,2026-08-16
KXGREENTERRITORY-29-27,1786939200,0.054,109.45,2026-08-17
KXGREENTERRITORY-29-27,1787025600,,0.0,2026-08-18
KXGREENTERRITORY-29-27,1787112000,0.041,5.16,2026-08-19
KXGREENTERRITORY-29-27,1787198400,0.043,396.0,2026-08-20
KXGREENTERRITORY-29-27,1787284800,,0.0,2026-08-21
KXGREENTERRITORY-29-27,1787371200,,0.0,2026-08-22
KXGREENTERRITORY-29-27,1787457600,,0.0,2026-08-23
KXGREENTERRITORY-29-27,1787544000,0.043,18.0,2026-08-24
KXGREENTERRITORY-29-27,1787630400,0.05,33.3,2026-08-25
KXGREENTERRITORY-29-27,1787716800,,0.0,2026-08-26
KXGREENTERRITORY-29-27,1787803200,,0.0,2026-08-27
KXGREENTERRITORY-29-27,1787889600,0.052,1000.0,2026-08-28
KXGREENTERRITORY-29-27,1787976000,0.05,27.0,2026-08-29
KXGREENTERRITORY-29-27,1788062400,0.05,90.51,2026-08-30
KXGREENTERRITORY-29-27,1788148800,,0.0,2026-08-31
KXGREENTERRITORY-29-27,1788235200,,0.0,2026-09-01
KXGREENTERRITORY-29-27,1788321600,0.05,45.63,2026-09-02
KXGREENTERRITORY-29-27,1788408000,0.04,885.46,2026-09-03
KXGREENTERRITORY-29-27,1788494400,,0.0,2026-09-04
KXGREENTERRITORY-29-27,1788580800,0.031,190.97,2026-09-05
KXGREENTERRITORY-29-27,1788667200,0.051,2.0,2026-09-06
KXGREENTERRITORY-29-27,1788753600,0.026,115.77,2026-09-07
KXGREENTERRITORY-29-27,1788840000,0.027,5.12,2026-09-08
